id,category,script,question,translation,farmer_id,answer,timestamp,model,model_label
a09b7090299adbfe80c1adf1c00994a3,KVK,Devanagri,सिंधुदुर्ग जिल्ह्यातील कृषी विज्ञान केंद्राचा पत्ता काय आहे?,What is the address of Krishi Vigyan Kendra in Sindhudurg district?,,"मला सिंधुदुर्ग जिल्ह्यातील कृषी विज्ञान केंद्र (KVK) ची माहिती सध्या उपलब्ध नाही. आपल्याला जवळच्या इतर जिल्ह्यातील कृषी विज्ञान केंद्राची माहिती पाहायची आहे का, किंवा आपल्या स्थानिक कृषी कार्यालयाशी संपर्क साधून अधिक माहिती घेऊ इच्छिता का?

**स्रोत: कृषी सेवा माहिती**",2026-01-30T00:51:09.945885,kenpath/mhv_vistaar_all_mhv_vistaar_all_qwen3-32b_v0.2_v0.2.1,FT Qwen 3 (32B) v0.2.1
8aa989587a3681e5b1961d8d58eb9fa9,Mandi Price,Devanagri,नंदुरबार मंडीत डाळिंब चा सरासरी भाव किती आहे?,What is the average price of pomegranate in Nandurbar mandi?,,नंदुरबार मंडीत डाळिंबाचे भाव सध्या उपलब्ध नाहीत. आपल्याला जवळच्या इतर मंडीतील डाळिंबाचे भाव तपासायचे आहेत का?,2026-01-30T00:51:20.776593,kenpath/mhv_vistaar_all_mhv_vistaar_all_qwen3-32b_v0.2_v0.2.1,FT Qwen 3 (32B) v0.2.1
88ce5aa2afbcf894447eec77847e4eb6,Weather Forecast,Romanized,Hingoli jilhyat udya paus padel ka?,Will it rain tomorrow in Hingoli district?,,मला हिंगोली जिल्ह्यासाठी हवामान अंदाज सध्या उपलब्ध नाही. आपल्याला जवळच्या दुसऱ्या बाजारासाठी हवामान माहिती पाहायची आहे का?,2026-01-30T00:51:31.542421,kenpath/mhv_vistaar_all_mhv_vistaar_all_qwen3-32b_v0.2_v0.2.1,FT Qwen 3 (32B) v0.2.1
2e9215ddb2c8af8061ab30aefff79dc0,KVK,Devanagri,जळगाव जिल्ह्यातील KVK मध्ये मका बियाणे उपलब्ध आहे का?,Are maize seeds available at KVK in Jalgaon district?,,"जळगाव जिल्ह्यासाठी कृषी विज्ञान केंद्र (KVK) सेवा माहिती सध्या उपलब्ध नाही. आपल्याला जवळच्या दुसऱ्या ठिकाणासाठी KVK माहिती पाहू इच्छिता का?

**स्रोत: कृषी सेवा माहिती**",2026-01-30T00:51:43.657607,kenpath/mhv_vistaar_all_mhv_vistaar_all_qwen3-32b_v0.2_v0.2.1,FT Qwen 3 (32B) v0.2.1
619745207f470e2cc4043436b5de63ad,Weather Forecast,Romanized,Nashik madhe pudhchya athavdyat joradar pavsachi shakyata aahe ka?,Is there a possibility of heavy rain next week in Nashik?,,"नाशिक जिल्ह्यासाठी पुढील ७ दिवसांचा हवामान अंदाज सध्या उपलब्ध नाही. हवामान विभागाकडून माहिती मिळाली नाही.

आपल्याला इतर कोणत्या जिल्ह्यासाठी हवामान माहिती हवी आहे का, किंवा नाशिक जवळच्या बाजारातील भाव तपासायचे आहेत का?",2026-01-30T00:51:56.926148,kenpath/mhv_vistaar_all_mhv_vistaar_all_qwen3-32b_v0.2_v0.2.1,FT Qwen 3 (32B) v0.2.1
a80d4606dde8644e3bcbe77e0e1bca01,Warehouse,Devanagri,भंडारा मध्ये MSWC गोदामांची यादी द्या.,Provide list of MSWC warehouses in Bhandara.,,"भंडारा जिल्ह्यात सध्या गोदाम सेवांची माहिती उपलब्ध नाही. आपल्याला जवळच्या दुसऱ्या ठिकाणासाठी गोदाम सेवांची माहिती पाहायची आहे का, किंवा आपल्या स्थानिक कृषी कार्यालयाशी संपर्क साधून अधिक माहिती मिळवू इच्छिता का?

**स्रोत: कृषी सेवा माहिती**",2026-01-30T00:52:13.438103,kenpath/mhv_vistaar_all_mhv_vistaar_all_qwen3-32b_v0.2_v0.2.1,FT Qwen 3 (32B) v0.2.1
4703e26d55d6595438513a6abe064bd7,Advisory,Devanagri,हिंगोली भागात भुईमूग पिकावरील लष्करी अळी साठी जैविक नियंत्रण सुचवा.,Suggest biological control for armyworm on groundnut in Hingoli area.,,"## हिंगोली भागातील भुईमूग पिकावरील लष्करी अळीचे जैविक नियंत्रण

हिंगोली भागातील भुईमूग पिकावरील लष्करी अळी (स्पोडोप्टेरा) या किडीचे जैविक नियंत्रणासाठी खालील उपाय करा:

### जैविक नियंत्रण उपाय

**१. फेरोमोन सापळे:** प्रति हेक्टर १० फेरोमोन सापळे लावा. यामुळे किडीचे नियंत्रण होते आणि पिकावर प्रादुर्भाव कमी होतो.

**२. निंबोळी अर्क फवारणी:** २% निंबोळी अर्काची फवारणी पेरणीनंतर २०, ४०, ६० आणि ८० दिवसांनी करा. यामुळे पाने खाणाऱ्या किडींवर नियंत्रण मिळते.

**३. मेटारिझियम रायली:** पेरणीनंतर ३० दिवसांनी मेटारिझियम रायली @ १ लिटर प्रति हेक्टर फवारणी करा. हे बुरशीजन्य जैविक कीटकनाशक अळ्यांवर परिणामकारक आहे.

**४. निंब व तुळशी पानांचा अर्क:** १०% पाण्यात निंब आणि तुळशीच्या पानांचा अर्क तयार करून ४०, ५० आणि ६० दिवसांनी फवारणी करा.

**५. जैविक कीटकनाशक:** ट्रायकोडर्मा व्हिरिडे जैविक कीटकनाशक भुईमूग पिकावर बुरशीजन्य रोगांपासून संरक्षण करण्यासाठी वापरता येते.

**६. फंगस निर्मिती:** पावसाळ्यात नोमुरिया या बुरशीमुळे अळ्या हिरवट-राखाडी रंगाच्या होऊन मरतात.

**७. शारीरिक उपाय:** अळ्या आणि त्यांची अंडी गोळा करून नष्ट करा. पिकावर दोरी ओढून अळ्या खाली पडवा.

### आगामी हवामान

हिंगोली भागात पुढील ५ दिवस कोरडे आणि स्वच्छ हवामान राहणार आहे:

| तारीख | किमान तापमान | कमाल तापमान | पाऊस | वारा |
|-------|-------------|-------------|------|------|
| ३१ जानेवारी | २०°से | ३१°से | ०.१ मिमी | ८ किमी/तास |
| १ फेब्रुवारी | २०°से | ३२°से | ० मिमी | ८ किमी/तास |
| २ फेब्रुवारी | २१°से | ३२°से | ० मिमी | ९ किमी/तास |
| ३ फेब्रुवारी | २१°से | ३२°से | ०.१ मिमी | ७ किमी/तास |
| ४ फेब्रुवारी | २०°से | ३२°से | ०.१ मिमी | ९ किमी/तास |

सध्या हवामान अनुकूल असल्याने जैविक उपायांची फवारणी करण्यासाठी योग्य वेळ आहे.

**स्रोत: ICAR Annual Report 2023-24, Krishi Darshani Dr BSKKV, Dapoli 2025, Weather Forecast (IMD)**

आपल्या भुईमूग पिकाचे नियमित निरीक्षण करत राहा. जैविक उपायांसोबतच एकात्मिक कीड व्यवस्थापनाचे इतर उपायही करा. आपल्याला भुईमूग पिकाच्या इतर व्यवस्थापनाबद्दल किंवा बाजारभावाबद्दल माहिती हवी आहे का?",2026-01-30T00:53:02.404944,kenpath/mhv_vistaar_all_mhv_vistaar_all_qwen3-32b_v0.2_v0.2.1,FT Qwen 3 (32B) v0.2.1
d2ff5dc55a88ca25364d5f8b8c48798d,CHC,Devanagri,नांदेड भागात पॉवर वीडर भाड्याने घेण्यासाठी कागदपत्रे लागतात का?,Are documents required to rent power weeder in Nanded area?,,"नांदेड भागात सध्या कस्टम हायरिंग सेंटर (CHC) किंवा पॉवर वीडर भाड्याने देणाऱ्या केंद्रांची माहिती उपलब्ध नाही.

**आपल्याला यासाठी काय करावे?**

- आपल्या तालुक्यातील किंवा जिल्ह्यातील कृषी कार्यालयाशी संपर्क साधा. तेथे आपल्याला जवळच्या CHC केंद्रांची माहिती आणि आवश्यक कागदपत्रांबद्दल मार्गदर्शन मिळू शकते.
- स्थानिक ग्रामपंचायत किंवा कृषी सहाय्यकांकडून देखील माहिती मिळू शकते.

**स्रोत: कृषी सेवा माहिती**

आपल्याला नांदेड जिल्ह्यातील इतर कृषी सेवांबद्दल माहिती हवी आहे का, जसे की माती परीक्षण प्रयोगशाळा किंवा कृषी विज्ञान केंद्र?",2026-01-30T00:52:49.457992,kenpath/mhv_vistaar_all_mhv_vistaar_all_qwen3-32b_v0.2_v0.2.1,FT Qwen 3 (32B) v0.2.1
d8517803cf6c019da559a64bd9609a12,Warehouse,Devanagri,वर्धा भागात कीड नियंत्रण सुविधा देणारे गोदाम कोणते?,Which warehouse provides pest control facility in Wardha area?,,"वर्धा भागासाठी कीड नियंत्रण सुविधा देणाऱ्या गोदामांची माहिती सध्या उपलब्ध नाही.

आपल्याला जवळच्या इतर ठिकाणांसाठी गोदाम सुविधा तपासायच्या आहेत का? किंवा आपल्याला कीड नियंत्रणाबद्दल इतर माहिती हवी आहे का?",2026-01-30T00:53:07.564403,kenpath/mhv_vistaar_all_mhv_vistaar_all_qwen3-32b_v0.2_v0.2.1,FT Qwen 3 (32B) v0.2.1
56427f58b33e2ad0ccca29370698fcd7,Advisory,Devanagri,गोंदिया मध्ये गायीच्या कासेला सूज आली तर उपचार काय?,What is the treatment if cow's udder is swollen in Gondia?,,"गोंदिया जिल्ह्यात गायीच्या कासेला सूज आल्यास हे स्तनदाह (मास्टायटिस) असू शकते. हा रोग गायीच्या कासात जीवाणूंचा संसर्ग झाल्याने होतो आणि दुग्धव्यवसायातील गायींमध्ये अत्यंत सामान्य आहे.

**लक्षणे:**
- कास लाल, गरम किंवा सूजलेली दिसते
- कास वेदनादायक असते
- दूध पाण्यासारखे, पिवळे किंवा गाठी असलेले दिसते
- कधी कधी दूधात धान्यासारखे किंवा पाणी गळते असे दिसते
- गायीला ताप येऊ शकतो किंवा ती रोगग्रस्त दिसते

**उपचार:**
1. **नेहमी पशुवैद्यकाचा सल्ला घ्या** - पशुवैद्यक थनातील प्रतिजैविक औषधे (कासात टाकण्याची औषधे), वेदना कमी करणारी इंजेक्शन आणि इतर योग्य उपचार देतात.
2. **दूषित दूध पूर्णपणे काढा** - बाधित कासातील दूध नियमितपणे बाहेर काढावे.
3. **साफसफाई करा** - बाधित कासाची साफसफाई सामान्य सोडेलाईन आणि निर्जंतुक पाण्याने करा.
4. **प्रतिजैविक औषधे वापरा** - जीवाणूच्या संवेदनशीलतेनुसार प्रतिजैविक औषधे वापरा.
5. **पाणी आणि आहार द्या** - जनावराला पुरेसे पाणी आणि चांगले खाद्य द्या.

**प्रतिबंध:**
- दूध काढण्यापूर्वी आणि नंतर हात आणि कास स्वच्छ धुवा
- दूध काढताना वेगवेगळ्या गायींसाठी वेगवेगळे कपडे वापरा
- दूध काढण्याच्या यंत्राची नियमित साफसफाई करा
- रोगग्रस्त जनावरांना आरोग्यदायी जनावरांपासून वेगळे ठेवा

**स्रोत: दुग्धव्यवसायातील दुग्धव्यवस्थापन, बॅक्टेरियल रोग, स्तनदाह मार्गदर्शक सूचना**

आपल्या गायीच्या कासेला सूज आल्यास तातडीने पशुवैद्यकाचा सल्ला घ्या. गोंदिया जिल्ह्यातील पशुवैद्यकांची संपर्क माहिती मिळवण्यासाठी मला सांगा - मी आपल्याला जवळच्या पशुवैद्यक केंद्राची माहिती देऊ शकतो.",2026-01-30T00:53:54.600209,kenpath/mhv_vistaar_all_mhv_vistaar_all_qwen3-32b_v0.2_v0.2.1,FT Qwen 3 (32B) v0.2.1
a918c3a1d54c61956186352745aac63e,Mandi Price,Devanagri,सोलापूर बाजारात भात चे दर कमी होतायत का?,Are the rates of paddy decreasing in Solapur market?,,सोलापूर बाजारातील भाताचे दर सध्या उपलब्ध नाहीत. आपल्याला जवळच्या इतर बाजारांतील भाताचे दर तपासायचे आहेत का?,2026-01-30T00:53:43.400000,kenpath/mhv_vistaar_all_mhv_vistaar_all_qwen3-32b_v0.2_v0.2.1,FT Qwen 3 (32B) v0.2.1
48752e5587899ddc2904e841139d8b2b,Weather Historical,Devanagri,वर्धा मध्ये गेल्या ३ दिवसांत फवारणीसाठी हवामान योग्य होते का?,Was the weather suitable for spraying in the last 3 days in Wardha?,,"मला वर्धा जिल्ह्यासाठी गेल्या ३ दिवसांचे हवामान इतिहास उपलब्ध नाही. आपल्याला वर्धा जिल्ह्यासाठी येत्या ५ दिवसांचा हवामान अंदाज पाहायचा आहे का? यामुळे आपल्याला फवारणीसाठी योग्य दिवस निवडण्यास मदत होईल.

**स्रोत: हवामान इतिहास (Skymet)**",2026-01-30T00:54:10.146731,kenpath/mhv_vistaar_all_mhv_vistaar_all_qwen3-32b_v0.2_v0.2.1,FT Qwen 3 (32B) v0.2.1
14c33fb63e1770c7657ea32cd57c8398,Warehouse,Devanagri,चंद्रपूर भागात बाजरी साठी मोठ्या क्षमतेचे गोदाम कुठे आहे?,Where is the high-capacity warehouse for pearl millet in Chandrapur area?,,"मला चंद्रपूर भागातील गोदामांची माहिती सध्या उपलब्ध नाही. आपल्याला जवळच्या इतर ठिकाणासाठी गोदाम सेवा माहिती पाहायची आहे का? किंवा आपण स्थानिक कृषी कार्यालयात संपर्क साधून अधिक माहिती मिळवू शकता.

**स्रोत: कृषी सेवा माहिती**",2026-01-30T00:54:26.061958,kenpath/mhv_vistaar_all_mhv_vistaar_all_qwen3-32b_v0.2_v0.2.1,FT Qwen 3 (32B) v0.2.1
44e345d7c4398136294fa20be4d760e3,CHC,Devanagri,भंडारा जिल्ह्यात भात लावणी यंत्र भाड्याने उपलब्ध आहे का?,Is paddy transplanter available for rent in Bhandara district?,,"भंडारा जिल्ह्यासाठी भाड्याने शेती यंत्रे उपलब्ध असलेल्या कस्टम हायरिंग सेंटर (CHC) सेवा सध्या उपलब्ध नाहीत. आपल्याला जवळच्या दुसऱ्या ठिकाणासाठी माहिती पाहायची आहे का किंवा स्थानिक कृषी कार्यालयाशी संपर्क साधायचा आहे का?

**स्रोत: कृषी सेवा माहिती**",2026-01-30T00:54:38.347078,kenpath/mhv_vistaar_all_mhv_vistaar_all_qwen3-32b_v0.2_v0.2.1,FT Qwen 3 (32B) v0.2.1
512309f0545e2fc8a482a17da12a2ba6,Agri Assistant Contact,Devanagri,सिंधुदुर्ग जिल्ह्यातील जिल्हा अधीक्षक कृषी अधिकाऱ्यांचा पत्ता काय आहे?,What is the address of District Superintendent Agriculture Officer in Sindhudurg district?,,"मला सिंधुदुर्ग जिल्ह्यातील जिल्हा अधीक्षक कृषी अधिकाऱ्यांची संपर्क माहिती सध्या उपलब्ध नाही. कृपया आपल्या स्थानिक कृषी कार्यालयात किंवा जिल्हा कृषी कार्यालय, सिंधुदुर्ग येथे थेट संपर्क साधा. तेथे आपल्याला योग्य अधिकाऱ्यांची माहिती आणि मदत मिळेल.

**स्रोत: कृषी संस्थापक निर्देशिका**

आपल्याला सिंधुदुर्ग जिल्ह्यातील इतर कृषी सेवा किंवा शासकीय योजनांबद्दल माहिती हवी आहे का?",2026-01-30T00:55:08.464149,kenpath/mhv_vistaar_all_mhv_vistaar_all_qwen3-32b_v0.2_v0.2.1,FT Qwen 3 (32B) v0.2.1
70d3c914a208be1101c05217013b7091,Warehouse,Devanagri,गोंदिया भागात नोंदणीकृत गोदामांची संपर्क माहिती द्या.,Provide contact details of registered warehouses in Gondia area.,,"गोंदिया भागासाठी नोंदणीकृत गोदामांची माहिती सध्या उपलब्ध नाही.

आपल्याला जवळच्या इतर ठिकाणासाठी गोदाम सेवा माहिती पाहायची आहे का? किंवा आपल्या स्थानिक कृषी कार्यालयात संपर्क साधून अधिक माहिती मिळवू शकता.

**स्रोत: कृषी सेवा माहिती**",2026-01-30T00:55:13.503333,kenpath/mhv_vistaar_all_mhv_vistaar_all_qwen3-32b_v0.2_v0.2.1,FT Qwen 3 (32B) v0.2.1
da19f6f95412fcd576086c6f7bb633a7,Mandi Price,Devanagri,नाशिक बाजारात कोबी ची आवक किती आहे?,What is the arrival of cabbage in Nashik market?,,"मला नाशिक बाजारातील कोबीचे दर सध्या उपलब्ध नाहीत. आपल्याला जवळच्या इतर बाजारातील कोबीचे दर तपासायचे आहेत का, जसे की लासलगाव किंवा पिंपळगाव?",2026-01-30T00:55:27.802761,kenpath/mhv_vistaar_all_mhv_vistaar_all_qwen3-32b_v0.2_v0.2.1,FT Qwen 3 (32B) v0.2.1
c8dc20b608978b48c736bf782ee705fe,KVK,Devanagri,वाशिम जिल्ह्यातील कृषी विज्ञान केंद्रात जैव-खत उत्पादन युनिट आहे का?,Is there a bio-fertilizer production unit at KVK in Washim district?,,"वाशिम जिल्ह्यातील जवळच्या कृषी विज्ञान केंद्रांची माहिती खालीलप्रमाणे आहे:

**१. कृषी विज्ञान केंद्र, रिसोड (वाशिम जिल्हा)**
- पत्ता: कृषी विज्ञान केंद्र, पो. रिसोड, लोणी रोड, जिल्हा वाशिम-४४४ ५०६
- अंतर: ३८ किमी
- संपर्क: अध्यक्ष, सुविदे फाऊंडेशन, रिसोड, वाशिम-४४४ ५०६

**२. कृषी विज्ञान केंद्र, दर्वाहा (यवतमाळ जिल्हा)**
- पत्ता: कृषी विज्ञान केंद्र, गाव संगवी (रेल्वे), तालुका दर्वाहा, जिल्हा यवतमाळ
- अंतर: ६१ किमी
- संपर्क: अध्यक्ष, नवसंजीवन शिक्षण प्रसारक मंडळ, तालुका दर्वाहा, यवतमाळ-४४५ २०२

**३. कृषी विज्ञान केंद्र, अकोला**
- पत्ता: कृषी विज्ञान केंद्र, गाव सीसा (उदेगाव), अकोला, महाराष्ट्र
- अंतर: ६२ किमी
- संपर्क: अध्यक्ष, ग्रामीण विकास व संशोधन फाउंडेशन, प्रिस्टिन इन्फोकास्ट प्रा. लि., रामलता बिझनेस सेंटर, अमरावती रोड, अकोला, महाराष्ट्र ४४४००१

**जैव-खत उत्पादन युनिटची माहिती:**
कृषी विज्ञान केंद्रांमध्ये जैव-खत उत्पादन युनिट असते का याची नेमकी माहिती या सेवा निर्देशिकेत उपलब्ध नाही. जैव-खत उत्पादन युनिट असल्याबद्दल विशिष्ट माहिती मिळवण्यासाठी आपण थेट रिसोड येथील कृषी विज्ञान केंद्राशी संपर्क साधू शकता.

**स्रोत: कृषी सेवा माहिती**

आपल्याला जैव-खतांबद्दल अधिक माहिती हवी आहे का किंवा या केंद्रांमध्ये उपलब्ध इतर सेवांबद्दल जाणून घ्यायचे आहे का?",2026-01-30T00:56:00.540579,kenpath/mhv_vistaar_all_mhv_vistaar_all_qwen3-32b_v0.2_v0.2.1,FT Qwen 3 (32B) v0.2.1
5b7c96f1281e610a50f421bf510d3d20,CHC,Devanagri,पालघर भागात ट्रॉली साठी ऑनलाइन बुकिंग करता येते का?,Can trolley be booked online in Palghar area?,,"पालघर भागासाठी ट्रॉली साठी (कस्टम हायरिंग सेंटर - CHC) सेवा सध्या उपलब्ध नाही. आपल्याला जवळच्या इतर ठिकाणांसाठी माहिती पाहायची आहे का? आपण जवळच्या तालुक्यातील कृषी कार्यालयाशी संपर्क साधून ट्रॉली सेवा उपलब्धतेबद्दल अधिक माहिती मिळवू शकता.

**स्रोत: कृषी सेवा माहिती**",2026-01-30T00:55:44.960024,kenpath/mhv_vistaar_all_mhv_vistaar_all_qwen3-32b_v0.2_v0.2.1,FT Qwen 3 (32B) v0.2.1
943a5b6a2f35a075e54a635cee1a7c89,Advisory,Devanagri,सांगली जिल्ह्यात म्हशीच्या दूध उत्पादनात घट का होते?,Why does buffalo milk production decrease in Sangli district?,,"सांगली जिल्ह्यातील म्हशीच्या दूध उत्पादनात घट होण्याची अनेक कारणे असू शकतात. या घटीचे मुख्य कारणे खालीलप्रमाणे आहेत:

**१. उष्णतेचा ताण (हीट स्ट्रेस):**
सांगली जिल्हा उष्ण हवामानात येतो, ज्यामुळे म्हशींना उष्णतेचा ताण होतो. उष्णतेमुळे म्हशींच्या शरीरातील रक्ताचा प्रवाह बदलतो आणि पोषक तत्वांची उपलब्धता कमी होते. त्यामुळे दूध उत्पादनात घट होते. उष्ण हवामानात दूध उत्पादनात घट अधिक दिसून येते, विशेषतः ज्या म्हशींना जास्त दूध येते.

**२. अन्नातील कमतरता:**
दूध उत्पादनासाठी पुरेसे पोषक तत्व आणि ऊर्जा आवश्यक असते. जर म्हशीला आवश्यक तेवढे दाणेदार खाद्य आणि चाऱ्याचे प्रमाण कमी दिले तर दूध उत्पादनात घट होते. विशेषतः व्याने झाल्यानंतरच्या पहिल्या काळात योग्य खाद्य न दिल्यास शरीराचे वजन कमी होते आणि दूध उत्पादनात घट येते.

**३. आरोग्यातील समस्या:**
- **स्तनदाह (मास्टायटिस):** कासांचा संसर्ग झाल्यास दूध उत्पादनात घट होते.
- **संसर्गजन्य रोग:** खुर व तोंड रोग, फुफ्फुसाचे आजार इत्यादी रोगांमुळे दूध उत्पादन कमी होते.
- **पोषक तत्वांची कमतरता:** कॅल्शियम आणि स्फुरद यांच्या कमतरतेमुळे दूध उत्पादनात घट होते.

**४. व्यवस्थापनातील कमतरता:**
- व्याने झाल्यानंतर योग्य खाद्य न दिल्यास दूध उत्पादनात घट होते.
- दूध काढण्याची वेळ नियमित न ठेवल्यास दूध उत्पादनात घट होते.
- दूध काढण्याच्या वेळी जनावराला बेचैनी किंवा ताण दिल्यास दूध उत्पादनात घट होते.

**५. वंध्यत्व आणि प्रजनन समस्या:**
जर म्हैस वर्षानुवर्षे उष्मा येत नसेल तर दूध उत्पादनात घट होते. यासाठी संतुलित पोषक आहार द्यावा आणि खनिज मिश्रणाचा समावेश करावा.

**६. गर्भधारणेच्या अंतिम तीन महिन्यांत:**
गर्भधारणेच्या शेवटच्या तीन महिन्यांत दूध उत्पादनात घट नैसर्गिकपणे होते, कारण फोटसाठी अधिक ऊर्जा आणि प्रथिने शरीरात साठवली जातात.

**स्रोत: Technological Intervention for Improving Productivity and Profitability in Buffalo Husbandry, Krushi VNMAU, MAFSU Diary**

आपल्या म्हशीच्या दूध उत्पादनात घट येण्याची नेमकी कारणे जाणून घेण्यासाठी आपण कोणत्या प्रकारचे लक्षणे दिसत आहेत ते सांगू शकाल का? यावरून अधिक विशिष्ट सल्ला देता येईल.",2026-01-30T00:56:24.079780,kenpath/mhv_vistaar_all_mhv_vistaar_all_qwen3-32b_v0.2_v0.2.1,FT Qwen 3 (32B) v0.2.1
dbd1ae5a90a6a3685566c94b8148dd4c,MahaDBT,Devanagri,जळगाव येथील माझ्या योजनेच्या अर्जाची सध्याची स्थिती काय आहे?,What is the current status of my scheme application in Jalgaon?,,"जळगाव येथील योजना अर्जाची स्थिती तपासण्यासाठी आपला शेतकरी आयडी आवश्यक आहे. आपण जळगाव जिल्ह्यातील कोणत्या तालुक्यात आणि गावात आहात? यामुळे मी आपल्याला स्थानिक कृषी कार्यालयाची संपर्क माहिती देऊ शकतो, जिथे आपण आपल्या योजना अर्जाची स्थिती तपासू शकता.

**स्रोत: महाडीबीटी अर्ज स्थिती**",2026-01-30T00:56:21.131601,kenpath/mhv_vistaar_all_mhv_vistaar_all_qwen3-32b_v0.2_v0.2.1,FT Qwen 3 (32B) v0.2.1
cd9fe38d13133bc8d1563e8f196f5137,Advisory,Devanagri,सिंधुदुर्ग जिल्ह्यात आंबा काढणीची योग्य वेळ कशी ओळखावी?,How to identify the right time for mango harvesting in Sindhudurg district?,,"सिंधुदुर्ग जिल्ह्यात आंब्याची काढणी करण्याची योग्य वेळ ओळखण्यासाठी खालील महत्त्वाच्या गोष्टी लक्षात ठेवा:

**आंब्याची काढणी कधी करावी:**

आंब्याच्या फळांची काढणी फळे अंड्यासारखी आकाराची झाल्यावर (pre-harvest stage) २८ x २० सें.मी. आकाराच्या कागदी पिशव्यांनी (बाहेर तपकिरी आणि आत काळी) झाकून घ्या आणि त्यानंतर ५० दिवसांनी काढणी करा. यामुळे फळांचे वजन वाढते, फळाच्या गर भागातील विकृती कमी होते आणि फळांवरील डाग आणि खोडाचा कुज टाळता येतो.

**हापूस आंब्याची काढणी वेळ:**

हापूस आंब्याच्या बागेत योग्य वेळी काढणी करणे अत्यंत महत्त्वाचे आहे. फळे योग्य पिकलेली आणि चांगल्या गुणवत्तेची असल्यास त्यांची विक्री चांगल्या दराने होते. फळे पूर्णपणे पिकल्यावर आणि गर भाग नरम झाल्यावर काढणी करावी.

**स्रोत: कृषी दर्शनी डॉ. बाळासाहेब सावंत कोकण कृषी विद्यापीठ, दापोली**

आपल्या आंब्याच्या बागेत कोणत्या जातीचे आंबे आहेत? त्यानुसार अधिक विशिष्ट मार्गदर्शन देता येईल.",2026-01-30T00:56:55.444986,kenpath/mhv_vistaar_all_mhv_vistaar_all_qwen3-32b_v0.2_v0.2.1,FT Qwen 3 (32B) v0.2.1
649e6f4a581e5a91f0d439d117e92890,Advisory,Devanagri,कोल्हापूर मध्ये वासरांना जंतनाशक कधी द्यावे?,When to deworm calves in Kolhapur?,,"कोल्हापूर जिल्ह्यातील वासरांना कृमिनाशक देण्याचा योग्य वेळ आणि वेळापत्रक खालीलप्रमाणे आहे:

**कृमिनाशक देण्याचे वेळापत्रक:**

- **पहिल्या आठवड्यात** वासरांना कृमिनाशक देणे सुरू करावे. जन्मानंतर लवकरात लवकर ८-१० दिवसांनी पहिली कृमिनाशक औषध द्यावे.
- **पहिल्या ६ महिन्यांत** दर महिन्याला कृमिनाशक द्यावे.
- **६ महिन्यांनंतर** दर तीन महिन्यांनी कृमिनाशक द्यावे.

**कृमिनाशक औषधे:**

- जन्मानंतर लवकरात लवकर १० ग्रॅम पायपराझिन अॅडिपेट किंवा अल्बेंडाझोल यापैकी कोणतेही एक औषध द्यावे.
- कृमिनाशक औषधांची निवड आणि मात्रा पशुवैद्यकांच्या सल्ल्याने ठरवावी.

**महत्त्वाची सूचना:**

- एकाच कृमिनाशक औषधाचा सातत्याने वापर टाळावा, त्यामुळे प्रतिकारशक्ती वाढू शकते.
- योग्य मात्रा वापरणे आवश्यक आहे, त्यामुळे प्रतिकारशक्ती वाढणार नाही.
- पावसाळ्यापूर्वी आणि पावसाळ्यानंतर कृमिनाशक देणे फायदेशीर ठरते.

**स्रोत: व्यवस्थापन ऑफ गाऊशाला (ICAR)**

आपल्या वासरांच्या आरोग्यासाठी नियमित कृमिनाशक देणे आवश्यक आहे. आपल्याला वासरांच्या लसीकरणाबद्दल किंवा आहाराबद्दल अधिक माहिती हवी आहे का?",2026-01-30T00:56:54.696746,kenpath/mhv_vistaar_all_mhv_vistaar_all_qwen3-32b_v0.2_v0.2.1,FT Qwen 3 (32B) v0.2.1
4b26add770577c3641bd61444332ea2f,Mandi Price,Devanagri,जळगाव बाजारात आले विकायला चांगला भाव आहे का?,Is there a good price for selling ginger in Jalgaon market?,,जळगाव बाजारातील आले चे दर सध्या उपलब्ध नाहीत. आपल्याला जवळच्या दुसऱ्या बाजारातील आले चे दर तपासायचे आहेत का?,2026-01-30T00:56:56.768771,kenpath/mhv_vistaar_all_mhv_vistaar_all_qwen3-32b_v0.2_v0.2.1,FT Qwen 3 (32B) v0.2.1
51d82bc1b740228ee24cfd5509abb014,Weather Forecast,Devanagri,अमरावती मध्ये आले पिकाला पाणी देण्यासाठी योग्य वेळ कोणती?,What is the right time to water the ginger crop in Amravati?,,"अमरावती जिल्ह्यातील आले पिकाला पाणी देण्याची योग्य वेळ आणि सध्याच्या हवामानाची माहिती खालीलप्रमाणे आहे:

**आले पिकाला पाणी देण्याची योग्य वेळ:**

आले पिकाला पाण्याचे व्यवस्थापन अत्यंत महत्त्वाचे आहे. अमरावती जिल्ह्यातील हवामानानुसार आणि पिकाच्या वाढीच्या अवस्थेनुसार पाणी देण्याची वेळ खालीलप्रमाणे ठरवा:

- **उन्हाळ्यात (मार्च ते जून):** प्रत्येक ९ ते १० दिवसांनी पाणी द्या
- **पावसाळ्यात (जुलै ते सप्टेंबर):** प्रत्येक १३ ते १४ दिवसांनी पाणी द्या
- **हिवाळ्यात (ऑक्टोबर ते फेब्रुवारी):** प्रत्येक १८ ते १९ दिवसांनी पाणी द्या

**सध्याचे हवामान (अमरावती):**

सध्या अमरावती जिल्ह्यात हिवाळा सुरू असल्याने, पाणी देण्याची वेळ १८ ते १९ दिवसांच्या अंतराने ठेवा. पुढील ५ दिवसांचा हवामान अंदाज:

- **तापमान:** १८.४°से ते ३२.१°से
- **पाऊस:** २.९ मिमी (२ फेब्रुवारी रोजी)
- **आर्द्रता:** २२% ते ६५%
- **वाऱ्याचा वेग:** २ ते १४ किमी/तास

**महत्त्वाचे मुद्दे:**

- पावसाळा संपल्यानंतर ६ ते ८ दिवसांनी पहिले पाणी द्या
- ठिबक सिंचन असल्यास, लागवडीनंतर १५ दिवसांनी सिंचनाद्वारे खत देणे सुरू करा
- लागवडीनंतर ४० दिवसांनी नत्र खताची उर्वरित मात्रा द्या
- खताचे योग्य प्रमाण वापरा: नत्र ७५ किलो, स्फुरद ५० किलो, पालाश २५ किलो प्रति हेक्टर

**स्रोत: कृषी दर्शनी डॉ. बाबासाहेब सावंत कोकण कृषी विद्यापीठ, दापोली २०२५**

आपल्या आले पिकाची वाढ सध्या कोणत्या अवस्थेत आहे? त्यानुसार अधिक विशिष्ट मार्गदर्शन देता येईल.",2026-01-30T00:57:30.976227,kenpath/mhv_vistaar_all_mhv_vistaar_all_qwen3-32b_v0.2_v0.2.1,FT Qwen 3 (32B) v0.2.1
4f8b6c8fc4a241707acd8169ee571c28,Scheme,Devanagri,सातारा जिल्ह्यात नानाजी देशमुख कृषी संजीवनी योजनेचे फायदे काय?,What are the benefits of Nanaji Deshmukh Krishi Sanjivani Yojana in Satara district?,,"नानाजी देशमुख कृषी संजीवनी प्रकल्प (NDKSP) अंतर्गत उपलब्ध योजनांची माहिती सध्या उपलब्ध नाही. मी आपल्याला उपलब्ध शासकीय कृषी योजनांची माहिती दाखवतो.

**स्रोत: शासकीय योजना माहिती**

आपल्याला नानाजी देशमुख कृषी संजीवनी प्रकल्पातील विशिष्ट योजनांबद्दल अधिक माहिती हवी असल्यास, कृपया आपल्या स्थानिक कृषी कार्यालयाशी संपर्क साधा. आपल्याला इतर शासकीय कृषी योजनांबद्दल माहिती हवी आहे का?",2026-01-30T01:01:46.547486,kenpath/mhv_vistaar_all_mhv_vistaar_all_qwen3-32b_v0.2_v0.2.1,FT Qwen 3 (32B) v0.2.1
959c33395295add13be1452b65686a5e,CHC,Romanized,Hingoli bhagat CHC seva kendracha patta kay aahe?,What is the address of CHC service center in Hingoli area?,,"हिंगोली जिल्ह्यातील भागासाठी कस्टम हायरिंग सेंटर (CHC) सेवा केंद्राची माहिती सध्या उपलब्ध नाही.

आपल्याला जवळच्या दुसऱ्या ठिकाणासाठी CHC सेवा केंद्रांची माहिती पाहायची आहे का? किंवा आपल्याला जिल्ह्यातील कृषी कार्यालयाशी संपर्क साधण्याची मदत हवी आहे का?

**स्रोत: कृषी सेवा माहिती**",2026-01-30T00:57:33.384106,kenpath/mhv_vistaar_all_mhv_vistaar_all_qwen3-32b_v0.2_v0.2.1,FT Qwen 3 (32B) v0.2.1
0bda19ad03b04ecc28493f2fd8f68de3,CHC,Devanagri,हिंगोली मध्ये रीपर भाड्याने देणारे केंद्र कोणते?,Which center rents reaper in Hingoli?,,"हिंगोली येथे रीपर भाड्याने देणारे कस्टम हायरिंग सेंटर (CHC) केंद्र सध्या उपलब्ध नाही. आपल्याला जवळच्या इतर ठिकाणांमध्ये रीपर सेवा तपासायची आहे का? किंवा आपण आपल्या स्थानिक कृषी कार्यालयात संपर्क साधून अधिक माहिती मिळवू शकता.

**स्रोत: कृषी सेवा माहिती**",2026-01-30T00:57:53.532288,kenpath/mhv_vistaar_all_mhv_vistaar_all_qwen3-32b_v0.2_v0.2.1,FT Qwen 3 (32B) v0.2.1
fa1e29d4dcb4d6566c5885c798e07273,CHC,Romanized,Dhule madhe tractor bhadyane ghenyasathi dar kiti aahe?,What is the rental rate for tractor in Dhule?,,"धुळे जवळील शेती यंत्रे भाड्याने घेण्यासाठी खालील **कस्टम हायरिंग सेंटर (CHC)** उपलब्ध आहेत:

**१. शिवबा शेतकरी उत्पादक गट** (शेवगे प्र.बहाल, परोळा)
- अंतर: २७ किमी
- संपर्क: संजय सीताराम पाटील
- फोन: ७०२१२९१८१२

**२. ओम भगिनी महिला शेतकरी गट** (राजवाड, परोळा)
- अंतर: ३० किमी
- संपर्क: निलकंठ दगडू पाटील
- फोन: ९७६६५७६६५५

**३. लक्ष्मी माता कृषी विज्ञान मंडळ** (शेवगे बु., परोळा)
- अंतर: ३१ किमी
- संपर्क: विवेक पातंगराव पाटील
- फोन: ७३०४८९९१११

**४. भूमिपुत्र कृषी उत्पादक शेतकरी गट** (शेवगे बु., परोळा)
- अंतर: ३२ किमी
- संपर्क: हरिचंद्र वना पाटील
- फोन: ९४२१५१४११५

**५. मातोश्री इंदूताई अग्रो फार्मर्स प्रोड्युसर कंपनी लिमिटेड** (अमळनेर)
- अंतर: ३२ किमी
- संपर्क: पुनम भातू पाटील
- फोन: ९७३०५५१६७६

**ट्रॅक्टर भाडे दराबद्दत:** या केंद्रांवर ट्रॅक्टर आणि इतर शेती यंत्रे भाड्याने उपलब्ध आहेत. भाडे दर यंत्राच्या प्रकारावर आणि वापराच्या तासांवर अवलंबून बदलतात. नेमका दर जाणून घेण्यासाठी वरील संपर्क क्रमांकावर फोन करून चौकशी करा.

**स्रोत: कृषी सेवा माहिती**

आपल्याला या केंद्रांवर उपलब्ध असलेल्या इतर शेती यंत्रांबद्दत माहिती हवी आहे का?",2026-01-30T00:58:14.325917,kenpath/mhv_vistaar_all_mhv_vistaar_all_qwen3-32b_v0.2_v0.2.1,FT Qwen 3 (32B) v0.2.1
02c96df4ea0903b846c1af1890335b22,CHC,Devanagri,वाशिम भागात ट्रॉली भाड्याचे दर किती आहेत?,What are the rental rates for trolley in Washim area?,,"वाशिम भागासाठी ट्रॉली भाड्याची माहिती सध्या उपलब्ध नाही. आपण जवळच्या इतर ठिकाणासाठी माहिती पाहू इच्छिता का, किंवा आपल्या स्थानिक कृषी कार्यालयाशी संपर्क साधून अधिक माहिती मिळवू शकता.

**स्रोत: कृषी सेवा माहिती**",2026-01-30T00:58:15.488208,kenpath/mhv_vistaar_all_mhv_vistaar_all_qwen3-32b_v0.2_v0.2.1,FT Qwen 3 (32B) v0.2.1
2596d5ba48f67038fa1317f70c9f20ec,Soil Lab,Devanagri,पालघर भागात माती परीक्षणाचे शुल्क किती आहे?,What is the soil testing fee in Palghar area?,,"पालघर भागातील शेतकऱ्यांसाठी जवळच्या माती परीक्षण प्रयोगशाळांची माहिती खालीलप्रमाणे आहे:

**जवळच्या माती परीक्षण प्रयोगशाळा:**

1. **माती परीक्षण प्रयोगशाळा, ठाणे**
   - पत्ता: जिल्हा माती सर्वेक्षण व माती परीक्षण प्रयोगशाळा, रोड नं.१६/झेड, अंबिका नगर, वागळे इंडस्ट्रियल एस्टेट, ठाणे पश्चिम, ठाणे ४००६०४
   - संपर्क: श्रीमती रुपाली व्ही. काळे
   - दूरध्वनी: ९५०३८०९८७१
   - अंतर: ५८ किमी

2. **माती परीक्षण प्रयोगशाळा, नाशिक**
   - पत्ता: जिल्हा माती सर्वेक्षण व माती परीक्षण प्रयोगशाळा, रामेटी कॅम्पस संभाजी चौक उंटवाडी, नाशिक ४२२००२
   - संपर्क: श्री. एस. एस. वाळवी
   - दूरध्वनी: ९४२३०८३९१५
   - अंतर: ७३ किमी

3. **माती परीक्षण प्रयोगशाळा, रायगड**
   - पत्ता: जिल्हा माती सर्वेक्षण व माती परीक्षण प्रयोगशाळा, गोंधळपाडा, वेश्वी, राऊतवाडी, रायगड
   - संपर्क: श्री. आर. के. वायकुळे
   - दूरध्वनी: ७७७६८३०१२७
   - अंतर: ११५ किमी

**माती परीक्षणाचे शुल्क:**

स्रोतांमध्ये विशिष्ट शुल्क रक्कम उपलब्ध नाही. माती परीक्षणाचे शुल्क प्रयोगशाळेनुसार बदलू शकते. वरील प्रयोगशाळांमध्ये थेट संपर्क साधून शुल्क आणि उपलब्धता याबद्दल अचूक माहिती मिळवा.

**स्रोत: कृषी सेवा माहिती**

आपल्याला माती परीक्षणासाठी नमुना कसा गोळा करावा किंवा माती परीक्षणाच्या अहवालाचा उपयोग कसा करावा याबद्दल माहिती हवी आहे का?",2026-01-30T00:58:41.269835,kenpath/mhv_vistaar_all_mhv_vistaar_all_qwen3-32b_v0.2_v0.2.1,FT Qwen 3 (32B) v0.2.1
a2e045b69a23a9a411761fd5e0443ecb,KVK,Devanagri,सांगली मध्ये कृषी विज्ञान केंद्रात पेरू लागवड तंत्रज्ञान शिकवतात का?,Does KVK teach guava cultivation technology in Sangli?,,"सांगली जिल्ह्यातील आणि जवळच्या भागातील कृषी विज्ञान केंद्रे (KVK) खालीलप्रमाणे आहेत:

**१. कृषी विज्ञान केंद्र, मिरज**
- **पत्ता:** कृषी विज्ञान केंद्र, पो. कांचनपूर, ता. मिरज, जि. सांगली-४१६ ३०६
- **अंतर:** १२ किमी
- **संपर्क:** अध्यक्ष, वसंत प्रकाश विकास प्रतिष्ठान, एसआरआयसाई, मधवनगर, सांगली-४१६ ४१६

**२. कृषी विज्ञान केंद्र, कडेगाव**
- **पत्ता:** कृषी विज्ञान केंद्र, गाव तडसर, ता. कडेगाव, जि. सांगली
- **अंतर:** ५२ किमी
- **संपर्क:** कुलगुरू, महाराष्ट्र पशु व मत्स्य विज्ञान विद्यापीठ, नागपूर-४४०००१

**पेरू लागवड तंत्रज्ञान:**
कृषी विज्ञान केंद्रे (KVK) शेतकऱ्यांना विविध पिकांचे तंत्रज्ञान, प्रशिक्षण आणि तज्ञ मार्गदर्शन देतात. पेरू लागवड तंत्रज्ञान उपलब्ध आहे की नाही याबद्दल खात्री करण्यासाठी, आपण वरील मिरज किंवा कडेगाव कृषी विज्ञान केंद्राशी थेट संपर्क साधू शकता. ते आपल्याला पेरू लागवडीबद्दल प्रशिक्षण, लागवड तंत्रज्ञान, रोग नियंत्रण आणि इतर मार्गदर्शन देऊ शकतात.

**स्रोत: कृषी सेवा माहिती**

आपल्याला पेरू लागवडीबद्दल अधिक माहिती हवी आहे का किंवा इतर कोणत्या शेती विषयावर मदत हवी आहे का?",2026-01-30T00:58:44.581558,kenpath/mhv_vistaar_all_mhv_vistaar_all_qwen3-32b_v0.2_v0.2.1,FT Qwen 3 (32B) v0.2.1
aa68d917e0daf9db9349f071c0c08509,CHC,Devanagri,गडचिरोली जिल्ह्यात ड्रोन फवारणी सेवा उपलब्ध आहे का?,Is drone spraying service available in Gadchiroli district?,,"गडचिरोली जिल्ह्यात सध्या ड्रोन फवारणी सेवा किंवा शेती यंत्रसामग्री भाड्याने देणाऱ्या केंद्रांची माहिती उपलब्ध नाही.

आपल्याला जवळच्या इतर ठिकाणासाठी शेती यंत्रसामग्री सेवा तपासायची आहे का, किंवा आपल्या स्थानिक कृषी कार्यालयाशी संपर्क साधून ड्रोन फवारणी सेवांबद्दल अधिक माहिती मिळवायची आहे का?

**स्रोत: कृषी सेवा माहिती**",2026-01-30T00:30:23.580512,kenpath/mhv_vistaar_all_mhv_vistaar_all_qwen3-32b_v0.2_v0.2.1,FT Qwen 3 (32B) v0.2.1
8cbedd78b1dc278395a7c668d411b674,Weather Forecast,Devanagri,कोल्हापूर भागात पुढचे काही दिवस तापमान किती राहील?,What will be the temperature for the next few days in Kolhapur area?,,"कोल्हापूर भागातील पुढील काही दिवसांचा हवामान अंदाज खालीलप्रमाणे आहे:

**३० जानेवारी (आज):**
- किमान तापमान: १९.७ °से
- कमाल तापमान: ३१.९ °से
- पाऊस: नाही
- आर्द्रता: २८% ते ७६%
- वारा: ४ किमी/तास

**३१ जानेवारी:**
- किमान तापमान: १९ °से
- कमाल तापमान: ३२.२ °से
- पाऊस: नाही
- आर्द्रता: २६% ते ८५%
- वारा: २ किमी/तास

**१ फेब्रुवारी:**
- किमान तापमान: १८.२ °से
- कमाल तापमान: ३२.१ °से
- पाऊस: नाही
- आर्द्रता: २३% ते ८३%
- वारा: २ किमी/तास

**२ फेब्रुवारी:**
- किमान तापमान: १८.१ °से
- कमाल तापमान: ३२.५ °से
- पाऊस: नाही
- आर्द्रता: २०% ते ७५%
- वारा: ७ किमी/तास

**३ फेब्रुवारी:**
- किमान तापमान: १८.५ °से
- कमाल तापमान: ३२.२ °से
- पाऊस: नाही
- आर्द्रता: १८% ते ६५%
- वारा: ४ किमी/तास

**शेतकऱ्यांसाठी सल्ला:**
येणाऱ्या दिवसांत तापमान १८ ते ३३ °से दरम्यान राहणार आहे आणि पाऊस पडण्याची शक्यता नाही. हे हवामान भाजीपाला, फळपिके आणि रब्बी पिकांसाठी अनुकूल आहे. पिकांना नियमित पाणी द्या आणि तापमान वाढल्यास पाण्याचा ताण येऊ नये म्हणून वेळेवर सिंचन करा.

**स्रोत: हवामान अंदाज (IMD)**

आपल्याला कोल्हापूर बाजारातील बाजारभाव किंवा शेतीविषयक इतर कोणतीही माहिती हवी आहे का?",2026-01-30T00:30:37.710056,kenpath/mhv_vistaar_all_mhv_vistaar_all_qwen3-32b_v0.2_v0.2.1,FT Qwen 3 (32B) v0.2.1
a7cc24d8b9f22f1f5e48dc55e67ba61e,Advisory,Devanagri,सांगली मध्ये आले पिकासाठी बियाण्याचे प्रमाण किती लागते?,What is the seed rate for ginger crop in Sangli?,,"आले पिकासाठी बियाण्याचे प्रमाण खूप महत्त्वाचे आहे. सांगली जिल्ह्यातील आले पिकासाठी आपल्याला प्रति हेक्टर **१,५०० ते १,८०० किलो बियाणे** लागते.

**बियाणे निवड आणि तयारी:**
- रोगमुक्त साठवणीतून घेतलेले कंद वापरा
- प्रत्येक कंदात १-२ चोचटी डोळे असावेत
- लागवडीपूर्वी बियाण्याची प्रक्रिया करणे आवश्यक आहे
- शेतीत लागवड करण्यापूर्वी फिप्रोनिल कीटकनाशकाची ०.३% द्रावणात प्रति हेक्टर १६ किलो फवारणी करा

**लागवडीची पद्धत:**
- लागवड मे महिन्याच्या पहिल्या आठवड्यात करा
- हलक्या मातीत ३ x २ मीटर वाफे तयार करा
- मध्यम व जड मातीत सरी-वरंबा पद्धत वापरा

**खत व्यवस्थापन:**
- लागवडीपूर्वी प्रति हेक्टर २५-३० टन शेणखत द्या
- रासायनिक खतांची मात्रा: नत्र ७५ किलो, स्फुरद ५० किलो, पोटॅश २५ किलो प्रति हेक्टर

**स्रोत: कृषी दर्शनी डॉ. बाळासाहेब सावंत कोकण कृषी विद्यापीठ, दापोली २०२५**

आपल्याला आले पिकाच्या खत व्यवस्थापनाबद्दल किंवा रोग-कीड नियंत्रणाबद्दल अधिक माहिती हवी आहे का?",2026-01-30T00:30:17.117463,kenpath/mhv_vistaar_all_mhv_vistaar_all_qwen3-32b_v0.2_v0.2.1,FT Qwen 3 (32B) v0.2.1
41f2c55c45cc107b64a82d309d2ac4b0,Weather Forecast,Devanagri,हिंगोली जिल्ह्यात पुढचे काही दिवस कोरडे हवामान राहील का?,Will the weather remain dry for the next few days in Hingoli district?,,"होय, हिंगोली जिल्ह्यात पुढील काही दिवस कोरडे हवामान राहण्याची शक्यता आहे.

**पुढील ५ दिवसांचा हवामान अंदाज:**

**३१ जानेवारी:** अत्यंत कोरडे हवामान, फक्त ०.१ मिमी पाऊस. किमान तापमान १९.९°C आणि कमाल तापमान ३१.१°C.

**१ फेब्रुवारी:** पूर्ण कोरडे हवामान, पाऊस नाही. किमान तापमान २०°C आणि कमाल तापमान ३१.६°C.

**२ फेब्रुवारी:** पूर्ण कोरडे हवामान, पाऊस नाही. किमान तापमान २१.१°C आणि कमाल तापमान ३१.८°C.

**३ फेब्रुवारी:** अत्यंत कोरडे हवामान, फक्त ०.१ मिमी पाऊस. किमान तापमान २०.७°C आणि कमाल तापमान ३१.७°C.

**४ फेब्रुवारी:** अत्यंत कोरडे हवामान, फक्त ०.१ मिमी पाऊस. किमान तापमान २०.४°C आणि कमाल तापमान ३१.८°C.

**शेतकऱ्यांसाठी सल्ला:** पुढील आठवडाभर हवामान कोरडे राहणार असल्याने, रब्बी पिकांना नियमित पाणी द्या. तण नियंत्रणासाठी हा काळ योग्य आहे. फवारणी करायची असल्यास सकाळी किंवा संध्याकाळी करा, कारण दुपारी तापमान जास्त आहे.

**स्रोत: हवामान अंदाज (IMD)**

आपल्याला हवामानानुसार कोणत्या पिकांची विशेष काळजी घ्यायची आहे किंवा बाजारभावाची माहिती हवी आहे का?",2026-01-30T00:30:45.146331,kenpath/mhv_vistaar_all_mhv_vistaar_all_qwen3-32b_v0.2_v0.2.1,FT Qwen 3 (32B) v0.2.1
000bed2011489328eea02ef53fc5817a,Weather Historical,Romanized,Pune bhagat gelya 3 divasat paus kiti padla?,How much rain fell in the last 3 days in Pune area?,,"पुणे जिल्ह्यासाठी गेल्या ३ दिवसांचा हवामान इतिहास खालीलप्रमाणे आहे:

**२६ जानेवारी २०२६:** पाऊस पडला नाही (० मिमी). किमान तापमान १३.६°से, कमाल तापमान ३०.४°से. आर्द्रता ४५% ते १००%.

**२७ जानेवारी २०२६:** पाऊस पडला नाही (० मिमी). किमान तापमान १६.८°से, कमाल तापमान ३१.६°से. आर्द्रता ५०% ते १००%.

**२८ जानेवारी २०२६:** पाऊस पडला नाही (० मिमी). किमान तापमान १४.४°से, कमाल तापमान ३१.३°से. आर्द्रता ५३% ते १००%.

**स्रोत: हवामान इतिहास (Skymet)**

आपल्याला पुढील काही दिवसांचा हवामान अंदाज किंवा पुणे बाजारातील पिकांचे दर तपासायचे आहेत का?",2026-01-30T00:30:41.563232,kenpath/mhv_vistaar_all_mhv_vistaar_all_qwen3-32b_v0.2_v0.2.1,FT Qwen 3 (32B) v0.2.1
6e2c6b370712426f3dff3a2f0f22d712,Warehouse,Devanagri,लातूर भागात ऊस साठी मोठ्या क्षमतेचे गोदाम कुठे आहे?,Where is the high-capacity warehouse for sugarcane in Latur area?,,"लातूर भागासाठी मोठ्या क्षमतेचे गोदाम सेवा सध्या उपलब्ध नाहीत. आपल्याला जवळच्या इतर ठिकाणांसाठी गोदाम माहिती तपासायची आहे का? किंवा आपल्या स्थानिक कृषी कार्यालयात संपर्क साधून अधिक माहिती मिळवू शकता.

**स्रोत: कृषी सेवा माहिती**",2026-01-30T00:30:43.503002,kenpath/mhv_vistaar_all_mhv_vistaar_all_qwen3-32b_v0.2_v0.2.1,FT Qwen 3 (32B) v0.2.1
a3c1444af62a84f5d521bc8aec721afb,CHC,Devanagri,भंडारा मध्ये पेरणी यंत्र भाड्याने कुठे मिळेल?,Where can I rent seed drill in Bhandara?,,"भंडारा जिल्ह्यात सध्या पेरणी यंत्र भाड्याने देणाऱ्या कस्टम हायरिंग सेंटर (CHC) ची माहिती उपलब्ध नाही. आपण आपल्या स्थानिक कृषी कार्यालयात किंवा तालुका कृषी कार्यालयात संपर्क साधून जवळच्या CHC केंद्राची माहिती घेऊ शकता. तेथे आपल्याला पेरणी यंत्र भाड्याने मिळण्याची शक्यता असेल.

**स्रोत: कृषी सेवा माहिती**

आपल्याला भंडारा जिल्ह्यातील इतर कृषी सेवा केंद्रांबद्दल माहिती हवी आहे का, जसे की कृषी विज्ञान केंद्र (KVK) किंवा माती परीक्षण प्रयोगशाळा?",2026-01-30T00:31:04.379926,kenpath/mhv_vistaar_all_mhv_vistaar_all_qwen3-32b_v0.2_v0.2.1,FT Qwen 3 (32B) v0.2.1
08c551f593e414aa0ade9b7d9cc12885,Soil Lab,Romanized,Raigad bhagat shaskiya mati parikshan kendra uplabdh aahe ka?,Is government soil testing center available in Raigad area?,,"रायगड जिल्ह्यासाठी माती परीक्षण प्रयोगशाळेची माहिती सध्या उपलब्ध नाही. आपल्याला जवळच्या इतर ठिकाणासाठी माती परीक्षण प्रयोगशाळेची माहिती तपासायची आहे का?

**स्रोत: कृषी सेवा माहिती**",2026-01-30T00:31:02.836543,kenpath/mhv_vistaar_all_mhv_vistaar_all_qwen3-32b_v0.2_v0.2.1,FT Qwen 3 (32B) v0.2.1
fad3a4279a44eb296e9e60bc069fb822,Mandi Price,Devanagri,यवतमाळ बाजारात केळी चा व्यापार कसा चाललाय?,How is the trade of banana in Yavatmal market?,,"यवतमाळ बाजारात केळीचे दर सध्या उपलब्ध नाहीत. आपल्याला जवळच्या इतर बाजारांतील केळीचे दर तपासायचे आहेत का? उदाहरणार्थ, अकोला, अमरावती किंवा वर्धा बाजारातील दर तपासू शकतो.

**स्रोत: बाजारभाव**",2026-01-30T00:31:06.081839,kenpath/mhv_vistaar_all_mhv_vistaar_all_qwen3-32b_v0.2_v0.2.1,FT Qwen 3 (32B) v0.2.1
79e4ad80caca418bef6e59adcd5ca8a3,CHC,Devanagri,कोल्हापूर जिल्ह्यात पॉवर वीडर भाड्याने कुठे मिळेल?,Where can I rent power weeder in Kolhapur district?,,"कोल्हापूर जिल्ह्यात पॉवर वीडर भाड्याने मिळण्यासाठी आपल्याजवळ खालील कस्टम हायरिंग सेंटर (CHC) उपलब्ध आहेत:

**१. पडळी खु., करवीर (८ किमी अंतर)**
- **पत्ता:** भैरवनाथ शेतकरी कृषी विज्ञान मंडळ
- **संपर्क व्यक्ती:** आशोक तुकाराम पाटील
- **फोन:** 9049494890

**२. सातर्डे, पन्हाळा (१३ किमी अंतर)**
- **पत्ता:** गंगूबाई सीताराम पाटील
- **संपर्क व्यक्ती:** गंगूबाई सीताराम पाटील
- **फोन:** 7058779798

**३. घुनकी, हातकणंगले (२२ किमी अंतर)**
- **पत्ता:** श्री भैरवनाथ शेतकरी गट
- **संपर्क व्यक्ती:** प्रियंका अविनाश पाटील
- **फोन:** 9284309430

**४. ऐतवडे खु., वाळवा (२४ किमी अंतर)**
- **पत्ता:** यशवंती अॅग्रो प्रोड्यूसर कंपनी
- **संपर्क व्यक्ती:** हनमंत पाटील
- **फोन:** 9146649038

**५. तिटवे, राधानगरी (२९ किमी अंतर)**
- **पत्ता:** जय किसान शेतकरी गट, तिटवे
- **संपर्क व्यक्ती:** सुधाकर तुकाराम पाटील
- **फोन:** 9765142710

या सर्व कस्टम हायरिंग सेंटरमध्ये आपण पॉवर वीडर आणि इतर शेती यंत्रे भाड्याने घेऊ शकता. भाड्याचे दर आणि उपलब्धता जाणून घेण्यासाठी वरील फोन नंबरवर संपर्क साधा.

**स्रोत: कृषी सेवा माहिती**

आपल्याला या केंद्रांबद्दल अधिक माहिती हवी आहे का, किंवा इतर कोणत्या शेती यंत्राची माहिती हवी आहे?",2026-01-30T00:31:33.856353,kenpath/mhv_vistaar_all_mhv_vistaar_all_qwen3-32b_v0.2_v0.2.1,FT Qwen 3 (32B) v0.2.1
86a29bcbed30fbd36c77a0555364f121,Soil Lab,Romanized,Jalna bhagat jaminichi ksharata tapasnyasathi prayogshala konti?,Which laboratory tests soil salinity in Jalna area?,,"जालना जिल्ह्यातील भागातील जमिनीची क्षारता तपासण्यासाठी माती प्रयोगशाळेची माहिती सध्या उपलब्ध नाही.

**स्रोत: कृषी सेवा माहिती**

आपल्याला जवळच्या इतर ठिकाणासाठी माती प्रयोगशाळेची माहिती तपासायची आहे का? किंवा आपल्याला जवळच्या कृषी विज्ञान केंद्र (KVK) किंवा मृदा परीक्षण प्रयोगशाळेबद्दल अधिक माहिती हवी आहे का?",2026-01-30T00:31:24.255685,kenpath/mhv_vistaar_all_mhv_vistaar_all_qwen3-32b_v0.2_v0.2.1,FT Qwen 3 (32B) v0.2.1
35e105dacab5a23f336c89f61b674c69,KVK,Devanagri,अकोला भागात KVK मधील शास्त्रज्ञांचा संपर्क कसा साधावा?,How to contact scientists at KVK in Akola area?,,"अकोला भागातील कृषी विज्ञान केंद्र (KVK) आणि त्यांच्या संपर्क माहिती खालीलप्रमाणे आहे:

**१. कृषी विज्ञान केंद्र, अकोला**
- **पत्ता:** कृषी विज्ञान केंद्र, गाव सिसा (उदेगाव), अकोला, महाराष्ट्र
- **संपर्क:** अध्यक्ष, ग्रामीण विकास व संशोधन महामंडळ, प्रिस्टिन इन्फोकास्ट प्रा. लि., रामलता बिझनेस सेंटर, अमरावती रोड, अकोला, महाराष्ट्र ४४४००१
- **अंतर:** १२ किमी

**२. कृषी विज्ञान केंद्र, जळगाव जामोद**
- **पत्ता:** कृषी विज्ञान केंद्र, पोस्ट जळगाव, जामोद, जिल्हा बुलडाणा-४४३४०२
- **संपर्क:** अध्यक्ष, सातपुडा शिक्षण सोसायटी, जळगाव जामोद, बुलडाणा-४४३४०२
- **अंतर:** ६० किमी

**३. कृषी विज्ञान केंद्र, दारवा**
- **पत्ता:** कृषी विज्ञान केंद्र, गाव संगवी (रेल्वे), तालुका दारवा, जिल्हा यवतमाळ
- **संपर्क:** अध्यक्ष, नवसंजीवन शिक्षण प्रसारक मंडळ, तालुका दारवा, यवतमाळ-४४५ २०२
- **अंतर:** ७० किमी

**संपर्क साधण्याची शिफारस:**
- अकोला जवळील कृषी विज्ञान केंद्रात (१२ किमी) सर्वात जवळ आहे. आपण थेट या केंद्रावर भेट देऊन शास्त्रज्ञांशी संपर्क साधू शकता.
- वरील संपर्क पत्त्यावर भेट देऊन किंवा आपल्या स्थानिक कृषी कार्यालयातून संपर्क करून शास्त्रज्ञांची विशिष्ट मोबाइल क्रमांक मिळवू शकता.

**स्रोत: कृषी सेवा माहिती**

आपल्याला या केंद्रांबद्दल अधिक माहिती हवी आहे का, किंवा इतर कृषी सेवांबद्दल जाणून घ्यायचे आहे का?",2026-01-30T00:31:52.701206,kenpath/mhv_vistaar_all_mhv_vistaar_all_qwen3-32b_v0.2_v0.2.1,FT Qwen 3 (32B) v0.2.1
2412708490059807e625ed5a9b596479,Mandi Price,Devanagri,बीड मंडीत डाळिंब चे आजचे दर काय आहेत?,What are today's rates of pomegranate in Beed mandi?,,"बीड मंडीत डाळिंब चे दर सध्या उपलब्ध नाहीत. या मंडीत बाजरी, उडीद, मूग, तूर, तीळ, ज्वारी, सोयाबीन आणि गहू या पिकांचे दर उपलब्ध आहेत.

आपल्याला जवळच्या दुसऱ्या बाजारात डाळिंब चे दर तपासायचे आहेत का, किंवा या मंडीतील इतर पिकांचे दर पाहायचे आहेत का?

**स्रोत: बाजारभाव**",2026-01-30T00:31:39.305193,kenpath/mhv_vistaar_all_mhv_vistaar_all_qwen3-32b_v0.2_v0.2.1,FT Qwen 3 (32B) v0.2.1
753653e63604a324ecab90f110d05ff6,Soil Lab,Devanagri,अकोला जिल्ह्यात सूक्ष्म अन्नद्रव्य तपासणी कुठे होते?,Where is micronutrient testing done in Akola district?,,"अकोला जिल्ह्यात सूक्ष्म अन्नद्रव्य तपासणीसाठी जमिनीची तपासणी पुढील प्रयोगशाळांमध्ये करता येते:

**१. मृदा चाचणी प्रयोगशाळा, अकोला (सर्वात जवळ)**
- **पत्ता:** कैलाश भुवन, दुर्गा चौक, भगवत प्लॉट, अकोला - ४४४००१
- **संपर्क व्यक्ती:** श्रीमती ज्योती चौरे
- **दूरध्वनी:** ९४२२९३८८००
- **अंतर:** १ किमी

**२. मृदा चाचणी प्रयोगशाळा, वाशिम**
- **पत्ता:** संतोषी माता नगर, श्री विवेक शाहू बिल्डिंग, बालाजी होंडा शोरूम, अकोला नाका रोड, वाशिम
- **संपर्क व्यक्ती:** श्री अनिल टी. राठोड
- **दूरध्वनी:** ७५८८५०२५९५
- **अंतर:** ६७ किमी

**३. मृदा चाचणी प्रयोगशाळा, अमरावती**
- **पत्ता:** कृषी संकुल, युनिव्हर्सिटी रोड, अमरावती - ४४४६०२
- **संपर्क व्यक्ती:** श्री संजय एम. वानखडे
- **दूरध्वनी:** ९४२२१६८२७२
- **अंतर:** ८६ किमी

**४. मृदा चाचणी प्रयोगशाळा, बुलढाणा**
- **पत्ता:** रामकृष्ण आश्रमाजवळ, जिल्हाधिकारी निवासस्थान रोड, बुलढाणा
- **संपर्क व्यक्ती:** श्री व्ही.एच. विश्वे
- **दूरध्वनी:** ९४२०६११९५८
- **अंतर:** ८८ किमी

**५. मृदा चाचणी प्रयोगशाळा, यवतमाळ**
- **पत्ता:** गार्डन रोड, धामणगाव रोड, यवतमाळ - ४४५००१
- **संपर्क व्यक्ती:** श्री विनोद बी. चव्हाण
- **दूरध्वनी:** ९२८४२२२१२५
- **अंतर:** १२३ किमी

जमिनीची तपासणी करण्यासाठी आपल्या जवळच्या प्रयोगशाळेत संपर्क साधा. तेथे जमिनीचे नमुने घेऊन जाऊन आपल्याला सूक्ष्म अन्नद्रव्यांची माहिती मिळेल.

**स्रोत: कृषी सेवा माहिती**

आपल्याला जमिनीचे नमुने कसे घ्यावेत किंवा तपासणी अहवालाच्या आधारे कोणती खते वापरावीत याबद्दल माहिती हवी आहे का?",2026-01-30T00:32:09.955979,kenpath/mhv_vistaar_all_mhv_vistaar_all_qwen3-32b_v0.2_v0.2.1,FT Qwen 3 (32B) v0.2.1
8defaab5bad4407d9678c17e8370773b,Soil Lab,Devanagri,सोलापूर मध्ये खतांच्या मात्रांची शिफारस देणारी प्रयोगशाळा कोणती?,Which laboratory provides fertilizer dose recommendations in Solapur?,,"सोलापूर जिल्ह्यात खतांच्या मात्रांची शिफारस देणारी माती परीक्षण प्रयोगशाळा सध्या उपलब्ध नाही. आपण जवळच्या इतर ठिकाणातील माती परीक्षण प्रयोगशाळांची माहिती पाहू इच्छिता का, किंवा स्थानिक कृषी कार्यालयाशी संपर्क साधून अधिक माहिती मिळवू इच्छिता का?

**स्रोत: कृषी सेवा माहिती**",2026-01-30T00:32:01.977096,kenpath/mhv_vistaar_all_mhv_vistaar_all_qwen3-32b_v0.2_v0.2.1,FT Qwen 3 (32B) v0.2.1
7a1f22c18f769ce298d3722e46a31582,Advisory,Devanagri,सांगली मध्ये कांदा पिकाच्या मुळांचा विकास कसा वाढवावा?,How to improve root development of onion crop in Sangli?,,"सांगली जिल्ह्यातील कांदा पिकाच्या मुळांचा विकास चांगला होण्यासाठी खालील महत्त्वाच्या गोष्टींची काळजी घ्या:

**१. खत व्यवस्थापन:**
- रब्बी हंगामातील कांद्यासाठी प्रति हेक्टर १५ टन शेणखत आणि १०० किलो नत्र, ५० किलो स्फुरद, ५० किलो पालाश द्यावे.
- ठिबक सिंचनाद्वारे खत देताना लागवडीनंतर दर आठवड्याला १० समान हप्त्यांमध्ये विद्राव्य खत द्यावे.

**२. ठिबक सिंचन:**
- वेस्टर्न महाराष्ट्रातील मध्यम खोल मातीसाठी ठिबक सिंचन पद्धत वापरणे अत्यंत फायदेशीर आहे.
- लागवडीनंतर १०० दिवसांनी सिंचन बंद करावे जेणेकरून कांद्याचे गड्डे चांगले विकसित होतील आणि साठवण नुकसान कमी होईल.

**३. जैविक उपाय:**
- लागवडीच्या वेळी रोपांची मुळे सिलिकिक आम्लात २ मिली प्रति लिटर पाण्यात ५ मिनिटे बुडवावीत.
- लागवडीनंतर २०, ४० आणि ६० दिवसांनी सिलिकिक आम्लाची पानांवर फवारणी करावी.

**४. जमिनीची व्यवस्था:**
- चांगल्या निचऱ्याची माती निवडा जेणेकरून मुळांच्या भागात हवा खेळती राहील.
- जमिनीत जैविक खते आणि हिरवळीचे खत वापरा.

**५. रोग व्यवस्थापन:**
- ट्रायकोडर्मा आधारित जैविक कीटकनाशकाचा वापर करा जो मुळगाठ कृमी आणि बुरशीजन्य रोगांविरुद्ध संरक्षण देतो.

**स्रोत: MPKV कृषी दर्शनी, MPKV संशोधन शिफारस २०२२ राहुरी**

आपल्याला कांद्याच्या लागवडीसाठी योग्य वाण किंवा कीड नियंत्रणाबद्दल अधिक माहिती हवी आहे का?",2026-01-30T00:32:23.582712,kenpath/mhv_vistaar_all_mhv_vistaar_all_qwen3-32b_v0.2_v0.2.1,FT Qwen 3 (32B) v0.2.1
ddd9248dd6fb987ef09be9b8762fdacd,KVK,Devanagri,रत्नागिरी मध्ये कृषी विज्ञान केंद्रात भात प्रात्यक्षिक कधी होते?,When is the paddy demonstration held at KVK in Ratnagiri?,,"मला रत्नागिरी जिल्ह्यातील कृषी विज्ञान केंद्र (KVK) ची माहिती सध्या उपलब्ध नाही. कृषी विज्ञान केंद्रातील भात प्रात्यक्षिकांची वेळ आणि वेळापत्रक हे स्थानिक KVK केंद्राशी संपर्क साधून मिळवता येते.

आपल्याला रत्नागिरी जिल्ह्यातील इतर कृषी सेवा केंद्रांची माहिती हवी आहे का, जसे की मृदा परीक्षण प्रयोगशाळा, शेती यंत्रे भाडेतत्त्वावर देणारे केंद्र (CHC), किंवा गोदाम सुविधा?",2026-01-30T00:32:21.007391,kenpath/mhv_vistaar_all_mhv_vistaar_all_qwen3-32b_v0.2_v0.2.1,FT Qwen 3 (32B) v0.2.1
bbd5e30898add9d850c689816def0828,KVK,Devanagri,पुणे मध्ये कृषी विज्ञान केंद्रात गहू प्रात्यक्षिक कधी होते?,When is the wheat demonstration held at KVK in Pune?,,"पुणे जिल्ह्यासाठी कृषी विज्ञान केंद्र (KVK) सेवा माहिती उपलब्ध नाही. पुणे जिल्ह्यात KVK केंद्र सध्या उपलब्ध नाही.

**स्रोत: कृषी सेवा माहिती**

आपल्याला जवळच्या इतर जिल्ह्यांतील कृषी विज्ञान केंद्रांची माहिती पाहायची आहे का, किंवा गहू पिकावरील इतर मार्गदर्शन हवे आहे का?",2026-01-30T00:32:20.905801,kenpath/mhv_vistaar_all_mhv_vistaar_all_qwen3-32b_v0.2_v0.2.1,FT Qwen 3 (32B) v0.2.1
ba67341904c64a9814c87ad3ce3de8a1,Warehouse,Devanagri,सिंधुदुर्ग मध्ये विमा सुविधा देणारे गोदाम शोधा.,Find warehouse providing insurance facility in Sindhudurg.,,"सिंधुदुर्ग जिल्ह्यात विमा सुविधा देणारे गोदाम सध्या उपलब्ध नाही. आपल्याला जवळच्या जिल्ह्यातील गोदामांची माहिती पाहायची आहे का किंवा इतर कृषी सेवांबद्दल मदत हवी आहे का?

**स्रोत: कृषी सेवा माहिती**",2026-01-30T00:32:34.990559,kenpath/mhv_vistaar_all_mhv_vistaar_all_qwen3-32b_v0.2_v0.2.1,FT Qwen 3 (32B) v0.2.1
097ef6b9674a28b70ab7217cb6f5ee98,Warehouse,Romanized,Parbhani madhe MSWC godamanchi yadi dya.,Provide list of MSWC warehouses in Parbhani.,,"परभणी जिल्ह्यासाठी गोदामांची माहिती सध्या उपलब्ध नाही. आपल्याला जवळच्या इतर ठिकाणासाठी गोदाम माहिती तपासायची आहे का, किंवा आपल्या स्थानिक कृषी कार्यालयाशी संपर्क साधून अधिक माहिती मिळवायची आहे का?

**स्रोत: कृषी सेवा माहिती**",2026-01-30T00:32:35.361001,kenpath/mhv_vistaar_all_mhv_vistaar_all_qwen3-32b_v0.2_v0.2.1,FT Qwen 3 (32B) v0.2.1
2b4bc8b217f5f150c3ebc30c47d4fc77,MahaDBT,Devanagri,पालघर जिल्ह्यातील माझ्या अर्जाची मंजुरी किती दिवसांत होईल?,In how many days will my application be approved in Palghar district?,,"महाडीबीटी अर्ज स्थिती तपासण्यासाठी आपली शेतकरी ओळख (Farmer ID) आवश्यक आहे. सध्या आपली शेतकरी ओळख उपलब्ध नाही.

**आपल्या अर्जाची स्थिती तपासण्यासाठी कृपया:**
- आपल्या स्थानिक कृषी कार्यालयात भेट द्या
- महाडीबीटी पोर्टलवर आपली शेतकरी ओळख वापरून लॉगिन करा

आपल्याला उपलब्ध शासकीय योजनांची माहिती हवी आहे का, ज्यासाठी आपण अर्ज करू शकता?",2026-01-30T00:32:41.780951,kenpath/mhv_vistaar_all_mhv_vistaar_all_qwen3-32b_v0.2_v0.2.1,FT Qwen 3 (32B) v0.2.1
5fdd0ac628a02e3c5f7b57927841f177,Advisory,Devanagri,पालघर जिल्ह्यात कोंबड्यांना Ranikhet रोगापासून बचाव कसा करावा?,How to prevent Newcastle disease in poultry in Palghar district?,,"पालघर जिल्ह्यातील कोंबड्यांना रणिखेत (न्यूकॅसल) रोगापासून बचाव करण्यासाठी खालील उपाययोजना करा:

**रणिखेत रोग म्हणजे काय?**

रणिखेत रोग (न्यूकॅसल डिसीज) हा एक अत्यंत संसर्गजन्य आणि घातक विषाणूजन्य रोग आहे जो कोंबड्यांना लागतो. या रोगामुळे सर्दी, ताप, श्वास घेण्यात अडचण, डोळ्यांपासून आणि नाकापासून स्त्राव, आणि अंडे उत्पादनात घट होते. या रोगाचा प्रादुर्भाव झाल्यास १००% प्राणी मरू शकतात.

**बचावासाठी उपाययोजना:**

**१. लसीकरण:**
- जन्मानंतर पहिल्या आठवड्यात लसोटा लस द्या - प्रत्येक डोळ्यात किंवा नाकात १ थेंब.
- ८व्या आणि १८व्या आठवड्यात आर-२ बी मुक्तेश्वर लस द्या.
- लसीकरणानंतर २ दिवस फवारणी करू नका.
- लसीकरणानंतर पाण्यात विरोधक औषधे देऊ नका.

**२. जैवसुरक्षा:**
- भेटदारांना आत येण्याची मर्यादा ठेवा.
- सर्व साहित्य निर्जंतुक करा.
- कोंबड्यांचे निवारे निर्जंतुक करा.
- मृत कोंबड्यांचे खोल खड्ड्यात गाडा किंवा जाळून टाका.
- विहिरीच्या पक्षांचा आणि उंदीरांचा नियंत्रण करा.
- आजारी कोंबड्या वेगळ्या ठेवा.

**३. व्यवस्थापन:**
- स्वच्छ पाणी द्या.
- निवार्यात चांगली हवा खेळती ठेवा.
- निवार्यात नियमित स्वच्छता ठेवा.
- लसीकरणानंतर १५ आठवडे रोगप्रतिकारशक्ती राहते.

**स्रोत: जनरल गाईडलाइन्स फॉर बायोसिक्युरिटी अॅट पोल्ट्री फार्म्स CPDO आणि अॅनिमल सायन्स अँड टेक्नॉलॉजी स्टँडर्ड XII**

पालघर जिल्ह्यातील कोंबडी पालनासाठी आपल्याला अधिक माहिती हवी असल्यास, कृपया स्थानिक पशुवैद्यकीय कार्यालयाशी संपर्क साधा. आपल्याला कोंबडी पालनाच्या इतर बाबींबद्दल किंवा शासकीय योजनांबद्दल माहिती हवी आहे का?",2026-01-30T00:33:30.401611,kenpath/mhv_vistaar_all_mhv_vistaar_all_qwen3-32b_v0.2_v0.2.1,FT Qwen 3 (32B) v0.2.1
6208f0555daf39c8220b73e026046b42,Weather Forecast,Romanized,Chandrapur madhe pudhchya athavdyat joradar pavsachi shakyata aahe ka?,Is there a possibility of heavy rain next week in Chandrapur?,,"चंद्रपूर जिल्ह्यासाठी पुढील ७ दिवसांचा हवामान अंदाज सध्या उपलब्ध नाही. आपल्याला जवळच्या इतर बाजारांतील हवामान माहिती पाहायची आहे का, किंवा इतर कोणत्या शेतीविषयक प्रश्नाबद्दल मदत हवी आहे का?

**स्रोत: हवामान अंदाज (IMD)**",2026-01-30T00:32:56.431196,kenpath/mhv_vistaar_all_mhv_vistaar_all_qwen3-32b_v0.2_v0.2.1,FT Qwen 3 (32B) v0.2.1
a1d29b256f00e31e766c7dc4c079dd22,CHC,Devanagri,नागपूर जिल्ह्यात लेझर लँड लेव्हलर सेवा कुठे आहे?,Where is laser land leveler service in Nagpur district?,,"मला नागपूर जिल्ह्यासाठी लेझर लँड लेव्हलर किंवा कस्टम हायरिंग सेंटर (CHC) सेवा माहिती सध्या उपलब्ध नाही. आपल्याला जवळच्या दुसऱ्या ठिकाणासाठी माहिती पाहायची आहे का, किंवा आपल्या स्थानिक कृषी कार्यालयात संपर्क साधून अधिक माहिती मिळवायची आहे का?

**स्रोत: कृषी सेवा माहिती**",2026-01-30T00:33:08.387295,kenpath/mhv_vistaar_all_mhv_vistaar_all_qwen3-32b_v0.2_v0.2.1,FT Qwen 3 (32B) v0.2.1
acf1adba0b6f1b894fa2089313e8e2e5,Advisory,Devanagri,बीड मध्ये गहू पिकावरील खोडकिडा साठी रासायनिक औषध सुचवा.,Suggest chemical pesticide for stem borer on wheat in Beed.,,"बीड जिल्ह्यातील गहू पिकावरील खोडकिडा (स्टेम बोरर) या किडीसाठी रासायनिक औषधांबद्दल माहिती देतो.

**खोडकिडा नियंत्रणासाठी शिफारस:**

गहू पिकावर खोडकिडा मुख्यतः कणसाच्या अवस्थेत आढळतो. या किडीच्या नियंत्रणासाठी खालील उपाययोजना करा:

**एकात्मिक व्यवस्थापन उपाय:**
1. उन्हाळ्यात जमिनीची खोल नांगरणी करा जेणेकरून किडीचे पतंग नष्ट होतील.
2. पीक फेरपालट पद्धत वापरा.
3. शिफारस केलेल्या वेळेत पेरणी करा.
4. संतुलित रासायनिक खतांचा वापर करा.
5. पिकाच्या वाढीच्या टप्प्यांवर पाण्याचा ताण येऊ देऊ नका.

**रासायनिक नियंत्रण:**
सध्या खोडकिडा नियंत्रणासाठी विशिष्ट लेबल क्लेम असलेले कोणतेही कीटकनाशक उपलब्ध नाही. तथापि, इतर किडींसाठी वापरली जाणारी खालील कीटकनाशके उपयुक्त ठरू शकतात:

- **क्लोरपायरीफॉस २० ईसी** - १० लिटर पाण्यात ४० मिली
- **अॅसिफेट ७५ एसपी** - १० लिटर पाण्यात १० ग्रॅम
- **क्विनॉलफॉस २५ ईसी** - १० लिटर पाण्यात ४० मिली

**महत्त्वाची सूचना:** खोडकिडा नियंत्रणासाठी वरील औषधे शिफारस केलेली नाहीत. या किडीचे नियंत्रण मुख्यतः एकात्मिक व्यवस्थापनावर अवलंबून आहे. औषधाचा वापर करण्यापूर्वी आपल्या स्थानिक कृषी अधिकाऱ्यांशी संपर्क साधा.

**स्रोत: डॉ. पंजाबराव देशमुख कृषी विद्यापीठ**

आपल्या गहू पिकाच्या इतर किडींबद्दल किंवा रोग नियंत्रणाबद्दल अधिक माहिती हवी आहे का?",2026-01-30T00:33:20.805797,kenpath/mhv_vistaar_all_mhv_vistaar_all_qwen3-32b_v0.2_v0.2.1,FT Qwen 3 (32B) v0.2.1
baa872c395831148e3636494214cde86,Soil Lab,Devanagri,अकोला जिल्ह्यात जमिनीची क्षारता तपासण्यासाठी प्रयोगशाळा कोणती?,Which laboratory tests soil salinity in Akola district?,,"अकोला जिल्ह्यात सध्या माती परीक्षण प्रयोगशाळेची माहिती उपलब्ध नाही. आपण आपल्या जवळच्या कृषी कार्यालयात संपर्क साधून जवळच्या माती परीक्षण प्रयोगशाळेची माहिती मिळवू शकता. माती परीक्षणासाठी जवळच्या प्रयोगशाळेची माहिती मिळवण्यासाठी आपल्याला मदत हवी आहे का?

**स्रोत: कृषी सेवा माहिती**",2026-01-30T00:33:19.070929,kenpath/mhv_vistaar_all_mhv_vistaar_all_qwen3-32b_v0.2_v0.2.1,FT Qwen 3 (32B) v0.2.1
4b9859512d3357e29703a498b9db9fd0,Soil Lab,Devanagri,कोल्हापूर जिल्ह्यात सूक्ष्म अन्नद्रव्य तपासणी कुठे होते?,Where is micronutrient testing done in Kolhapur district?,,"कोल्हापूर जिल्ह्यासाठी सूक्ष्म अन्नद्रव्य तपासणी (माती परीक्षण प्रयोगशाळा) सेवा सध्या उपलब्ध नाही. आपल्याला जवळच्या दुसऱ्या ठिकाणासाठी माती परीक्षण प्रयोगशाळांची माहिती पाहायची आहे का?

**स्रोत: कृषी सेवा माहिती**",2026-01-30T00:33:25.372310,kenpath/mhv_vistaar_all_mhv_vistaar_all_qwen3-32b_v0.2_v0.2.1,FT Qwen 3 (32B) v0.2.1
7cb739732ffbbc4e73ea75363a5e4533,Advisory,Romanized,Gadchiroli madhe gayila tap ala tar kay karave?,What to do if cow gets fever in Gadchiroli?,,गडचिरोलीसाठी हवामान अंदाज सध्या उपलब्ध नाही. आपल्याला जवळच्या दुसऱ्या बाजारासाठी हवामान माहिती तपासायची आहे का?,2026-01-30T00:33:33.492883,kenpath/mhv_vistaar_all_mhv_vistaar_all_qwen3-32b_v0.2_v0.2.1,FT Qwen 3 (32B) v0.2.1
60dacd308d7052cd5396ba2aec3d5161,KVK,Devanagri,जळगाव भागात KVK मध्ये प्रशिक्षणासाठी नोंदणी कशी करावी?,How to register for training at KVK in Jalgaon area?,,"जळगाव भागातील **कृषी विज्ञान केंद्र (KVK)** मध्ये प्रशिक्षणासाठी नोंदणी करण्यासाठी खालील माहिती उपयुक्त ठरेल:

## जळगाव भागातील KVK केंद्रे

**१. कृषी विज्ञान केंद्र, जळगाव**  
पत्ता: कृषी विज्ञान केंद्र, जळगाव जिल्हा, महाराष्ट्र  
संपर्क: कुलगुरू, महात्मा फुले कृषी विद्यापीठ, राहुरी-४१३ ७२२

**२. कृषी विज्ञान केंद्र, रावेर**  
पत्ता: कृषी विज्ञान केंद्र, पो. पाल, ता. रावेर, जि. जळगाव-४२५ ५०८  
संपर्क: सचिव, सातपुडा विकास मंडळ पो. पाल, रावेर, जळगाव-४२५५०८

**३. कृषी विज्ञान केंद्र, धुळे**  
पत्ता: कृषी विज्ञान केंद्र, परोळा रोड, जि. धुळे-४२४००४  
संपर्क: कुलगुरू, महात्मा फुले कृषी विद्यापीठ, राहुरी-४१३ ७२२

**प्रशिक्षणासाठी नोंदणी करण्याची प्रक्रिया:**

१. **संपर्क साधा:** वरील तपशीलातील संपर्क माहितीनुसार संबंधित KVK केंद्राशी फोन करा किंवा भेट द्या.
२. **प्रशिक्षणाची यादी:** केंद्रात उपलब्ध असलेल्या प्रशिक्षणांची यादी घ्या. हे प्रशिक्षण विविध पिकांचे लागवड, रोग व कीड व्यवस्थापन, शेती यंत्रसामग्री, सेंद्रिय शेती इत्यादींवर असू शकतात.
३. **पात्रता तपासा:** प्रशिक्षणासाठी आवश्यक पात्रता आणि आवश्यक कागदपत्रांची माहिती घ्या.
४. **नोंदणी करा:** केंद्रात उपलब्ध नोंदणी फॉर्म भरून सादर करा. काही प्रशिक्षणांसाठी आधार कार्ड, शेती जमीन कागदपत्रे आवश्यक असू शकतात.
५. **प्रशिक्षणाचा फायदा:** KVK मध्ये मिळणाऱ्या प्रशिक्षणामुळे आपल्याला नवीन शेती तंत्रज्ञान, शास्त्रीय पद्धती आणि तज्ञांचा मार्गदर्शन मिळते.

**स्रोत: कृषी सेवा माहिती**

आपल्याला कोणत्या विशिष्ट प्रशिक्षणाबद्दल अधिक माहिती हवी आहे का, जसे की पिक व्यवस्थापन, कीड नियंत्रण किंवा शेती यंत्रसामग्री वापर?",2026-01-30T00:34:07.101516,kenpath/mhv_vistaar_all_mhv_vistaar_all_qwen3-32b_v0.2_v0.2.1,FT Qwen 3 (32B) v0.2.1
efb405f0e1c21f9cf82c5c05ef446b08,Mandi Price,Devanagri,अमरावती मंडीत द्राक्षे ला MSP पेक्षा जास्त भाव मिळतोय का?,Is grapes getting more than MSP in Amravati mandi?,,"अमरावती मंडीतील द्राक्षांचे बाजारभाव सध्या उपलब्ध नाहीत. आपल्याला जवळच्या इतर बाजारांतील द्राक्षांचे भाव तपासायचे आहेत का? उदाहरणार्थ, नाशिक किंवा यवतमाळ मंडीतील दर तपासू शकतो.

**स्रोत: बाजारभाव**",2026-01-30T00:33:45.147054,kenpath/mhv_vistaar_all_mhv_vistaar_all_qwen3-32b_v0.2_v0.2.1,FT Qwen 3 (32B) v0.2.1
32184d3a38b0f63904b18a624edf8e14,Weather Forecast,Devanagri,लातूर भागात या आठवड्यात पीक वाढीसाठी हवामान अनुकूल आहे का?,Is the weather favorable for crop growth this week in Latur area?,,"लातूर भागासाठी हवामान अंदाज सध्या उपलब्ध नाही. आपल्याला जवळच्या बाजारांचे हवामान तपासायचे आहे का किंवा दुसऱ्या ठिकाणासाठी माहिती हवी आहे का?

**स्रोत: हवामान अंदाज (IMD)**",2026-01-30T00:33:57.335375,kenpath/mhv_vistaar_all_mhv_vistaar_all_qwen3-32b_v0.2_v0.2.1,FT Qwen 3 (32B) v0.2.1
f32cb278e39097cae208f3b502bff7c1,KVK,Devanagri,अमरावती मध्ये कृषी विज्ञान केंद्रात वांगे लागवड तंत्रज्ञान शिकवतात का?,Does KVK teach brinjal cultivation technology in Amravati?,,"अमरावती जिल्ह्यातील कृषी विज्ञान केंद्र (KVK) साठी सध्या कृषी सेवा माहिती उपलब्ध नाही. मात्र, मी वांगे लागवड तंत्रज्ञानाबद्दल महत्त्वाची माहिती देतो:

**वांगे लागवड तंत्रज्ञानाबद्दल महत्त्वाची माहिती:**

वांग्याच्या लागवडीसाठी जैव खते आणि जैविक नियंत्रण तंत्रज्ञान वापरणे फायदेशीर ठरते. भारतीय कृषी संशोधन परिषद (ICAR) द्वारे विकसित केलेले ""GoaBio-2"" जैव खत वांग्यासाठी विशेष उपयुक्त आहे. हे खत वापरल्याने:

- वांग्याची वाढ चांगली होते
- वनस्पती आरोग्य सुधारते
- मातीजन्य रोगांचा प्रादुर्भाव कमी होतो (जीवाणूजन्य मररोगाचा ७०-८०% कमी प्रादुर्भाव)
- उत्पादनात वाढ होते

**जैव खत वापरण्याची पद्धत:**
- रोपवाटिकेत: प्रति चौरस मीटर ५० ग्रॅम
- लागवडीच्या वेळी: प्रति रोप १ ग्रॅम (१ किलो खत ५० लिटर पाण्यात विरघळवून प्रति रोप ५० मिली द्यावे)

**जैविक कीड नियंत्रण:**
""ब्यूवेरिया बसियाना"" जैव नियंत्रण एजंट वांग्यावरील माव्यांच्या नियंत्रणासाठी प्रभावी आहे. या जैव एजंटची फवारणी केल्याने:
- माव्यांचा प्रादुर्भाव ५०-८३% कमी होतो
- उत्पादनात २०-३३% वाढ होते

**कृषी विज्ञान केंद्र (KVK) ची माहिती:**
सध्या अमरावती जिल्ह्यातील KVK साठी माहिती उपलब्ध नाही. आपल्याला जवळच्या इतर जिल्ह्यातील KVK केंद्राची माहिती पाहायची आहे का? तसेच, वांगे लागवडीबद्दल अधिक माहिती किंवा इतर कोणत्याही शेतीविषयक प्रश्नाबद्दल मदत हवी असल्यास मला विचारा.

**स्रोत: ICAR जैव खते तंत्रज्ञान, भारतीय कृषी संशोधन परिषद**",2026-01-30T00:34:24.247250,kenpath/mhv_vistaar_all_mhv_vistaar_all_qwen3-32b_v0.2_v0.2.1,FT Qwen 3 (32B) v0.2.1
9342e3295b7edbe82bfaec304744269c,Weather Forecast,Devanagri,अकोला भागात पपई पिकासाठी पाण्याचे नियोजन कसे करावे?,How to plan water management for papaya crop in Akola area?,,"अकोला भागात पपई पिकासाठी पाण्याचे नियोजन करताना खालील गोष्टींची काळजी घ्या:

**पाण्याचे वेळापत्रक:**
- **हिवाळ्यात** दर १० दिवसांनी पाणी द्या.
- **उन्हाळ्यात** दर आठवड्याला एकदा पाणी द्या.
- **पावसाळ्यात** फक्त आवश्यकतेनुसार पाणी द्या.

**सिंचनाच्या पद्धती:**
- **ठिबक सिंचन** ही सर्वोत्तम पद्धत आहे. झाडाच्या खोडाभोवती ठिबक पाइप लावून पाणी द्या.
- **सरी सिंचन** पद्धत वापरू शकता.
- **तुषार सिंचन** वापरत असल्यास, खोडावर पाणी सतत शिंपडू नका, कारण त्यामुळे बुरशीजन्य रोग होऊ शकतात.

**पाण्याच्या व्यवस्थापनातील महत्त्वाच्या टिप्स:**
- पपईच्या झाडाचे मुळे खोल जात नाहीत, त्यामुळे खते आणि पाणी मुळांच्या जवळ द्या.
- दुहेरी वर्तुळ पद्धतीने पाणी द्या, जेणेकरून खोडाला पाणी लागणार नाही.
- बागेत पाणी साचून राहू देऊ नका. योग्य निचरा असलेली जमीन निवडा.
- उन्हाळ्यात विशेष काळजी घ्या, कारण त्या काळात पाण्याची गरज जास्त असते.

**बुरशीजन्य रोग टाळण्यासाठी:**
- खोडाला पाणी लागू नये याची काळजी घ्या.
- बागेत पाणी साचून राहू देऊ नका.
- दुहेरी वर्तुळ पद्धतीने पाणी द्या.

**स्रोत: एमपीकेव्ही कृषी दर्शनी**

आपल्याला पपई पिकासाठी खत व्यवस्थापन किंवा रोग नियंत्रणाबद्दल अधिक माहिती हवी आहे का?",2026-01-30T00:34:20.837933,kenpath/mhv_vistaar_all_mhv_vistaar_all_qwen3-32b_v0.2_v0.2.1,FT Qwen 3 (32B) v0.2.1
0f4fd65c6780179281817e24aa34831c,Warehouse,Devanagri,नंदुरबार मध्ये कापूस साठवणुकीसाठी वातानुकूलित गोदाम आहे का?,Is there an air-conditioned warehouse for storing cotton in Nandurbar?,,"होय, नंदुरबार जिल्ह्यात कापूस साठवणुकीसाठी वातानुकूलित गोदाम सुविधा उपलब्ध आहेत. आपल्यासाठी जवळच्या गोदामांची माहिती खालीलप्रमाणे आहे:

**१. नंदुरबार गोदाम** (सर्वात जवळ)
- **पत्ता:** एमएसडब्ल्यूसी, जीटीपी कॉलेज रोड, शनी मंदिरासमोर, नंदुरबार
- **अंतर:** नंदुरबार शहरापासून फक्त ०.६ किमी
- **संपर्क:** गोदाम व्यवस्थापक
- **फोन:** 02564-222479

**२. शहादा गोदाम** (३०.६ किमी अंतरावर)
- **पत्ता:** एमएसडब्ल्यूसी, कृषी उत्पन्न बाजार समिती, मार्केट यार्ड, राज्य बँकेच्या मागे, शहादा
- **संपर्क:** गोदाम व्यवस्थापक
- **फोन:** 02565-227555

**३. डोंडाईचा, रामी रोड गोदाम** (३२.४ किमी अंतरावर)
- **पत्ता:** एमएसडब्ल्यूसी, रामी रोड, डोंडाईचा
- **संपर्क:** गोदाम व्यवस्थापक
- **फोन:** 02566-202063

**४. डोंडाईचा, एपीएमसी गोदाम** (३३.० किमी अंतरावर)
- **पत्ता:** एमएसडब्ल्यूसी, मार्केट यार्ड, रेल्वे स्टेशनजवळ, डोंडाईचा
- **संपर्क:** गोदाम व्यवस्थापक
- **फोन:** 02566-244128

**५. डोंडाईचा, वाणी रोड गोदाम** (३५.० किमी अंतरावर)
- **पत्ता:** एमएसडब्ल्यूसी, सर्वे नं. ८/२, ९/२, ९/१, वाणी रोड, वारवडे शिवार, डोंडाईचा
- **संपर्क:** गोदाम व्यवस्थापक
- **फोन:** 02566–202437

या सर्व गोदामांमध्ये कापूस आणि इतर शेतीमाल सुरक्षितपणे साठवता येतो. नंदुरबार गोदाम सर्वात जवळ असल्याने आपण तेथे संपर्क साधून साठवणुकीच्या दरांची माहिती घेऊ शकता.

**स्रोत: कृषी सेवा माहिती**

आपल्याला कापूस साठवणुकीबद्दल अधिक माहिती हवी आहे का, जसे की योग्य साठवणुकीची पद्धत किंवा साठवणुकीचे दर?",2026-01-30T00:34:37.644897,kenpath/mhv_vistaar_all_mhv_vistaar_all_qwen3-32b_v0.2_v0.2.1,FT Qwen 3 (32B) v0.2.1
f70de4de9d8e2ec2bf385490e855bcc7,Advisory,Devanagri,नांदेड भागात हरभरा पिकावरील तण व्यवस्थापन कसे करावे?,How to manage weeds in chickpea crop in Nanded area?,,"नांदेड भागात हरभरा पिकावरील तण व्यवस्थापनासाठी खालील उपाययोजना करा:

**तण नियंत्रणासाठी महत्त्वाचे उपाय:**

१. **डवरणे आणि तण काढणे:** पेरणीनंतर एक महिन्याच्या आत एक डवरणे आणि एक तण काढणे करावे. हे तण नियंत्रणासाठी अत्यंत महत्त्वाचे आहे.

२. **एकात्मिक तण व्यवस्थापन:** यामध्ये रासायनिक तणनाशक व्यवस्थापन आणि आंतरमशागत योग्य वेळी करावी.

३. **पेरणीची वेळ:** जमिनीची योग्य मशागत करून जमिन समतल करावी. कोरडवाहू हरभरा ऑक्टोबर महिन्यात पेरावा.

४. **आंतरपीक पद्धती:** हरभरा + फ्लॅक्स (४:२) या प्रमाणात आंतरपीक पद्धतीचा अवलंब करावा. यामुळे तणांचा प्रादुर्भाव कमी होतो.

५. **पाणी व्यवस्थापन:** जर दोन सिंचन दिली तर उत्पादन वाढते. परंतु पिकात पाणी साचू देऊ नका.

**स्रोत: Krushi VNMAU**

आपल्याला हरभरा पिकावरील कीड व रोग नियंत्रणाबद्दल अधिक माहिती हवी आहे का?",2026-01-30T00:34:36.527574,kenpath/mhv_vistaar_all_mhv_vistaar_all_qwen3-32b_v0.2_v0.2.1,FT Qwen 3 (32B) v0.2.1
385ccfbd5b43f49aae64e8531a00c925,KVK,Romanized,Beed madhe krushi vidnyan kendrat prashikshan karyakram kadhi astat?,When are training programs held at KVK in Beed?,,"बीड जिल्ह्यासाठी कृषी विज्ञान केंद्र (KVK) किंवा प्रशिक्षण कार्यक्रमांची माहिती सध्या उपलब्ध नाही.

आपल्याला जवळच्या इतर ठिकाणांसाठी कृषी विज्ञान केंद्राची माहिती पाहायची आहे का, किंवा आपल्या स्थानिक कृषी कार्यालयात थेट संपर्क साधून प्रशिक्षण कार्यक्रमांची माहिती मिळवायची आहे का?

**स्रोत: कृषी सेवा माहिती**",2026-01-30T00:34:41.326786,kenpath/mhv_vistaar_all_mhv_vistaar_all_qwen3-32b_v0.2_v0.2.1,FT Qwen 3 (32B) v0.2.1
1ef9c686d871a704d8ff373d2e757e18,Mandi Price,Devanagri,नाशिक बाजारात गहू विकायला चांगला भाव आहे का?,Is there a good price for selling wheat in Nashik market?,,"नाशिक बाजारासाठी गहूचे भाव सध्या उपलब्ध नाहीत. आपल्याला जवळच्या इतर बाजारांतील गहूचे दर तपासायचे आहेत का? उदाहरणार्थ, पुणे, औरंगाबाद किंवा जळगाव या बाजारातील भाव माहिती मिळू शकते.

**स्रोत: बाजारभाव**",2026-01-30T00:34:47.165279,kenpath/mhv_vistaar_all_mhv_vistaar_all_qwen3-32b_v0.2_v0.2.1,FT Qwen 3 (32B) v0.2.1
a17fa55741db95f252dd6286fc697949,Scheme,Devanagri,गडचिरोली जिल्ह्यात सेंद्रिय शेतीसाठी कोणती योजना आहे?,What scheme is there for organic farming in Gadchiroli district?,,"गडचिरोली जिल्ह्यातील शेतकऱ्यांसाठी सेंद्रिय शेतीसाठी विशेष योजनांची माहिती सध्या उपलब्ध नाही.

गडचिरोली हा नानाजी देशमुख कृषी संजीवनी प्रकल्पातील (NDKSP) जिल्हा आहे. या प्रकल्पाअंतर्गत अनेक विशेष योजना उपलब्ध आहेत, ज्या सेंद्रिय शेतीला चालना देतात:

**नानाजी देशमुख कृषी संजीवनी प्रकल्पातील योजना:**

1. **सेंद्रिय उत्पादन युनिट** - सेंद्रिय शेतीसाठी आवश्यक साधने आणि सुविधा उपलब्ध करून देण्यासाठी
2. **शेततळे लाइनिंग** - पाण्याचे नुकसान कमी करण्यासाठी
3. **व्यक्तिगत शेततळे** - सिंचनासाठी पाणी साठवण्यासाठी
4. **पाईप्स आणि पंप सेट** - सिंचनासाठी सुविधा

या योजनांची अधिक माहिती आणि अर्ज प्रक्रियेसाठी आपण आपल्या स्थानिक कृषी कार्यालयाशी संपर्क साधू शकता. गडचिरोली जिल्ह्यातील शेतकऱ्यांना या योजनांचा फायदा घेता येतो.

**स्रोत: शासकीय योजना माहिती**

आपल्याला या योजनांपैकी कोणत्याही विशिष्ट योजनेबद्दल अधिक माहिती हवी आहे का? किंवा आपल्याला इतर कोणत्या शेतीविषयक मदतीची गरज आहे का?",2026-01-30T00:35:10.662037,kenpath/mhv_vistaar_all_mhv_vistaar_all_qwen3-32b_v0.2_v0.2.1,FT Qwen 3 (32B) v0.2.1
62ef650ee902e9560d406842f97f6a56,Warehouse,Devanagri,पुणे जिल्ह्यात APMC मार्केटजवळील गोदामांची यादी द्या.,Provide list of warehouses near APMC market in Pune district.,,"पुणे जिल्ह्यातील APMC मार्केटजवळील गोदामांची माहिती सध्या उपलब्ध नाही. आपल्याला जवळच्या दुसऱ्या ठिकाणासाठी गोदाम माहिती पाहायची आहे का? किंवा आपल्या स्थानिक कृषी कार्यालयाशी संपर्क साधून अधिक माहिती मिळवू शकता.

**स्रोत: कृषी सेवा माहिती**",2026-01-30T00:35:11.002735,kenpath/mhv_vistaar_all_mhv_vistaar_all_qwen3-32b_v0.2_v0.2.1,FT Qwen 3 (32B) v0.2.1
bd834784b7ffbe5fa3aeeffde6ab2f0f,Scheme,Devanagri,बीड भागात लहान शेतकऱ्यांसाठी विशेष योजना आहेत का?,Are there special schemes for small farmers in Beed area?,,"बीड जिल्ह्यातील लहान शेतकऱ्यांसाठी खालील महत्त्वाच्या योजना उपलब्ध आहेत:

## नामो शेतकरी महासन्मान निधी (NSMNY) - केंद्र शासन योजना

**मुख्य लाभ:**
- दरवर्षी **₹६,०००** थेट बँक खात्यात जमा होतात
- लहान व अल्पभूधारक शेतकऱ्यांसाठी विशेष लाभ

**पात्रता:**
- भूमीधारक शेतकरी (किमान ०.०१ हेक्टर ते कमाल २ हेक्टर जमीन)
- जमीन नसलेल्या शेतकऱ्यांसाठी वेगळी अट आहे

**अर्ज प्रक्रिया:**
- आधार कार्ड व बँक खाते आवश्यक
- ऑनलाइन अर्ज महाडीबीटी पोर्टलवर करता येतो

## डॉ. बाबासाहेब आंबेडकर कृषी स्वावलंबन योजना (BAKSY) - राज्य शासन योजना

**मुख्य लाभ:**
- लहान व अल्पभूधारक शेतकऱ्यांसाठी विविध अनुदानाच्या सुविधा
- शेती यंत्रसामग्री, बियाणे, खते आणि इतर शेती साहित्यावर अनुदान

**पात्रता:**
- अनुसूचित जाती व अनुसूचित जमातीचे शेतकरी
- लहान व अल्पभूधारक शेतकरी

## बिरसा मुंडा कृषी क्रांती योजना (BMKKY) - राज्य शासन योजना

**मुख्य लाभ:**
- अनुसूचित जमातीच्या लहान शेतकऱ्यांसाठी विशेष योजना
- शेती यंत्रसामग्री, पाणी व्यवस्थापन व इतर शेती सुविधांवर अनुदान

**पात्रता:**
- अनुसूचित जमातीचे शेतकरी
- लहान व अल्पभूधारक शेतकरी

## पोक्रा (नानाजी देशमुख कृषी संजीवनी प्रकल्प) योजना - राज्य शासन योजना

बीड जिल्ह्यातील निवडक पोक्रा गावांसाठी विशेष योजना उपलब्ध आहेत:

**१. बांबू लागवड योजना**
- बांबू लागवडीसाठी अनुदान
- जमीनधारक शेतकऱ्यांना ५ हेक्टरपर्यंत लाभ
- शेतीच्या पूरक उत्पन्नाचा स्रोत

**२. पंप सेट योजना**
- विद्युत पंप (१० एचपी पर्यंत) आणि डिझेल इंजिन (१० एचपी पर्यंत) अनुदान
- अनुसूचित जाती व जमातीच्या शेतकऱ्यांसाठी
- ५ हेक्टरपर्यंत जमीन असलेल्या शेतकऱ्यांना लाभ

**३. ठिबक सिंचन योजना**
- पाणी बचतीसाठी ठिबक सिंचन साहित्यावर अनुदान

**४. तुषार सिंचन योजना**
- तुषार सिंचन साहित्यावर अनुदान

**५. विहीर पुनर्भरण योजना**
- विहिरीच्या पाण्याचे पुनर्भरण करण्यासाठी अनुदान

**६. वैयक्तिक शेततळे योजना**
- शेततळे बांधण्यासाठी अनुदान

**७. शेततळे अस्तर योजना**
- शेततळ्यांना अस्तर देण्यासाठी अनुदान

**८. फळबाग लागवड योजना**
- फळबाग लागवडीसाठी अनुदान

**९. सेंद्रिय उत्पादन युनिट योजना**
- सेंद्रिय शेतीसाठी युनिट बांधण्यासाठी अनुदान

**१०. शेळी पालन योजना**
- शेळी पालनासाठी अनुदान

**११. अंतर्गत मत्स्यपालन योजना**
- मत्स्यपालनासाठी अनुदान

**१२. रेशीम किड पालन योजना**
- रेशीम किड पालनासाठी अनुदान

**१३. वृक्ष लागवड योजना**
- वृक्ष लागवडीसाठी अनुदान

**१४. बांबू लागवड योजना**
- बांबू लागवडीसाठी अनुदान

**१५. भाजीपाला रोपे लागवड योजना**
- भाजीपाला रोपांसाठी अनुदान

**१६. फुलपिक रोपे लागवड योजना**
- फुलपिक रोपांसाठी अनुदान

**१७. बियाणे उत्पादन योजना**
- बियाणे उत्पादनासाठी अनुदान

**१८. पाईप्स योजना**
- पाईप्स खरेदीसाठी अनुदान

**१९. विहीर पुनर्भरण योजना**
- विहिरीच्या पाण्याचे पुनर्भरण करण्यासाठी अनुदान

**२०. वैयक्तिक शेततळे योजना**
- शेततळे बांधण्यासाठी अनुदान

**२१. शेततळे अस्तर योजना**
- शेततळ्यांना अस्तर देण्यासाठी अनुदान

**अर्ज प्रक्रिया:**
- महाविस्तार-एआय अॅप्लिकेशन गुगल प्ले स्टोअरवरून डाउनलोड करून शेतकरी आयडीने लॉगिन करा
- DBT टॅबमध्ये जाऊन NDKSP (PoCRA) टॅब निवडा
- अर्ज करण्यासाठी ""Apply for New Scheme"" टॅब निवडा
- अथवा mahapocra.gov.in या वेबसाइटवरून अर्ज करता येतो

**महत्त्वाची सूचना:** पोक्रा योजना फक्त पोक्रा गावांसाठी उपलब्ध आहेत. आपल्या गावाचा पोक्रा योजनेसाठी पात्र आहे का हे आपल्या स्थानिक कृषी कार्यालयात तपासा.

**स्रोत: शासकीय योजना माहिती**

आपल्याला या योजनांपैकी कोणत्याही विशिष्ट योजनेबद्दल अधिक माहिती हवी आहे का, किंवा अर्ज करण्यासाठी मदत हवी आहे का?",2026-01-30T00:39:40.767438,kenpath/mhv_vistaar_all_mhv_vistaar_all_qwen3-32b_v0.2_v0.2.1,FT Qwen 3 (32B) v0.2.1
8a50dc0a7b7022d368850dec3aa035f4,Advisory,Devanagri,कोल्हापूर मध्ये लसूण लागवडीपूर्वी जमिनीची मशागत कशी करावी?,How to prepare soil before garlic planting in Kolhapur?,,"कोल्हापूर जिल्ह्यात लसूण लागवडीपूर्वी जमिनीची मशागत करण्यासाठी खालील पद्धत अवलंबा:

**जमीन निवड:**
लसूण लागवडीसाठी मध्यम, भुसभुशीत जमीन निवडा ज्यात पुरेसा चुना आणि सेंद्रिय पदार्थ असावा आणि चांगली पाण्याची निचरा व्यवस्था असावी. चिखलयुक्त किंवा पाणथळ जमीन टाळा.

**पूर्व मशागत:**
लागवडीपूर्वी जमिनीची योग्य मशागत करणे अत्यंत महत्त्वाचे आहे:

1. **नांगरणी:** जमिनीत एक वेळ नांगरणी करा. यामुळे जमीन खोलवर उलथापालथा होते आणि गडद माती वर येते.

2. **वखरणी:** नांगरणीनंतर दोन ते तीन वेळा वखरणी करा. यामुळे जमीन भुसभुशीत होते आणि लहान तुकडे तयार होतात.

3. **समतलीकरण:** शेवटी जमीन लांबलांब करून समतल करा. यामुळे लागवडीसाठी जमीन योग्य तयार होते.

4. **शेणखत:** जमीन तयार करताना चांगले कुजलेले शेणखत किंवा कंपोस्ट खत प्रति हेक्टर २० टन प्रमाणे टाका. यामुळे जमिनीत सेंद्रिय पदार्थ वाढतात आणि पीक चांगले वाढते.

**महत्त्वाची सूचना:** लसूण लागवडीसाठी जमीन तयार करताना पाण्याचा निचरा चांगला राहील याची खबरदारी घ्या. जास्त पाणी साचल्यास लसूणाच्या मुळांना नुकसान होऊ शकते.

**स्रोत: MPKV कृषी दर्शनी**

आपल्याला लसूण लागवडीनंतरच्या खत व्यवस्थापनाबद्दल किंवा रोग-कीड नियंत्रणाबद्दल माहिती हवी आहे का?",2026-01-30T00:35:34.786671,kenpath/mhv_vistaar_all_mhv_vistaar_all_qwen3-32b_v0.2_v0.2.1,FT Qwen 3 (32B) v0.2.1
ad6a2018f56a09f233f6d7b96a45a161,Advisory,Romanized,Sangli bhagat mhashichya dudh utpadanat ghat ka hote?,Why does buffalo milk production decrease in Sangli area?,,"सांगली जिल्ह्यातील म्हशीच्या दूध उत्पादनात घट होण्याची अनेक कारणे असू शकतात. खालील मुख्य कारणे आणि उपाय यांचा विचार करा:

**मुख्य कारणे:**

१. **उष्णतेचा ताण:** उन्हाळ्यात तापमान वाढल्याने म्हशीचे दूध उत्पादन घटते. उष्णतेमुळे पोषक तत्वांचे सेवन कमी होते आणि दुधाचे उत्पादन कमी होते.

२. **अन्नातील कमतरता:** दुधाळ म्हशींना पुरेसे पोषक तत्वे मिळावीत यासाठी योग्य आहार द्यावा. दूध उत्पादन वाढवण्यासाठी चांगल्या दर्जाचा चारा, दाणेदार खाद्य आणि खनिज मिश्रण द्यावे.

३. **रोग आणि संसर्ग:** विविध रोगांमुळे दुधाचे उत्पादन कमी होते. उदाहरणार्थ, खुर व तोंड रोग (FMD) यामुळे दूध उत्पादन घटते. यासाठी वर्षातून दोनदा लसीकरण करावे.

४. **गर्भधारणेच्या शेवटच्या काळात:** गर्भधारणेच्या शेवटच्या तीन महिन्यांत दूध उत्पादन नैसर्गिकरीत्या कमी होते. या काळात जनावरांना जास्त ऊर्जा आणि प्रथिने द्यावीत.

**उपाय आणि शिफारसी:**

- **उष्णतेचा ताण कमी करा:** उन्हाळ्यात म्हशीला सावलीत ठेवा, पुरेसे पाणी द्या आणि तापमान वाढल्यास थंड पाण्याचा वापर करा.
- **संतुलित आहार द्या:** दूध उत्पादन वाढवण्यासाठी चांगल्या दर्जाचा चारा, दाणेदार खाद्य आणि खनिज मिश्रण द्या.
- **औषधी वनस्पतींचा वापर:** दुधाचे उत्पादन कमी झाल्यास शतावरी, जिवंती आणि अश्वगंधा या औषधी वनस्पतींचे पावडर जनावरांच्या खाद्यात मिसळून द्या.
- **वेळेवर लसीकरण:** खुर व तोंड रोगापासून बचावासाठी वर्षातून दोनदा लसीकरण करा.
- **नियमित आरोग्य तपासणी:** पशुवैद्यकांकडून नियमित तपासणी करून रोग वेळेवर ओळखा आणि उपचार करा.

**स्रोत: Technological Intervention for Improving Productivity and Profitability in Buffalo Husbandry, MAFSU Diary**

आपल्या म्हशीच्या आहारात कोणत्या बदल केले आहेत किंवा गेल्या काही दिवसांत काही विशेष बदल दिसत आहेत का?",2026-01-30T00:36:00.419200,kenpath/mhv_vistaar_all_mhv_vistaar_all_qwen3-32b_v0.2_v0.2.1,FT Qwen 3 (32B) v0.2.1
8950b13e3e7f16fff63b76c9e88bda74,Mandi Price,Romanized,Dhule mandit aaj papaya cha bhav kiti aahe?,What is the price of papaya today in Dhule mandi?,,धुळे मंडीसाठी पपईचे बाजारभाव सध्या उपलब्ध नाहीत. आपल्याला जवळच्या इतर बाजारांमधील पपईचे दर तपासायचे आहेत का?,2026-01-30T00:35:52.678870,kenpath/mhv_vistaar_all_mhv_vistaar_all_qwen3-32b_v0.2_v0.2.1,FT Qwen 3 (32B) v0.2.1
90853e9fcd1ca95fbf291337a6bb7040,Mandi Price,Romanized,Chandrapur bajarat brinjal la jastat jast dar kiti miltoy?,What is the maximum rate for brinjal in Chandrapur market?,,चंद्रपूर बाजारात बटाट्याचे (ब्रिन्जल) भाव सध्या उपलब्ध नाहीत. आपल्याला जवळच्या इतर बाजारांतील भाव तपासायचे आहेत का? किंवा बटाट्याच्या लागवडीबद्दल आणि योग्य विक्रीच्या वेळेबद्दल माहिती हवी आहे का?,2026-01-30T00:36:15.415111,kenpath/mhv_vistaar_all_mhv_vistaar_all_qwen3-32b_v0.2_v0.2.1,FT Qwen 3 (32B) v0.2.1
9f6595b917cf4aac73fbdb2b0c31bbae,KVK,Romanized,Nashik bhagat KVK cha sampark kramank kay aahe?,What is the contact number of KVK in Nashik area?,,"नाशिक भागातील कृषी विज्ञान केंद्र (KVK) संपर्क क्रमांकाची माहिती सध्या उपलब्ध नाही. आपण आपल्या स्थानिक कृषी कार्यालयाशी संपर्क साधून जवळच्या KVK केंद्राची माहिती घेऊ शकता. आपल्याला इतर कोणत्या कृषी सेवा केंद्रांची (जसे की मृदा परीक्षण प्रयोगशाळा, शेती यंत्रे भाडेतत्त्वावर देणारे केंद्र किंवा गोदाम) माहिती हवी आहे का?

**स्रोत: कृषी सेवा माहिती**",2026-01-30T00:36:37.720330,kenpath/mhv_vistaar_all_mhv_vistaar_all_qwen3-32b_v0.2_v0.2.1,FT Qwen 3 (32B) v0.2.1
d09e105bbd1e41366924a88290027c9f,Advisory,Devanagri,हिंगोली मध्ये गायीच्या कासेला सूज आली तर उपचार काय?,What is the treatment if cow's udder is swollen in Hingoli?,,"गायीच्या कासेला सूज आली असल्यास हे स्तनदाह (मास्टायटिस) रोगाचे लक्षण असू शकते. हा रोग गायीच्या दुधात जीवाणूंचा संसर्ग झाल्यामुळे होतो आणि त्याचा योग्य उपचार महत्त्वाचा आहे.

**स्तनदाहाची लक्षणे:**
- कास लाल, उष्ण किंवा सूजलेली होते
- कास दाबल्यास वेदना होते
- दूध पाण्यासारखे, पिवळे किंवा गाठी असलेले होते
- कधीकधी दूधात गाठी किंवा पिवळट द्रव्य दिसते
- गायीला ताप येऊ शकतो

**उपचार:**
1. **ताबडतोब पशुवैद्यकाची मदत घ्या** - योग्य उपचारासाठी आणि जीवाणूंच्या प्रकारानुसार औषध देण्यासाठी पशुवैद्यकाचा सल्ला अत्यंत आवश्यक आहे.
2. **थनातील प्रतिजैविक औषधे** - पशुवैद्यकाच्या सल्ल्याने कासेत औषध देणे आवश्यक आहे.
3. **वेदना कमी करणारी औषधे** - वेदना कमी करण्यासाठी आणि सूज कमी करण्यासाठी इंजेक्शन दिले जाऊ शकतात.
4. **दूषित दूध पूर्णपणे काढा** - ग्रस्त थनातील दूध वेगळे काढून टाका आणि निवाऱ्याबाहेर फेकून द्या.
5. **पाणी आणि खाद्याची काळजी** - गायीला भरपूर स्वच्छ पाणी आणि चांगले खाद्य द्या.

**प्रतिबंधात्मक उपाय:**
- दूध काढण्यापूर्वी आणि नंतर हात आणि कास स्वच्छ धुवा
- दूध काढल्यानंतर थनाग्र औषधी द्रावणाने धुवा
- निवाऱ्याची स्वच्छता राखा
- आजारी जनावरे आरोग्यदायी जनावरांपासून वेगळी ठेवा
- नियमित स्तनदाह तपासणी करा
- आवश्यक असल्यास लसीकरण करा

**स्रोत: Deficiency diseases, Krushi VNMAU**

हिंगोली जिल्ह्यातील पशुवैद्यकीय सेवांची संपर्क माहिती मिळवण्यासाठी आपण जवळच्या कृषी कार्यालयात किंवा पशुवैद्यकीय विभागात संपर्क साधू शकता. आपल्याला अजून काही पशुधन व्यवस्थापनाबद्दल माहिती हवी आहे का?",2026-01-30T00:37:13.423312,kenpath/mhv_vistaar_all_mhv_vistaar_all_qwen3-32b_v0.2_v0.2.1,FT Qwen 3 (32B) v0.2.1
cd1036a6bcd829f0375687016c4ceaa3,CHC,Devanagri,नंदुरबार मध्ये ट्रॅक्टर भाड्याने घेण्यासाठी दर किती आहे?,What is the rental rate for tractor in Nandurbar?,,"नंदुरबार जिल्ह्यात सध्या ट्रॅक्टर भाड्याने देणाऱ्या सेवा केंद्रांची माहिती उपलब्ध नाही. आपल्याला जवळच्या इतर ठिकाणांसाठी ट्रॅक्टर भाडे सेवा माहिती पाहायची आहे का, किंवा आपल्या स्थानिक कृषी कार्यालयाशी संपर्क साधून अधिक माहिती मिळवू इच्छिता का?

**स्रोत: कृषी सेवा माहिती**",2026-01-30T00:37:10.935579,kenpath/mhv_vistaar_all_mhv_vistaar_all_qwen3-32b_v0.2_v0.2.1,FT Qwen 3 (32B) v0.2.1
753653e63604a324ecab90f110d05ff6,Soil Lab,Devanagri,अकोला जिल्ह्यात सूक्ष्म अन्नद्रव्य तपासणी कुठे होते?,Where is micronutrient testing done in Akola district?,,"अकोला जिल्ह्यासाठी सूक्ष्म अन्नद्रव्य तपासणी केंद्राची माहिती सध्या उपलब्ध नाही. आपल्याला जवळच्या इतर जिल्ह्यातील मृदा परीक्षण प्रयोगशाळेची माहिती पाहायची आहे का, किंवा आपल्या स्थानिक कृषी कार्यालयाशी संपर्क साधून अधिक माहिती घ्यायची आहे का?

**स्रोत: कृषी सेवा माहिती**",2026-01-30T00:37:30.136788,kenpath/mhv_vistaar_all_mhv_vistaar_all_qwen3-32b_v0.2_v0.2.1,FT Qwen 3 (32B) v0.2.1
22636af25046a7fa17db278b21e10695,Weather Forecast,Devanagri,बुलढाणा जिल्ह्यात वांगे काढणीसाठी हवामान योग्य आहे का?,Is the weather suitable for brinjal harvesting in Buldhana district?,,"बुलढाणा जिल्ह्यात येत्या काही दिवसांत वांगे काढणीसाठी हवामान योग्य आहे. पुढील ५ दिवसांचा हवामान अंदाज असा आहे:

**येत्या दिवसांचे हवामान:**

**३० जानेवारी (आज):** कमाल तापमान २९.५°से, किमान तापमान १६.७°से. पाऊस नाही. वारा मंद आहे. काढणीसाठी अनुकूल दिवस.

**३१ जानेवारी:** कमाल तापमान ३०.७°से, किमान तापमान १९.७°से. फारच हलका पाऊस (०.१ मिमी). वारा ११ किमी/तास. हलक्या पावसामुळे काढणी करणे टाळा.

**१ फेब्रुवारी:** कमाल तापमान ३१.१°से, किमान तापमान २१.२°से. फारच हलका पाऊस (०.२ मिमी). वारा ७ किमी/तास. हलक्या पावसामुळे काढणी टाळा.

**२ फेब्रुवारी:** कमाल तापमान ३१.२°से, किमान तापमान २१.१°से. पाऊस नाही. वारा ५ किमी/तास. हा दिवस काढणीसाठी अनुकूल आहे.

**३ फेब्रुवारी:** कमाल तापमान ३१.५°से, किमान तापमान २०.५°से. हलका पाऊस (२.४ मिमी). वारा १ किमी/तास. पावसामुळे काढणी टाळा.

**शिफारस:**
आज आणि २ फेब्रुवारी हे दिवस वांगे काढणीसाठी अनुकूल आहेत कारण पाऊस नाही आणि हवामान कोरडे आहे. ३१ जानेवारी आणि १ फेब्रुवारी या दिवशी हलका पाऊस असल्याने त्या दिवशी काढणी करणे टाळा. वांगे काढल्यानंतर तातडीने विक्री करा किंवा सावलीत सुकवा.

**स्रोत: हवामान अंदाज (IMD)**

आपल्याला वांग्याच्या विक्रीसाठी जवळच्या बाजारभावाची माहिती हवी आहे का?",2026-01-30T00:37:50.030097,kenpath/mhv_vistaar_all_mhv_vistaar_all_qwen3-32b_v0.2_v0.2.1,FT Qwen 3 (32B) v0.2.1
3fd1f2892e83e1876945b60a787f2d13,Weather Forecast,Devanagri,गोंदिया भागात पुढचे काही दिवस ढगाळ हवामान राहील का?,Will the weather remain cloudy for the next few days in Gondia area?,,"गोंदिया भागासाठी पुढच्या काही दिवसांचा हवामान अंदाज सध्या उपलब्ध नाही. आपल्याला जवळच्या इतर बाजारातील हवामान माहिती तपासायची आहे का, किंवा इतर कोणत्या शेतीविषयक प्रश्नाबद्दल मदत हवी आहे का?",2026-01-30T00:37:48.619921,kenpath/mhv_vistaar_all_mhv_vistaar_all_qwen3-32b_v0.2_v0.2.1,FT Qwen 3 (32B) v0.2.1
e49186bec846be617913aef75c624d17,MahaDBT,Devanagri,बीड जिल्ह्यातील माझ्या सर्व प्रलंबित अर्जांची स्थिती दाखवा.,Show status of all my pending applications in Beed district.,,"आपल्या प्रोफाइलमध्ये अर्ज केलेल्या योजनांची स्थिती तपासण्यासाठी मला आपली शेतकरी ओळख (Farmer ID) आवश्यक आहे. आपण MahaDBT पोर्टलवर नोंदणी केलेली असल्यास, कृपया आपला Farmer ID उपलब्ध करून द्या.

जर आपल्याकडे Farmer ID नसेल, तर आपण आपल्या स्थानिक कृषी कार्यालयात संपर्क साधून अर्जाची स्थिती तपासू शकता.

**स्रोत: महाडीबीटी अर्ज स्थिती**

आपल्याला उपलब्ध शासकीय योजनांची माहिती हवी आहे का किंवा इतर कोणत्याही कृषी विषयावर मदत हवी आहे का?",2026-01-30T00:37:44.948955,kenpath/mhv_vistaar_all_mhv_vistaar_all_qwen3-32b_v0.2_v0.2.1,FT Qwen 3 (32B) v0.2.1
f55f551ae94b7df5621bcdbf25b3200a,CHC,Romanized,Gondia jilhyat drone favarni seva uplabdh aahe ka?,Is drone spraying service available in Gondia district?,,"गोंदिया जिल्ह्यासाठी ड्रोन फवारणी सेवा किंवा कस्टम हायरिंग सेंटर (CHC) माहिती सध्या उपलब्ध नाही.

आपल्याला जवळच्या इतर ठिकाणांसाठी ड्रोन फवारणी सेवा किंवा कस्टम हायरिंग सेंटर माहिती पाहायची आहे का? तसेच, आपल्या स्थानिक कृषी कार्यालयात संपर्क साधून ड्रोन फवारणी सेवेबद्दल अधिक माहिती घेता येईल.

**स्रोत: कृषी सेवा माहिती**",2026-01-30T00:38:09.983422,kenpath/mhv_vistaar_all_mhv_vistaar_all_qwen3-32b_v0.2_v0.2.1,FT Qwen 3 (32B) v0.2.1
e740680cef46d52db8971c1509173db8,Mandi Price,Devanagri,लातूर मंडीत डाळिंब विकल्यास किती दर मिळेल?,What rate will I get if I sell pomegranate in Latur mandi?,,"लातूर मंडीत डाळिंबाचे दर सध्या उपलब्ध नाहीत. आपल्याला जवळच्या इतर बाजारांतील डाळिंबाचे दर तपासायचे आहेत का? उदाहरणार्थ, उस्मानाबाद, परभणी किंवा जालना मंडीतील दर पाहू शकता.

**स्रोत: बाजारभाव**",2026-01-30T00:38:25.014152,kenpath/mhv_vistaar_all_mhv_vistaar_all_qwen3-32b_v0.2_v0.2.1,FT Qwen 3 (32B) v0.2.1
cad75dbb443619138f052e25d4038067,Weather Historical,Devanagri,परभणी जिल्ह्यात गेल्या आठवड्यात उष्णतेची लाट आली होती का?,Was there a heat wave last week in Parbhani district?,,"परभणी जिल्ह्यासाठी गेल्या आठवड्यातील हवामान माहिती सध्या उपलब्ध नाही. हवामान इतिहास सेवेमध्ये माहिती नाही.

आपल्याला परभणी जिल्ह्यासाठी सध्याचे हवामान किंवा पुढील काही दिवसांचा अंदाज तपासायचा आहे का?",2026-01-30T00:38:27.946589,kenpath/mhv_vistaar_all_mhv_vistaar_all_qwen3-32b_v0.2_v0.2.1,FT Qwen 3 (32B) v0.2.1
cea2ce68a6e112732e878bcd99153749,Advisory,Romanized,Gondia bhagat sugarcane pikavaril bollworm che niyantran kase karave?,How to control bollworm on sugarcane crop in Gondia area?,,"गोंदिया जिल्ह्यातील ऊस पिकावरील बोंड अळी (बोलवर्म) नियंत्रणाबद्दल माहिती खालीलप्रमाणे आहे:

**बोंड अळी नियंत्रणाचे उपाय:**

1. **एकात्मिक कीड व्यवस्थापन (IPM):**
   - आठवड्यातून किमान एकदा पिकाची नियमित पाहणी करा. शेतातील १२ ते २४ वनस्पतींवर तपासणी करा.
   - आर्थिक उंबरठा पातळी ओलांडल्यास त्वरित उपाययोजना करा.

2. **रासायनिक नियंत्रण:**
   - ऊस पिकावर बोंड अळी आढळल्यास खालील कीटकनाशकांचा वापर करा:
     - **क्लोरपायरीफॉस २० ईसी:** १० लिटर पाण्यात १० मिली मिसळून फवारणी करा.
     - **क्लोरान्ट्रानिलिप्रोल १८.५ एससी:** १० लिटर पाण्यात १० मिली मिसळून फवारणी करा.
   - फवारणी सकाळी किंवा संध्याकाळी करा आणि आवश्यकतेनुसार दुसरी फवारणी ७-१० दिवसांनी घ्या.

3. **प्रतिबंधात्मक उपाय:**
   - लागवडीसाठी निरोगी बियाणे वापरा.
   - शेतातील संक्रमित पाने दुसऱ्या शेतात नेऊ नका.
   - फवारणी केल्यानंतर १०-१५ दिवस ऊसाचा कचरा प्राण्यांना खाऊ देऊ नका.

**स्रोत: डॉ. पंजाबराव देशमुख कृषी विद्यापीठ, एमपीकेव्ही कृषी दर्शनी**

**सल्ला:** आपल्या गोंदिया जिल्ह्यातील कृषी विज्ञान केंद्र (KVK) किंवा स्थानिक कृषी अधिकाऱ्यांशी संपर्क साधून आणखी मार्गदर्शन घ्या. आपल्याला गोंदिया जवळील कृषी सेवा केंद्रांची माहिती हवी आहे का?",2026-01-30T00:38:56.967096,kenpath/mhv_vistaar_all_mhv_vistaar_all_qwen3-32b_v0.2_v0.2.1,FT Qwen 3 (32B) v0.2.1
077eeaea0b7108705f93d7a61941b9b1,Warehouse,Devanagri,गडचिरोली भागात कापूस साठवण्यासाठी शासकीय गोदाम आहे का?,Is there a government warehouse for storing cotton in Gadchiroli area?,,"गडचिरोली भागासाठी शासकीय गोदामांची माहिती सध्या उपलब्ध नाही. आपल्याला जवळच्या इतर ठिकाणासाठी गोदाम सेवा माहिती पाहायची आहे का? तसेच, आपण आपल्या स्थानिक कृषी कार्यालयात संपर्क साधून गडचिरोली भागातील गोदामांची अचूक माहिती मिळवू शकता.

**स्रोत: कृषी सेवा माहिती**",2026-01-30T00:38:51.302807,kenpath/mhv_vistaar_all_mhv_vistaar_all_qwen3-32b_v0.2_v0.2.1,FT Qwen 3 (32B) v0.2.1
546373d8cd53e724e26947beaf673ef3,Weather Historical,Devanagri,वर्धा भागात गेल्या ३ दिवसांत पाऊस किती पडला?,How much rain fell in the last 3 days in Wardha area?,,"वर्धा भागासाठी गेल्या ३ दिवसांचे हवामान इतिहास उपलब्ध नाही. मी आपल्याला वर्धा जिल्ह्यासाठी हवामान अंदाज देऊ शकतो किंवा आपल्याला जवळच्या इतर बाजारातील भाव तपासायचे आहेत का?

**स्रोत: हवामान इतिहास (Skymet)**",2026-01-30T00:38:55.215608,kenpath/mhv_vistaar_all_mhv_vistaar_all_qwen3-32b_v0.2_v0.2.1,FT Qwen 3 (32B) v0.2.1
5f5f3d68427bb8ac10333d1e449dfd9f,Weather Forecast,Devanagri,नाशिक जिल्ह्यात उद्या पाऊस पडेल का?,Will it rain tomorrow in Nashik district?,,"नाशिक जिल्ह्यासाठी हवामान अंदाज सध्या उपलब्ध नाही. आपल्याला जवळच्या इतर बाजारातील हवामान माहिती तपासायची आहे का, किंवा वेगळ्या शेतीविषयक प्रश्नाबद्दल मदत हवी आहे का?",2026-01-30T00:39:04.368736,kenpath/mhv_vistaar_all_mhv_vistaar_all_qwen3-32b_v0.2_v0.2.1,FT Qwen 3 (32B) v0.2.1
2d48add90934b4dabd238c293450b426,Warehouse,Devanagri,नागपूर जिल्ह्यात कांदा साठी शीतगृह केंद्र शोधा.,Find cold storage center for onion in Nagpur district.,,"नागपूर जिल्ह्यासाठी शीतगृह केंद्रांची माहिती सध्या उपलब्ध नाही. आपल्याला जवळच्या इतर ठिकाणांसाठी शीतगृह सेवा माहिती पाहायची आहे का, किंवा आपल्या स्थानिक कृषी कार्यालयात संपर्क साधायचा आहे का?

**स्रोत: कृषी सेवा माहिती**",2026-01-30T00:39:09.704227,kenpath/mhv_vistaar_all_mhv_vistaar_all_qwen3-32b_v0.2_v0.2.1,FT Qwen 3 (32B) v0.2.1
8ca151705218a7d0401240e0ddee932d,KVK,Devanagri,चंद्रपूर जिल्ह्यातील कृषी विज्ञान केंद्रात पशुपालन विभाग आहे का?,Is there an animal husbandry department at KVK in Chandrapur district?,,"मला चंद्रपूर जिल्ह्यातील कृषी विज्ञान केंद्र (KVK) ची माहिती सध्या उपलब्ध नाही. आपल्याला जवळच्या इतर ठिकाणासाठी माहिती पाहायची आहे का, किंवा आपल्या स्थानिक कृषी कार्यालयाशी संपर्क साधायचा आहे का?

**स्रोत: कृषी सेवा माहिती**",2026-01-30T00:39:19.570377,kenpath/mhv_vistaar_all_mhv_vistaar_all_qwen3-32b_v0.2_v0.2.1,FT Qwen 3 (32B) v0.2.1
be398459becf62273990ce8f8eeaf72f,Advisory,Devanagri,अकोला जिल्ह्यात दुधाळ जनावरांचा आहार कसा असावा?,What should be the diet of milch animals in Akola district?,,"अकोला जिल्ह्यातील दुधाळ जनावरांचा आहार योग्य असल्यास दूध उत्पादन आणि आरोग्य दोन्ही चांगले राहते. दुधाळ जनावरांचा आहार त्यांच्या वय, दूध देण्याच्या अवस्था आणि आरोग्यानुसार बदलतो.

**दुधाळ जनावरांचा संतुलित आहार:**

**१. चारा (रुफेज):**
- दररोज १० ते २० किलो हिरवा चारा (मका, गवत)
- किंवा ७-१० किलो शिंबीवर्गीय चारा + ५ किलो कोरडा चारा
- किंवा ५ किलो हिरवा चारा + २-३ किलो पेंढा

**२. दाणेदार खाद्य (कॉन्सेंट्रेट):**
- १ ते २ किलो दाणेदार खाद्य (दूध उत्पादनानुसार)
- दाणेदार खाद्य पाण्यात भिजवून द्यावे किंवा पाण्यावर शिंपडून द्यावे

**३. खनिज आणि जीवनसत्त्वे:**
- दररोज खनिज मिश्रण द्यावे
- विटॅमिन मिश्रण द्यावे

**४. पाणी:**
- शुद्ध आणि ताजे पाणी सतत उपलब्ध असावे
- दूध उत्पादनावर पाण्याचा मोठा परिणाम असतो

**५. आहार व्यवस्थापनाचे महत्त्वाचे मुद्दे:**
- आहारात ऊर्जा, प्रथिने आणि तंतुमय भाग यांचा समावेश करावा
- आहारात बदल करताना अचानक बदल टाळावा, हळूहळू बदल करावा
- आहार नियमित आणि वेळेवर द्यावा
- दूध काढण्यापूर्वी आणि नंतर आहार द्यावा

**६. आरोग्य व्यवस्थापन:**
- दूध काढण्यापूर्वी कास जीवाणूनाशक द्रावणात भिजवलेल्या कपड्याने स्वच्छ करावी
- दूध काढण्याच्या वेळी गाय/म्हशीला घाबरवू नये
- दूध काढण्याच्या वेळी पाय दोरीने बांधावेत किंवा अँटी-किकिंग यंत्र वापरावे
- दूध काढण्याच्या वेळेत वेळेचे अंतर समान ठेवावे
- दररोज आरोग्याची तपासणी करावी

**स्रोत: Practical Dairy Animal Nutrition, Animal Health and Nutrition Extension, Animal Science and Technology Standard XII**

आपल्या दुधाळ जनावरांचे वय आणि दूध उत्पादन किती आहे? त्यानुसार अधिक विशिष्ट आहार सल्ला देता येईल.",2026-01-30T00:39:52.763094,kenpath/mhv_vistaar_all_mhv_vistaar_all_qwen3-32b_v0.2_v0.2.1,FT Qwen 3 (32B) v0.2.1
fa89943df2ade3d54b3af890823c003b,CHC,Devanagri,पुणे जिल्ह्यात CHC केंद्रावर कोणकोणती यंत्रे उपलब्ध आहेत?,What equipment is available at CHC center in Pune district?,,"पुणे जिल्ह्यासाठी CHC (कस्टम हायरिंग सेंटर) केंद्रांची माहिती सध्या उपलब्ध नाही. आपल्याला जवळच्या दुसऱ्या ठिकाणासाठी CHC केंद्रांची माहिती पाहायची आहे का किंवा इतर कृषी सेवा (जसे की कृषी विज्ञान केंद्र, माती परीक्षण प्रयोगशाळा) बद्दल जाणून घ्यायचे आहे का?

**स्रोत: कृषी सेवा माहिती**",2026-01-30T00:39:47.872564,kenpath/mhv_vistaar_all_mhv_vistaar_all_qwen3-32b_v0.2_v0.2.1,FT Qwen 3 (32B) v0.2.1
87208a5c81e7c74391775952013edcd0,KVK,Devanagri,नंदुरबार जिल्ह्यातील KVK चे कार्यालयीन वेळ काय आहे?,What are the office hours of KVK in Nandurbar district?,,"मला नंदुरबार जिल्ह्यातील कृषी विज्ञान केंद्र (KVK) ची माहिती सध्या उपलब्ध नाही. कृपया आपल्या स्थानिक कृषी कार्यालयाशी संपर्क साधा किंवा जवळच्या दुसऱ्या ठिकाणासाठी माहिती पाहू इच्छिता का?

**स्रोत: कृषी सेवा माहिती**",2026-01-30T00:40:01.675477,kenpath/mhv_vistaar_all_mhv_vistaar_all_qwen3-32b_v0.2_v0.2.1,FT Qwen 3 (32B) v0.2.1
e4c138fd9ea90dbd21d247ceca7998d5,Warehouse,Romanized,Hingoli madhe MSWC godamanchi yadi dya.,Provide list of MSWC warehouses in Hingoli.,,"हिंगोली जिल्ह्यासाठी गोदाम सेवा माहिती सध्या उपलब्ध नाही. आपल्याला जवळच्या इतर ठिकाणांसाठी गोदाम सेवा माहिती पाहायची आहे का? किंवा आपण स्थानिक कृषी कार्यालयात संपर्क साधून गोदाम सुविधांची माहिती घेऊ शकता.

**स्रोत: कृषी सेवा माहिती**",2026-01-30T00:40:04.022472,kenpath/mhv_vistaar_all_mhv_vistaar_all_qwen3-32b_v0.2_v0.2.1,FT Qwen 3 (32B) v0.2.1
fd9c5d5dbd488b4cf99d5b732143e71d,Warehouse,Romanized,Raigad madhe MSWC godamanchi yadi dya.,Provide list of MSWC warehouses in Raigad.,,"रायगड जिल्ह्यासाठी गोदाम सुविधांची माहिती सध्या उपलब्ध नाही. आपल्याला जवळच्या दुसऱ्या ठिकाणासाठी गोदाम माहिती तपासायची आहे का, किंवा रायगड जिल्ह्यातील इतर कृषी सेवांबद्दल माहिती हवी आहे का?

**स्रोत: कृषी सेवा माहिती**",2026-01-30T00:40:15.549086,kenpath/mhv_vistaar_all_mhv_vistaar_all_qwen3-32b_v0.2_v0.2.1,FT Qwen 3 (32B) v0.2.1
2eb117ae7dc46a44d57bbf105be8e4d3,Weather Historical,Devanagri,अकोला जिल्ह्यात गेल्या ३ दिवसांत सूर्यप्रकाश पुरेसा होता का?,Was there enough sunlight in the last 3 days in Akola district?,,"अकोला जिल्ह्यासाठी गेल्या ३ दिवसांचे हवामान इतिहास सध्या उपलब्ध नाही. आपल्याला अकोला जिल्ह्याचा सध्याचा हवामान अंदाज पाहायचा आहे का? त्यामुळे आपल्याला पुढील काही दिवसांचे हवामान जाणून घेता येईल.

**स्रोत: हवामान इतिहास (Skymet)**",2026-01-30T00:40:24.370483,kenpath/mhv_vistaar_all_mhv_vistaar_all_qwen3-32b_v0.2_v0.2.1,FT Qwen 3 (32B) v0.2.1
8385242f80c92bb368209c62e2b5589d,Mandi Price,Devanagri,यवतमाळ बाजारात हरभरा ची मागणी किती आहे?,What is the demand for chickpea in Yavatmal market?,,"यवतमाळ बाजारामध्ये सध्या हरभरा (चणा) चे दर उपलब्ध नाहीत. येथे तूर आणि सोयाबीन चे दर उपलब्ध आहेत.

आपल्याला जवळच्या दुसऱ्या बाजारात हरभरा चे दर तपासायचे आहेत का? किंवा यवतमाळ बाजारातील तूर आणि सोयाबीन च्या दरांबद्दल अधिक माहिती हवी आहे का?

**स्रोत: बाजारभाव**",2026-01-30T00:40:45.666913,kenpath/mhv_vistaar_all_mhv_vistaar_all_qwen3-32b_v0.2_v0.2.1,FT Qwen 3 (32B) v0.2.1
99795413a44c828e46c882dc2bd10be9,KVK,Devanagri,रायगड मध्ये कृषी विज्ञान केंद्रात प्रशिक्षण कार्यक्रम कधी असतात?,When are training programs held at KVK in Raigad?,,"रायगड जिल्ह्यातील आणि जवळपासच्या कृषी विज्ञान केंद्रांची (KVK) माहिती खालीलप्रमाणे आहे:

**१. कृषी विज्ञान केंद्र, रायगड**
- **पत्ता:** कृषी विज्ञान केंद्र, पो. कर्जत, ४१०२०१, जि. रायगड
- **अंतर:** ५५ किमी
- **संपर्क:** कुलगुरू, बाळासाहेब सावंत कोकण कृषी विद्यापीठ, दापोली, रत्नागिरी-४१५ ७१२

**२. कृषी विज्ञान केंद्र, जुन्नर**
- **पत्ता:** कृषी विज्ञान केंद्र, ग्रामोन्नती मंडळ, गाव नारायणगाव, जुन्नर, पुणे-४१०५०४
- **अंतर:** १२६ किमी
- **संपर्क:** अध्यक्ष, ग्रामोन्नती मंडळ, गाव नारायणगाव, ता. जुन्नर, जि. पुणे

**३. कृषी विज्ञान केंद्र, ठाणे**
- **पत्ता:** कृषी विज्ञान केंद्र, पो. कोसबाड हिल, जि. ठाणे-४०१७०३
- **अंतर:** १५६ किमी
- **संपर्क:** अध्यक्ष, गोखले एज्युकेशन सोसायटी, विद्यानगर, नाशिक-४२२००५

**प्रशिक्षण कार्यक्रमांबद्दल माहिती:**
कृषी विज्ञान केंद्रांमध्ये विविध प्रशिक्षण कार्यक्रम आयोजित केले जातात जसे की:
- नवीन शेती तंत्रज्ञानाचे प्रशिक्षण
- पीक व्यवस्थापन वर्ग
- जैविक शेती प्रशिक्ण
- बागायती शेती प्रशिक्षण
- शेती यंत्रसामग्री वापर प्रशिक्षण

**स्रोत: कृषी सेवा माहिती**

आपल्याला कोणत्या विशिष्ट प्रशिक्षणाबद्दल अधिक माहिती हवी आहे का, किंवा आपल्याला या केंद्रांच्या संपर्क व्यवस्थेबद्दल अधिक माहिती हवी आहे का?",2026-01-30T00:41:02.348195,kenpath/mhv_vistaar_all_mhv_vistaar_all_qwen3-32b_v0.2_v0.2.1,FT Qwen 3 (32B) v0.2.1
1d998615e79f56f14fe46c2a40f7f403,CHC,Devanagri,सिंधुदुर्ग जिल्ह्यात ड्रोन फवारणी सेवा उपलब्ध आहे का?,Is drone spraying service available in Sindhudurg district?,,"मला सिंधुदुर्ग जिल्ह्यासाठी ड्रोन फवारणी किंवा कस्टम हायरिंग सेंटर (CHC) सेवा माहिती सध्या उपलब्ध नाही.

आपल्याला जवळच्या दुसऱ्या ठिकाणासाठी या सेवा माहिती तपासायची आहे का? किंवा आपल्याला इतर कोणत्या कृषी सेवांबद्दल माहिती हवी आहे?

**स्रोत: कृषी सेवा माहिती**",2026-01-30T00:41:02.791394,kenpath/mhv_vistaar_all_mhv_vistaar_all_qwen3-32b_v0.2_v0.2.1,FT Qwen 3 (32B) v0.2.1
914f863a40eee1da3058c6202a9391f9,Mandi Price,Devanagri,पालघर मंडीत टोमॅटो चा किमान भाव किती चालू आहे?,What is the minimum price of tomato in Palghar mandi?,,"पालघर मंडीसाठी टोमॅटोचे बाजारभाव सध्या उपलब्ध नाहीत. आपल्याला जवळच्या इतर बाजारांतील टोमॅटोचे दर तपासायचे आहेत का? उदाहरणार्थ, ठाणे, रायगड किंवा मुंबई येथील बाजारभाव तपासू शकतो.

**स्रोत: बाजारभाव**",2026-01-30T00:41:14.220938,kenpath/mhv_vistaar_all_mhv_vistaar_all_qwen3-32b_v0.2_v0.2.1,FT Qwen 3 (32B) v0.2.1
d37b5339f022e175a7eaf847e16543b7,CHC,Devanagri,जळगाव जिल्ह्यात रोटाव्हेटर सेवा उपलब्ध आहे का?,Is rotavator service available in Jalgaon district?,,"जळगाव जिल्ह्यासाठी रोटाव्हेटर सेवा (कस्टम हायरिंग सेंटर - CHC) माहिती सध्या उपलब्ध नाही. आपल्याला जवळच्या दुसऱ्या ठिकाणासाठी माहिती पाहू इच्छिता का? किंवा आपण आपल्या स्थानिक कृषी कार्यालयात संपर्क साधून अधिक माहिती घेऊ शकता.

**स्रोत: कृषी सेवा माहिती**",2026-01-30T00:41:18.947989,kenpath/mhv_vistaar_all_mhv_vistaar_all_qwen3-32b_v0.2_v0.2.1,FT Qwen 3 (32B) v0.2.1
2f4cfae0171a7ebb77cfcb9b61d2dc44,Advisory,Romanized,Gadchiroli jilhyat ginger lagvadichi yogya vel konti?,What is the right time for ginger planting in Gadchiroli district?,,"गडचिरोली जिल्ह्यात आले लागवडीसाठी योग्य वेळ मे महिन्याच्या पहिल्या आठवड्यात आहे. मे महिन्यात लागवड केल्यास उत्पादन वाढते. लागवडीपूर्वी जमीन १५ ते २० सेंमी खोल नांगरून भुसभुशीत करावी आणि प्रति हेक्टर २५ ते ३० टन शेणखत किंवा कंपोस्ट मिसळावे.

**लागवडीची पद्धत:**
- हलक्या जमिनीत ३ x २ मीटर आकाराचे सपाट वाफे तयार करावेत.
- मध्यम आणि भारी जमिनीत सरी व वरंबा पद्धत वापरावी.
- दोन सरींमध्ये ६० सेंमी अंतर ठेवावे.
- उंच केलेले वाफे २० सेंमी उंच, ३ मीटर लांब आणि १ मीटर रुंद असावेत.

**बियाणे प्रमाण:**
- रोगमुक्त साठवणूक असलेल्या कंदांपासून लागवड करावी.
- प्रति हेक्टर १,५०० ते १,८०० किलो बियाणे लागते.

**खत व्यवस्थापन:**
- लागवडीपूर्वी २५-३० टन शेणखत प्रति हेक्टर द्यावे.
- रासायनिक खतांमध्ये ७५ किलो नत्र, ५० किलो स्फुरद आणि २५ किलो पालाश प्रति हेक्टर द्यावे.
- लागवडीच्या वेळी नत्राची अर्धी मात्रा (३७.५ किलो), स्फुरद आणि पालाश जमिनीत मिसळावे.
- लागवडीनंतर ४० दिवसांनी उर्वरित नत्र द्यावे.

**पाणी व्यवस्थापन:**
- लागवडीनंतर पावसाळा संपल्यानंतर ६ ते ८ दिवसांनी पाणी द्यावे.

**स्रोत: कृषी दर्शनी डॉ. बाळासाहेब सावंत कोकण कृषी विद्यापीठ, दापोली २०२५**

आपल्याला आले लागवडीनंतर खत व्यवस्थापन किंवा किड-रोग नियंत्रणाबद्दल अधिक माहिती हवी आहे का?",2026-01-30T00:41:42.414050,kenpath/mhv_vistaar_all_mhv_vistaar_all_qwen3-32b_v0.2_v0.2.1,FT Qwen 3 (32B) v0.2.1
cc6a75f6d2fcdba8709b10be5ea2c80e,Warehouse,Devanagri,गोंदिया भागात शीतगृह (Cold Storage) सुविधा उपलब्ध आहे का?,Is cold storage facility available in Gondia area?,,"गोंदिया भागासाठी शीतगृह (कोल्ड स्टोरेज) सुविधा सध्या उपलब्ध नाही. आपल्याला जवळच्या इतर ठिकाणांमधील शीतगृह सुविधा तपासायच्या आहेत का? तसेच, आपल्या स्थानिक कृषी कार्यालयात संपर्क साधून अधिक माहिती मिळवता येईल.

**स्रोत: कृषी सेवा माहिती**",2026-01-30T00:41:36.944954,kenpath/mhv_vistaar_all_mhv_vistaar_all_qwen3-32b_v0.2_v0.2.1,FT Qwen 3 (32B) v0.2.1
f9128bb03dc3f9cab41732a5a7213c41,Advisory,Devanagri,नाशिक भागात हरभरा पिकावरील मूळकुज साठी फवारणीची वेळ कोणती?,What is the spraying time for root rot on chickpea in Nashik area?,,"नाशिक भागातील हरभरा पिकावरील मूळकुज (मुळ कुज) रोगाचे व्यवस्थापन पुढीलप्रमाणे करावे:

**मूळकुज रोगाची ओळख:**
हरभरा रोपांची पाने पिवळी पडतात आणि रोपे कोमेजतात. रोप उपटून पाहिले असता मुळे सडलेली दिसतात आणि झाड सहजपणे निघून येते.

**मूळकुज रोगाचे व्यवस्थापन:**

**१. बीज प्रक्रिया (पेरणीपूर्वी):**
- बीज प्रक्रिया करणे सर्वात महत्त्वाचे आहे कारण मूळकुज हा बियाणे-जन्य रोग आहे.
- **बुरशीनाशक प्रक्रिया:** टेब्युकोनाझोल ५.४% एफएस ४.० मिली प्रति १० किलो बियाणे किंवा प्रोक्लोराझ ५.७% + टेब्युकोनाझोल १.४% ईएस ३.० मिली प्रति १० किलो बियाणे याप्रमाणे बीज प्रक्रिया करावी.
- **जैविक प्रक्रिया:** ट्रायकोडर्मा हार्झियानम १.०% डब्ल्यूपी ६.० ग्रॅम प्रति किलो बियाणे याप्रमाणे बीज प्रक्रिया करावी.

**२. रोगग्रस्त झाडांचे व्यवस्थापन:**
- रोगग्रस्त झाडांचे अवशेष जाळून नष्ट करावेत.

**३. प्रतिबंधात्मक उपाय:**
- पेरणीपूर्वी जमिनीची खोल नांगरणी करावी.
- सेंद्रिय खत पूर्णपणे कुजलेले वापरावे.
- रोगप्रतिकारक वाण वापरावेत जसे की आयसीसीव्ही २, आयसीसीव्ही १०, विजय, विशाल, जकाई ९२१८, सखी ९५१६, पीडीकेव्ही कांचन (सिंचन अंतर्गत).

**फवारणी वेळ:**
मूळकुज हा बियाणे-जन्य रोग असल्याने फवारणी नाही, तर बीज प्रक्रिया हा मुख्य उपाय आहे. बीज प्रक्रिया पेरणीपूर्वी करावी.

**स्रोत: डॉ. पंजाबराव देशमुख कृषी विद्यापीठ**

आपल्या हरभरा पिकाच्या इतर रोग किंवा किडींबद्दल माहिती हवी आहे का?",2026-01-30T00:42:01.908061,kenpath/mhv_vistaar_all_mhv_vistaar_all_qwen3-32b_v0.2_v0.2.1,FT Qwen 3 (32B) v0.2.1
b91cbcd922f8d115d9045f5087926ac9,KVK,Devanagri,रायगड भागात KVK चा संपर्क क्रमांक काय आहे?,What is the contact number of KVK in Raigad area?,,"मला रायगड भागातील KVK (कृषी विज्ञान केंद्र) सेवांची माहिती सध्या उपलब्ध नाही.

आपल्याला जवळच्या इतर ठिकाणासाठी KVK सेवांची माहिती पाहायची आहे का? किंवा आपण आपल्या स्थानिक कृषी कार्यालयात संपर्क साधून KVK केंद्राची माहिती मिळवू शकता.

**स्रोत: कृषी सेवा माहिती**",2026-01-30T00:42:05.207398,kenpath/mhv_vistaar_all_mhv_vistaar_all_qwen3-32b_v0.2_v0.2.1,FT Qwen 3 (32B) v0.2.1
1d9da7de84dc5bf45bc70e681e1d9239,Mandi Price,Devanagri,चंद्रपूर मंडीत आज केळी चा भाव किती आहे?,What is the price of banana today in Chandrapur mandi?,,"मला चंद्रपूर मंडीतील केळीचे बाजारभाव सध्या उपलब्ध नाहीत. आपल्याला जवळच्या इतर बाजारातील केळीचे भाव तपासायचे आहेत का? किंवा दुसऱ्या पिकाचे भाव जाणून घ्यायचे आहेत का?

**स्रोत: बाजारभाव**",2026-01-30T00:42:11.563071,kenpath/mhv_vistaar_all_mhv_vistaar_all_qwen3-32b_v0.2_v0.2.1,FT Qwen 3 (32B) v0.2.1
2edcafdd70835eb12123c869f922f113,Soil Lab,Romanized,Amravati bhagat jaminichi ksharata tapasnyasathi prayogshala konti?,Which laboratory tests soil salinity in Amravati area?,,"अमरावती जिल्ह्यासाठी माती चाचणी प्रयोगशाळेची माहिती सध्या उपलब्ध नाही. आपल्याला जवळच्या इतर ठिकाणासाठी माती चाचणी प्रयोगशाळा तपासायची आहे का, किंवा आपल्या स्थानिक कृषी कार्यालयाशी संपर्क साधून माती चाचणी प्रयोगशाळेची माहिती मिळवू इच्छिता का?

**स्रोत: कृषी सेवा माहिती**",2026-01-30T00:42:22.336172,kenpath/mhv_vistaar_all_mhv_vistaar_all_qwen3-32b_v0.2_v0.2.1,FT Qwen 3 (32B) v0.2.1
12996b2fcba6ab47441869468c4a98fd,Advisory,Devanagri,भंडारा जिल्ह्यात कोंबड्यांना Ranikhet रोगापासून बचाव कसा करावा?,How to prevent Newcastle disease in poultry in Bhandara district?,,"भंडारा जिल्ह्यातील कोंबड्यांना रानीखेत रोगापासून बचाव करण्यासाठी खालील उपाय करा:

**रानीखेत रोग म्हणजे काय?**
रानीखेत रोग हा एक तीव्र आणि संसर्गजन्य विषाणूजन्य रोग आहे जो सर्व वयोगटातील कोंबड्यांना होऊ शकतो. या रोगामुळे अंडे उत्पादनात घट, ५०-९०% मृत्यूदर आणि मोठ्या आर्थिक नुकसान होते.

**प्रतिबंधात्मक उपाय:**

**१. लसीकरण (सर्वात महत्त्वाचे):**
- **१-५ दिवसांच्या चोचण्यांना:** फॉर्म्युला एफ (F) लस नाकातून, डोळ्यातून किंवा पाण्यातून द्या
- **८-१० आठवड्यांच्या कोंबड्यांना:** आर-२बी (R2B) लस इंजेक्शनद्वारे द्या
- **२१-२२ दिवसांनी:** लासोटा बूस्टर लस द्या
- **५६ दिवसांनी:** रानीखेत रोग लस (लासोटा) पाण्यातून द्या
- **दर तीन महिन्यांनी:** रानीखेत लस पाण्यातून द्या

**२. स्वच्छता आणि जैवसुरक्षा:**
- नेहमी स्वच्छ पाणी द्या
- निवारा नियमित साफ करा आणि निर्जंतुक करा
- निवार्यातील कचरा कोरडा ठेवा (आर्द्रता २५% पेक्षा जास्त नसावी)
- लसीकरणापूर्वी एक आठवडा कृमिनाशक द्या
- निवार्यातील पाण्याच्या पाईपलाइन्स नियमित स्वच्छ करा

**३. रोगग्रस्त कोंबड्यांचे व्यवस्थापन:**
- रोगग्रस्त कोंबड्या वेगळ्या ठेवा
- मृत कोंबड्या जाळून किंवा खोल खड्ड्यात गाडून टाका
- नवीन लोक निवार्यात आणण्यापूर्वी त्यांच्या कपड्यांवर व शेतातील जागेवर निर्जंतुक द्रावणाने फवारणी करा

**४. इतर उपाय:**
- नेहमी संतुलित आहार द्या
- निवार्यात हवा खेळती राहील याची काळजी घ्या
- विद्युतद्रव आणि जीवनसत्त्वे द्या

**स्रोत: Animal Science and Technology Standard XII, Dr. Panjabrao Deshmukh Krishi Vidyapeeth, MAFSU Diary**

आपल्या कोंबड्यांना यापैकी कोणत्या लसीकरण वेळापत्रकानुसार लस दिली आहे? आपल्याला लसीकरणाबद्दल अधिक माहिती हवी आहे का?",2026-01-30T00:42:51.059121,kenpath/mhv_vistaar_all_mhv_vistaar_all_qwen3-32b_v0.2_v0.2.1,FT Qwen 3 (32B) v0.2.1
8f06702161bd98915adf22d950fb8d9c,Weather Forecast,Devanagri,पालघर भागात पुढचे काही दिवस तापमान किती राहील?,What will be the temperature for the next few days in Palghar area?,,"पालघर भागासाठी हवामान अंदाज सध्या उपलब्ध नाही. आपल्याला जवळच्या इतर बाजारांतील हवामान माहिती पाहायची आहे का, किंवा दुसऱ्या शेतीविषयक प्रश्नाबद्दल मदत हवी आहे का?",2026-01-30T00:42:44.060543,kenpath/mhv_vistaar_all_mhv_vistaar_all_qwen3-32b_v0.2_v0.2.1,FT Qwen 3 (32B) v0.2.1
3b5a6bc9130eb6c774262b8846b48f41,Mandi Price,Devanagri,नागपूर मंडीत फुलकोबी चा किमान भाव किती चालू आहे?,What is the minimum price of cauliflower in Nagpur mandi?,,नागपूर मंडीसाठी फुलकोबीचे बाजारभाव सध्या उपलब्ध नाहीत. आपल्याला जवळच्या दुसऱ्या बाजारातील फुलकोबीचे दर तपासायचे आहेत का?,2026-01-30T00:42:57.684780,kenpath/mhv_vistaar_all_mhv_vistaar_all_qwen3-32b_v0.2_v0.2.1,FT Qwen 3 (32B) v0.2.1
6651b7b8f8533524a93a478adba05b5d,Warehouse,Devanagri,चंद्रपूर मध्ये हळद साठवणुकीसाठी वातानुकूलित गोदाम आहे का?,Is there an air-conditioned warehouse for storing turmeric in Chandrapur?,,"होय, चंद्रपूर जिल्ह्यात हळद साठवणुकीसाठी वातानुकूलित गोदाम उपलब्ध आहेत. येथे आपल्या जवळील गोदामांची माहिती आहे:

**१. चंद्रपूर, MIDC गोदाम**
- **पत्ता:** MSWC, B-35, MIDC एरिया, चंद्रपूर
- **अंतर:** ६.५ किमी
- **संपर्क:** गोदाम व्यवस्थापक
- **फोन:** 07172-287769
- **सुविधा:** चांगल्या प्रकारे देखभाल केलेले आणि सुरक्षित साठवणुकीचे उपकरण

**२. पडोली चंद्रपूर गोदाम**
- **पत्ता:** MSWC, G-142, घुग्गूस रोड, पडोली
- **अंतर:** ७.१ किमी
- **संपर्क:** गोदाम व्यवस्थापक
- **फोन:** 9158001334
- **सुविधा:** चांगल्या प्रकारे देखभाल केलेले आणि सुरक्षित साठवणुकीचे उपकरण

**३. वणी (यवतमाळ) गोदाम**
- **पत्ता:** MSWC, चंद्रपूर रोड, वणी
- **अंतर:** ३६.७ किमी
- **संपर्क:** गोदाम व्यवस्थापक

**४. वरोरा गोदाम**
- **पत्ता:** MSWC, सराफ फॅक्टरी जवळ, वरोरा
- **अंतर:** ४४.० किमी
- **संपर्क:** गोदाम व्यवस्थापक
- **फोन:** 07176-282179

**सूचना:** हळद साठवणुकीसाठी गोदाम निवडताना खालील गोष्टी लक्षात ठेवा:
- गोदामात वातानुकूलित (AC) सुविधा उपलब्ध आहे का ते विचारा
- साठवणुकीच्या दरांची माहिती घ्या
- गोदामात साठवणुकीपूर्वी आपल्या उत्पादनाची चाचणी करून घ्या

**स्रोत: कृषी सेवा माहिती**

आपल्याला या गोदामांमध्ये साठवणुकीच्या दरांची माहिती हवी आहे का किंवा इतर कोणत्या शेतीविषयक मदतीची गरज आहे का?",2026-01-30T00:43:26.632648,kenpath/mhv_vistaar_all_mhv_vistaar_all_qwen3-32b_v0.2_v0.2.1,FT Qwen 3 (32B) v0.2.1
b8b98be9f871b14ab516943618171518,Soil Lab,Devanagri,भंडारा जिल्ह्यात जमिनीची क्षारता तपासण्यासाठी प्रयोगशाळा कोणती?,Which laboratory tests soil salinity in Bhandara district?,,"भंडारा जिल्ह्यासाठी जमिनीची क्षारता तपासण्यासाठी माती प्रयोगशाळा माहिती सध्या उपलब्ध नाही. आपल्याला जवळच्या इतर जिल्ह्यांतील माती प्रयोगशाळांची माहिती पाहायची आहे का, किंवा आपल्या स्थानिक कृषी कार्यालयाशी संपर्क साधून अधिक माहिती घ्यायची आहे का?

**स्रोत: कृषी सेवा माहिती**",2026-01-30T00:43:18.998403,kenpath/mhv_vistaar_all_mhv_vistaar_all_qwen3-32b_v0.2_v0.2.1,FT Qwen 3 (32B) v0.2.1
1c8caa34ad7aefd5c6af57b5f837cba7,Advisory,Romanized,Yavatmal jilhyat sorghum pikala pani kadhi dyave?,When to irrigate sorghum crop in Yavatmal district?,,"यवतमाळ जिल्ह्यातील ज्वारी पिकाला पाणी देण्याची वेळ खालीलप्रमाणे आहे:

**खरीप ज्वारी (पावसावर अवलंबून):**
खरीप ज्वारी हे पावसावर अवलंबून पीक आहे, त्यामुळे साधारणपणे सिंचनाची गरज नसते. परंतु जर पाऊस थांबला आणि पीक ताणात आले, तर एक संरक्षक सिंचन द्यावे.

**रब्बी ज्वारी (सिंचित):**
रब्बी ज्वारीसाठी पाण्याची व्यवस्था अत्यंत महत्त्वाची आहे. ज्वारीच्या वाढीच्या टप्प्यांनुसार पाणी द्यावे:

1. **गर्भधारणा अवस्था** - पेरणीनंतर २८ ते ३० दिवसांनी (फुटवे अवस्था)
2. **बूटिंग अवस्था** - पेरणीनंतर ५० ते ५५ दिवसांनी
3. **फुलोरा अवस्था** - पेरणीनंतर ७० ते ७५ दिवसांनी
4. **दाणे भरणे अवस्था** - पेरणीनंतर ९० ते ९५ दिवसांनी

जड मातीसाठी चौथे सिंचन आवश्यक नसते. जर दोन सिंचनांची सोय असेल तर वरील दोन महत्त्वाच्या टप्प्यांवर पाणी द्यावे.

**पाणी देण्याची पद्धत:**
पाणी फक्त सरी पद्धतीने द्यावे. यामुळे पाण्याचा अपव्यय कमी होतो आणि पीक चांगल्या प्रकारे वाढते.

**स्रोत: MPKV कृषी दर्शनी**

आपल्या ज्वारी पिकासाठी खत व्यवस्थापन किंवा कीड नियंत्रणाबद्दल माहिती हवी आहे का?",2026-01-30T00:43:36.934295,kenpath/mhv_vistaar_all_mhv_vistaar_all_qwen3-32b_v0.2_v0.2.1,FT Qwen 3 (32B) v0.2.1
7ae27e0e5b1c234d1ff8753d4fd73c8b,Agri Assistant Contact,Devanagri,बुलढाणा भागात पीक विमा दाव्यासाठी कोणत्या अधिकाऱ्यांशी संपर्क करावा?,Which officers to contact for crop insurance claim in Buldhana area?,,"बुलढाणा भागासाठी कृषी अधिकाऱ्यांची संपर्क माहिती सध्या उपलब्ध नाही. आपण आपल्या जवळच्या तालुका कृषी कार्यालयात किंवा बुलढाणा जिल्हा कृषी कार्यालयात थेट संपर्क साधू शकता. तेथे आपल्याला पीक विमा दाव्याबद्दल मार्गदर्शन मिळेल.

**स्रोत: कृषी संस्थापक निर्देशिका**

आपल्याला पीक विमा योजनेबद्दल अधिक माहिती हवी आहे का किंवा अर्ज प्रक्रियेबद्दल मदत हवी आहे का?",2026-01-30T00:43:40.188914,kenpath/mhv_vistaar_all_mhv_vistaar_all_qwen3-32b_v0.2_v0.2.1,FT Qwen 3 (32B) v0.2.1
4d3339ca7dd4ff401ce80930182247f5,Weather Historical,Devanagri,अकोला भागात काल पडलेल्या पावसामुळे भेंडी पिकाचे नुकसान झाले असेल का?,Could yesterday's rain have damaged the okra crop in Akola area?,,"अकोला भागातील हवामान माहिती उपलब्ध नाही, त्यामुळे काल पडलेल्या पावसाची तपशीलवार माहिती मिळाली नाही. मात्र, भेंडी पिकाच्या पावसामुळे होणाऱ्या नुकसानाबद्दल मी तुम्हाला माहिती देतो.

**भेंडी पिकाचे पावसामुळे होणारे नुकसान:**

पाऊस असल्यास भेंडी पिकावर खालील धोके असतात:
- **पाण्याचा जास्त दाब:** जास्त पाऊस झाल्यास मातीत पाणी साचते आणि मुळांना हवा मिळत नाही, ज्यामुळे मुळे कुजतात.
- **रोगांचा प्रादुर्भाव:** ओलसर वातावरणामुळे बुरशीजन्य रोग जसे की करपा आणि मुळकूज वाढतात.
- **पानांचे नुकसान:** पावसामुळे पाने ओली राहतात आणि रोगांचा प्रादुर्भाव होतो.

**नुकसान टाळण्यासाठी उपाय:**
1. पिकात पाणी साचू देऊ नका, योग्य निचरा व्यवस्था करा.
2. जमिनीत पाणी साचल्यास तातडीने निचरा करा.
3. पिकावर बुरशीजन्य रोगांची लक्षणे दिसल्यास तज्ञांच्या सल्ल्याने योग्य बुरशीनाशक फवारणी करा.
4. पिकाची नियमित तपासणी करा आणि लक्षणे दिसताच तातडीने उपाययोजना करा.

**स्रोत: VNMKV Parbhani**

आपल्या भेंडी पिकात कोणती लक्षणे दिसत आहेत का? उदाहरणार्थ, पाने पिवळी पडत आहेत का, किंवा झाडांची वाढ खुंटली आहे का? यावरून अधिक नेमकी मदत करता येईल.",2026-01-30T00:44:13.304426,kenpath/mhv_vistaar_all_mhv_vistaar_all_qwen3-32b_v0.2_v0.2.1,FT Qwen 3 (32B) v0.2.1
4b368e140a866b35aad8d021744dcd23,KVK,Devanagri,नाशिक भागात कृषी विज्ञान केंद्राचे प्रशिक्षण वसतिगृह आहे का?,Is there a training hostel at KVK in Nashik area?,,"नाशिक भागासाठी कृषी विज्ञान केंद्र (KVK) ची माहिती सध्या उपलब्ध नाही. आपल्याला जवळच्या दुसऱ्या ठिकाणासाठी माहिती पाहायची आहे का, किंवा आपल्या स्थानिक कृषी कार्यालयात संपर्क साधून अधिक माहिती मिळवू इच्छिता का?

**स्रोत: कृषी सेवा माहिती**",2026-01-30T00:43:52.703562,kenpath/mhv_vistaar_all_mhv_vistaar_all_qwen3-32b_v0.2_v0.2.1,FT Qwen 3 (32B) v0.2.1
6d3afb352728079bf9b4554660e7500f,Weather Forecast,Devanagri,नंदुरबार जिल्ह्यात पुढच्या आठवड्यात थंडी वाढेल का?,Will the cold increase next week in Nandurbar district?,,नंदुरबार जिल्ह्यासाठी पुढच्या आठवड्याचा हवामान अंदाज सध्या उपलब्ध नाही. आपल्याला जवळच्या इतर बाजारातील हवामान माहिती पाहायची आहे का किंवा वेगळ्या शेतीविषयक प्रश्नाबद्दल मदत हवी आहे का?,2026-01-30T00:44:06.711394,kenpath/mhv_vistaar_all_mhv_vistaar_all_qwen3-32b_v0.2_v0.2.1,FT Qwen 3 (32B) v0.2.1
958023b10fb9f698d229a0d637aff0f1,CHC,Romanized,Gondia jilhyat tractor bhadyane kuthe milel?,Where can I rent tractor in Gondia district?,,"गोंदिया जिल्ह्यासाठी शेती यंत्रे भाड्याने देणाऱ्या सेवा (CHC) केंद्रांची माहिती सध्या उपलब्ध नाही.

आपल्याला जवळच्या इतर ठिकाणासाठी माहिती पाहू इच्छिता का? किंवा आपण आपल्या स्थानिक कृषी कार्यालयात संपर्क साधून यंत्रसामग्री भाड्याने मिळवण्याबद्दल अधिक माहिती घेऊ शकता.

**स्रोत: कृषी सेवा माहिती**",2026-01-30T00:44:23.035685,kenpath/mhv_vistaar_all_mhv_vistaar_all_qwen3-32b_v0.2_v0.2.1,FT Qwen 3 (32B) v0.2.1
212cc65255449385ecf1e530d210b4ae,Weather Forecast,Devanagri,रायगड भागात पुढचे काही दिवस ढगाळ हवामान राहील का?,Will the weather remain cloudy for the next few days in Raigad area?,,"मला रायगड भागासाठी पुढील काही दिवसांचा हवामान अंदाज सध्या उपलब्ध नाही. आपल्याला जवळच्या दुसऱ्या ठिकाणासाठी हवामान माहिती पाहायची आहे का, किंवा इतर कोणत्या शेतीविषयक प्रश्नाबद्दल मदत हवी आहे का?",2026-01-30T00:44:26.428059,kenpath/mhv_vistaar_all_mhv_vistaar_all_qwen3-32b_v0.2_v0.2.1,FT Qwen 3 (32B) v0.2.1
ab51139b0dd00e8f62bca20a8c1ee430,Advisory,Devanagri,नाशिक भागात भुईमूग पिकावरील मूळकुज साठी फवारणीची वेळ कोणती?,What is the spraying time for root rot on groundnut in Nashik area?,,"नाशिक भागातील भुईमूग पिकावरील मूळकुज रोगाच्या नियंत्रणासाठी खालील फवारणीचे वेळापत्रक आहे:

**मूळकुज रोग नियंत्रणासाठी फवारणीची वेळ:**

**१. बियाणे प्रक्रिया (पेरणीपूर्वी):**
- बियाण्यांना कार्बिन्झिन ३७.५% + थायरम ३७.५% डब्ल्यूएस ३ ग्रॅम प्रति किलो बियाणे याने प्रक्रिया करावी.
- किंवा ट्रायकोडर्मा १० ग्रॅम प्रति किलो बियाणे याने प्रक्रिया करावी.

**२. फवारणी (पेरणीनंतर):**
- मेटिरॅम ५५% + पायराक्लोस्त्रोबिन १३.२८% एलएल १५०० मिली प्रति १५०० लिटर पाण्यात मिसळून फवारणी करावी.
- फवारणी पेरणीनंतर ३० ते ४५ दिवसांच्या आत करणे योग्य आहे.

**महत्त्वाच्या सूचना:**
- पेरणीपूर्वी बियाणे प्रक्रिया केल्याने रोगाचा प्रादुर्भाव टाळता येतो.
- फवारणी करताना शिफारस केलेल्या प्रमाणातच औषध वापरावे.
- रोगाची लक्षणे दिसताच लगेच फवारणी करावी.

**स्रोत: डॉ. पंजाबराव देशमुख कृषी विद्यापीठ**

आपल्याला भुईमूग पिकाच्या इतर कोणत्या व्यवस्थापनाबद्दल माहिती हवी आहे का, जसे की खत व्यवस्थापन किंवा किड नियंत्रण?",2026-01-30T00:44:54.565350,kenpath/mhv_vistaar_all_mhv_vistaar_all_qwen3-32b_v0.2_v0.2.1,FT Qwen 3 (32B) v0.2.1
48948d236b24353c82ca41d64e661c50,Agri Assistant Contact,Devanagri,सांगली तालुक्यात कीड व्यवस्थापनासाठी कोणाशी संपर्क करावा?,Who to contact for pest management in Sangli taluka?,,"सांगली तालुक्यातील कीड व्यवस्थापनासाठी आपल्याला स्थानिक कृषी कार्यालयात संपर्क साधावा लागेल. तालुका कृषी कार्यालयात अधिकारी आणि सहाय्यक उपलब्ध असतात जे आपल्याला शेतातील कीड नियंत्रणाबाबत योग्य मार्गदर्शन करतील.

**स्रोत: कृषी संस्थापक निर्देशिका**

आपल्याला सांगली तालुक्यातील कृषी विज्ञान केंद्र (KVK) किंवा मृदा परीक्षण प्रयोगशाळेची माहिती हवी आहे का?",2026-01-30T00:44:50.275132,kenpath/mhv_vistaar_all_mhv_vistaar_all_qwen3-32b_v0.2_v0.2.1,FT Qwen 3 (32B) v0.2.1
5db3e7ec64efdb89f10364bb3f11f3a1,CHC,Devanagri,जळगाव मध्ये पॉवर टिलर भाड्याने मिळतो का?,Is power tiller available for rent in Jalgaon?,,"जळगाव जिल्ह्यासाठी पॉवर टिलर भाड्याने मिळणाऱ्या सेवांची माहिती सध्या उपलब्ध नाही.

आपल्याला जवळच्या इतर ठिकाणासाठी माहिती पाहू इच्छिता का? किंवा आपण आपल्या स्थानिक कृषी कार्यालयाशी संपर्क साधून अधिक माहिती घेऊ शकता.

**स्रोत: कृषी सेवा माहिती**",2026-01-30T00:45:11.551851,kenpath/mhv_vistaar_all_mhv_vistaar_all_qwen3-32b_v0.2_v0.2.1,FT Qwen 3 (32B) v0.2.1
66ab31eee2ad0dc153826d7dd94bc3f9,Advisory,Devanagri,पुणे मध्ये फुलकोबी लागवडीसाठी दोन रोपांमधील अंतर किती असावे?,What should be the spacing between plants for cauliflower in Pune?,,"पुणे जिल्ह्यात फुलकोबीची लागवड करताना दोन रोपांमधील अंतर खालीलप्रमाणे ठेवावे:

**लागवडीचे अंतर:**

फुलकोबीच्या लागवडीसाठी रोपांची वय ४ ते ६ आठवड्यांचे झाल्यावर पुनर्लागवड करावी. लागवडीचे अंतर जातीनुसार वेगवेगळे असते:

**प्रारंभिक जाती (May-June):**
- **४५ x ४५ सेंटीमीटर** किंवा **४५ x ३० सेंटीमीटर** अंतर ठेवावे.

**मध्यम व उशिरा जाती (July-December):**
- **६० x ४५ सेंटीमीटर** किंवा **६० x ६० सेंटीमीटर** अंतर ठेवावे.

**लागवडीची पद्धत:**
रोपे उंच केलेल्या वाफ्यांवर किंवा कप/प्रो ट्रेमध्ये तयार करावीत. रोपे १० ते १२ सेंटीमीटर उंच झाल्यावर किंवा ४ ते ६ आठवड्यांचे झाल्यावर शेतात लावावीत.

**महत्त्वाचे टीप:**
- योग्य अंतर ठेवल्याने पिकाला चांगली हवा, प्रकाश आणि अन्नद्रव्ये मिळतात.
- लागवडीनंतर १०-१२ दिवसांनी पाणी द्यावे.
- दर १५-२० दिवसांनी तण काढावे.

**स्रोत: MPKV कृषी दर्शनी, डॉ. पंजाबराव देशमुख कृषी विद्यापीठ**

आपल्याला फुलकोबीच्या खत व्यवस्थापनाबद्दल किंवा रोग-कीड नियंत्रणाबद्दल अधिक माहिती हवी आहे का?",2026-01-30T00:45:23.721254,kenpath/mhv_vistaar_all_mhv_vistaar_all_qwen3-32b_v0.2_v0.2.1,FT Qwen 3 (32B) v0.2.1
dcd916312ff426045bc6b1406edc6e81,Mandi Price,Devanagri,जळगाव मंडीत केळी विकावी की थोडे दिवस थांबावे?,Should I sell banana in Jalgaon mandi or wait?,,"जळगाव आणि नंदुरा बाजारांमध्ये सध्या केळीचे दर उपलब्ध नाहीत. नंदुरा बाजारात मका, तूर, सोयाबीन आणि गहू यांचे दर उपलब्ध आहेत.

आपल्याला जवळच्या दुसऱ्या बाजारातील केळीचे दर तपासायचे आहेत का? किंवा आपल्याला इतर पिकांच्या बाजारभावाबद्दल माहिती हवी आहे का?

**स्रोत: बाजारभाव**",2026-01-30T00:45:33.050732,kenpath/mhv_vistaar_all_mhv_vistaar_all_qwen3-32b_v0.2_v0.2.1,FT Qwen 3 (32B) v0.2.1
6227712ea13ebc0cd46e48cfaa9e1d21,Advisory,Devanagri,रायगड भागात जनावरांना खुरपका-तोंडपका लस कधी द्यावी?,When to vaccinate animals for FMD in Raigad area?,,"रायगड भागातील जनावरांना खुरपका-तोंडपका (खुर व तोंड रोग) लसीकरण वेळापत्रक खालीलप्रमाणे आहे:

**लसीकरण वेळापत्रक:**

**प्राथमिक लस:** जनावरांना ३ ते ४ महिन्यांच्या वयापासून खुरपका-तोंडपका लस द्यावी.

**नियमित लसीकरण:** या रोगाचे लसीकरण दरवर्षी दोन वेळा करावे:
- **पहिले लसीकरण:** सप्टेंबर महिन्यात
- **दुसरे लसीकरण:** मार्च महिन्यात

**लसीकरणाची मात्रा:**
- ४ महिन्यांपेक्षा जास्त वयाच्या जनावरांना: २ मिली इंट्राम्युस्क्युलर (आतून)
- ४ महिन्यांपेक्षा कमी वयाच्या जनावरांना: १ मिली इंट्राम्युस्क्युलर (आतून)

**महत्त्वाचे:**
- खुरपका-तोंडपका हा अत्यंत संसर्गजन्य रोग आहे, ज्यामुळे जनावरांचे आरोग्य आणि दूध उत्पादन दोन्हीवर परिणाम होतो.
- लसीकरणामुळे जनावरांना या रोगापासून संरक्षण मिळते आणि रोगाचा प्रसार रोखता येतो.
- लसीकरणासाठी जवळच्या पशुवैद्यकीय केंद्राशी संपर्क साधावा.

**स्रोत: Animal Science and Technology Standard XII**

आपल्या जनावरांचे आरोग्य चांगले राहावे यासाठी वेळेवर लसीकरण करणे अत्यंत महत्त्वाचे आहे. आपल्याला इतर कोणत्या पशुधन व्यवस्थापनाबद्दल माहिती हवी आहे का?",2026-01-30T00:45:48.278662,kenpath/mhv_vistaar_all_mhv_vistaar_all_qwen3-32b_v0.2_v0.2.1,FT Qwen 3 (32B) v0.2.1
33f361846bca40a07c2451eb9445463a,CHC,Devanagri,कोल्हापूर मध्ये पेरणी यंत्र भाड्याने कुठे मिळेल?,Where can I rent seed drill in Kolhapur?,,"मला कोल्हापूरमध्ये पेरणी यंत्र भाड्याने देणाऱ्या सेवा केंद्रांची माहिती सध्या उपलब्ध नाही.

आपल्याला जवळच्या इतर ठिकाणासाठी पेरणी यंत्र भाड्याने मिळण्याची माहिती पाहायची आहे का? किंवा आपण आपल्या स्थानिक कृषी कार्यालयाशी संपर्क साधून अधिक माहिती घेऊ शकता.

**स्रोत: कृषी सेवा माहिती**",2026-01-30T00:45:44.693373,kenpath/mhv_vistaar_all_mhv_vistaar_all_qwen3-32b_v0.2_v0.2.1,FT Qwen 3 (32B) v0.2.1
3a9457898896cec3aa1786d271e1efce,Soil Lab,Devanagri,जालना मध्ये मृदा आरोग्य पत्रिका देणारी प्रयोगशाळा शोधा.,Find laboratory that provides Soil Health Card in Jalna.,,"जालना जिल्ह्यातील जवळच्या मृदा आरोग्य पत्रिका देणाऱ्या प्रयोगशाळांची माहिती खालीलप्रमाणे आहे:

**१. मृदा चाचणी प्रयोगशाळा, जालना (सर्वात जवळची - ३ किमी)**
- **पत्ता:** जिल्हा मृदा सर्वेक्षण व मृदा चाचणी कार्यालय, तालुका फळरोपवाटिका परिसर, जालना
- **संपर्क व्यक्ती:** श्री. व्ही.जे. राठोड
- **दूरध्वनी:** 8329948804

**२. मृदा चाचणी प्रयोगशाळा, छत्रपती संभाजीनगर (५९ किमी)**
- **पत्ता:** जिल्हा मृदा सर्वेक्षण व मृदा चाचणी अधिकारी, डीएसएओ कार्यालय, शहानूर मिया दर्गा जवळ, औरंगाबाद ४३१००१
- **संपर्क व्यक्ती:** सौ. तेजस्वी त्रिंबक साळुंके
- **दूरध्वनी:** 9511659275

**३. मृदा चाचणी प्रयोगशाळा, बुलढाणा (८१ किमी)**
- **पत्ता:** जिल्हा मृदा सर्वेक्षण व मृदा चाचणी अधिकारी, रामकृष्ण आश्रम जवळ, जिल्हाधिकारी निवासस्थान रोड, बुलढाणा
- **संपर्क व्यक्ती:** श्री. व्ही.एच. विश्वे
- **दूरध्वनी:** 9420611958

**४. मृदा चाचणी प्रयोगशाळा, बीड (९८ किमी)**
- **पत्ता:** जिल्हा मृदा सर्वेक्षण व मृदा चाचणी अधिकारी, जुने बी व सी क्वार्टर्स, चांदमारी, धनोरा रोड, बीड ४३११२२
- **संपर्क व्यक्ती:** श्री. एस.के. पाटील
- **दूरध्वनी:** 9049448649

**५. मृदा चाचणी प्रयोगशाळा, परभणी (११० किमी)**
- **पत्ता:** जानकी निवास, योगक्षेम कॉलनी, विसावा फाटा जवळ, जिंतूर रोड, परभणी
- **संपर्क व्यक्ती:** श्री. पी.पी. घुले
- **दूरध्वनी:** 9422177349

**स्रोत: कृषी सेवा माहिती**

आपल्याला जवळच्या जालना येथील प्रयोगशाळेत मातीची चाचणी करून घ्यायची आहे का, किंवा मृदा आरोग्याबद्दल इतर काही माहिती हवी आहे का?",2026-01-30T00:46:17.768429,kenpath/mhv_vistaar_all_mhv_vistaar_all_qwen3-32b_v0.2_v0.2.1,FT Qwen 3 (32B) v0.2.1
69b24747a0a9f2568bd0d595e18e15ed,Advisory,Devanagri,रायगड मध्ये मका पिकाच्या मुळांचा विकास कसा वाढवावा?,How to improve root development of maize crop in Raigad?,,"मका पिकाच्या मुळांचा विकास वाढवण्यासाठी खालील उपाय करा:

**१. जैवखते वापरा:**
- **बायोबॅक्टर:** अॅझोटोबॅक्टर च्रोओकोकम या जैवखताचा वापर करा. हे जैवखत बियाणे प्रक्रियेसाठी (१०० मिली फॉर्म्युलेशन १ लिटर पाण्यात मिसळून १ एकरासाठी बियाणे पेरणीसाठी वापरा) किंवा रोपांची मुळे बुडवण्यासाठी (५०० मिली फॉर्म्युलेशन २.५ लिटर पाण्यात मिसळून १ एकरासाठी रोपांची मुळे बुडवा) करा.
- **बायोपोटॅश:** पोटॅशियम विरघळवणाऱ्या बॅसिलस डेकोलरॅशनिस जैवखताचा वापर करा. हे जैवखत बियाणे प्रक्रियेसाठी किंवा मुळे बुडवण्यासाठी वापरता येते. यामुळे प्रति हेक्टर १०-१५ किलो पोटॅशियम वाढते.

**२. बियाणे प्रक्रिया:**
- ट्रायकोडर्मा हार्झियानम या जैवबुरशीनाशकाचा वापर करा. पेरणीच्या १२ तास आधी बियाणे प्रति किलो बियाण्यासाठी १० ग्रॅम प्रति लिटर पाण्यात मिसळून प्रक्रिया करा. यामुळे बियाणे कुज आणि रोप करपा रोगांचे प्रभावी नियंत्रण होते.

**३. सेंद्रिय खतांचा वापर:**
- शेणखत, गांडूळ खत किंवा कंपोस्ट खत वापरा. मका पिकाच्या मुळांच्या वाढीसाठी चांगल्या प्रतीचे सेंद्रिय खत जमिनीत मिसळा.

**४. योग्य खत व्यवस्थापन:**
- रासायनिक खतांचा संतुलित वापर करा. नत्र, स्फुरद आणि पालाश यांचे योग्य प्रमाण ठेवा.
- जमिनीची आरोग्य पत्रिकेनुसार खतांचा वापर करा.

**५. तण नियंत्रण:**
- तणांचे वेळेवर नियंत्रण करा. तणांमुळे मका पिकाला पोषक तत्वांची स्पर्धा होते आणि उत्पादनात ३०-४०% घट होते.

**६. निचरा व्यवस्था:**
- जमिनीत पाणी साचू देऊ नका. चांगला निचरा असलेल्या मध्यम जमिनीत मका पीक चांगले वाढते.

**स्रोत: Biofertilizers for Sustainable Crop Production by ICAR, Krushi VNMAU**

आपल्या मका पिकाची वाढ आणि उत्पादन वाढवण्यासाठी आपण कोणत्या खतांचा वापर करत आहात?",2026-01-30T00:46:20.955320,kenpath/mhv_vistaar_all_mhv_vistaar_all_qwen3-32b_v0.2_v0.2.1,FT Qwen 3 (32B) v0.2.1
f784d8ef59b53913462d5fc497e291e9,Advisory,Devanagri,नागपूर भागात फुलकोबी साठी खतांचे वेळापत्रक सुचवा.,Suggest fertilizer schedule for cauliflower in Nagpur area.,,"नागपूर भागातील फुलकोबी पिकासाठी खतांचे वेळापत्रक खालीलप्रमाणे आहे:

**खत व्यवस्थापन:**

फुलकोबी पिकासाठी प्रति हेक्टर १०० किलो नत्र (नायट्रोजन) आणि ५० किलो स्फुरद (फॉस्फरस) द्यावे. यातील अर्धे नत्र आणि पूर्ण स्फुरद पुनर्लागवडीच्या वेळी द्यावे. उर्वरित नत्र पुनर्लागवडीनंतर ३० दिवसांनी द्यावे.

**पुनर्लागवड:**

फुलकोबीचे रोपे ४ ते ६ आठवड्यांची झाल्यावर किंवा १० ते १२ सेंटीमीटर उंच झाल्यावर लावावीत. लवकर वाणांसाठी ४५ x ४५ सेंटीमीटर अंतरावर आणि मध्यम-उशिरा वाणांसाठी ६० x ४५ सेंटीमीटर किंवा ६० x ६० सेंटीमीटर अंतरावर रोपे लावावीत.

**सिंचन:**

पिकाच्या गरजेनुसार दर १० ते १२ दिवसांनी पाणी द्यावे. जमिनीच्या पोतानुसार हा कालावधी कमी किंवा जास्त करावा.

**आंतरमशागत:**

पिकातील तण काढण्यासाठी २ ते ३ वेळा तण काढणी करावी आणि १ ते २ वेळा वखरणी करावी. फुलकोबीच्या फुलांना पानांनी झाकावे.

**सूक्ष्म अन्नद्रव्ये:**

मातीच्या चाचणीनुसार झिंक सल्फेट (१५ किलो/हेक्टर), बोरॅक्स (१५ किलो/हेक्टर) आणि अमोनियम मॉलिब्डेट (२ किलो/हेक्टर) द्यावे. पेरणीनंतर ३० दिवसांनी आणि त्यानंतर १५-२० दिवसांच्या अंतराने दोन वेळा पानांवर फवारणी करावी.

**उत्पादन:**

सामान्य वाणांपासून १५० ते २५० क्विंटल प्रति हेक्टर आणि हायब्रिड वाणांपासून ३०० ते ३५० क्विंटल प्रति हेक्टर उत्पादन मिळते.

**स्रोत: डॉ. पंजाबराव देशमुख कृषी विद्यापीठ**

आपल्याला फुलकोबीच्या कीड-रोग नियंत्रणाबद्दल किंवा लागवडीच्या इतर बाबींबद्दल माहिती हवी आहे का?",2026-01-30T00:46:27.078718,kenpath/mhv_vistaar_all_mhv_vistaar_all_qwen3-32b_v0.2_v0.2.1,FT Qwen 3 (32B) v0.2.1
abc68a9cd2b77c3e1d24f8a817b5f81e,Weather Forecast,Devanagri,नंदुरबार भागात पुढचे काही दिवस ढगाळ हवामान राहील का?,Will the weather remain cloudy for the next few days in Nandurbar area?,,नंदुरबार भागासाठी पुढच्या काही दिवसांचा हवामान अंदाज सध्या उपलब्ध नाही. आपल्याला जवळच्या इतर बाजारांसाठी हवामान माहिती तपासायची आहे का किंवा शेतीविषयक इतर काही प्रश्न विचारू इच्छिता का?,2026-01-30T00:46:23.036225,kenpath/mhv_vistaar_all_mhv_vistaar_all_qwen3-32b_v0.2_v0.2.1,FT Qwen 3 (32B) v0.2.1
6af30a1b07c1688391d1dafe4a635e8f,Weather Forecast,Devanagri,वाशिम जिल्ह्यात या आठवड्यात मुसळधार पावसाची शक्यता आहे का?,Is there a possibility of heavy rainfall this week in Washim district?,,"मला वाशिम जिल्ह्यासाठी हवामान अंदाजाची माहिती सध्या उपलब्ध नाही. आपल्याला जवळच्या इतर बाजारातील भाव तपासायचे आहेत का, किंवा शेतीविषयक इतर प्रश्न विचारू इच्छिता का?",2026-01-30T00:46:32.316733,kenpath/mhv_vistaar_all_mhv_vistaar_all_qwen3-32b_v0.2_v0.2.1,FT Qwen 3 (32B) v0.2.1
071c39d64b12958cb5e844cd19781f9d,Agri Assistant Contact,Devanagri,हिंगोली मधील मंडळ कृषी अधिकाऱ्यांची माहिती द्या.,Provide information of Circle Agriculture Officer in Hingoli.,,"मला हिंगोली जिल्ह्यातील मंडळ कृषी अधिकाऱ्यांची माहिती सध्या उपलब्ध नाही. कृपया आपल्या स्थानिक कृषी कार्यालयात किंवा तालुका कृषी कार्यालयात संपर्क साधा. तेथे आपल्याला मंडळ कृषी अधिकाऱ्यांची तपशीलवार माहिती आणि संपर्क क्रमांक मिळू शकतो.

**स्रोत: कृषी संस्थापक निर्देशिका**

आपल्याला हिंगोली जिल्ह्यातील इतर कृषी सेवा किंवा योजनांबद्दल माहिती हवी आहे का?",2026-01-30T00:46:48.849253,kenpath/mhv_vistaar_all_mhv_vistaar_all_qwen3-32b_v0.2_v0.2.1,FT Qwen 3 (32B) v0.2.1
821de2e91b6cf1d5c5f4ac2f49097703,Advisory,Devanagri,सांगली मध्ये केळी पिकाच्या मुळांचा विकास कसा वाढवावा?,How to improve root development of banana crop in Sangli?,,"सांगली जिल्ह्यातील केळी पिकाच्या मुळांचा विकास चांगला होण्यासाठी खालील महत्त्वाच्या गोष्टींची काळजी घ्या:

**१. ऊती संवर्धन रोपे वापरा:**
ऊती संवर्धन तंत्रज्ञानातून तयार केलेली केळीची रोपे मुळांची वाढ जलद होण्यास मदत करतात. या रोपांची वाढ एकसारखी आणि समान होते आणि त्यांना जमिनीत लावल्यावर मुळे जलद वाढतात. ऊती संवर्धन रोपे रोगमुक्त असल्यामुळे मुळांना नुकसान करणारे सूत्रकृमी आणि इतर कीटक नसतात.

**२. ठिबक सिंचन पद्धत वापरा:**
ठिबक सिंचनाद्वारे पाण्यात विद्राव्य खते दिल्यास केळीचे उत्पादन ३९% पर्यंत वाढते आणि खतांची २०% बचत होते. पाण्यात विद्राव्य खते ठिबक सिंचनाद्वारे देणे हे मुळांच्या वाढीसाठी अत्यंत उपयुक्त आहे.

**३. खत व्यवस्थापन:**
केळी पिकासाठी प्रति रोप २००:४०:२०० ग्रॅम नत्र:स्फुरद:पालाश अशी शिफारस केलेली खत मात्रा आहे. यातील ८०% म्हणजे १६०:३२:१६० ग्रॅम खत पाण्यात विद्राव्य स्वरूपात १८ हप्त्यांमध्ये पंधरा दिवसांच्या अंतराने द्यावे.

**४. पोषक तत्वे आणि खतांचा वापर:**
मुळांच्या वाढीसाठी खालील खते वापरावीत:
- **कॅल्शियम नायट्रेट (१५.५-००-००)** - १.० ते १.५% (१०० ते १५० ग्रॅम प्रति १० लिटर पाणी)
- **मोनोअमोनियम फॉस्फेट (१२-६१-००)** - १.० ते १.५% (१०० ते १५० ग्रॅम प्रति १० लिटर पाणी)
- **पोटॅशियम शोएनाइट (००-००-२३)** - १.० ते १.५% (१०० ते १५० ग्रॅम प्रति १० लिटर पाणी)

**५. योग्य वेळी खत देणे:**
पहिल्या २ महिन्यांत नत्र १५%, स्फुरद ३०% आणि पालाश १०% द्यावे. ३-४ महिन्यांत नत्र ४०%, स्फुरद ५०% आणि पालाश २०% द्यावे. ५-६ महिन्यांत नत्र २५%, स्फुरद २०% आणि पालाश २५% द्यावे.

**६. योग्य जमीन आणि पाणी व्यवस्थापन:**
मध्यम जमिनीत चांगली निचरा व्यवस्था असलेली जमीन केळी पिकासाठी योग्य आहे. जमिनीची योग्य मशागत करून रोपे लावावीत आणि नियमित पाणी देणे आवश्यक आहे.

**स्रोत: डॉ. पंजाबराव देशमुख कृषी विद्यापीठ, एमपीकेव्ही कृषी दर्शनी**

आपल्याला केळीच्या रोग नियंत्रणाबद्दल किंवा बाजारभावाबद्दल अधिक माहिती हवी आहे का?",2026-01-30T00:47:17.196552,kenpath/mhv_vistaar_all_mhv_vistaar_all_qwen3-32b_v0.2_v0.2.1,FT Qwen 3 (32B) v0.2.1
43df519e0ab83172f80dd2d4933b8cba,Warehouse,Devanagri,गोंदिया जिल्ह्यात CWC गोदाम उपलब्ध आहे का?,Is CWC warehouse available in Gondia district?,,"गोंदिया जिल्ह्यासाठी CWC गोदामांची माहिती सध्या उपलब्ध नाही. आपल्याला जवळच्या इतर ठिकाणांसाठी गोदाम सेवा तपासायची आहे का, किंवा गोंदिया जिल्ह्यातील स्थानिक कृषी कार्यालयाशी संपर्क साधून अधिक माहिती घ्यायची आहे का?

**स्रोत: कृषी सेवा माहिती**",2026-01-30T00:47:03.048279,kenpath/mhv_vistaar_all_mhv_vistaar_all_qwen3-32b_v0.2_v0.2.1,FT Qwen 3 (32B) v0.2.1
758c4eca8510e61b1a33c110a7cf2d0e,Advisory,Devanagri,पालघर मध्ये मका लागवडीसाठी दोन रोपांमधील अंतर किती असावे?,What should be the spacing between plants for maize in Palghar?,,"पालघर जिल्ह्यात मका लागवडीसाठी दोन रोपांमधील अंतर ठरवताना ओळीतील अंतर आणि रोपांमधील अंतर यांचा विचार करणे आवश्यक आहे.

**मका लागवडीसाठी शिफारस केलेले अंतर:**

**१. ओळीतील अंतर (Row spacing):** ४५ सेंटीमीटर ते ६० सेंटीमीटर असावे. हे अंतर मक्याच्या जातीनुसार आणि लागवडीच्या पद्धतीनुसार बदलू शकते.

**२. रोपांमधील अंतर (Plant spacing):** २० सेंटीमीटर ते २५ सेंटीमीटर असावे. यामुळे प्रत्येक रोपाला पुरेशी जागा मिळते आणि पिकाची वाढ चांगली होते.

**लागवडीची योग्य वेळ:** खरीप हंगामासाठी जून-जुलै महिन्यात लागवड करावी.

**लागवडीची पद्धत:** बीजपेरणी यंत्राचा वापर करून योग्य अंतरावर लागवड करावी. यामुळे ओळीतील आणि रोपांमधील अंतर नीट राहते.

**स्रोत: MPKV कृषी दर्शनी**

आपल्या शेतात मका लागवड करताना खत व्यवस्थापन किंवा सिंचनाबद्दल माहिती हवी आहे का?",2026-01-30T00:47:11.705467,kenpath/mhv_vistaar_all_mhv_vistaar_all_qwen3-32b_v0.2_v0.2.1,FT Qwen 3 (32B) v0.2.1
300794130200bd69ef926ffdb8d8f2f0,Advisory,Devanagri,बुलढाणा जिल्ह्यात पेरू फुलोऱ्याच्या वेळी काय काळजी घ्यावी?,What care to take during flowering of guava in Buldhana district?,,"बुलढाणा जिल्ह्यात पेरू फुलोऱ्याच्या वेळी घ्यावयाच्या महत्त्वाच्या काळजींबद्दल मी माहिती देतो.

## पेरू फुलोऱ्याच्या वेळी घ्यावयाची काळजी

पेरूच्या फुलोऱ्याच्या वेळी योग्य व्यवस्थापन केल्यास फळधारण चांगली होते आणि उत्पादन वाढते. खालील काळजी घ्या:

### १. खत व्यवस्थापन

फळधारणेच्या वेळी खतांचा योग्य वापर करा:
- पाण्याचा ताण सोडताना शेणखत द्या आणि त्याबरोबर नत्राचे अर्धे प्रमाण, संपूर्ण स्फुरद आणि पालाश द्या
- फळधारणीनंतर १ ते १.५ महिन्यांनी उरलेले नत्राचे प्रमाण द्या
- पालाश गरजेनुसार द्या

प्रौढ झाडांसाठी खतांचे प्रमाण:
- शेणखत: ४० ते ५० किलो प्रति झाड
- नत्र: ५०० ते ६५० ग्रॅम प्रति झाड
- स्फुरद: २५० ते ३२५ ग्रॅम प्रति झाड
- पालाश: २५० ते ३७५ ग्रॅम प्रति झाड

### २. पाणी व्यवस्थापन

फुलोऱ्याच्या वेळी झाडांना पुरेसे पाणी द्या. पाण्याचा ताण फुलोऱ्याच्या आणि फळधारणेच्या वेळी टाळा.

### ३. कीड व्यवस्थापन

फुलोऱ्याच्या वेळी खालील किडींचा प्रादुर्भाव होऊ शकतो:
- **फळमाशी:** फळांमध्ये अळी शिरते आणि गर खाते. पक्व फळे गळून पडतात. नियंत्रणासाठी फळमाशीची लागलेली फळे गोळा करून नष्ट करा आणि मिथाइल युजेनॉल सापळे लावा
- **तुडतुडे:** फांद्यांवरील पानांचा रस शोषतात. नियंत्रणासाठी २०% सायपरमेथ्रिन ३ मिली प्रति १० लिटर पाण्यात मिसळून फवारणी करा
- **अळ्या:** पानांचा रस शोषतात. नियंत्रणासाठी प्रोपरगाईट कीटकनाशक ०.५ मिली प्रति लिटर पाण्यात मिसळून फवारणी करा

### ४. फळधारण वाढवण्यासाठी

- फुलोऱ्याच्या वेळी झाडांना पुरेसे सूर्यप्रकाश मिळेल याची काळजी घ्या
- झाडांची फांद्या छाटणी नोव्हेंबर-डिसेंबर महिन्यात करा
- रोगग्रस्त आणि कमकुवत फांद्या काढून टाका

**स्रोत: डॉ. पंजाबराव देशमुख कृषी विद्यापीठ आणि कृषी दर्शनी**

आपल्या पेरू बागेत सध्या कोणती समस्या आहे का किंवा फुलोऱ्याच्या वेळी काही विशिष्ट कीड दिसत आहे का?",2026-01-30T00:47:39.691171,kenpath/mhv_vistaar_all_mhv_vistaar_all_qwen3-32b_v0.2_v0.2.1,FT Qwen 3 (32B) v0.2.1
3923f21f3510e5a0364f9f0755d63d6e,Advisory,Romanized,Wardha jilhyat orange pikala pani kadhi dyave?,When to irrigate orange crop in Wardha district?,,"वर्धा जिल्ह्यातील संत्री पिकाला पाणी कधी द्यावे याबद्दल माहिती खालीलप्रमाणे आहे:

**संत्री पिकासाठी पाण्याची गरज (१० वर्षांपेक्षा जास्त वयाच्या झाडांसाठी):**

वर्धा जिल्ह्यातील संत्री पिकाला दरवर्षी २८ ते ३० वेळा पाणी द्यावे लागते. पाणी देण्यासाठी डबल रिंग पद्धत वापरावी. पाण्याची कमतरता असल्यास दोन किंवा चार ओळी पद्धत वापरावी. शक्य असल्यास ठिबक सिंचन पद्धत अवलंबावी, ज्यामुळे ३०-४०% पाणी वाचते.

**दरमहा पाण्याची गरज (लिटर/दिवस/झाड):**

| महिना | पाणी (लिटर/दिवस/झाड) |
|-------|----------------------|
| जानेवारी | ५७ |
| फेब्रुवारी | ८० |
| मार्च | ११७ |
| एप्रिल | १६० |
| मे | १९८ |
| जून | १३५ |
| जुलै | ६८ |
| ऑगस्ट | ५३ |
| सप्टेंबर | ६३ |
| ऑक्टोबर | ६४ |
| नोव्हेंबर | ५८ |
| डिसेंबर | ५१ |

**ठिबक सिंचनाद्वारे पाणी देणे:**

ठिबक सिंचनाद्वारे पाणी देताना दररोज वाष्पीकरण व वाष्पोत्सर्जनाच्या ८०% पाण्याचा वापर करावा. यामुळे उत्पादनाची गुणवत्ता वाढते आणि पाण्याची बचत होते.

**पाणी देण्याची वेळ:**

- **हिवाळ्यात:** अंदाजे दर १० दिवसांनी पाणी द्यावे.
- **उन्हाळ्यात:** दर आठवड्याला एकदा पाणी द्यावे.

**स्रोत: डॉ. पंजाबराव देशमुख कृषी विद्यापीठ**

आपल्या संत्री बागेत ठिबक सिंचन वापरत आहात का, किंवा पारंपरिक पद्धतीने पाणी देत आहात? याबद्दल अधिक माहिती हवी असल्यास मला सांगा.",2026-01-30T00:48:00.268899,kenpath/mhv_vistaar_all_mhv_vistaar_all_qwen3-32b_v0.2_v0.2.1,FT Qwen 3 (32B) v0.2.1
1e5148d934db97e160b0bf02cae8c0d8,Scheme,Devanagri,वर्धा भागात कुक्कुटपालन योजनेसाठी पात्रता काय आहे?,What is the eligibility for poultry farming scheme in Wardha area?,,"वर्धा जिल्ह्यातील शेतकऱ्यांसाठी **नानाजी देशमुख कृषी संजीवनी प्रकल्प** (NDKSP) अंतर्गत काही विशेष योजना उपलब्ध आहेत. मात्र, कुक्कुटपालन योजनेची माहिती सध्या उपलब्ध नाही. तरीही, वर्धा जिल्ह्यातील शेतकऱ्यांसाठी उपलब्ध असलेल्या काही महत्त्वाच्या योजनांची माहिती खालीलप्रमाणे आहे:

---

## नानाजी देशमुख कृषी संजीवनी प्रकल्प (NDKSP) अंतर्गत योजना

### १. पंप सेट योजना

**योजनेचा हेतू:** पावसावर अवलंबून शेतीत संरक्षक सिंचनाची सुविधा उपलब्ध करून उत्पादन वाढवणे आणि शेतकऱ्यांचे उत्पन्न वाढवणे.

**लाभ:**
- शेतकऱ्यांना संरक्षक सिंचनासाठी पाणी उचलणाऱ्या यंत्रांची (पंप सेट) सुविधा उपलब्ध करून देणे
- शेतकऱ्यांना थेट आर्थिक सहाय्य देणे

**पात्रता:**
- फक्त अनुसूचित जाती आणि अनुसूचित जमातीचे शेतकरी पात्र आहेत
- या घटकासाठी इतर कोणत्याही योजनेतून लाभ घेतलेले शेतकरी पुन्हा या योजनेसाठी पात्र नाहीत
- ५ हेक्टरपर्यंत जमीन असलेले शेतकरी पात्र आहेत

**आवश्यक कागदपत्रे:**
- जातीचा दाखला (अनुसूचित जाती/जमातीसाठी)
- अपंगत्व प्रमाणपत्र (जर अपंग असेल तर)
- संयुक्त खातेदार असल्यास इतर खातेदारांची संमतीपत्र

**अर्ज प्रक्रिया:**
- **महाविस्तार-एआय ॲप** गुगल प्ले स्टोअरवरून डाउनलोड करून शेतकरी आयडीने लॉगिन करून अर्ज करता येतो
- **NDKSP 2.0 वेब पोर्टल** (https://mahapocra.gov.in/mr/applications) वर जाऊन शेतकरी आयडीने लॉगिन करून अर्ज करता येतो
- आधार क्रमांक बँक खात्याशी जोडणे आवश्यक आहे

**महत्त्वाची सूचना:** ही योजना फक्त **पोक्रा गावांसाठी** लागू आहे. आपल्या गावाचा समावेश या योजनेत आहे का, याची खात्री करण्यासाठी स्थानिक कृषी कार्यालयाशी संपर्क साधा.

---

**स्रोत: शासकीय योजना माहिती**

आपल्याला वर्धा जिल्ह्यातील इतर शासकीय योजनांची माहिती हवी आहे का? किंवा कुक्कुटपालनासाठी इतर योजना शोधायच्या आहेत का?",2026-01-30T00:49:25.569858,kenpath/mhv_vistaar_all_mhv_vistaar_all_qwen3-32b_v0.2_v0.2.1,FT Qwen 3 (32B) v0.2.1
b327609871229b2f7336f2a84e086035,Soil Lab,Devanagri,गोंदिया भागात फिरती माती परीक्षण वाहन सेवा उपलब्ध आहे का?,Is mobile soil testing van service available in Gondia area?,,"गोंदिया भागासाठी माती परीक्षण प्रयोगशाळा (फिरती माती परीक्षण वाहन) सेवा सध्या उपलब्ध नाही. आपल्याला जवळच्या इतर ठिकाणासाठी माती परीक्षण सेवा माहिती पाहायची आहे का? तसेच, आपण आपल्या स्थानिक कृषी कार्यालयाशी संपर्क साधून या सेवेबद्दल अधिक माहिती मिळवू शकता.

**स्रोत: कृषी सेवा माहिती**",2026-01-30T00:47:53.000405,kenpath/mhv_vistaar_all_mhv_vistaar_all_qwen3-32b_v0.2_v0.2.1,FT Qwen 3 (32B) v0.2.1
143498eb00a7f27a9ca668b8dc82c2f9,Scheme,Devanagri,अमरावती भागात पॉलीहाउस अनुदान योजना उपलब्ध आहे का?,Is polyhouse subsidy scheme available in Amravati area?,,"होय, अमरावती भागात पॉलीहाऊस अनुदान योजना उपलब्ध आहे. या योजनेंतर्गत फुलपिक आणि भाजीपाला पिकांसाठी पॉलीहाऊस आणि शेडनेट हाऊसमध्ये लागवडीसाठी आर्थिक मदत दिली जाते.

**नानाजी देशमुख कृषी संजीवनी प्रकल्प (पॉलीहाऊस) योजना**

ही योजना फक्त पोक्रा (PoCRA) गावांसाठी उपलब्ध आहे. जर आपले गाव पोक्रा योजनेत समाविष्ट असेल तर आपण या योजनेचा लाभ घेऊ शकता.

**मुख्य लाभ:**
- फुलपिक आणि भाजीपाला पिकांसाठी उच्च गुणवत्तेचे रोपे आणि प्लास्टिक कव्हरसाठी आर्थिक मदत
- हवामान बदलांपासून संरक्षण मिळते
- पाणी आणि खतांचा कार्यक्षम वापर शक्य होतो
- वर्षभर लागवड करणे शक्य होते
- उत्पादनात आणि उत्पादकतेत वाढ होते

**पात्रता:**
1. शेतकऱ्यांकडे पाणीपुरवठा आणि वीज उपलब्ध असणे आवश्यक
2. ५ हेक्टरपर्यंत जमीन असणाऱ्या शेतकऱ्यांना लाभ उपलब्ध
3. एकूण ४,००० चौरस मीटर क्षेत्रासाठी अनुदान मिळू शकते
4. याआधी याच जमिनीवर इतर कोणत्याही योजनेचा लाभ घेतला नसेल
5. अर्जदाराचा आधार क्रमांक बँक खात्याशी जोडलेला असावा

**अर्ज प्रक्रिया:**
1. मोबाईलवर ""महाविस्तार-एआय अॅप्लिकेशन"" गुगल प्ले स्टोअरवरून डाउनलोड करा
2. नोंदणीकृत शेतकरी आयडी वापरून लॉगिन करा
3. डॅशबोर्डवरील ""DBT"" टॅबवर क्लिक करा
4. ""NDKSP (पोक्रा)"" टॅबवर क्लिक करून नवीन योजनेसाठी अर्ज करा

**आवश्यक कागदपत्रे:**
- अनुसूचित जाती/जमातीचे प्रमाणपत्र (जर लागू असेल तर)
- दिव्यांग प्रमाणपत्र (जर लागू असेल तर)
- संयुक्त खातेधारक असल्यास इतर खातेदारांची संमतीपत्र

**स्रोत: शासकीय योजना माहिती**

आपले गाव पोक्रा योजनेत समाविष्ट आहे का? जर होय तर आपण या योजनेसाठी अर्ज करू शकता.",2026-01-30T00:48:31.940808,kenpath/mhv_vistaar_all_mhv_vistaar_all_qwen3-32b_v0.2_v0.2.1,FT Qwen 3 (32B) v0.2.1
18e19ac3397905061672ffcc1c3ccacb,Warehouse,Devanagri,सांगली भागात नोंदणीकृत गोदामांची संपर्क माहिती द्या.,Provide contact details of registered warehouses in Sangli area.,,"सांगली भागातील नोंदणीकृत गोदामांची माहिती खालीलप्रमाणे आहे:

**१. मिरज गोदाम**
- **पत्ता:** एमएसडब्ल्यूसी, मिरज-पंढरपूर रोड, तसगाव फाटा, मिरज
- **संपर्क:** गोदाम व्यवस्थापक
- **दूरध्वनी:** 0233-2276265
- **अंतर:** ८.८ किमी

**२. जैसिंगपूर गोदाम**
- **पत्ता:** एमएसडब्ल्यूसी, एपीएमसी मार्केट यार्ड, शिरोळ
- **संपर्क:** गोदाम व्यवस्थापक
- **दूरध्वनी:** 02322-221796
- **अंतर:** ९.२ किमी

**३. इचलकरंजी गोदाम**
- **पत्ता:** एमएसडब्ल्यूसी, एपीएमसी मार्केट यार्ड, सांगली रोड, इचलकरंजी
- **संपर्क:** गोदाम व्यवस्थापक
- **दूरध्वनी:** 0230-2432732
- **अंतर:** २०.९ किमी

**४. तसगाव गोदाम**
- **पत्ता:** एमएसडब्ल्यूसी, एपीएमसी मार्केट यार्ड, तसगाव
- **संपर्क:** गोदाम व्यवस्थापक
- **दूरध्वनी:** 02346-242008
- **अंतर:** २०.९ किमी

**५. ताकरी गोदाम**
- **पत्ता:** एमएसडब्ल्यूसी, एपीएमसी मार्केट यार्ड, ताकरी
- **संपर्क:** गोदाम व्यवस्थापक
- **दूरध्वनी:** 02342-262145
- **अंतर:** ३९.९ किमी

या गोदामांमध्ये आपले शेतीमाल सुरक्षित ठेवता येतो. आपल्याला गोदाम सुविधा किंवा शेतीमाल साठवणुकीबद्दल अधिक माहिती हवी आहे का?

**स्रोत: कृषी सेवा माहिती**",2026-01-30T00:48:31.909897,kenpath/mhv_vistaar_all_mhv_vistaar_all_qwen3-32b_v0.2_v0.2.1,FT Qwen 3 (32B) v0.2.1
d203720fc6063dfac96a4b8cdccf65ae,KVK,Devanagri,रायगड मध्ये KVK तून शेत भेट सेवा उपलब्ध आहे का?,Is farm visit service available from KVK in Raigad?,,"रायगड जिल्ह्यासाठी कृषी विज्ञान केंद्र (KVK) शेत भेट सेवा उपलब्ध नाही.

कृषी विज्ञान केंद्रांमध्ये शेतकऱ्यांना विविध कृषी तंत्रज्ञानांची माहिती, दर्जेदार बियाणे आणि रोपे, आणि शेतात भेट देऊन मार्गदर्शन मिळते. आपण आपल्या जवळच्या तालुक्यातील कृषी कार्यालयात संपर्क साधून जवळच्या KVK केंद्राची माहिती घेऊ शकता.

**स्रोत: कृषी सेवा माहिती**

आपल्याला रायगड जिल्ह्यातील इतर कृषी सेवा केंद्रांबद्दल माहिती हवी आहे का, जसे की मृदा परीक्षण प्रयोगशाळा किंवा कस्टम हायरिंग सेंटर?",2026-01-30T00:48:37.135100,kenpath/mhv_vistaar_all_mhv_vistaar_all_qwen3-32b_v0.2_v0.2.1,FT Qwen 3 (32B) v0.2.1
ef6f92788a8988b4cbca9b87609066e0,Soil Lab,Devanagri,जालना भागात डिजिटल अहवाल देणारी प्रयोगशाळा कोणती?,Which laboratory provides digital reports in Jalna area?,,"जालना भागात डिजिटल अहवाल देणारी माती परीक्षण प्रयोगशाळा सध्या उपलब्ध नाही. आपल्याला जवळच्या दुसऱ्या ठिकाणातील माती प्रयोगशाळेची माहिती पाहायची आहे का? किंवा आपल्या स्थानिक कृषी कार्यालयात संपर्क साधून अधिक माहिती मिळवू शकता.

**स्रोत: कृषी सेवा माहिती**",2026-01-30T00:48:48.174932,kenpath/mhv_vistaar_all_mhv_vistaar_all_qwen3-32b_v0.2_v0.2.1,FT Qwen 3 (32B) v0.2.1
099b4e428b2490e6983b97d395191903,Soil Lab,Devanagri,रत्नागिरी जिल्ह्यात माती परीक्षण प्रयोगशाळेचा संपर्क क्रमांक द्या.,Provide contact number of soil testing laboratory in Ratnagiri district.,,"मला रत्नागिरी जिल्ह्यातील माती परीक्षण प्रयोगशाळेची माहिती सध्या उपलब्ध नाही. आपल्याला जवळच्या इतर ठिकाणांसाठी माती परीक्षण प्रयोगशाळेची माहिती पाहायची आहे का? किंवा आपण आपल्या स्थानिक कृषी कार्यालयाशी संपर्क साधून अधिक माहिती घेऊ शकता.

**स्रोत: कृषी सेवा माहिती**",2026-01-30T00:48:50.302587,kenpath/mhv_vistaar_all_mhv_vistaar_all_qwen3-32b_v0.2_v0.2.1,FT Qwen 3 (32B) v0.2.1
5b5c985ec38a6fe6032c0c4f4c80af77,Mandi Price,Romanized,Dhule bajarat cotton vikayla changla bhav aahe ka?,Is there a good price for selling cotton in Dhule market?,,"धुळे बाजारातील कापसाचे दर सध्या उपलब्ध नाहीत. आपल्याला जवळच्या इतर बाजारांमध्ये कापसाचे दर तपासायचे आहेत का? उदाहरणार्थ, जळगाव किंवा नाशिक बाजारातील दर तपासू शकतो.

**स्रोत: बाजारभाव**",2026-01-30T00:49:00.587951,kenpath/mhv_vistaar_all_mhv_vistaar_all_qwen3-32b_v0.2_v0.2.1,FT Qwen 3 (32B) v0.2.1
27342fbb8520fbb2ec559621fa5413dd,Advisory,Devanagri,लातूर जिल्ह्यात तूर पिकाच्या पानांवर पिवळे ठिपके का येतात?,Why do yellow spots appear on leaves of pigeon pea in Latur district?,,"लातूर जिल्ह्यात तूर पिकाच्या पानांवर पिवळे ठिपके दिसण्याची दोन प्रमुख कारणे असू शकतात:

**१. वांझ मोझॅक रोग (विषाणूजन्य रोग):**
या रोगामध्ये पानांवर पिवळे गोलाकार ठिपके दिसतात. झाड झुडपासारखे वाढते आणि पानांचा रंग फिकट हिरवा दिसतो. या रोगामुळे झाडावर अत्यंत कमी किंवा मुळीच शेंगधारणा होत नाही. हा रोग पांढरी माशी या किडीमुळे पसरतो.

**२. मररोग (बुरशीजन्य रोग):**
या रोगामध्ये पानाच्या शिरा पिवळ्या होतात आणि पाने पिवळी पडतात. झाडाचे शेंडे मलूल होतात आणि कोमेजतात. झाड हिरव्या स्थितीत वाळते. जमिनीलगतच्या खोडाचा भाग काळ्या रंगाचा बनतो. मूळ उभे चिरले असता मुळाचा मध्य भाग काळा दिसतो.

**नियंत्रणासाठी उपाय:**
- रोगप्रतिकारक वाण वापरा
- रोगग्रस्त झाडे लगेच काढून नष्ट करा
- रोगमुक्त बियाणे वापरा
- पेरणीपूर्वी बियाणे ट्रायकोडर्मा या जैविक घटकाने प्रक्रिया करा (४ ग्रॅम प्रति किलो बियाणे)
- पांढरी माशी नियंत्रणासाठी आंतरप्रवाही कीटकनाशक फवारणी करा

**स्रोत: डॉ. पंजाबराव देशमुख कृषी विद्यापीठ**

आपल्या तूर पिकाच्या इतर भागांवर (खोड, शेंगा) काही लक्षणे दिसत आहेत का? तसे असल्यास कृपया सांगा, जेणेकरून अधिक नेमकी मदत करता येईल.",2026-01-30T00:49:21.483030,kenpath/mhv_vistaar_all_mhv_vistaar_all_qwen3-32b_v0.2_v0.2.1,FT Qwen 3 (32B) v0.2.1
bffb1f56a1065e0aef7281b0957581fa,Advisory,Devanagri,यवतमाळ जिल्ह्यात लसूण फुलोऱ्याच्या वेळी काय काळजी घ्यावी?,What care to take during flowering of garlic in Yavatmal district?,,"लसूण पिकाच्या फुलोऱ्याच्या वेळी यवतमाळ जिल्ह्यातील शेतकऱ्यांनी खालील महत्त्वाच्या काळजी घ्याव्यात:

**१. पाणी व्यवस्थापन:**
फुलोऱ्याच्या अवस्थेत पाण्याचा ताण होऊ देऊ नका. या टप्प्यावर पाण्याची गरज विशेष असते. जर या अवस्थेत पाण्याचा ताण आला तर लसूण पिकाचे उत्पादन कमी होते. यवतमाळ जिल्ह्यातील हवामान लक्षात घेता, या काळात नियमित सिंचन द्यावे.

**२. खत व्यवस्थापन:**
लसूण पिकासाठी एकरी २४ किलो नत्र, २४ किलो स्फुरद आणि २४ किलो पालाश द्यावे. यातील अर्धे नत्र आणि सर्व स्फुरद व पालाश पेरणीच्या वेळी द्यावे आणि उर्वरित अर्धे नत्र पेरणीनंतर एका महिन्यात द्यावे. जर जमिनीत गंधक कमतरता असेल तर पेरणीच्या वेळी एकरी ८ किलो गंधक गांडूळ खतात मिसळून द्यावे.

**३. आंतरमशागत:**
पेरणीनंतर १५-२० दिवसांनी रोपांची विरळणी करून दोन रोपांतील अंतर ३० सेंटीमीटर ठेवावे. पेरणीनंतर एक निंदणी आणि दोन डवरणे करावीत. पहिले डवरणे पेरणीनंतर २० दिवसांनी आणि दुसरे डवरणे ३५-४० दिवसांनी करावे.

**४. तण नियंत्रण:**
फुलोऱ्याच्या अवस्थेत तणांचा प्रादुर्भाव टाळण्यासाठी योग्य वेळी तणनाशके फवारावीत किंवा निंदणी करावी.

**५. कापणी:**
जेव्हा पिकाच्या ५०% भागात फुलोरा येतो तेव्हा कापणी करावी. यवतमाळ जिल्ह्यात ही कापणी साधारण ६५-७० दिवसांत होते.

**स्रोत: MPKV कृषी दर्शनी**

लसूण पिकाच्या फुलोऱ्याच्या अवस्थेत आपल्याला कोणत्या विशिष्ट समस्यांबद्दल माहिती हवी आहे का? किंवा यवतमाळ जिल्ह्यातील लसूण बाजारभाव जाणून घ्यायचे आहेत का?",2026-01-30T00:49:47.000201,kenpath/mhv_vistaar_all_mhv_vistaar_all_qwen3-32b_v0.2_v0.2.1,FT Qwen 3 (32B) v0.2.1
ab23dac4f37184e271531f8cb8f98f00,Scheme,Devanagri,वाशिम भागात ज्वारी पिकासाठी विमा योजना उपलब्ध आहे का?,Is insurance scheme available for sorghum crop in Washim area?,,"वाशिम भागात ज्वारी पिकासाठी विमा योजनांबद्दल माहिती खालीलप्रमाणे आहे:

## उपलब्ध विमा योजना

**१. प्रधानमंत्री फसल बीमा योजना (PMFBY)** - सध्या या योजनेची माहिती उपलब्ध नाही. ही योजना भारत सरकारची आहे आणि ज्वारीसह इतर पिकांसाठी विमा संरक्षण देते.

**२. रिस्ट्रक्चर्ड वेदर बेस्ड क्रॉप इन्शुरन्स (RWBCIS)** - सध्या या योजनेची माहिती उपलब्ध नाही. ही योजना हवामानावर आधारित पिक विमा देते.

**३. नमो शेतकरी महासन्मान निधी (NSMNY)** - सध्या या योजनेची माहिती उपलब्ध नाही. ही महाराष्ट्र शासनाची योजना आहे.

**४. प्रधानमंत्री किसान सम्मान निधी (PM-KISAN)** - ही योजना विमा नाही, परंतु शेतकऱ्यांना आर्थिक मदत देते.

## उपलब्ध इतर योजना

**१. गोपीनाथ मुंडे शेतकरी अपघात सुरक्षा सानुग्रह अनुदान योजना** - शेतकऱ्यांना अपघाती मृत्यू किंवा कायमस्वरूपी अपंगत्व झाल्यास आर्थिक मदत देते. प्रत्येक घटनेसाठी **₹२ लाख** पर्यंत आर्थिक सहाय्य दिले जाते.

**२. राष्ट्रीय अन्न सुरक्षा अभियान (NFSNM)** - ज्वारीसह इतर पिकांसाठी बियाणे वितरण, खत व्यवस्थापन आणि उत्पादन वाढीसाठी मदत देते.

**३. मिशन फॉर इंटिग्रेटेड डेव्हलपमेंट ऑफ हॉर्टिकल्चर (MIDH)** - फळपिके, भाजीपाला आणि फुलपिकांसाठी संरक्षित शेती (शेडनेट हाऊस) यासाठी अनुदान देते.

## शिफारस

ज्वारी पिकासाठी विमा संरक्षणासाठी **प्रधानमंत्री फसल बीमा योजना (PMFBY)** सर्वात योग्य आहे. या योजनेंतर्गत नैसर्गिक आपत्ती, अतिवृष्टी किंवा दुष्काळामुळे नुकसान झाल्यास शेतकऱ्यांना आर्थिक मदत मिळते.

**स्रोत: शासकीय योजना माहिती**

आपल्याला प्रधानमंत्री फसल बीमा योजनेबद्दल अधिक माहिती हवी आहे का, किंवा ज्वारी पिकासाठी इतर कोणत्या योजनांची माहिती हवी आहे?",2026-01-30T00:54:58.229576,kenpath/mhv_vistaar_all_mhv_vistaar_all_qwen3-32b_v0.2_v0.2.1,FT Qwen 3 (32B) v0.2.1
a5778788d90d703dfc4281bf09751d8b,CHC,Devanagri,सिंधुदुर्ग मध्ये ट्रॅक्टर भाड्याने घेण्यासाठी दर किती आहे?,What is the rental rate for tractor in Sindhudurg?,,"सिंधुदुर्ग जिल्ह्यात सध्या ट्रॅक्टर भाड्याने देणाऱ्या सेवा केंद्रांची माहिती उपलब्ध नाही.

सामान्यतः ट्रॅक्टर भाड्याने घेण्यासाठी आपल्या जवळच्या कस्टम हायरिंग सेंटर (CHC) किंवा शेतकरी उत्पादक कंपनी (FPO) यांच्याशी संपर्क साधावा. भाडे दर हे ट्रॅक्टरच्या क्षमतेनुसार, तासांनुसार किंवा दिवसानुसार वेगवेगळे असतात.

आपल्याला सिंधुदुर्ग जिल्ह्यातील इतर कृषी सेवा केंद्रांची माहिती पाहायची आहे का, जसे की मृदा परीक्षण प्रयोगशाळा किंवा कृषी विज्ञान केंद्र?

**स्रोत: कृषी सेवा माहिती**",2026-01-30T00:50:01.593814,kenpath/mhv_vistaar_all_mhv_vistaar_all_qwen3-32b_v0.2_v0.2.1,FT Qwen 3 (32B) v0.2.1
b305c43d241d3336789f1ed98e59bab6,Soil Lab,Romanized,Solapur jilhyat okra pikasathi mati parikshan kuthe karave?,Where to get soil testing done for okra crop in Solapur district?,,"सोलापूर जिल्ह्यात भोपळ्याच्या पिकासाठी माती परीक्षण करण्यासाठी जवळपासच्या माती चाचणी प्रयोगशाळांची माहिती खालीलप्रमाणे आहे:

**१. माती चाचणी प्रयोगशाळा, धाराशिव**
- **पत्ता:** जिकारे बिल्डिंग, डीआयसी रोड, सेंट्रल बिल्डिंग जवळ, धाराशिव, पिन ४१३५०१
- **अंतर:** ६० किमी
- **संपर्क व्यक्ती:** श्री. डी. बी. दहिफळे
- **दूरध्वनी:** ९७६४४१५५७१

**२. माती चाचणी प्रयोगशाळा, सोलापूर**
- **पत्ता:** जिल्हा मृदा सर्वेक्षण माती चाचणी अधिकारी, नवीन आर.टी.ओ. कार्यालयाजवळ, विजापूर रोड, सोलापूर ४१३००१
- **अंतर:** ८७ किमी
- **संपर्क व्यक्ती:** श्री. ए. यू. सापटे (अतिरिक्त चार्ज)
- **दूरध्वनी:** ७७०९४२९०८४

**३. माती चाचणी प्रयोगशाळा, लातूर**
- **पत्ता:** जिल्हा मृदा सर्वेक्षण आणि माती चाचणी प्रयोगशाळा, दिवाणजी कॉम्प्लेक्स, अंबेजोगाई रोड, लातूर ४१३५१२
- **अंतर:** १०७ किमी
- **संपर्क व्यक्ती:** श्री. आऊसेकर आर. आर.
- **दूरध्वनी:** ९०२१५५१२१२

**माती परीक्षणाचे फायदे:**
माती परीक्षण केल्याने आपल्याला मातीचा pH, सेंद्रिय कार्बन, नायट्रोजन, फॉस्फरस, पोटॅशियम आणि सूक्ष्म पोषक तत्वांची माहिती मिळते. यावरून आपण भोपळ्याच्या पिकासाठी योग्य खतांची मात्रा ठरवू शकता आणि पीक उत्पादन वाढवू शकता.

**स्रोत: कृषी सेवा माहिती**

आपल्याला भोपळ्याच्या पिकासाठी खत व्यवस्थापन किंवा इतर कोणत्या शेतीविषयक माहिती हवी आहे का?",2026-01-30T00:50:23.573647,kenpath/mhv_vistaar_all_mhv_vistaar_all_qwen3-32b_v0.2_v0.2.1,FT Qwen 3 (32B) v0.2.1
3514075275cf90bb2de5bfdea394d36e,Weather Historical,Devanagri,हिंगोली भागात गेल्या २ दिवसांत आर्द्रता किती होती?,What was the humidity in the last 2 days in Hingoli area?,,हिंगोली भागासाठी गेल्या २ दिवसांची हवामान माहिती सध्या उपलब्ध नाही. आपल्याला हिंगोली जवळच्या इतर बाजारांतील हवामान माहिती पाहायची आहे का किंवा इतर कोणत्या शेतीविषयक प्रश्नाबद्दल मदत हवी आहे का?,2026-01-30T00:50:14.092413,kenpath/mhv_vistaar_all_mhv_vistaar_all_qwen3-32b_v0.2_v0.2.1,FT Qwen 3 (32B) v0.2.1
6034b50be5ad5f0e6fc8c65872dd3f5d,Advisory,Devanagri,यवतमाळ जिल्ह्यात कोंबड्यांना Ranikhet रोगापासून बचाव कसा करावा?,How to prevent Newcastle disease in poultry in Yavatmal district?,,"यवतमाळ जिल्ह्यातील कोंबड्यांना रणिखेत रोग (Newcastle Disease) पासून बचाव करण्यासाठी खालील उपाय करा:

**रणिखेत रोगाची माहिती:**
रणिखेत रोग हा अत्यंत संसर्गजन्य विषाणूजन्य रोग आहे जो कोंबड्यांमध्ये श्वास, पचन व तंत्रज्ञान तंत्रिणी विकार निर्माण करतो. या रोगामुळे अंडी उत्पादनात घट, पंख-पाय वाकणे, डोके वाकणे, आणि शेवटी मृत्यू होऊ शकतो.

**प्रतिबंधात्मक उपाय:**

**१. लसीकरण (वॅक्सिनेशन):**
- **पहिला आठवडा:** लासोटा लस १ थेंब प्रत्येक डोळ्यात किंवा नाकाच्या छिद्रात द्यावी.
- **८ आठवडे:** आर २ बी मुक्तेश्वर लस इंजेक्शनद्वारे द्यावी.
- **१८ आठवडे:** पुन्हा आर २ बी लस द्यावी.

**२. सामान्य उपाय:**
- विश्रांतीच्या जागेत भेटदारांना प्रवेश नसावा.
- संक्रमित पक्ष्यांना वेगळे ठेवावे.
- कोंबड्यांच्या जागेतील साहित्य योग्य प्रकारे नसबंदी करावे.
- कोंबड्यांचे घर निर्जंतुक करावे.
- मृत पक्ष्यांचे जाळून किंवा खोल गाडून नष्ट करावे.
- उंदरांचे आणि मुक्त उडणाऱ्या पक्ष्यांचे नियंत्रण करावे.

**३. स्वच्छता आणि जैवसुरक्षा:**
- खाद्य व पाणी स्वच्छ ठेवावे.
- खाद्य आणि पाण्यात सेंद्रिय आम्ल वापरावे.
- पाण्यात क्लोरीन डायऑक्साईड ०.२ मिली/लिटर प्रमाणे द्यावे.
- पाइपलाइनमधील बायोफिल्म १०% हायड्रोजन परॉक्साईडने काढावी.
- कोंबड्यांच्या जागेतील साफसफाई व निर्जंतुकीकरण नियमित करावे.

**४. व्यवस्थापन:**
- आरोग्य चांगले राहण्यासाठी आहार स्वच्छता आणि आतड्यांचे आरोग्य व्यवस्थापन करावे.
- कचरा व्यवस्थापन योग्य पद्धतीने करावे.

**स्रोत: Animal Science and Technology Standard XII, Vaccines for Livestock and Poultry by ICAR**

यवतमाळ जिल्ह्यातील कोंबडी उत्पादकांना या उपायांचा अवलंब करणे अत्यंत आवश्यक आहे. लसीकरण वेळेवर करणे आणि स्वच्छता राखणे हे रणिखेत रोगापासून बचावासाठी सर्वात प्रभावी उपाय आहेत.

आपल्याला कोंबडी उत्पादनातील इतर कोणत्या विशिष्ट समस्येबद्दल माहिती हवी आहे का?",2026-01-30T00:50:57.863023,kenpath/mhv_vistaar_all_mhv_vistaar_all_qwen3-32b_v0.2_v0.2.1,FT Qwen 3 (32B) v0.2.1
f8fa2bb53233ff1cde3a728252bf99d9,Advisory,Romanized,Akola jilhyat onion lagvadichi yogya vel konti?,What is the right time for onion planting in Akola district?,,"अकोला जिल्ह्यात कांद्याची लागवड करण्यासाठी योग्य वेळ आणि महत्त्वाची माहिती खालीलप्रमाणे आहे:

**कांद्याची लागवड हंगाम:**

अकोला जिल्ह्यात कांद्याची लागवड **रबी हंगामात** (ऑक्टोबर-नोव्हेंबर) करणे योग्य आहे. रबी हंगामासाठी लागवडीसाठी रोपे ६-८ आठवड्यांची असावीत आणि लागवडीसाठी वाफे किंवा रुंद सरी-वरंब्यांमध्ये १० x १० सेंमी अंतरावर रोपे लावावीत.

**मुख्य जाती (रबी हंगाम):**

- **लाल कांदा:** अग्री फाऊंड लाइट रेड, भीमा शक्ती, भीमा किरण, एन-२-४-१, पूसा रेड, अर्का निकेतन
- **पांढरा कांदा:** अकोला सफेद, फुले सफेद, भीमा श्वेता, पूसा व्हाइट फ्लॅट, पूसा व्हाइट राऊंड

**खत व्यवस्थापन:**

प्रति हेक्टर १०० किलो नत्र, ५० किलो स्फुरद आणि ५० किलो पालाश द्यावे. लागवडीच्या वेळी अर्धे नत्र आणि संपूर्ण स्फुरद व पालाश द्यावे. लागवडीनंतर ३० दिवसांनी उर्वरित अर्धे नत्र द्यावे. तसेच प्रति हेक्टर ३० किलो गंधक बेंटोसल्फद्वारे द्यावे.

**सिंचन:**

८-१२ दिवसांनी पाणी द्यावे. जमिनीचा पोत आणि पिकाच्या गरजेनुसार हा कालावधी कमी-जास्त करावा.

**पीक कालावधी:**

रोपांची लागवडीनंतर सुमारे १२० दिवसांनी कांदा पीक तयार होते.

**कापणी:**

पानांच्या ५०% पेक्षा जास्त भाग पिवळा पडून वाळायला सुरुवात झाल्यावर कापणी करावी. कापणीच्या ८-१५ दिवस आधी सिंचन बंद करावे. कापणीनंतर कांदा शेतात सावलीत किमान ७-८ दिवस वाळवावा.

**उत्पादन:**

कांदा पिकापासून प्रति हेक्टर २००-२५० क्विंटल उत्पादन मिळू शकते.

**स्रोत: डॉ. पंजाबराव देशमुख कृषी विद्यापीठ**

आपल्याला कांद्याच्या रोग नियंत्रणाबद्दल किंवा खत व्यवस्थापनाबद्दल अधिक माहिती हवी आहे का?",2026-01-30T00:50:54.523638,kenpath/mhv_vistaar_all_mhv_vistaar_all_qwen3-32b_v0.2_v0.2.1,FT Qwen 3 (32B) v0.2.1
5a8361165b6770bf5e657494a3d2fff1,Scheme,Devanagri,नंदुरबार जिल्ह्यातील शेतकऱ्यांसाठी कोणत्या योजना उपलब्ध आहेत?,What schemes are available for farmers in Nandurbar district?,,"नंदुरबार जिल्ह्यातील शेतकऱ्यांसाठी अनेक शासकीय योजना उपलब्ध आहेत. या योजनांमध्ये राज्य शासनाच्या योजना आणि केंद्र शासनाच्या योजना दोन्ही समाविष्ट आहेत.

**राज्य शासनाच्या योजना (महाराष्ट्र):**

- **मुख्यमंत्री शाश्वत कृषी सिंचन योजना (स्वतंत्र शेततळे)**
- **गोपीनाथ मुंडे शेतकरी अपघात सुरक्षा अनुदान योजना**
- **पंतप्रधान राष्ट्रीय कृषी विकास योजना - कोरडवाहू क्षेत्र विकास (RAD)**
- **नानाजी देशमुख कृषी संजीवनी प्रकल्प (NDKSP) योजना** - जिरायती पाणीपुरवठा, ठिबक सिंचन, तुषार सिंचन, पाईप्स, पंप सेट, विहीर पुनर्भरण, बांबू लागवड, फळबाग लागवड, मत्स्यपालन, शेळीपालन, रेशीम उत्पादन युनिट, सेंद्रिय उत्पादन युनिट, भाजीपाला लागवड, फुलपिक लागवड इत्यादी
- **डॉ. बाबासाहेब आंबेडकर कृषी स्वावलंबन योजना (BAKSY)**
- **भीरसा मुंडा कृषी क्रांती योजना**
- **भाऊसाहेब फुंडकर फलोत्पादन लागवड योजना**
- **राष्ट्रीय अन्न आणि पोषण सुरक्षा अभियान (NFSNM)** - गहू, तांदूळ, तृणधान्य, मका इत्यादी
- **राष्ट्रीय खाद्य सुरक्षा आणि पोषण अभियान (NFSNM)** - कापूस व ऊस विकास योजना
- **राष्ट्रीय तेलबिया अभियान**
- **कृषी यंत्रीकरण योजना** - शेती यंत्रे व उपकरणे, कस्टम हायरिंग सेंटर (CHC)

**केंद्र शासनाच्या योजना:**

- **नमो शेतकरी महासन्मान निधी (NSMNY)**
- **प्रधानमंत्री किसान सम्मान निधी (PM-KISAN)**
- **प्रधानमंत्री फसल बीमा योजना (PMFBY)**
- **प्रधानमंत्री किसान मानधन योजना**
- **कृषी यंत्रीकरण उप-अभियान** - शेती यंत्रे व उपकरणे
- **मिशन फॉर इंटिग्रेटेड डेव्हलपमेंट ऑफ हॉर्टिकल्चर (MIDH)**
- **प्रधानमंत्री फॉर्मलायझेशन ऑफ मायक्रो फूड प्रोसेसिंग एंटरप्रायझेस (PMFMFP)**
- **अग्रिकल्चर इन्फ्रास्ट्रक्चर फंड (AIF)**
- **राष्ट्रीय ग्रामीण रोजगार हमी योजना (MGNREGS)**

**स्रोत: शासकीय योजना माहिती**

आपल्याला या योजनांपैकी कोणत्या विशिष्ट योजनेबद्दल अधिक माहिती हवी आहे का? किंवा आपल्या प्रोफाइलमध्ये अर्ज केलेल्या योजनांची स्थिती तपासायची आहे का?",2026-01-30T00:51:11.016397,kenpath/mhv_vistaar_all_mhv_vistaar_all_qwen3-32b_v0.2_v0.2.1,FT Qwen 3 (32B) v0.2.1
8e794e4697230666d16e2f4fe3da3b2a,Advisory,Devanagri,यवतमाळ भागात टोमॅटो साठी सेंद्रिय खत कोणते वापरावे?,Which organic fertilizer to use for tomato in Yavatmal area?,,"यवतमाळ भागात टोमॅटो पिकासाठी सेंद्रिय खतांचा वापर करणे फार फायदेशीर आहे. खालील सेंद्रिय खतांचा वापर करा:

**१. शेणखत (शेतखत):**
लागवडीपूर्वी शेतात प्रति एकर ८ टन चांगले कुजलेले शेणखत मिसळा. हे मातीची सुपीकता वाढवते आणि पिकाच्या वाढीस मदत करते.

**२. गांडूळखत:**
गांडूळखत वापरल्यास उत्पादनात वाढ होते. रोपे लावताना गांडूळखत वापरल्यास टोमॅटोच्या उत्पादनात चांगली वाढ होते.

**३. जैविक बियाणे प्रक्रिया:**
टोमॅटोच्या बियाण्यांना ट्रायकोडर्मा + एमएमएच (M44) या जैविक बुरशीनाशकांनी प्रक्रिया केल्यास उत्पादनात वाढ होते आणि रोगांचा प्रतिकार वाढतो.

**४. ह्युमिक आम्ल फवारणी:**
पुनर्लागवडीनंतर ४५ आणि ६० दिवसांनी ह्युमिक आम्ल @ १० मिली प्रति लिटर पाण्यात मिसळून दोन वेळा फवारणी केल्यास टोमॅटोच्या उत्पादनात सुमारे १९% वाढ होते.

**५. जैविक खतांचा वापर:**
रोपवाटिकेत टोमॅटोच्या रोपांच्या वाढीसाठी आजोटोबॅक्टर, अझोस्पिरिलम आणि पीएसबी या जैविक खतांचे १० मिली प्रति ५ किलो गांडूळखत पिशवीत मिसळा.

**६. सेंद्रिय खतांचा फायदा:**
सेंद्रिय खतांचा वापर केल्याने टोमॅटोच्या दर्जात वाढ होते. व्हिटॅमिन सीचे प्रमाण वाढते आणि फळांचा चव चांगला राहतो.

**स्रोत: एमपीकेव्ही कृषी दर्शनी, डॉ. पंजाबराव देशमुख कृषी विद्यापीठ, आयसीएआर वार्षिक अहवाल**

आपल्याला टोमॅटो पिकाच्या रोग नियंत्रण किंवा खत व्यवस्थापनाबद्दल अधिक माहिती हवी आहे का?",2026-01-30T00:51:19.909533,kenpath/mhv_vistaar_all_mhv_vistaar_all_qwen3-32b_v0.2_v0.2.1,FT Qwen 3 (32B) v0.2.1
8f06702161bd98915adf22d950fb8d9c,Weather Forecast,Devanagri,पालघर भागात पुढचे काही दिवस तापमान किती राहील?,What will be the temperature for the next few days in Palghar area?,,"पालघर भागासाठी हवामान अंदाज सध्या उपलब्ध नाही. आपल्याला जवळच्या दुसऱ्या बाजारासाठी हवामान माहिती तपासायची आहे का, किंवा इतर कोणत्या शेतीविषयक प्रश्नाबद्दल मदत हवी आहे का?",2026-01-30T00:51:21.992677,kenpath/mhv_vistaar_all_mhv_vistaar_all_qwen3-32b_v0.2_v0.2.1,FT Qwen 3 (32B) v0.2.1
9b6844de3c59731b0e12d6b1598938e4,MahaDBT,Romanized,Hingoli jilhyatil mazya sarv pralambhit arjanchi sthiti dakhva.,Show status of all my pending applications in Hingoli district.,,"आपल्या प्रोफाइलमध्ये योजना अर्ज सापडले नाहीत. योजना अर्जाची स्थिती तपासण्यासाठी आपल्या शेतकरी आयडीने नोंदणी करणे आवश्यक आहे.

आपल्याला अर्ज करता येणाऱ्या शासकीय योजनांची माहिती हवी आहे का?",2026-01-30T00:51:25.455083,kenpath/mhv_vistaar_all_mhv_vistaar_all_qwen3-32b_v0.2_v0.2.1,FT Qwen 3 (32B) v0.2.1
621bb857e2de75c6604907d8c8f66ffa,Weather Forecast,Devanagri,वर्धा जिल्ह्यात पुढचे काही दिवस कोरडे हवामान राहील का?,Will the weather remain dry for the next few days in Wardha district?,,वर्धा जिल्ह्यासाठी हवामान अंदाज सध्या उपलब्ध नाही. आपल्याला जवळच्या बाजारांतील हवामान माहिती पाहायची आहे का किंवा वेगळ्या शेतीविषयक प्रश्नाबद्दल मदत हवी आहे का?,2026-01-30T00:51:43.624125,kenpath/mhv_vistaar_all_mhv_vistaar_all_qwen3-32b_v0.2_v0.2.1,FT Qwen 3 (32B) v0.2.1
f3dcea2f741440acd3fd901528a8add3,Soil Lab,Devanagri,पुणे मध्ये NABL मान्यताप्राप्त प्रयोगशाळा आहे का?,Is there a NABL accredited laboratory in Pune?,,"पुणे जिल्ह्यासाठी माती परीक्षण प्रयोगशाळा (NABL मान्यताप्राप्त) सध्या उपलब्ध नाही. आपल्याला जवळच्या इतर ठिकाणासाठी माती परीक्षण प्रयोगशाळांची माहिती पाहायची आहे का?

**स्रोत: कृषी सेवा माहिती**",2026-01-30T00:51:56.571709,kenpath/mhv_vistaar_all_mhv_vistaar_all_qwen3-32b_v0.2_v0.2.1,FT Qwen 3 (32B) v0.2.1
360b71b9ef73b3215c1dc8ee3861a74d,CHC,Devanagri,यवतमाळ मध्ये बूम स्प्रेअर भाड्याने देणारे केंद्र शोधा.,Find center that rents boom sprayer in Yavatmal.,,"यवतमाळ जिल्ह्यात बूम स्प्रेअर भाड्याने देणारी कस्टम हायरिंग सेंटर (CHC) खालीलप्रमाणे आहेत:

**१. रामगाव, दरव्हा** (३ किमी)
- **संपर्क:** मनोहर आनंदराव नवरंगे
- **फोन:** 9420625964
- **पत्ता:** सुरतेश्वर शेतकरी स्वयं सहाय्यता गट

**२. चापरडा, कळंब** (१७ किमी)
- **संपर्क:** मनिषा दिपक उइके
- **फोन:** 7499763283
- **पत्ता:** अंबादेवी स्वयंसहाय्यता महिला बचत गट

**३. येवती, यवतमाळ** (२२ किमी)
- **संपर्क:** पायल घनशम कपसे
- **फोन:** 8208379181
- **पत्ता:** जगनाथ महाराज स्वयं सहाय्यता समूह

**४. वरजाडी, यवतमाळ** (२६ किमी)
- **संपर्क:** उषा दादरव देठे
- **फोन:** 9604155289
- **पत्ता:** सावित्रीबाई फुले महिला बचत गट

**५. मंगरूळ, यवतमाळ** (२७ किमी)
- **संपर्क:** साधुराम पटलधामल वाढवाणी
- **फोन:** 8411004595
- **पत्ता:** डेक्कन साखर खासगी मर्यादित कंपनी

या केंद्रांवर बूम स्प्रेअर आणि इतर शेती यंत्रसामग्री भाड्याने मिळू शकते. भाड्याच्या दरांबद्दल आणि उपलब्धतेबद्दल थेट या केंद्रांशी संपर्क साधा.

**स्रोत: कृषी सेवा माहिती**

आपल्याला या केंद्रांपैकी कोणत्याही ठिकाणाच्या अधिक माहितीबद्दल किंवा इतर शेती यंत्रसामग्रीबद्दल माहिती हवी आहे का?",2026-01-30T00:52:28.183047,kenpath/mhv_vistaar_all_mhv_vistaar_all_qwen3-32b_v0.2_v0.2.1,FT Qwen 3 (32B) v0.2.1
844694380b6c88f2260ffcd8e566c915,Advisory,Devanagri,चंद्रपूर भागात टोमॅटो साठी खतांचे वेळापत्रक सुचवा.,Suggest fertilizer schedule for tomato in Chandrapur area.,,"चंद्रपूर भागातील टोमॅटो पिकासाठी खतांचे वेळापत्रक खालीलप्रमाणे आहे:

**रासायनिक खतांचे प्रमाण:**

सरळ वाणांसाठी:
- **नत्र:** ८० किलो प्रति एकर
- **स्फुरद:** ४० किलो प्रति एकर
- **पालाश:** ४० किलो प्रति एकर

संकरित वाणांसाठी:
- **नत्र:** १२० किलो प्रति एकर
- **स्फुरद:** ६० किलो प्रति एकर
- **पालाश:** ६० किलो प्रति एकर

**खतांचे वेळापत्रक:**

१. लागवडीपूर्वी:
   - अर्धे नत्र (५०%) आणि संपूर्ण स्फुरद व पालाश जमिनीत मिसळून द्या

२. लागवडीनंतर:
   - उर्वरित अर्धे नत्र ३ समान हप्त्यांमध्ये २० दिवसांच्या अंतराने द्या

**सेंद्रिय खत:**
- शेणखत ८ टन प्रति एकर जमिनीत मिसळा

**ठिबक सिंचनासाठी विशेष सूचना:**
ठिबक सिंचन पद्धतीने खतांचे वेळापत्रक वापरल्यास उत्पादन ४०% पर्यंत वाढते आणि खतांची मात्रा २०% वाचते. लागवडीनंतर ८ आठवड्यांच्या अंतराने १४ समान हप्त्यांमध्ये विद्राव्य खतांचा वापर करा.

**सूक्ष्म अन्नद्रव्ये:**
माती परीक्षणानुसार सूक्ष्म अन्नद्रव्ये (झिंक, बोरॉन) द्या. लागवडीनंतर ३० दिवसांनी आणि त्यानंतर १५ दिवसांच्या अंतराने फवारणी करा.

**स्रोत: MPKV कृषी दर्शनी, Dr. Panjabrao Deshmukh Krishi Vidyapeeth**

आपल्याला टोमॅटो पिकावरील कीड व रोग व्यवस्थापनाबद्दल अधिक माहिती हवी आहे का?",2026-01-30T00:52:40.463069,kenpath/mhv_vistaar_all_mhv_vistaar_all_qwen3-32b_v0.2_v0.2.1,FT Qwen 3 (32B) v0.2.1
9247c43aa900af38862da9a4f95da65a,Advisory,Devanagri,नागपूर जिल्ह्यात मिरची पिकासाठी योग्य जमिनीचा प्रकार कोणता?,What type of soil is suitable for chili crop in Nagpur district?,,"नागपूर जिल्ह्यात मिरची पिकासाठी योग्य जमिनीचा प्रकार याबद्दल माहिती मिळाली आहे.

नागपूर जिल्ह्यात मिरची पिकासाठी मध्यम ते भारी, सुपीक, भुसभुशीत आणि चांगल्या निचऱ्याची माती योग्य आहे. या प्रकारच्या मातीमध्ये पाण्याचा निचरा चांगला होतो आणि मिरची पिकाला आवश्यक अन्नद्रव्ये सहज मिळतात.

मिरची पिकासाठी पाणी साचणारी, क्षारयुक्त, क्षारीय किंवा खूप हलकी माती टाळावी. चांगल्या निचऱ्याची माती निवडल्यास मिरचीच्या मुळांना हवा मिळते आणि मातीजन्य रोगांचा प्रादुर्भाव कमी होतो.

**स्रोत: MPKV कृषी दर्शनी**

आपल्याला मिरचीच्या लागवडीबद्दल किंवा खत व्यवस्थापनाबद्दल अधिक माहिती हवी आहे का?",2026-01-30T00:52:54.521674,kenpath/mhv_vistaar_all_mhv_vistaar_all_qwen3-32b_v0.2_v0.2.1,FT Qwen 3 (32B) v0.2.1
d8628109bdfc0c0d7f69aefe29463e40,Advisory,Devanagri,चंद्रपूर जिल्ह्यात भात पिकाला स्फुरद कधी द्यावे?,When to apply phosphorus to paddy crop in Chandrapur district?,,"चंद्रपूर जिल्ह्यात भात पिकासाठी स्फुरद (फॉस्फरस) खताचा वापर खूप महत्त्वाचा आहे. येथे तुम्हाला योग्य वेळ आणि पद्धतीबद्दल माहिती देत आहे:

**स्फुरद खत कधी द्यावे:**

भात पिकाला स्फुरद खत चिखलणीच्या वेळी (लागवडीपूर्वी) पूर्णपणे द्यावे. चिखलणीच्या वेळी स्फुरद, पालाश आणि नत्राचे अर्धे प्रमाण एकत्र द्यावे.

**स्फुरद खताचे प्रमाण:**
प्रति हेक्टर ५० किलो स्फुरद खत द्यावे.

**स्फुरद खताचे फायदे:**
- भाताच्या मुळांची वाढ चांगली होते
- बियाणे उगवण्याची गुणवत्ता वाढते
- पीक चांगल्या प्रकारे वाढते

**खताचा वापर करताना:**
- चिखलणीच्या वेळी स्फुरद खत जमिनीत मिसळून द्यावे
- खडक स्फटिक खत वापरत असल्यास, हिवरळीची हिरवळीची खत ३ टन प्रति हेक्टर जमिनीत मिसळावी
- यूरिया-डीएपी ब्रिकेट्स वापरल्यास, लागवडीनंतर लगेच ब्रिकेट्स लावावेत

**स्रोत: कृषी दर्शनी डॉ. बाळासाहेब सावंत कोकण कृषी विद्यापीठ, दापोली २०२५**

तुमच्या भात पिकासाठी नत्र खताची वेळ आणि पद्धत जाणून घ्यायची आहे का?",2026-01-30T00:53:21.188787,kenpath/mhv_vistaar_all_mhv_vistaar_all_qwen3-32b_v0.2_v0.2.1,FT Qwen 3 (32B) v0.2.1
4e16afcdc1fe8725c9c096406bdadddd,Advisory,Devanagri,सांगली मध्ये सूर्यफूल वरील पांढरी माशी ची लक्षणे काय आहेत?,What are the symptoms of whitefly on sunflower in Sangli?,,"सांगली जिल्ह्यातील सूर्यफूल पिकावर पांढरी माशीची लक्षणे आणि नुकसान खालीलप्रमाणे आहेत:

**पांढरी माशीची लक्षणे:**

पांढरी माशी ही फिकट पिवळ्या रंगाची असते आणि तिच्या शरीरावर पांढरे पंख असतात. ही माशी पानाच्या खालील बाजूस थांबून रस शोषण करते. त्यामुळे पाने कोमेजतात आणि झाडाची वाढ मंदावते. जर पांढरी माशीचा प्रादुर्भाव जास्त झाला तर झाडाची वाढ खुंटते आणि पाने पिवळसर होऊन कोरडी पडतात.

**नुकसान:**

पांढरी माशी रस शोषण करत असल्याने पानांची वाढ खुंटते आणि झाडाची उत्पादनक्षमता कमी होते. या किडीचा प्रादुर्भाव वाढल्यास संपूर्ण झाडाची वाढ थांबते आणि पाने लवकर कोरडी पडतात.

**स्रोत: VNMKV परभणी**

आपल्या सूर्यफूल पिकावर पांढरी माशीचा प्रादुर्भाव दिसत असल्यास, नियंत्रणासाठी योग्य कीटकनाशक फवारणी करणे आवश्यक आहे. आपल्याला नियंत्रणाच्या उपायांबद्दल माहिती हवी आहे का?",2026-01-30T00:53:29.926073,kenpath/mhv_vistaar_all_mhv_vistaar_all_qwen3-32b_v0.2_v0.2.1,FT Qwen 3 (32B) v0.2.1
08c551f593e414aa0ade9b7d9cc12885,Soil Lab,Romanized,Raigad bhagat shaskiya mati parikshan kendra uplabdh aahe ka?,Is government soil testing center available in Raigad area?,,"रायगड जिल्ह्यासाठी माती परीक्षण प्रयोगशाळा सेवा सध्या उपलब्ध नाही. आपल्याला जवळच्या इतर ठिकाणांसाठी माती परीक्षण प्रयोगशाळांची माहिती पाहायची आहे का? किंवा आपण आपल्या स्थानिक कृषी कार्यालयात संपर्क साधून अधिक माहिती घेऊ शकता.

**स्रोत: कृषी सेवा माहिती**",2026-01-30T00:53:54.475344,kenpath/mhv_vistaar_all_mhv_vistaar_all_qwen3-32b_v0.2_v0.2.1,FT Qwen 3 (32B) v0.2.1
f684fcfe2d5f2c67d5947f1707830418,CHC,Devanagri,लातूर मध्ये पॉवर टिलर भाड्याने मिळतो का?,Is power tiller available for rent in Latur?,,"लातूर येथे पॉवर टिलर भाड्याने मिळण्याबद्दल माहिती उपलब्ध नाही. आपल्याला जवळच्या इतर ठिकाणांसाठी माहिती पाहू इच्छिता का? किंवा आपल्या स्थानिक कृषी कार्यालयात संपर्क साधून अधिक माहिती मिळवू शकता.

**स्रोत: कृषी सेवा माहिती**",2026-01-30T00:54:09.929317,kenpath/mhv_vistaar_all_mhv_vistaar_all_qwen3-32b_v0.2_v0.2.1,FT Qwen 3 (32B) v0.2.1
278a4272762731cfa0955b73bca9c6fe,Mandi Price,Devanagri,भंडारा बाजारात सोयाबीन विकणे फायदेशीर आहे का?,Is it profitable to sell soybean in Bhandara market?,,"भंडारा बाजारातील सोयाबीनचे दर सध्या उपलब्ध नाहीत. आपल्याला जवळच्या बाजारांतील सोयाबीनचे दर तपासायचे आहेत का? उदाहरणार्थ, अमरावती, गोंदिया किंवा नागपूर या जवळच्या बाजारांचे दर मी शोधू शकतो.

**स्रोत: बाजारभाव**",2026-01-30T00:54:32.874802,kenpath/mhv_vistaar_all_mhv_vistaar_all_qwen3-32b_v0.2_v0.2.1,FT Qwen 3 (32B) v0.2.1
5c4aa54d6000855ec5503b7a76251e5e,Mandi Price,Devanagri,नांदेड बाजारात कांदा चा ट्रेंड कसा आहे?,What is the trend of onion in Nanded market?,,"नांदेड बाजारात सध्या कांद्याचे दर उपलब्ध नाहीत. या बाजारात सध्या सोयाबीन आणि गहू या पिकांचे दर उपलब्ध आहेत.

आपल्याला जवळच्या इतर बाजारातील कांद्याचे दर तपासायचे आहेत का? किंवा आपल्याला नांदेड बाजारातील उपलब्ध पिकांच्या दरांची माहिती हवी आहे का?

**स्रोत: बाजारभाव**",2026-01-30T00:54:50.957036,kenpath/mhv_vistaar_all_mhv_vistaar_all_qwen3-32b_v0.2_v0.2.1,FT Qwen 3 (32B) v0.2.1
96226669fd4e385e0c97f791cae73ebc,KVK,Romanized,Yavatmal jilhyatil KVK madhe brinjal biyane uplabdh aahe ka?,Are brinjal seeds available at KVK in Yavatmal district?,,"यवतमाळ जिल्ह्यासाठी कृषी विज्ञान केंद्र (KVK) माहिती सध्या उपलब्ध नाही. कृपया आपल्या स्थानिक कृषी कार्यालयाशी संपर्क साधा किंवा जवळच्या इतर ठिकाणासाठी माहिती तपासू इच्छिता का?

**स्रोत: कृषी सेवा माहिती**",2026-01-30T00:55:05.839845,kenpath/mhv_vistaar_all_mhv_vistaar_all_qwen3-32b_v0.2_v0.2.1,FT Qwen 3 (32B) v0.2.1
b03aaef32850f98fe56c595679c0e6bc,CHC,Devanagri,रायगड जिल्ह्यात ड्रोन फवारणी सेवा उपलब्ध आहे का?,Is drone spraying service available in Raigad district?,,"मला रायगड जिल्ह्यासाठी ड्रोन फवारणी सेवा किंवा कस्टम हायरिंग सेंटर (CHC) माहिती सध्या उपलब्ध नाही.

ड्रोन फवारणी सेवा उपलब्ध असलेल्या जवळच्या ठिकाणांसाठी माहिती पाहू इच्छिता का? किंवा आपण आपल्या स्थानिक कृषी कार्यालयात संपर्क साधून या सेवांबद्दल अधिक माहिती मिळवू शकता.

**स्रोत: कृषी सेवा माहिती**",2026-01-30T00:55:22.931678,kenpath/mhv_vistaar_all_mhv_vistaar_all_qwen3-32b_v0.2_v0.2.1,FT Qwen 3 (32B) v0.2.1
0f1ca8f93420615fc682b6146cc8a18e,Weather Historical,Devanagri,भंडारा मध्ये गेल्या ३ दिवसांत सरासरी तापमान किती नोंदले?,What was the average temperature recorded in the last 3 days in Bhandara?,,"भंडारा जिल्ह्यासाठी गेल्या ३ दिवसांचे हवामान इतिहास उपलब्ध नाही. आपल्याला भंडारा जिल्ह्यासाठी पुढील ५ दिवसांचा हवामान अंदाज पाहायचा आहे का?

**स्रोत: हवामान इतिहास (Skymet)**",2026-01-30T00:55:28.309251,kenpath/mhv_vistaar_all_mhv_vistaar_all_qwen3-32b_v0.2_v0.2.1,FT Qwen 3 (32B) v0.2.1
706b12d1af65632a77700deff86f8b8c,Weather Forecast,Devanagri,सोलापूर भागात पुढचे काही दिवस तापमान किती राहील?,What will be the temperature for the next few days in Solapur area?,,मला सोलापूर भागासाठी पुढील काही दिवसांचा हवामान अंदाज सध्या उपलब्ध नाही. आपल्याला जवळच्या इतर बाजारासाठी हवामान माहिती तपासायची आहे का किंवा इतर कोणत्या शेतीविषयक प्रश्नाबद्दल मदत हवी आहे का?,2026-01-30T00:55:42.811072,kenpath/mhv_vistaar_all_mhv_vistaar_all_qwen3-32b_v0.2_v0.2.1,FT Qwen 3 (32B) v0.2.1
bdc9eb9def5f8f34bbaa96a2a1a6ee61,Warehouse,Devanagri,नंदुरबार भागात शीतगृह (Cold Storage) सुविधा उपलब्ध आहे का?,Is cold storage facility available in Nandurbar area?,,"नंदुरबार भागासाठी शीतगृह (कोल्ड स्टोरेज) सुविधा माहिती सध्या उपलब्ध नाही.

आपल्याला जवळच्या दुसऱ्या ठिकाणासाठी माहिती पाहायची आहे का, किंवा आपल्या स्थानिक कृषी कार्यालयात संपर्क साधून शीतगृह सुविधांबद्दल अधिक माहिती घेण्याचा सल्ला देतो.

**स्रोत: कृषी सेवा माहिती**",2026-01-30T00:55:53.601821,kenpath/mhv_vistaar_all_mhv_vistaar_all_qwen3-32b_v0.2_v0.2.1,FT Qwen 3 (32B) v0.2.1
fc0ac35d03ec57bb60e0d4f6fa7e3b99,Warehouse,Devanagri,गोंदिया जिल्ह्यात आले साठवण्यासाठी खाजगी गोदामे उपलब्ध आहेत का?,Are private warehouses available for storing ginger in Gondia district?,,"गोंदिया जिल्ह्यासाठी सध्या खाजगी गोदामांची माहिती उपलब्ध नाही. आपण आपल्या स्थानिक कृषी कार्यालयाशी संपर्क साधून जवळच्या गोदामांची माहिती घेऊ शकता. तेथे आपल्याला आले साठवण्यासाठी योग्य सुविधा उपलब्ध आहेत का हे तपासता येईल.

**स्रोत: कृषी सेवा माहिती**

आपल्याला गोंदिया जिल्ह्यातील बाजारभाव किंवा हवामानाची माहिती हवी आहे का?",2026-01-30T00:56:07.974180,kenpath/mhv_vistaar_all_mhv_vistaar_all_qwen3-32b_v0.2_v0.2.1,FT Qwen 3 (32B) v0.2.1
ff88c8c8e071339d89687ae36c694ffa,Advisory,Devanagri,नाशिक भागात जनावरांना खुरपका-तोंडपका लस कधी द्यावी?,When to vaccinate animals for FMD in Nashik area?,,"नाशिक भागातील गायी आणि बैलांना **खुर व तोंड रोग (FMD)** लसीकरणाबद्दल माहिती खालीलप्रमाणे आहे:

**खुर व तोंड रोग (FMD) लसीकरण वेळापत्रक:**

**पहिली लस:** जनावराच्या वयाच्या ३-४ महिन्यांपासून द्यावी

**दुसरी लस:** पहिल्या लसीनंतर १ महिन्यांनी द्यावी

**नंतरची लस:** दर ६ महिन्यांनी द्यावी - म्हणजेच **सप्टेंबर-ऑक्टोबर** आणि **मार्च-एप्रिल** महिन्यात लसीकरण करावे

**महत्त्वाचे उपाय:**
- जनावरांना लस देताना ३ मिली लस खालच्या बाजूने द्यावी
- रोगाची लक्षणे दिसल्यास त्वरित जनावरांना वेगळे ठेवावे
- लसीकरण केल्यानंतर १ वर्ष रोगापासून संरक्षण मिळते
- लसीकरणानंतर ३-४ दिवस जनावरांना चांगला आराम द्यावा

**स्रोत: डॉ. पंजाबराव देशमुख कृषी विद्यापीठ आणि पशुसंवर्धन मार्गदर्शक**

आपल्या जनावरांना या हंगामात लसीकरण करणे आवश्यक आहे. आपल्याला जवळच्या पशुवैद्यकीय केंद्राची माहिती हवी आहे का?",2026-01-30T00:56:25.613989,kenpath/mhv_vistaar_all_mhv_vistaar_all_qwen3-32b_v0.2_v0.2.1,FT Qwen 3 (32B) v0.2.1
0b5ec0f1595392424121e29844a80b71,Weather Forecast,Devanagri,धुळे मध्ये पेरू पिकाला पाणी देण्यासाठी योग्य वेळ कोणती?,What is the right time to water the guava crop in Dhule?,,"धुळे जिल्ह्यात पेरू पिकाला पाणी देण्यासाठी योग्य वेळ आणि व्यवस्थापनाबद्दल माहिती खालीलप्रमाणे आहे:

## पेरू पिकाला पाणी देण्याची योग्य वेळ

धुळे जिल्ह्यातील हवामानानुसार आणि शिफारसीनुसार, पेरू पिकाला पाणी देण्याची योग्य वेळ खालीलप्रमाणे आहे:

### दिवसाचा वेळ:
पेरू पिकाला पाणी सकाळी ६ ते ८ वाजेपर्यंत किंवा संध्याकाळी ४ ते ६ वाजेपर्यंत द्यावे. दुपारच्या उन्हात पाणी देणे टाळावे कारण त्यामुळे पाण्याचा अपव्यय होतो.

### आठवड्यातील वेळ:
सध्या धुळे जिल्ह्यात उष्ण हवामान आहे (१७.६°C ते ३४.७°C तापमान), त्यामुळे उन्हाळ्यात पेरू पिकाला आठवड्यातून दोन वेळा पाणी द्यावे. पावसाळ्यात आणि हिवाळ्यात आठवड्यातून एकदा पाणी देणे पुरेसे आहे.

### वर्षभरातील पाणी व्यवस्थापन:

| महिना | पाण्याची गरज (लिटर/झाड/दिवस) |
|-------|-----------------------------|
| जानेवारी | १४ ते १५ |
| फेब्रुवारी | १६ ते १७ |
| मार्च | २२ ते २३ |
| एप्रिल | २५ ते २६ |
| मे | २८ ते २९ |
| जून | १९ ते २० |
| जुलै | १७ ते १८ |
| ऑगस्ट | १६ ते १७ |
| सप्टेंबर | १६ ते १७ |
| ऑक्टोबर | १७ ते १८ |
| नोव्हेंबर | १५ ते १६ |
| डिसेंबर | १२ ते १३ |

### आगामी हवामान (३० जानेवारी ते ६ फेब्रुवारी):

| तारीख | किमान तापमान | कमाल तापमान | पाऊस |
|-------|--------------|--------------|------|
| ३० जानेवारी | १७.६°C | ३०.६°C | ० मिमी |
| ३१ जानेवारी | २०.७°C | ३२.७°C | ०.२ मिमी |
| १ फेब्रुवारी | २२.९°C | ३३.२°C | ० मिमी |
| २ फेब्रुवारी | २२.४°C | ३२.९°C | ० मिमी |
| ३ फेब्रुवारी | २१.६°C | ३२.६°C | ०.१ मिमी |
| ४ फेब्रुवारी | २१.२°C | ३२.६°C | ० मिमी |
| ५ फेब्रुवारी | २१.२°C | ३३.४°C | ०.३ मिमी |
| ६ फेब्रुवारी | २१.२°C | ३४.७°C | ० मिमी |

सध्या धुळे जिल्ह्यात पाऊस अपेक्षित नाही, त्यामुळे पेरू पिकाला नियमित अंतराने पाणी द्यावे.

**स्रोत: हवामान अंदाज (IMD), डॉ. पंजाबराव देशमुख कृषी विद्यापीठ**

आपल्या पेरू बागेत फळमाशी किंवा इतर कीड-रोगांचा प्रादुर्भाव दिसत आहे का? त्याबद्दल नियंत्रणाच्या उपायांबद्दल माहिती हवी आहे का?",2026-01-30T00:57:04.332769,kenpath/mhv_vistaar_all_mhv_vistaar_all_qwen3-32b_v0.2_v0.2.1,FT Qwen 3 (32B) v0.2.1
70ca8bbce108bfe39ac8fbab90f9ce79,Mandi Price,Devanagri,कोल्हापूर बाजारात आंबा चा ट्रेंड कसा आहे?,What is the trend of mango in Kolhapur market?,,"कोल्हापूर बाजारात आंब्याचे दर गेल्या काही दिवसांत चांगल्या पातळीवर आहेत. गेल्या आठवड्यात आंब्याचे दर खालीलप्रमाणे राहिले आहेत:

**आंबा चे दर (कोल्हापूर बाजार):**
- किमान दर: ₹३,५०० ते ₹४,००० प्रति क्विंटल
- कमाल दर: ₹१७,५०० प्रति क्विंटल
- सरासरी दर: ₹४,५०० ते ₹५,००० प्रति क्विंटल

**बाजारातील ट्रेंड:**
गेल्या १० दिवसांत आंब्याचे दर सातत्याने चांगल्या पातळीवर राहिले आहेत. सरासरी दर ₹४,५०० ते ₹५,००० च्या दरम्यान आहेत, जे चांगले आहेत. जर आपला आंबा चांगल्या प्रतीचा असेल तर ₹१७,५०० पर्यंतचे दर मिळू शकतात.

**शेतकऱ्यांसाठी सल्ला:**
आंब्याचे दर सध्या चांगले आहेत, त्यामुळे आपला आंबा बाजारात विकण्याचा विचार करू शकता. जर आपल्याकडे चांगल्या प्रतीचा आंबा असेल तर तो विक्रीसाठी आणावा. जर आंबा साठवण्याची सोय असेल तर बाजारातील दर आणखी वाढण्याची शक्यता असते.

**स्रोत: बाजारभाव**

आपल्याला आंब्याच्या साठवणुकीबद्दल किंवा इतर फळपिकांबद्दल काही माहिती हवी आहे का?",2026-01-30T00:56:55.831313,kenpath/mhv_vistaar_all_mhv_vistaar_all_qwen3-32b_v0.2_v0.2.1,FT Qwen 3 (32B) v0.2.1
fc3960be32a422f184ce1da4dfdf5f55,Scheme,Devanagri,जालना भागात पॉलीहाउस अनुदान योजना उपलब्ध आहे का?,Is polyhouse subsidy scheme available in Jalna area?,,"जालना भागात पॉलीहाउस अनुदान योजनांबद्दल सध्या माहिती उपलब्ध नाही.

मात्र, महाराष्ट्र राज्यात आणि केंद्र शासनाकडून बागायती विकासासाठी अनेक योजना उपलब्ध आहेत. यामध्ये **मिशन फॉर इंटिग्रेटेड डेव्हलपमेंट ऑफ हॉर्टिकल्चर (MIDH)** योजनेअंतर्गत पॉलीहाउस आणि ग्रीनहाउस यांसाठी अनुदान मिळू शकते.

आपल्याला उपलब्ध शासकीय योजनांची संपूर्ण माहिती हवी आहे का? किंवा आपण जालना जिल्ह्यातील आपल्या स्थानिक कृषी कार्यालयाशी संपर्क साधून या योजनांबद्दल अधिक माहिती घेऊ इच्छिता का?

**स्रोत: शासकीय योजना माहिती**",2026-01-30T00:57:08.021240,kenpath/mhv_vistaar_all_mhv_vistaar_all_qwen3-32b_v0.2_v0.2.1,FT Qwen 3 (32B) v0.2.1
23d8691cdcd5108fae4a4b8d3ef38284,Advisory,Devanagri,परभणी भागात मका साठी सेंद्रिय खत कोणते वापरावे?,Which organic fertilizer to use for maize in Parbhani area?,,"मका पिकासाठी सेंद्रिय खतांचा वापर करताना खालील पर्याय उपलब्ध आहेत:

**१. शेणखत (गाय-म्हशीचे शेण):**
शेणखत हे सर्वात सोपे आणि सहज उपलब्ध सेंद्रिय खत आहे. शेणखतामुळे मातीची सुपीकता वाढते आणि पाणी धारणक्षमता सुधारते.

**२. गांडूळखत:**
गांडूळखत हे उच्च गुणवत्तेचे सेंद्रिय खत आहे. मका पिकाच्या अवशेषांचा वापर करून गांडूळखत तयार करता येते. हे खत मातीची रचना सुधारते आणि पोषक तत्वे वाढवते.

**३. जैविक खत (जीवाणू खत):**
मका पिकासाठी खालील जैविक खते उपयुक्त आहेत:
- **अॅझोटोबॅक्टर:** हे जीवाणू नत्र स्थिरीकरण करतात आणि मका पिकाला नत्र पुरवतात.
- **अॅझोस्पिरिलम:** हे जीवाणू तृणधान्य पिकांसाठी योग्य आहेत आणि मका पिकाला नत्र पुरवतात.

**४. शेणखत आणि मातीचे मिश्रण:**
रब्बी हंगामात मका लावताना, शिफारस केलेल्या खताची मात्रा खड्ड्याच्या तळाशी द्यावी आणि त्यावर शेणखत आणि मातीचे १:१ प्रमाणात मिश्रण घालावे.

**सेंद्रिय खताचा परिणाम:**
तृणधान्य पिकांमध्ये (जसे मका) सेंद्रिय खताचा परिणाम रासायनिक खतांपेक्षा कमी असतो. सेंद्रिय शेतीमध्ये मका पिकाचे उत्पादन रासायनिक शेतीच्या ७५ ते ८० टक्के असते.

**स्रोत: कृषी विज्ञान केंद्र दस्तऐवज, डॉ. बाळासाहेब सावंत कोकण कृषी विद्यापीठ, दापोली**

आपल्याला मका पिकाच्या रासायनिक खत व्यवस्थापनाबद्दल माहिती हवी आहे का किंवा बियाणे प्रक्रिया याबद्दल मार्गदर्शन हवे आहे का?",2026-01-30T00:57:20.134135,kenpath/mhv_vistaar_all_mhv_vistaar_all_qwen3-32b_v0.2_v0.2.1,FT Qwen 3 (32B) v0.2.1
ea962e16e9f384f9a0d41b56dd9a9132,KVK,Devanagri,सातारा मध्ये कृषी विज्ञान केंद्रात प्रशिक्षण कार्यक्रम कधी असतात?,When are training programs held at KVK in Satara?,,"सातारा जिल्ह्यातील कृषी विज्ञान केंद्र (KVK) सेवा माहिती सध्या उपलब्ध नाही. आपण दुसऱ्या ठिकाणासाठी माहिती पाहू इच्छिता का, किंवा स्थानिक कृषी कार्यालयात संपर्क साधून KVK प्रशिक्षण कार्यक्रमांची माहिती घेऊ शकता.

**स्रोत: कृषी सेवा माहिती**",2026-01-30T00:57:28.564141,kenpath/mhv_vistaar_all_mhv_vistaar_all_qwen3-32b_v0.2_v0.2.1,FT Qwen 3 (32B) v0.2.1
18f6e1eca916f79b6f10462f74e1a909,CHC,Devanagri,जालना जिल्ह्यात लेझर लँड लेव्हलर सेवा कुठे आहे?,Where is laser land leveler service in Jalna district?,,"जालना जिल्ह्यासाठी लेझर लँड लेव्हलर (कस्टम हायरिंग सेंटर - CHC) सेवा सध्या उपलब्ध नाही. आपल्याला जवळच्या दुसऱ्या ठिकाणासाठी माहिती पाहू इच्छिता का?

**स्रोत: कृषी सेवा माहिती**",2026-01-30T00:57:36.016830,kenpath/mhv_vistaar_all_mhv_vistaar_all_qwen3-32b_v0.2_v0.2.1,FT Qwen 3 (32B) v0.2.1
a5ff6b0ab07259e75263dc314f1e72ce,Scheme,Devanagri,नांदेड मध्ये शेततळे योजनेसाठी अर्ज कसा करावा?,How to apply for farm pond scheme in Nanded?,,"नांदेड जिल्ह्यात शेततळे योजनेसाठी अर्ज करण्याबद्दल माझ्याकडे सध्या विशिष्ट माहिती उपलब्ध नाही.

शेततळे योजनेसाठी अर्ज करण्यासाठी आपल्या जवळच्या कृषी कार्यालयाशी संपर्क साधणे योग्य ठरेल. तेथे आपल्याला योजनेच्या पात्रता निकषांबद्दल, आवश्यक कागदपत्रांबद्दल आणि अर्ज प्रक्रियेबद्दल संपूर्ण माहिती मिळेल.

आपल्याला नांदेड जिल्ह्यातील कृषी संस्थापकांचा संपर्क क्रमांक हवा आहे का, जेणेकरून आपण थेट संपर्क साधू शकाल?

**स्रोत: शासकीय योजना माहिती**",2026-01-30T00:57:56.480430,kenpath/mhv_vistaar_all_mhv_vistaar_all_qwen3-32b_v0.2_v0.2.1,FT Qwen 3 (32B) v0.2.1
7e813cb907c7d578dd82eb5b1bc3bd80,Weather Historical,Devanagri,वर्धा जिल्ह्यात काल दुपारचे तापमान आले साठी खूप जास्त होते का?,Was yesterday's afternoon temperature too high for ginger in Wardha district?,,"वर्धा जिल्ह्यासाठी कालच्या दुपाऱ्याच्या तापमानाची माहिती सध्या उपलब्ध नाही. आपल्याला वर्धा जिल्ह्यासाठी हवामानाचा अंदाज पाहायचा आहे का, किंवा दुसऱ्या जिल्ह्यासाठी इतिहास माहिती तपासायची आहे का?

**स्रोत: हवामान इतिहास (Skymet)**",2026-01-30T00:58:06.304521,kenpath/mhv_vistaar_all_mhv_vistaar_all_qwen3-32b_v0.2_v0.2.1,FT Qwen 3 (32B) v0.2.1
c0d5200be0998b84744814f21ed56829,Warehouse,Devanagri,नंदुरबार मध्ये MSWC गोदामांची यादी द्या.,Provide list of MSWC warehouses in Nandurbar.,,"नंदुरबार जिल्ह्यासाठी गोदाम (MSWC) सेवांची माहिती सध्या उपलब्ध नाही. आपल्याला जवळच्या इतर ठिकाणासाठी गोदाम सेवा माहिती तपासायची आहे का, किंवा आपल्या स्थानिक कृषी कार्यालयात चौकशी करायची आहे का?

**स्रोत: कृषी सेवा माहिती**",2026-01-30T00:58:15.824607,kenpath/mhv_vistaar_all_mhv_vistaar_all_qwen3-32b_v0.2_v0.2.1,FT Qwen 3 (32B) v0.2.1
7c6dfab72a594da373519e5c88d244c9,Warehouse,Romanized,Ratnagiri jilhyat pigeon pea sathavnukisathi sabat javalchi suvidha konti?,What is the nearest facility for storing pigeon pea in Ratnagiri district?,,"रत्नागिरी जिल्ह्यात शेती यंत्रसामग्री भाड्याने देणाऱ्या कस्टम हायरिंग सेंटर (CHC) सेवांची माहिती सध्या उपलब्ध नाही.

आपल्याला जवळच्या इतर ठिकाणांसाठी कस्टम हायरिंग सेंटर सेवांची माहिती पाहायची आहे का? किंवा आपल्या स्थानिक कृषी कार्यालयात चौकशी करण्याचा सल्ला देतो.

**स्रोत: कृषी सेवा माहिती**",2026-01-30T00:58:27.008647,kenpath/mhv_vistaar_all_mhv_vistaar_all_qwen3-32b_v0.2_v0.2.1,FT Qwen 3 (32B) v0.2.1
e10f2f37d32b351c639f61c722a0316d,Scheme,Romanized,Yavatmal jilhyat thibak sinchan yojnesathi arj kasa karava?,How to apply for drip irrigation scheme in Yavatmal district?,,"मला यवतमाळ जिल्ह्यातील ठिबक सिंचन योजनेबद्दल माहिती सध्या उपलब्ध नाही. तथापि, आपल्याला अर्ज करता येणाऱ्या इतर शासकीय कृषी योजनांची माहिती दाखवतो.

**स्रोत: शासकीय योजना माहिती**

आपल्याला यवतमाळ जिल्ह्यातील इतर सिंचन योजनांबद्दल किंवा इतर कृषी योजनांबद्दल माहिती हवी आहे का?",2026-01-30T00:58:42.715500,kenpath/mhv_vistaar_all_mhv_vistaar_all_qwen3-32b_v0.2_v0.2.1,FT Qwen 3 (32B) v0.2.1
fd9c5d5dbd488b4cf99d5b732143e71d,Warehouse,Romanized,Raigad madhe MSWC godamanchi yadi dya.,Provide list of MSWC warehouses in Raigad.,,"रायगड जिल्ह्यासाठी गोदाम (MSWC) सेवा माहिती सध्या उपलब्ध नाही. आपल्याला जवळच्या इतर ठिकाणासाठी गोदाम सेवा माहिती पाहायची आहे का? किंवा आपल्या स्थानिक कृषी कार्यालयात संपर्क साधून अधिक माहिती मिळवू शकता.

**स्रोत: कृषी सेवा माहिती**",2026-01-30T00:30:22.060970,kenpath/mhv_vistaar_all_mhv_vistaar_all_qwen3-32b_v0.2_v0.2.1,FT Qwen 3 (32B) v0.2.1
1516064c11c9932dcb3225d7aa9608d4,CHC,Devanagri,हिंगोली मध्ये थ्रेशर भाड्याने देणारे केंद्र कोणते?,Which center provides thresher for rent in Hingoli?,,"हिंगोली या ठिकाणी थ्रेशर भाड्याने देणारी कस्टम हायरिंग सेंटर (CHC) सेवा सध्या उपलब्ध नाही.

आपल्याला जवळच्या इतर ठिकाणांसाठी थ्रेशर सेवा माहिती पाहायची आहे का? किंवा आपल्या स्थानिक कृषी कार्यालयात संपर्क साधून अधिक माहिती घ्यायची आहे का?

**स्रोत: कृषी सेवा माहिती**",2026-01-30T00:30:22.558873,kenpath/mhv_vistaar_all_mhv_vistaar_all_qwen3-32b_v0.2_v0.2.1,FT Qwen 3 (32B) v0.2.1
6924464a62c647921af47bfecd778d1f,Advisory,Romanized,Washim bhagat maize sathi bijprakriya kashi karavi?,How to do seed treatment for maize in Washim area?,,"मक्याच्या बियाण्याची प्रक्रिया खूप महत्त्वाची आहे. खालील पद्धतीने बीज प्रक्रिया करा:

**रासायनिक बीज प्रक्रिया:**
पेरणीपूर्वी प्रति किलो बियाण्यासाठी २ ते २.५ ग्रॅम थायरम बुरशीनाशक लावा. यामुळे बियाणे कुज आणि रोप करपा या रोगांपासून संरक्षण मिळते.

**जैविक बीज प्रक्रिया:**
मक्याच्या बियाण्यांसाठी ट्रायकोडर्मा हारझियनम हे जैविक बुरशीनाशक वापरा. प्रति किलो बियाण्यासाठी १० ग्रॅम ट्रायकोडर्मा हारझियनम प्रति लिटर पाण्यात मिसळून बियाण्यावर लावा. पेरणीच्या १२ तास आधी ही प्रक्रिया करा. यामुळे बियाणे कुज आणि रोप करपा या रोगांचे प्रभावी व्यवस्थापन होते.

**जैवखतांची बीज प्रक्रिया:**
अॅझोटोबॅक्टर जैवखत प्रति किलो बियाण्यासाठी २५ ग्रॅम लावा. यामुळे नायट्रोजनचे शोषण चांगले होते.

**पेरणी वेळ आणि पद्धत:**
खरीप हंगामात १५ जून ते १५ जुलै या कालावधीत मका पेरा. बियाणे ४ ते ५ सेंटीमीटर खोलीवर टोकण पद्धतीने पेरा.

**स्रोत: एमपीकेव्ही कृषी दर्शनी आणि कृषी व्हीएनएमएयू**

आपल्याला मक्याच्या खत व्यवस्थापन किंवा पाणी व्यवस्थापनाबद्दल माहिती हवी आहे का?",2026-01-30T00:30:18.262007,kenpath/mhv_vistaar_all_mhv_vistaar_all_qwen3-32b_v0.2_v0.2.1,FT Qwen 3 (32B) v0.2.1
da22d65568cf2d5432825d607073fbf5,Advisory,Devanagri,सिंधुदुर्ग भागात सूर्यफूल साठी खतांचे वेळापत्रक सुचवा.,Suggest fertilizer schedule for sunflower in Sindhudurg area.,,"सिंधुदुर्ग भागात सूर्यफूल पिकासाठी खतांचे वेळापत्रक खालीलप्रमाणे आहे:

**शेणखत व कंपोस्ट:**
पेरणीपूर्वी शेवटच्या वखरणीच्या वेळी प्रति हेक्टर ५ ते १० टन चांगले कुजलेले शेणखत किंवा कंपोस्ट जमिनीत मिसळावे.

**रासायनिक खतांचे प्रमाण (प्रति हेक्टर):**

| वाण | पेरणीच्या वेळी (नत्र : स्फुरद : पालाश) | पेरणीनंतर ३०-३५ दिवसांनी (नत्र) |
|------|---------------------------|----------------|
| मॉर्डन | २० : ४० : ३० किलो | २० किलो |
| टीएएस ८२ | ३० : ६० : ३० किलो | ३० किलो |
| पीडीकेव्हीएसएच-९५२ | ४० : ६० : ३० किलो | ४० किलो |
| पीडीकेव्ही सूर्य (पीडीकेव्ही एसएच ९६४) | ५० : ७५ : ३७.५ किलो | ५० किलो |

**खतांची वेळ:**
- संपूर्ण स्फुरद आणि पालाश आणि नत्राची अर्धी मात्रा पेरणीच्या वेळी द्यावी.
- उर्वरित नत्र पेरणीनंतर ३०-३५ दिवसांनी द्यावी.

**खतांची देण्याची पद्धत:**
- कोरडवाहू सूर्यफूलासाठी दोन ओळींच्या बियाणे-खत ड्रिलने बियाणे आणि खत एकत्र पेरावे.
- सिंचित सूर्यफूलासाठी टोकण पद्धतीने सरी-वरंब्यावर लावावे.

**स्रोत: डॉ. पंजाबराव देशमुख कृषी विद्यापीठ आणि एमपीकेव्ही कृषी दर्शनी**

आपल्याला सूर्यफूल पिकाच्या रोग नियंत्रण किंवा पाण्याचे व्यवस्थापन याबद्दल अधिक माहिती हवी आहे का?",2026-01-30T00:30:46.827498,kenpath/mhv_vistaar_all_mhv_vistaar_all_qwen3-32b_v0.2_v0.2.1,FT Qwen 3 (32B) v0.2.1
e54f96cdba5934097c6917d655307b00,Advisory,Devanagri,लातूर भागात बाजरी साठी बीजप्रक्रिया कशी करावी?,How to do seed treatment for pearl millet in Latur area?,,"लातूर भागात बाजरी पिकासाठी बीजप्रक्रिया करण्याची शिफारस केली जाते. बीजप्रक्रिया योग्य केल्यास बाजरीवरील रोग नियंत्रण होते आणि चांगले उत्पादन मिळते.

**बाजरी बीजप्रक्रिया कशी करावी:**

**१. २०% मीठाच्या द्रावणात बीजप्रक्रिया (एर्गॉट रोगासाठी):**
- १० लिटर पाण्यात २ किलो मीठ मिसळा.
- बियाणे या द्रावणात टाका आणि चांगले हलवा.
- वर तरंगणारी हलकी बियाणे आणि रोगग्रस्त बियाणे गोळा करून नष्ट करा.
- तळाशी राहिलेली निरोगी आणि जड बियाणे वेगळे करा.
- ही बियाणे स्वच्छ पाण्याने २ ते ३ वेळा धुवा.
- नंतर सावलीत वाळवून पेरणीसाठी वापरा.

**२. मेटालेक्सिल ३५ डब्ल्यूएस बुरशीनाशकाने बीजप्रक्रिया (डाऊनी मिल्ड्यू रोगासाठी):**
- पेरणीपूर्वी प्रति किलो बियाण्यासाठी ६ ग्रॅम मेटालेक्सिल ३५ डब्ल्यूएस वापरा.

**३. अॅझोस्पिरिलम आणि फॉस्फेट सॉल्युबिलायझिंग बॅक्टेरिया (पीएसबी) संस्कृतीने बीजप्रक्रिया:**
- प्रति किलो बियाण्यासाठी २५ ग्रॅम अॅझोस्पिरिलम वापरा.
- यामुळे २० ते २५% नायट्रोजन खताची बचत होते आणि उत्पादन १०% वाढते.
- फॉस्फरस सॉल्युबिलायझिंग बॅक्टेरियाने देखील प्रति किलो बियाण्यासाठी २५ ग्रॅम वापरा.

**बीजप्रक्रिया का करावी:**
- बीजप्रक्रिया केल्याने बाजरीवरील एर्गॉट आणि डाऊनी मिल्ड्यू या रोगांचे नियंत्रण होते.
- नायट्रोजन खताची बचत होते आणि उत्पादन वाढते.
- निरोगी बियाणे पेरणीसाठी उपलब्ध होतात.

**स्रोत: एमपीकेव्ही कृषी दर्शनी**

आपल्याला बाजरीच्या पेरणीची वेळ किंवा खत व्यवस्थापनाबद्दल अधिक माहिती हवी आहे का?",2026-01-30T00:30:51.626204,kenpath/mhv_vistaar_all_mhv_vistaar_all_qwen3-32b_v0.2_v0.2.1,FT Qwen 3 (32B) v0.2.1
e9cb3824e4d055a3725fcdc4ee4bcb9f,Scheme,Devanagri,हिंगोली जिल्ह्यात कृषी यांत्रिकीकरण योजनेत कोणती यंत्रे समाविष्ट आहेत?,What equipment is included in farm mechanization scheme in Hingoli district?,,"हिंगोली जिल्ह्यातील कृषी यांत्रिकीकरण योजनेबद्दल माहिती उपलब्ध नाही. या योजनेत शेती यंत्रसामग्री खरेदीसाठी आर्थिक सहाय्य दिले जाते आणि शेतकऱ्यांना शेतीचे यांत्रिकीकरण वाढवण्यासाठी प्रशिक्षण आणि प्रात्यक्षिके दिली जातात.

हिंगोली जिल्ह्यातील शेतकऱ्यांसाठी उपलब्ध असलेली कृषी सेवा माहिती पुढीलप्रमाणे आहे:

**गोदाम सेवा (Warehouse Services):**

**१. मल्हारवाडी गोदाम (हिंगोली)**
- स्थान: महाराष्ट्र राज्य वखार महामंडळ, सिद्धार्थनगर, हिंगोली
- संपर्क: गोदाम व्यवस्थापक
- दूरध्वनी: 02456-220107, 9420035022
- अंतर: १ किमी

**२. एमआयडीसी गोदाम (हिंगोली)**
- स्थान: महाराष्ट्र राज्य वखार महामंडळ, एमआयडीसी वखार केंद्र संकुल, लिंबाळा औद्योगिक, हिंगोली
- संपर्क: गोदाम व्यवस्थापक
- अंतर: ५.४ किमी

**३. जवळा बाजार गोदाम (औदा)**
- स्थान: महाराष्ट्र राज्य वखार महामंडळ, एपीएमसी मार्केट यार्ड, जवळा बाजार
- संपर्क: गोदाम व्यवस्थापक
- दूरध्वनी: 02454-240469, 8381088780
- अंतर: ३३.४ किमी

**४. वाशिम गोदाम (वाशिम)**
- स्थान: महाराष्ट्र राज्य वखार महामंडळ, कृषी उत्पन्न बाजार समिती, रेल्वे स्टेशन जवळ, वाशिम
- संपर्क: गोदाम व्यवस्थापक
- दूरध्वनी: 07252-232158
- अंतर: ४२.८ किमी

**५. बसमतनगर गोदाम (बसमतनगर)**
- स्थान: महाराष्ट्र राज्य वखार महामंडळ, बसमतनगर
- संपर्क: गोदाम व्यवस्थापक
- दूरध्वनी: 02454-220082
- अंतर: ४३ किमी

**स्रोत: कृषी सेवा माहिती**

आपल्याला कृषी यांत्रिकीकरण योजनेबद्दल अधिक माहिती हवी आहे का, किंवा आपल्याला हिंगोली जिल्ह्यातील इतर कृषी सेवा (जसे की कस्टम हायरिंग सेंटर, मृदा परीक्षण प्रयोगशाळा) तपासायच्या आहेत का?",2026-01-30T00:31:56.529737,kenpath/mhv_vistaar_all_mhv_vistaar_all_qwen3-32b_v0.2_v0.2.1,FT Qwen 3 (32B) v0.2.1
d8efc383ce2dac91caa9a6ccc329bf15,Soil Lab,Devanagri,कोल्हापूर मध्ये NABL मान्यताप्राप्त प्रयोगशाळा आहे का?,Is there a NABL accredited laboratory in Kolhapur?,,"कोल्हापूर जिल्ह्यात सध्या NABL मान्यताप्राप्त माती परीक्षण प्रयोगशाळा (soil lab) उपलब्ध नाही.

आपल्याला जवळच्या इतर जिल्ह्यांमधील माती परीक्षण प्रयोगशाळांची माहिती पाहायची आहे का? किंवा आपल्या स्थानिक कृषी कार्यालयात संपर्क साधून जवळच्या प्रयोगशाळेची माहिती मिळवू शकता.

**स्रोत: कृषी सेवा माहिती**",2026-01-30T00:31:01.795694,kenpath/mhv_vistaar_all_mhv_vistaar_all_qwen3-32b_v0.2_v0.2.1,FT Qwen 3 (32B) v0.2.1
f11ab3af5a153ea0e7777aa2118cfc73,CHC,Romanized,Akola madhe tractor bhadyane ghenyasathi dar kiti aahe?,What is the rental rate for tractor in Akola?,,"आकोला जिल्ह्यासाठी कस्टम हायरिंग सेंटर (CHC) किंवा ट्रॅक्टर भाड्याने घेण्यासाठीची सेवा माहिती सध्या उपलब्ध नाही. आपण आपल्या स्थानिक कृषी कार्यालयात संपर्क साधून जवळच्या कस्टम हायरिंग सेंटरची माहिती घेऊ शकता. तेथे ट्रॅक्टर आणि इतर शेती यंत्रे भाड्याने उपलब्ध असतात आणि भाड्याचे दर जाणून घेता येतील.

आपल्याला आकोला जिल्ह्यातील इतर कृषी सेवांबद्दल माहिती हवी आहे का, जसे की माती परीक्षण प्रयोगशाळा किंवा कृषी विज्ञान केंद्र (KVK)?",2026-01-30T00:31:07.089245,kenpath/mhv_vistaar_all_mhv_vistaar_all_qwen3-32b_v0.2_v0.2.1,FT Qwen 3 (32B) v0.2.1
efeb1a0aba51d698571bc16e8dbe3743,Weather Forecast,Devanagri,परभणी मध्ये पुढचे काही दिवस आर्द्रता किती असेल?,What will be the humidity for the next few days in Parbhani?,,"परभणी जिल्ह्यात पुढील काही दिवसांची आर्द्रता खालीलप्रमाणे राहील:

**३१ जानेवारी २०२६:**
- किमान आर्द्रता: ५८%
- कमाल आर्द्रता: ३०%

**१ फेब्रुवारी २०२६:**
- किमान आर्द्रता: ५३%
- कमाल आर्द्रता: २६%

**२ फेब्रुवारी २०२६:**
- किमान आर्द्रता: ४९%
- कमाल आर्द्रता: २५%

**३ फेब्रुवारी २०२६:**
- किमान आर्द्रता: ५३%
- कमाल आर्द्रता: २४%

**४ फेब्रुवारी २०२६:**
- किमान आर्द्रता: ४८%
- कमाल आर्द्रता: २२%

या काळात आर्द्रता कमी असल्याने आपल्या पिकांना नियमित पाणी द्या. दिवसाच्या उष्णतेमुळे जमिनीतील ओलावा कमी होऊ शकतो, त्यामुळे सकाळी किंवा संध्याकाळी पाणी देणे योग्य राहील.

**स्रोत: हवामान अंदाज (IMD)**

आपल्या शेतातील कोणत्या पिकांसाठी पाणी व्यवस्थापनाबद्दल अधिक माहिती हवी आहे का?",2026-01-30T00:31:20.401860,kenpath/mhv_vistaar_all_mhv_vistaar_all_qwen3-32b_v0.2_v0.2.1,FT Qwen 3 (32B) v0.2.1
8bd5ca204c4c33ff2c45a67394d69608,Warehouse,Devanagri,यवतमाळ जिल्ह्यात बाजरी साठवण्यासाठी गोदाम कुठे आहे?,Where is the warehouse for storing pearl millet in Yavatmal district?,,"यवतमाळ जिल्ह्यासाठी गोदाम सेवा माहिती सध्या उपलब्ध नाही. आपल्याला जवळच्या इतर ठिकाणासाठी गोदाम सेवा माहिती पाहायची आहे का, किंवा आपल्या स्थानिक कृषी कार्यालयाशी संपर्क साधायचा आहे का?

**स्रोत: कृषी सेवा माहिती**",2026-01-30T00:31:19.810092,kenpath/mhv_vistaar_all_mhv_vistaar_all_qwen3-32b_v0.2_v0.2.1,FT Qwen 3 (32B) v0.2.1
abc2025ae9a59b14edffd4acf28c3654,KVK,Romanized,Solapur jilhyatil KVK madhe sugarcane biyane uplabdh aahe ka?,Are sugarcane seeds available at KVK in Solapur district?,,"सोलापूर जिल्ह्यातील कृषी विज्ञान केंद्र (KVK) माहिती सध्या उपलब्ध नाही. आपल्याला जवळच्या दुसऱ्या ठिकाणासाठी KVK केंद्राची माहिती पाहायची आहे का, किंवा इतर कृषी सेवा (जसे की मृदा परीक्षण प्रयोगशाळा, शेती यंत्रे भाडेतत्त्वावर उपलब्ध केंद्रे) याबद्दल माहिती हवी आहे का?

**स्रोत: कृषी सेवा माहिती**",2026-01-30T00:31:27.522315,kenpath/mhv_vistaar_all_mhv_vistaar_all_qwen3-32b_v0.2_v0.2.1,FT Qwen 3 (32B) v0.2.1
2404e128de0bea0168c4b4901ee69705,Weather Historical,Devanagri,यवतमाळ भागात गेल्या ३ दिवसांत पाऊस किती पडला?,How much rain fell in the last 3 days in Yavatmal area?,,"यवतमाळ भागासाठी गेल्या ३ दिवसांचे हवामान इतिहास उपलब्ध नाही. आपल्याला यवतमाळ जिल्ह्यातील आजचे हवामान किंवा येत्या काही दिवसांचा अंदाज जाणून घ्यायचा आहे का?

**स्रोत: हवामान इतिहास (Skymet)**",2026-01-30T00:31:35.480425,kenpath/mhv_vistaar_all_mhv_vistaar_all_qwen3-32b_v0.2_v0.2.1,FT Qwen 3 (32B) v0.2.1
660eafa5720186bd2ff187ffaeb86234,Advisory,Devanagri,गोंदिया भागात द्राक्षे साठी सेंद्रिय खत कोणते वापरावे?,Which organic fertilizer to use for grapes in Gondia area?,,"गोंदिया भागातील द्राक्षांसाठी सेंद्रिय खतांचा वापर करताना खालील महत्त्वाच्या सेंद्रिय खतांचा वापर करता येतो:

**१. शेणखत (Farmyard Manure):**
शेणखत हे द्राक्षांसाठी सर्वात सामान्य सेंद्रिय खत आहे. हे मातीची सुपीकता वाढवते आणि पाणी धारण क्षमता सुधारते.

**२. कंपोस्ट खत (Compost Manure):**
जैविक कचरा, पीक अवशेष आणि तण यांचे कंपोस्ट खत तयार करून द्राक्षांना देता येते. हे मातीचे आरोग्य सुधारते.

**३. गांडूळखत (Vermicompost):**
गांडूळखत हे सेंद्रिय कार्बन वाढवण्यासाठी अत्यंत प्रभावी आहे. हे खत घरीच तयार करता येते आणि द्राक्षांच्या वाढीसाठी उपयुक्त आहे.

**४. कडुलिंबाचा पेंड (Neem Cake):**
कडुलिंबाचा पेंड वापरल्याने जमिनीतील किडींचे नियंत्रण होते आणि खताची परिणामकारकता वाढते. यूरिया खतासोबत कडुलिंबाच्या पेंडचे ५:१ प्रमाणात मिश्रण वापरता येते.

**५. ट्रायकोडर्मा (Trichoderma):**
हे जैविक बुरशीनाशक आहे जे जमिनीतील बुरशीजन्य रोगांचे नियंत्रण करते. द्राक्षांच्या रोपांना लावणीपूर्वी ट्रायकोडर्माचा वापर करता येतो.

**सेंद्रिय खतांचे फायदे:**
- मातीची सुपीकता आणि पाणी धारण क्षमता वाढते
- मातीचा pH ६.५ ते ७.५ च्या दरम्यान राखता येतो
- जमिनीतील सेंद्रिय कार्बन वाढतो
- जैविक किडींचे नियंत्रण होते

**स्रोत: कृषी व्हीएनएमएयू आणि कृषी दर्शनी डॉ. बीएसकेकेव्ही, दापोली**

आपल्या द्राक्षांसाठी रासायनिक खतांच्या योग्य मात्रेबद्दल माहिती हवी आहे का?",2026-01-30T00:31:51.937305,kenpath/mhv_vistaar_all_mhv_vistaar_all_qwen3-32b_v0.2_v0.2.1,FT Qwen 3 (32B) v0.2.1
d0025a09b226602cc776762f36eec40f,Advisory,Devanagri,ठाणे भागात कापूस पिकावरील तण व्यवस्थापन कसे करावे?,How to manage weeds in cotton crop in Thane area?,,"ठाणे भागातील कापूस पिकावरील तण व्यवस्थापनासाठी खालील उपाय करा:

**तणमुक्त शेत ठेवणे:**
कापूस पिकाच्या पहिल्या ९ आठवड्यात शेत तणमुक्त ठेवणे अत्यंत महत्त्वाचे आहे. बियाणे अंकुरणानंतर १०-२० दिवसांच्या अंतराने वखरणी २-३ वेळा करा आणि तण काढणे २-३ वेळा आवश्यकतेनुसार करा.

**उगवणपूर्व तणनाशके:**
पेरणीनंतर जमिनीवर खालील तणनाशके फवारणी करा:
- **पेंडिमेथालिन ३८.७%** - १.५-१.७५ किलो/हेक्टर (२०-२५ मिली/१० लिटर पाणी)
- **डाययुरॉन ८०% डब्ल्यू.पी.** - १.०-२.०० किलो/हेक्टर (२०-३० ग्रॅम/१० लिटर पाणी)

**उगवणनंतर तणनाशके:**
पिक ३०-४० दिवसांचे झाल्यावर खालील तणनाशके वापरा:
- **पाय्रिथिओबॅक सोडियम १०% ई.सी. (हिटवीड)** - ०.६२५-०.७५० किलो/हेक्टर (१२.५-१५ मिली/१० लिटर पाणी)
- **क्विझॅलोफॉप इथिल ५% ई.सी. (टार्गा सुपर)** - १.० लिटर/हेक्टर (२० मिली/१० लिटर पाणी) - गवताळ तणांचा प्रादुर्भाव असल्यास

**काळजी:**
- तणनाशक फवारणीसाठी वेगळा पंप वापरा.
- फवारणी करताना योग्य नोजल आणि द्रावणाची मात्रा वापरा.
- शिफारस केलेली तणनाशके वापरा आणि योग्य वेळी व योग्य प्रमाणात वापरा.

**स्रोत: डॉ. पंजाबराव देशमुख कृषी विद्यापीठ**

आपल्या कापूस पिकाची वाढ चांगली होण्यासाठी आणखी काही माहिती हवी आहे का?",2026-01-30T00:31:58.207155,kenpath/mhv_vistaar_all_mhv_vistaar_all_qwen3-32b_v0.2_v0.2.1,FT Qwen 3 (32B) v0.2.1
6b2650ccccd200af7edcd470a8f71f77,Mandi Price,Devanagri,सांगली मंडीत कोबी ला MSP पेक्षा जास्त भाव मिळतोय का?,Is cabbage getting more than MSP in Sangli mandi?,,"सांगली मंडीसाठी बाजारभाव माहिती सध्या उपलब्ध नाही. आपल्याला जवळच्या इतर बाजारांमधील कोबीचे दर तपासायचे आहेत का? किंवा आपल्याला दुसऱ्या पिकाचे भाव जाणून घ्यायचे आहेत का?

**स्रोत: बाजारभाव**",2026-01-30T00:32:04.311273,kenpath/mhv_vistaar_all_mhv_vistaar_all_qwen3-32b_v0.2_v0.2.1,FT Qwen 3 (32B) v0.2.1
4eebcca1b0b56b8388fbc3d64d37939f,Agri Assistant Contact,Romanized,Solapur talukyatil taluka krushi adhikaryashi sampark kasa sadhava?,How to contact Taluka Agriculture Officer in Solapur taluka?,,"सोलापूर तालुक्यातील कृषी अधिकाऱ्यांची संपर्क माहिती सध्या उपलब्ध नाही. कृषी अधिकाऱ्यांची माहिती तालुका किंवा गावाच्या नावावर अवलंबून असते.

आपण सोलापूर जिल्ह्यातील विशिष्ट गावाचे नाव सांगू शकता का? त्यामुळे मी आपल्याला त्या ठिकाणाच्या कृषी अधिकाऱ्यांची संपर्क माहिती शोधून देऊ शकेन.

**स्रोत: कृषी संस्थापक निर्देशिका**",2026-01-30T00:32:12.951381,kenpath/mhv_vistaar_all_mhv_vistaar_all_qwen3-32b_v0.2_v0.2.1,FT Qwen 3 (32B) v0.2.1
ef9e2a21a051fd9ab1570b5dec8433fe,CHC,Devanagri,धुळे भागात ट्रॉली भाड्याने घेण्यासाठी कागदपत्रे लागतात का?,Are documents required to rent trolley in Dhule area?,,"मला धुळे भागातील कस्टम हायरिंग सेंटर (CHC) म्हणजेच ट्रॉली भाड्याने देणाऱ्या सेवांची माहिती सध्या उपलब्ध नाही.

आपल्याला जवळच्या इतर ठिकाणासाठी कस्टम हायरिंग सेंटरची माहिती तपासायची आहे का? किंवा आपण आपल्या स्थानिक कृषी कार्यालयाशी संपर्क साधून अधिक माहिती घेऊ शकता.

**स्रोत: कृषी सेवा माहिती**",2026-01-30T00:32:19.848769,kenpath/mhv_vistaar_all_mhv_vistaar_all_qwen3-32b_v0.2_v0.2.1,FT Qwen 3 (32B) v0.2.1
cea1971cbdade0d59f1cba98d9aed3be,Agri Assistant Contact,Devanagri,रायगड जिल्ह्यातील पशुवैद्यकीय अधिकाऱ्यांची माहिती द्या.,Provide information of veterinary officers in Raigad district.,,"रायगड जिल्ह्यासाठी पशुवैद्यकीय अधिकाऱ्यांची माहिती सध्या उपलब्ध नाही. आपण आपल्या स्थानिक पशुसंवर्धन कार्यालयात किंवा तालुका कृषी कार्यालयात संपर्क साधू शकता. तेथे आपल्याला योग्य अधिकाऱ्यांची संपर्क माहिती मिळेल.

आपल्याला रायगड जिल्ह्यातील इतर कृषी सेवांबद्दल माहिती हवी आहे का, जसे की कृषी विज्ञान केंद्र (KVK), माती परीक्षण प्रयोगशाळा किंवा कस्टम हायरिंग सेंटर (CHC)?",2026-01-30T00:32:25.642328,kenpath/mhv_vistaar_all_mhv_vistaar_all_qwen3-32b_v0.2_v0.2.1,FT Qwen 3 (32B) v0.2.1
855d1c254ae4592c5d436880d0cefeff,Soil Lab,Devanagri,नंदुरबार जिल्ह्यात माती परीक्षण प्रयोगशाळा कुठे आहे?,Where is the soil testing laboratory in Nandurbar district?,,"नंदुरबार जिल्ह्यासाठी माती परीक्षण प्रयोगशाळेची माहिती सध्या उपलब्ध नाही. आपण जवळच्या जिल्ह्यातील माती परीक्षण प्रयोगशाळेची माहिती पाहू इच्छिता का, किंवा आपल्या स्थानिक कृषी कार्यालयाशी संपर्क साधून अधिक माहिती मिळवू शकता.

**स्रोत: कृषी सेवा माहिती**",2026-01-30T00:32:36.009195,kenpath/mhv_vistaar_all_mhv_vistaar_all_qwen3-32b_v0.2_v0.2.1,FT Qwen 3 (32B) v0.2.1
cd31a8d01bd18accef8ba96bf93aa676,Weather Forecast,Devanagri,बीड जिल्ह्यात या आठवड्यात मुसळधार पावसाची शक्यता आहे का?,Is there a possibility of heavy rainfall this week in Beed district?,,"बीड जिल्ह्यासाठी या आठवड्यात मुसळधार पावसाची शक्यता नाही. हवामान अंदाजानुसार पुढील काही दिवस कोरडे आणि उबदार राहतील.

**या आठवड्याचा हवामान अंदाज:**

- **30 जानेवारी:** पाऊस नाही, किमान तापमान 19.5°C, कमाल तापमान 30.9°C
- **31 जानेवारी:** पाऊस नाही, किमान तापमान 21.2°C, कमाल तापमान 31.4°C
- **1 फेब्रुवारी:** पाऊस नाही, किमान तापमान 21.9°C, कमाल तापमान 31.8°C
- **2 फेब्रुवारी:** अतिशय कमी पाऊस (0.1 मिमी), किमान तापमान 22.6°C, कमाल तापमान 31.6°C
- **3 फेब्रुवारी:** अतिशय कमी पाऊस (0.1 मिमी), किमान तापमान 21.2°C, कमाल तापमान 31.9°C

पुढील आठवड्यात फक्त 2 फेब्रुवारी आणि 3 फेब्रुवारी रोजी अतिशय हलका पाऊस (0.1 मिमी) होण्याची शक्यता आहे, जो मुसळधार पावसापेक्षा खूपच कमी आहे. तापमान 20°C ते 33°C च्या दरम्यान राहील.

**शेतकऱ्यांसाठी सूचना:** या कोरड्या हवामानात भाजीपाला आणि फळपिकांना नियमित पाणी द्या. तण व्यवस्थापनासाठी हे योग्य वेळ आहे. जर आपल्याकडे तणावग्रस्त पिके असतील तर त्यांना विशेष लक्ष द्या.

**स्रोत: हवामान अंदाज (IMD)**

आपल्याला बीड जिल्ह्यातील बाजारभाव किंवा कृषी सेवा केंद्रांची माहिती हवी आहे का?",2026-01-30T00:32:49.647883,kenpath/mhv_vistaar_all_mhv_vistaar_all_qwen3-32b_v0.2_v0.2.1,FT Qwen 3 (32B) v0.2.1
4a515e4c7412faf9847b8146bc4d4103,CHC,Devanagri,अकोला जिल्ह्यात ड्रोन फवारणी सेवा उपलब्ध आहे का?,Is drone spraying service available in Akola district?,,"अकोला जिल्ह्यासाठी ड्रोन फवारणी सेवा (कस्टम हायरिंग सेंटर - CHC) उपलब्ध नाही. आपल्याला जवळच्या इतर ठिकाणासाठी या सेवा तपासायच्या आहेत का, किंवा आपल्या स्थानिक कृषी कार्यालयात संपर्क साधायचा आहे का?

**स्रोत: कृषी सेवा माहिती**",2026-01-30T00:32:48.021937,kenpath/mhv_vistaar_all_mhv_vistaar_all_qwen3-32b_v0.2_v0.2.1,FT Qwen 3 (32B) v0.2.1
563ca970781daf21143c972a066e31a2,Soil Lab,Devanagri,गडचिरोली मध्ये NABL मान्यताप्राप्त प्रयोगशाळा आहे का?,Is there a NABL accredited laboratory in Gadchiroli?,,"गडचिरोली जिल्ह्यात NABL मान्यताप्राप्त माती परीक्षण प्रयोगशाळा सध्या उपलब्ध नाही. आपल्याला जवळच्या इतर जिल्ह्यांतील माती परीक्षण प्रयोगशाळांची माहिती पाहायची आहे का, जेणेकरून आपण आपल्या मातीचे नमुने तपासण्यासाठी तेथे जाऊ शकाल?

**स्रोत: कृषी सेवा माहिती**",2026-01-30T00:32:53.889856,kenpath/mhv_vistaar_all_mhv_vistaar_all_qwen3-32b_v0.2_v0.2.1,FT Qwen 3 (32B) v0.2.1
7a913ad7996f1870c6f415172276316c,Mandi Price,Devanagri,पालघर मंडीत मका विकण्यासाठी वेळ योग्य आहे का?,Is this the right time to sell maize in Palghar mandi?,,"पालघर मंडीसाठी मका चे बाजारभाव सध्या उपलब्ध नाहीत. आपल्याला जवळच्या इतर बाजारांतील मका चे दर तपासायचे आहेत का, जसे की ठाणे, मुंबई किंवा राहुरी? यामुळे आपल्याला योग्य विक्रीचा निर्णय घेण्यास मदत होईल.

**स्रोत: बाजारभाव**",2026-01-30T00:33:07.607515,kenpath/mhv_vistaar_all_mhv_vistaar_all_qwen3-32b_v0.2_v0.2.1,FT Qwen 3 (32B) v0.2.1
508542dbeb9a5e0d6231c898b688198c,Mandi Price,Devanagri,वर्धा मंडीत हळद विकण्यासाठी वेळ योग्य आहे का?,Is this the right time to sell turmeric in Wardha mandi?,,"वर्धा मंडीत हळदचे बाजारभाव सध्या उपलब्ध नाहीत. आपल्याला जवळच्या इतर बाजारांतील हळदचे दर तपासायचे आहेत का? उदाहरणार्थ, अकोला, नाशिक किंवा अमरावती येथील बाजारभाव तपासू शकतो.

**स्रोत: बाजारभाव**",2026-01-30T00:33:07.185928,kenpath/mhv_vistaar_all_mhv_vistaar_all_qwen3-32b_v0.2_v0.2.1,FT Qwen 3 (32B) v0.2.1
b6a35c54aa5763b57ca78a3e40a72ce0,MahaDBT,Devanagri,पुणे येथील माझा अर्ज 'Rejected' का झाला?,Why was my application rejected in Pune?,,"पुणे येथील अर्ज स्थिती तपासण्यासाठी मला आपला शेतकरी ओळख क्रमांक (Farmer ID) आवश्यक आहे. कृपया आपल्या स्थानिक कृषी कार्यालयात संपर्क साधा किंवा महाडीबीटी पोर्टलवर आपला अर्ज क्रमांक वापरून स्थिती तपासा.

**स्रोत: महाडीबीटी अर्ज स्थिती**

आपल्याला उपलब्ध शासकीय योजनांची माहिती हवी आहे का किंवा अर्ज करता येणाऱ्या योजनांबद्दल मदत हवी आहे का?",2026-01-30T00:33:14.669511,kenpath/mhv_vistaar_all_mhv_vistaar_all_qwen3-32b_v0.2_v0.2.1,FT Qwen 3 (32B) v0.2.1
6bc7f8ee03d6b33c2d3a2398831c019a,Advisory,Devanagri,अमरावती मध्ये गायीच्या कासेला सूज आली तर उपचार काय?,What is the treatment if cow's udder is swollen in Amravati?,,"गायीच्या कासेला सूज आली असल्यास हे स्तनदाह (मास्टायटिस) या आजाराचे लक्षण असू शकते. या आजारात कास लाल, गरम आणि सूजलेली होते, दूध पाण्यासारखे किंवा पिवळे होते आणि दूधात गाठी असतात.

**उपचारासाठी त्वरित उपाय:**

१. **पशुवैद्यकाचा सल्ला घ्या** - या आजाराचा योग्य उपचार करण्यासाठी तज्ञ पशुवैद्यकाचा सल्ला अत्यंत आवश्यक आहे.

२. **थनातील प्रतिजैविक औषधे** - पशुवैद्यकाच्या मार्गदर्शनाखाली कासेत औषध टाकावे.

३. **वेदना कमी करणारी औषधे** - वेदना किंवा सूज कमी करण्यासाठी आवश्यक असल्यास इंजेक्शन दिले जाऊ शकतात.

४. **दूषित दूध पूर्णपणे काढा** - दूषित दूध नियमितपणे काढून टाकावे.

५. **पाणी आणि खाद्य व्यवस्थित द्या** - जनावराला पुरेसे पाणी आणि चांगले खाद्य द्यावे.

**प्रतिबंधात्मक उपाय:**

- दूध काढण्यापूर्वी आणि नंतर हात आणि कास स्वच्छ धुवा.
- दूध काढल्यानंतर थनाग्रावर औषधी द्रावण लावा.
- गोठा स्वच्छ आणि कोरडा ठेवा.
- आजारी जनावरे आरोग्यदायी जनावरांपासून वेगळी ठेवा.
- दूध काढण्याची यंत्रे नेहमी स्वच्छ ठेवा.

**स्रोत: दुग्धव्यवसाय आजार उपचार मार्गदर्शक**

आपल्या जवळच्या पशुवैद्यकीय केंद्राची माहिती हवी असल्यास मला सांगा, मी अमरावती जिल्ह्यातील सेवा केंद्रांची माहिती देऊ शकतो.",2026-01-30T00:33:31.826742,kenpath/mhv_vistaar_all_mhv_vistaar_all_qwen3-32b_v0.2_v0.2.1,FT Qwen 3 (32B) v0.2.1
837057c5f1e29a7c042a5e5d56447fb4,Agri Assistant Contact,Devanagri,सांगली गावातील कृषी सहाय्यकांचा संपर्क क्रमांक द्या.,Provide contact number of agriculture assistant in Sangli village.,,"मला सांगली गावासाठी कृषी सहाय्यकांची माहिती सध्या उपलब्ध नाही. यासाठी आपण आपल्या स्थानिक कृषी कार्यालयाशी किंवा तालुका कृषी कार्यालयाशी संपर्क साधू शकता. तेथे आपल्याला कृषी सहाय्यकांचा संपर्क क्रमांक आणि इतर माहिती मिळेल.

आपल्याला सांगली जिल्ह्यातील इतर कृषी सेवांबद्दल माहिती हवी आहे का, जसे की कृषी विज्ञान केंद्र (KVK), मृदा परीक्षण प्रयोगशाळा किंवा कस्टम हायरिंग सेंटर (CHC)?",2026-01-30T00:33:34.560722,kenpath/mhv_vistaar_all_mhv_vistaar_all_qwen3-32b_v0.2_v0.2.1,FT Qwen 3 (32B) v0.2.1
bebc70922addaaf6d65857e961736895,Mandi Price,Devanagri,भंडारा बाजारात हळद चा व्यापार कसा चाललाय?,How is the trade of turmeric in Bhandara market?,,"भंडारा बाजारासाठी हळद किंवा इतर पिकांचे बाजारभाव सध्या उपलब्ध नाहीत. आपल्याला जवळच्या बाजारांमधील हळदचे दर तपासायचे आहेत का? उदाहरणार्थ, अमरावती, गडचिरोली किंवा नागपूर बाजाराचे दर पाहू इच्छिता का?

**स्रोत: बाजारभाव**",2026-01-30T00:33:35.553621,kenpath/mhv_vistaar_all_mhv_vistaar_all_qwen3-32b_v0.2_v0.2.1,FT Qwen 3 (32B) v0.2.1
5dea93f78a8ac26f6ab3b0d431946b45,CHC,Romanized,Dhule madhe combine harvester bhadyane milto ka?,Is combine harvester available for rent in Dhule?,,"धुळे येथे सध्या कस्टम हायरिंग सेंटर (CHC) किंवा यंत्रे भाड्याने मिळणाऱ्या केंद्रांची माहिती उपलब्ध नाही.

आपल्याला जवळच्या इतर ठिकाणांसाठी कस्टम हायरिंग सेंटरची माहिती पाहायची आहे का? किंवा आपल्या स्थानिक कृषी कार्यालयाशी संपर्क साधून अधिक माहिती मिळवू शकता.

**स्रोत: कृषी सेवा माहिती**",2026-01-30T00:33:46.372327,kenpath/mhv_vistaar_all_mhv_vistaar_all_qwen3-32b_v0.2_v0.2.1,FT Qwen 3 (32B) v0.2.1
1d9d523030d006d742fda098c0f3f75c,MahaDBT,Devanagri,वर्धा जिल्ह्यातील माझ्या योजनेचे पेमेंट कुठपर्यंत आले आहे?,What is the payment status of my scheme in Wardha district?,,"आपल्या योजनेच्या पेमेंट स्थितीबद्दल माहिती मिळवण्यासाठी आपला शेतकरी आयडी आवश्यक आहे. सध्या माझ्याकडे आपला शेतकरी आयडी उपलब्ध नाही.

यासाठी आपण खालील पर्याय वापरू शकता:
1. **स्थानिक कृषी कार्यालयात संपर्क साधा** - वर्धा जिल्ह्यातील आपल्या तालुक्यातील कृषी कार्यालयात भेट देऊन आपल्या योजनेच्या अर्जाची स्थिती तपासा.
2. **महाडीबीटी पोर्टलवर लॉगिन करा** - महाडीबीटी वेबसाइटवर आपल्या आधार क्रमांकाने लॉगिन करून आपल्या अर्जाची स्थिती पाहू शकता.
3. **महाडीबीटी हेल्पलाइन क्रमांकावर संपर्क साधा** - 1800-120-8080 या क्रमांकावर संपर्क साधून आपल्या अर्जाची स्थिती तपासू शकता.

**स्रोत: महाडीबीटी अर्ज स्थिती**

आपल्याला कोणत्या विशिष्ट योजनेबद्दल माहिती हवी आहे का? किंवा उपलब्ध कृषी योजनांची माहिती पाहू इच्छिता का?",2026-01-30T00:33:57.882828,kenpath/mhv_vistaar_all_mhv_vistaar_all_qwen3-32b_v0.2_v0.2.1,FT Qwen 3 (32B) v0.2.1
232b1236960d9d2816edef935e441493,Weather Historical,Romanized,Beed jilhyat kal ratri tapman kiti hote?,What was the temperature last night in Beed district?,,"बीड जिल्ह्यासाठी कालच्या रात्रीचे तापमानाची माहिती सध्या उपलब्ध नाही. आपल्याला आजचे हवामान अंदाज पाहायचे आहेत का किंवा इतर कोणत्या बाजारातील भाव तपासायचे आहेत का?

**स्रोत: हवामान इतिहास (Skymet)**",2026-01-30T00:33:57.660655,kenpath/mhv_vistaar_all_mhv_vistaar_all_qwen3-32b_v0.2_v0.2.1,FT Qwen 3 (32B) v0.2.1
d711f80154072d2b05c0f7fe405d459e,Weather Forecast,Devanagri,हिंगोली भागात बाजरी पिकासाठी पाण्याचे नियोजन कसे करावे?,How to plan water management for pearl millet crop in Hingoli area?,,"हिंगोली भागातील बाजरी पिकासाठी पाण्याचे नियोजन खूप महत्त्वाचे आहे. खरीप बाजरी हे कोरडवाहू पीक आहे, परंतु जर पाण्याचा ताण असेल आणि पाणी उपलब्ध असेल तर योग्य वेळी सिंचन दिल्यास उत्पादन वाढते.

**पाण्याचे नियोजन कसे करावे:**

**खरीप बाजरीसाठी:**
- **पहिले सिंचन:** पेरणीनंतर २० ते २५ दिवसांनी (बाजूच्या फांद्या वाढण्याच्या टप्प्यावर)
- **दुसरे सिंचन:** पेरणीनंतर ३५ ते ४५ दिवसांनी (बूटिंग टप्प्यावर)
- **तिसरे सिंचन:** पेरणीनंतर ६० ते ६५ दिवसांनी (दाणे भरण्याच्या टप्प्यावर)

**उन्हाळी बाजरीसाठी:**
- पेरणीनंतर ५ ते ६ सिंचन द्यावीत
- प्रत्येक सिंचनामध्ये १० ते १२ दिवसांचे अंतर ठेवावे
- पाण्याची उपलब्धता आणि मातीतील ओलाव्याचे प्रमाण लक्षात घेऊन सिंचन द्यावे

**महत्त्वाचे सूचना:**
- बाजरी हे कोरडवाहू पीक असल्याने पाणी उपलब्ध असल्यास फक्त वरील तीन टप्प्यांवरच सिंचन द्यावे
- जास्त पाणी देऊ नये, कारण बाजरी पिकाला जास्त पाण्याची आवश्यकता नाही
- उन्हाळी बाजरीसाठी नियमित पाणी देणे आवश्यक आहे

**स्रोत: एमपीकेव्ही कृषी दर्शनी**

आपल्या बाजरी पिकासाठी खत व्यवस्थापन किंवा रोग नियंत्रणाबद्दल अधिक माहिती हवी आहे का?",2026-01-30T00:34:18.316973,kenpath/mhv_vistaar_all_mhv_vistaar_all_qwen3-32b_v0.2_v0.2.1,FT Qwen 3 (32B) v0.2.1
d57c14b25fe048bd5a13d0ffc3cebe1c,CHC,Devanagri,अमरावती मध्ये पॉवर टिलर भाड्याने मिळतो का?,Is power tiller available for rent in Amravati?,,"होय, अमरावती जिल्ह्यात पॉवर टिलर भाड्याने मिळण्यासाठी खालील कस्टम हायरिंग सेंटर (CHC) उपलब्ध आहेत:

**१. चांदूर रेल्वे, अमरावती** (३ किमी अंतरावर)
- **संस्था:** भूमी शेतकरी गट
- **संपर्क व्यक्ती:** सत्यजीत वसुदेव देशमुख
- **फोन:** 9923822237

**२. अमरावती शहर** (१२ किमी अंतरावर)
- **संस्था:** गुरू मौली स्वयं सहाय्यता शेतकरी समूह
- **संपर्क व्यक्ती:** ओमप्रकाश महादेव नाचणकर
- **फोन:** 8275288777

**३. नवी अकोला, अमरावती** (१४ किमी अंतरावर)
- **संस्था:** कृष्मी अॅग्रो प्रोड्यूसर कंपनी लिमिटेड
- **संपर्क व्यक्ती:** कमलेंद्र सुरेंद्र सखारे
- **फोन:** 9890937363

**४. नंदगाव, अमरावती** (१४ किमी अंतरावर)
- **संस्था:** राऊबा अॅग्रो फार्मर प्रोड्यूसर कंपनी लिमिटेड
- **संपर्क व्यक्ती:** प्रकाश लक्ष्मणराव बोडडे
- **फोन:** 9021846072

**५. पुसदा, अमरावती** (१७ किमी अंतरावर)
- **संस्था:** संतोषी माता स्वयं सहायता महिला बचत गट
- **संपर्क व्यक्ती:** वंदना दिलीपराव हटवार
- **फोन:** 8007908682

कस्टम हायरिंग सेंटरमध्ये शेती यंत्रे जसे की पॉवर टिलर, ट्रॅक्टर, रोटावेटर, वाफसा यंत्रे इत्यादी भाड्याने उपलब्ध असतात. आपण या संपर्क क्रमांकावर फोन करून उपलब्धता आणि भाड्याचे दर जाणून घेऊ शकता.

**स्रोत: कृषी सेवा माहिती**

आपल्याला या कस्टम हायरिंग सेंटरमध्ये इतर कोणत्या शेती यंत्रांबद्दल माहिती हवी आहे का?",2026-01-30T00:34:24.249326,kenpath/mhv_vistaar_all_mhv_vistaar_all_qwen3-32b_v0.2_v0.2.1,FT Qwen 3 (32B) v0.2.1
02e175fc48243a635f4369358e5cf954,Scheme,Devanagri,रायगड मध्ये शेततळे योजनेसाठी अर्ज कसा करावा?,How to apply for farm pond scheme in Raigad?,,"रायगड जिल्ह्यात शेततळे योजनेसाठी अर्ज करण्याबद्दल माहिती देतो:

**शेततळे योजना (Nanaji Deshmukh Krishi Sanjivani Prakalp - Individual Farm Ponds)**

या योजनेत शेततळे बांधण्यासाठी आर्थिक मदत दिली जाते. मात्र, सध्या या योजनेची तपशीलवार माहिती उपलब्ध नाही. तथापि, रायगड जिल्ह्यातील शेतकऱ्यांसाठी इतर जलसंधारण योजनांची माहिती खाली दिली आहे:

**वृक्ष लागवड योजना (Nanaji Deshmukh Krishi Sanjivani Prakalp - Agroforestry Tree Plantation)**

ही योजना शेतकऱ्यांना वृक्ष लागवड करून जमिनीचे आरोग्य सुधारण्यासाठी आणि उत्पादन वाढवण्यासाठी मदत करते.

**मुख्य लाभ:**
- वृक्ष आच्छादन वाढवणे आणि मातीचे सेंद्रिय कार्बन जतन करणे
- शेतात वृक्ष लागवडीचे क्षेत्र वाढवणे
- शेती पिकांसोबत वृक्ष लागवडीचे एकत्रित उत्पादन वाढवणे
- ग्रामीण भागातील लहान आणि अल्पभूधारक शेतकऱ्यांना रोजगार आणि उत्पन्नाच्या संधी निर्माण करणे

**पात्रता:**
- ५ हेक्टरपर्यंत जमीन असलेले शेतकरी पात्र आहेत
- याच जमिनीवर इतर कोणत्याही योजनेचा लाभ घेतला नसेल तरच अर्ज करता येतो
- ही योजना फक्त पोक्रा (NDKSP) गावांसाठी उपलब्ध आहे

**अर्ज करण्याची प्रक्रिया:**
१. मोबाईलवर ""Mahavistaar-AI Application"" गुगल प्ले स्टोअरवरून डाउनलोड करा
२. नोंदणीकृत शेतकरी आयडी वापरून लॉगिन करा
३. डॅशबोर्डवरील ""DBT"" टॅबवर क्लिक करा
४. ""NDKSP (PoCRA)"" टॅब निवडा
५. ""Apply for New Scheme"" टॅबवर क्लिक करून अर्ज पूर्ण करा

किंवा वेबसाईटवरून अर्ज करा:
https://mahapocra.gov.in/mr/applications

**आवश्यक कागदपत्रे:**
- संयुक्त खातेधारक असल्यास संमती पत्र
- अनुसूचित जाती/जमाती असल्यास जात प्रमाणपत्र
- अपंग असल्यास अपंगत्व प्रमाणपत्र

**स्रोत: शासकीय योजना माहिती**

आपल्या गावाचा पोक्रा योजनेत समावेश आहे का हे तपासण्यासाठी किंवा शेततळे योजनेची अधिक माहितीसाठी आपल्या स्थानिक कृषी कार्यालयाशी संपर्क साधा. आपल्याला रायगड जिल्ह्यातील कृषी सेवा केंद्रांची माहिती हवी आहे का?",2026-01-30T00:43:01.194610,kenpath/mhv_vistaar_all_mhv_vistaar_all_qwen3-32b_v0.2_v0.2.1,FT Qwen 3 (32B) v0.2.1
cec730561473276aebaf1b405fa89d4b,Warehouse,Devanagri,सातारा भागात किमान साठवणूक शुल्क असलेले गोदाम कोणते?,Which warehouse has minimum storage charges in Satara area?,,"सातारा भागात खालील गोदाम सुविधा उपलब्ध आहेत:

**१. डी-५, सातारा, एमआयडीसी गोदाम**
- **पत्ता:** एमएसडब्ल्यूसी, प्लॉट डी-५, जुना एमआयडीसी, सातारा
- **अंतर:** २.५ किमी
- **संपर्क:** गोदाम व्यवस्थापक
- **दूरध्वनी:** 02162-244496
- **सुविधा:** सुरक्षित आणि चांगल्या देखभालीचे गोदाम

**२. के-४, सातारा, एमआयडीसी गोदाम**
- **पत्ता:** एमएसडब्ल्यूसी, प्लॉट के-४, नवीन एमआयडीसी, सातारा
- **अंतर:** ४.७ किमी
- **संपर्क:** गोदाम व्यवस्थापक
- **दूरध्वनी:** 02162-240184
- **सुविधा:** सुरक्षित आणि चांगल्या देखभालीचे गोदाम

**३. जळगाव-सातारा (पेग) गोदाम**
- **पत्ता:** एमएसडब्ल्यूसी, भिवडी-जांभ-जळगाव रोड, सातारा-जळगाव
- **अंतर:** १२.३ किमी
- **संपर्क:** गोदाम व्यवस्थापक
- **दूरध्वनी:** 9158014488
- **सुविधा:** सुरक्षित आणि चांगल्या देखभालीचे गोदाम

**४. कोरेगाव गोदाम**
- **पत्ता:** एमएसडब्ल्यूसी, सर्वे नं. ३९६/१/बी, एपीएमसी मार्केट यार्ड, कोरेगाव
- **अंतर:** १५.७ किमी
- **संपर्क:** गोदाम व्यवस्थापक
- **दूरध्वनी:** 8830845445
- **सुविधा:** सुरक्षित आणि चांगल्या देखभालीचे गोदाम

**५. वाई गोदाम**
- **पत्ता:** एमएसडब्ल्यूसी, प्लॉट नं. बी-५०, गरवारे कंपनीसमोर, एमआयडीसी एरिया, वाई
- **अंतर:** ३४.२ किमी
- **संपर्क:** गोदाम व्यवस्थापक
- **दूरध्वनी:** 02167-265285
- **सुविधा:** सुरक्षित आणि चांगल्या देखभालीचे गोदाम

**स्रोत: कृषी सेवा माहिती**

या गोदामांमध्ये आपले शेतमाल सुरक्षितपणे साठवता येईल. आपल्याला या गोदामांच्या साठवणूक शुल्कांची तपशीलवार माहिती हवी असल्यास, दिलेल्या संपर्क क्रमांकावर थेट संपर्क साधून विचारू शकता. आपल्याला कोणत्या विशिष्ट पिकाच्या साठवणूक शुल्काबद्दल माहिती हवी आहे का?",2026-01-30T00:35:01.132792,kenpath/mhv_vistaar_all_mhv_vistaar_all_qwen3-32b_v0.2_v0.2.1,FT Qwen 3 (32B) v0.2.1
4fd9f885c5435bdcc42659d5487e04ac,Mandi Price,Devanagri,जालना मंडीत पेरू विकावी की थोडे दिवस थांबावे?,Should I sell guava in Jalna mandi or wait?,,"जालना जवळील मंठा मंडीमध्ये सध्या पेरूचे बाजारभाव उपलब्ध नाहीत. या मंडीत सध्या तूर, हरभरा, ज्वारी, सोयाबीन आणि गहू यांचे दर उपलब्ध आहेत.

आपल्याला जवळच्या दुसऱ्या मंडीत पेरूचे दर तपासायचे आहेत का, जसे की औरंगाबाद, बीड किंवा नांदेड? या मंड्यांमध्ये पेरूचे दर उपलब्ध असू शकतात आणि त्यानुसार आपल्याला योग्य निर्णय घेता येईल.

**स्रोत: बाजारभाव**",2026-01-30T00:34:45.124320,kenpath/mhv_vistaar_all_mhv_vistaar_all_qwen3-32b_v0.2_v0.2.1,FT Qwen 3 (32B) v0.2.1
98258ee91b338a590bf0f358a929cdce,Warehouse,Romanized,Chandrapur madhe MSWC godamanchi yadi dya.,Provide list of MSWC warehouses in Chandrapur.,,"चंद्रपूर जिल्ह्यासाठी गोदाम (MSWC) सेवांची माहिती सध्या उपलब्ध नाही. आपल्याला जवळच्या इतर ठिकाणासाठी गोदाम सेवांची माहिती पाहायची आहे का, किंवा आपल्या स्थानिक कृषी कार्यालयाशी संपर्क साधून अधिक माहिती घ्यायची आहे का?

**स्रोत: कृषी सेवा माहिती**",2026-01-30T00:34:51.593184,kenpath/mhv_vistaar_all_mhv_vistaar_all_qwen3-32b_v0.2_v0.2.1,FT Qwen 3 (32B) v0.2.1
97f7c2177861eb716e911e8b85deb55c,Agri Assistant Contact,Devanagri,रत्नागिरी तालुक्यातील तालुका कृषी अधिकाऱ्यांशी संपर्क कसा साधावा?,How to contact Taluka Agriculture Officer in Ratnagiri taluka?,,"मला रत्नागिरी तालुक्यासाठी कृषी संस्थापकांची माहिती सध्या उपलब्ध नाही. आपण आपल्या स्थानिक कृषी कार्यालयात किंवा तालुका कृषी कार्यालय, रत्नागिरी येथे थेट संपर्क साधू शकता. तेथे आपल्याला तालुका कृषी अधिकाऱ्यांची संपर्क माहिती आणि मार्गदर्शन मिळेल.

आपल्याला रत्नागिरी जिल्ह्यातील इतर कृषी सेवांबद्दल माहिती हवी आहे का, जसे की कृषी विज्ञान केंद्र (KVK), माती परीक्षण प्रयोगशाळा किंवा कस्टम हायरिंग सेंटर (CHC)?",2026-01-30T00:35:12.304649,kenpath/mhv_vistaar_all_mhv_vistaar_all_qwen3-32b_v0.2_v0.2.1,FT Qwen 3 (32B) v0.2.1
ec43b88a997fd05f48aa64822462b698,Weather Forecast,Devanagri,रत्नागिरी जिल्ह्यात सोयाबीन साठी बियाणे पेरणीची वेळ योग्य आहे का?,Is this the right time for soybean seed sowing in Ratnagiri district?,,"रत्नागिरी जिल्ह्यात सध्या (फेब्रुवारी महिन्यात) सोयाबीनची पेरणी योग्य नाही. सोयाबीनची पेरणी खरीप हंगामात केली जाते आणि ती सामान्यतः जून ते जुलै महिन्यात केली जाते. विदर्भातील संशोधनानुसार, सोयाबीनची पेरणी २५ जुलैपर्यंत करावी.

सध्या रत्नागिरी जिल्ह्यात पाऊस नाही आणि तापमान उष्ण आहे (२२-३० अंश सेल्सिअस), जे सोयाबीनसाठी योग्य नाही. खरीप हंगामातील पहिल्या पावसानंतर जमीन तयार करून जूनच्या दुसऱ्या पंधरवड्यात पेरणी करावी.

**सोयाबीन पेरणीसाठी महत्त्वाच्या सूचना:**

- पेरणीसाठी चार ओळींचे बियाणे पेरणी यंत्र वापरावे
- दोन ओळींमधील अंतर ३० सेंमी ठेवावे
- प्रति हेक्टर १५ किलो बियाणे वापरावे
- पेरणीपूर्वी बियाण्यांवर रायझोबियम २५ ग्रॅम/किलो आणि स्फुरद विरघळविणारे जिवाणू २० ग्रॅम/किलो लावावे
- पाण्याची सोय असल्यास, बियाणे पेरणी यंत्राने योग्य खोलीवर पेरणी करावी

**स्रोत: डॉ. पंजाबराव देशमुख कृषी विद्यापीठ**

आपल्याला सोयाबीनच्या खत व्यवस्थापन किंवा रोग नियंत्रणाबद्दल माहिती हवी आहे का?",2026-01-30T00:35:25.335973,kenpath/mhv_vistaar_all_mhv_vistaar_all_qwen3-32b_v0.2_v0.2.1,FT Qwen 3 (32B) v0.2.1
86828c41c55c5639c2130d47495a8f04,Advisory,Devanagri,चंद्रपूर मध्ये हळद पिकावरील भुरी साठी रासायनिक औषध सुचवा.,Suggest chemical pesticide for powdery mildew on turmeric in Chandrapur.,,"चंद्रपूर जिल्ह्यात हळद पिकावरील भुरी रोगाच्या नियंत्रणासाठी खालील रासायनिक औषधांचा वापर करा:

**भुरी रोगाची लक्षणे:** पानांवर पांढरट बुरशीची वाढ होते. कालांतराने पाने पिवळी पडून गळून पडतात आणि उत्पादनात घट होते.

**नियंत्रणासाठी फवारणी वेळापत्रक:**

| क्र. | फवारणीची वेळ | औषध आणि मात्रा |
|-----|-------------|----------------|
| १ | अंकुर फुटल्यानंतर | अॅझॉक्सीस्ट्रोबिन २३% एससी १० मिली प्रति १० लिटर पाणी |
| २ | पहिल्या फवारणीनंतर २ आठवडे | इमिडाक्लोप्रिड १७.८ एसएल ३ मिली + गंधक ८०% डब्ल्यूपी २५ ग्रॅम प्रति १० लिटर पाणी |
| ३ | दुसऱ्या फवारणीनंतर २ आठवडे | गंधक ८०% डब्ल्यूपी २५ ग्रॅम प्रति १० लिटर पाणी |
| ४ | तिसऱ्या फवारणीनंतर २५ दिवसांनी | डायनोकॅप ४८% ईसी ५ मिली प्रति १० लिटर किंवा हेक्झाकोनॅझोल १० मिली प्रति १० लिटर पाणी |
| ५ | चौथ्या फवारणीनंतर २ आठवडे | पेनकोनॅझोल १०% ईसी ५ मिली प्रति १० लिटर किंवा हेक्झाकोनॅझोल १० मिली प्रति १० लिटर पाणी |

**महत्त्वाच्या सूचना:**
- फवारणी सकाळी किंवा संध्याकाळी करा
- फवारणी करताना योग्य संरक्षण साधने वापरा
- औषधांची शिफारस केलेली मात्रा पाळा

**स्रोत: MPKV कृषी दर्शनी**

आपल्याला हळद पिकाच्या इतर रोग किंवा किडींबद्दल माहिती हवी आहे का?",2026-01-30T00:35:31.260263,kenpath/mhv_vistaar_all_mhv_vistaar_all_qwen3-32b_v0.2_v0.2.1,FT Qwen 3 (32B) v0.2.1
a09b7090299adbfe80c1adf1c00994a3,KVK,Devanagri,सिंधुदुर्ग जिल्ह्यातील कृषी विज्ञान केंद्राचा पत्ता काय आहे?,What is the address of Krishi Vigyan Kendra in Sindhudurg district?,,"मला सिंधुदुर्ग जिल्ह्यातील कृषी विज्ञान केंद्र (KVK) ची माहिती सध्या उपलब्ध नाही. कृपया आपल्या स्थानिक कृषी कार्यालयाशी संपर्क साधा किंवा जवळच्या जिल्ह्यातील KVK केंद्रांची माहिती पाहू इच्छिता का?

**स्रोत: कृषी सेवा माहिती**",2026-01-30T00:35:39.232539,kenpath/mhv_vistaar_all_mhv_vistaar_all_qwen3-32b_v0.2_v0.2.1,FT Qwen 3 (32B) v0.2.1
9bf1f0264acae446a26d746cdc04e774,Scheme,Devanagri,वर्धा जिल्ह्यात फळबाग लागवड योजनेचे फायदे काय आहेत?,What are the benefits of orchard plantation scheme in Wardha district?,,"वर्धा जिल्ह्यात फळबाग लागवड योजनेचे फायदे आणि उपलब्ध योजनांबद्दल माहिती खालीलप्रमाणे आहे:

## फळबाग लागवड योजनेचे फायदे

फळबाग लागवड योजना शेतकऱ्यांना फळपिकांची लागवड करण्यासाठी आर्थिक मदत आणि तांत्रिक सहाय्य पुरवते. या योजनेचे मुख्य फायदे खालीलप्रमाणे आहेत:

**१. आर्थिक सहाय्य:**
- फळपिकांच्या लागवडीसाठी शासनाकडून अनुदान मिळते
- लागवडीच्या खर्चावर शेतकऱ्यांना आर्थिक मदत मिळते

**२. उत्पन्न वाढ:**
- फळपिकांचे दर्जेदार उत्पादन मिळते
- शेतकऱ्यांना नियमित आणि चांगले उत्पन्न मिळते

**३. बाजारपेठ वाढ:**
- फळपिकांची मागणी वाढत आहे
- शेतकऱ्यांना चांगल्या दराने विक्री करता येते

**४. दीर्घकालीन गुंतवणूक:**
- फळबाग लागवड ही दीर्घकालीन गुंतवणूक आहे
- वर्षानुवर्षे उत्पन्न मिळते

## वर्धा जिल्ह्यासाठी उपलब्ध योजना

**१. नानाजी देशमुख कृषी संजीवनी प्रकल्प - फळबाग लागवड योजना (NDKSP-Horticulture Plantation):**
ही योजना वर्धा जिल्ह्यातील शेतकऱ्यांसाठी विशेष आहे. यामध्ये फळपिकांच्या लागवडीसाठी अनुदान दिले जाते. या योजनेचे फायदे आणि अटी वर्धा जिल्ह्यातील कृषी कार्यालयाकडून मिळू शकतात.

**२. मिशन फॉर इंटिग्रेटेड डेव्हलपमेंट ऑफ हॉर्टिकल्चर (MIDH):**
ही केंद्र सरकारची योजना आहे जी फळबाग लागवडीसाठी आर्थिक मदत देते. या योजनेत फळपिकांची लागवड, बागायती व्यवस्थापन, आणि इतर बागायती सेवा यांसाठी अनुदान मिळते.

**३. भाऊसाहेब फुंडकर बागायती लागवड योजना (BFHPS):**
ही महाराष्ट्र शासनाची योजना आहे जी फळबाग लागवडीसाठी शेतकऱ्यांना आर्थिक मदत पुरवते.

## अर्ज कसा करावा?

फळबाग लागवड योजनेसाठी अर्ज करण्यासाठी आपल्याला महाडीबीटी पोर्टलवर ऑनलाइन अर्ज करावा लागेल:
**https://mahadbt.maharashtra.gov.in**

**अर्ज करताना आवश्यक कागदपत्रे:**
- ७/१२ उतारा
- आधार कार्ड
- बँक पासबुक
- जातीचा दाखला (SC/ST शेतकऱ्यांसाठी)
- बँकेचे संमतीपत्र
- प्रकल्प अहवाल

**स्रोत: शासकीय योजना माहिती**

आपल्याला या योजनांपैकी कोणत्याही विशिष्ट योजनेची अधिक माहिती हवी आहे का, किंवा अर्ज करण्यासाठी मदत हवी आहे का?",2026-01-30T00:37:09.693860,kenpath/mhv_vistaar_all_mhv_vistaar_all_qwen3-32b_v0.2_v0.2.1,FT Qwen 3 (32B) v0.2.1
5248ef7d1597e82fc2e832b44cb5f112,Scheme,Romanized,Amravati madhe PM-KISAN sathi patrata kay aahe?,What is the eligibility for PM-KISAN in Amravati?,,"आम्रावती जिल्ह्यात **प्रधानमंत्री किसान सम्मान निधी योजना (PM-KISAN)** साठी अर्ज करता येतो.

**योजनेची माहिती:**

**प्रधानमंत्री किसान सम्मान निधी योजना (PM-KISAN)** ही केंद्र सरकारची योजना आहे. या योजनेअंतर्गत शेतकरी कुटुंबांना दरवर्षी **₹६,०००** अनुदान दिले जाते, जे ३ समान हप्त्यांमध्ये (₹२,००० प्रत्येक) थेट बँक खात्यात जमा होते.

**पात्रता:**
- ज्या शेतकरी कुटुंबांकडे शेतीयोग्य जमीन आहे ते पात्र आहेत
- कुटुंबात पती-पत्नी आणि १८ वर्षांखालील मुले यांचा समावेश होतो
- आर्थिकदृष्ट्या दुर्बल शेतकरी कुटुंब

**आवश्यक कागदपत्रे:**
- ७/१२ उतारा (जमीन धारकाचे प्रमाणपत्र)
- आधार कार्ड जोडलेले असावे
- ई-केवायसी पूर्ण असावी

**अर्ज प्रक्रिया:**
- pmkisan.gov.in या अधिकृत पोर्टलवर ऑनलाइन अर्ज करा
- सर्व आवश्यक कागदपत्रे अपलोड करा
- अर्जाची स्थिती वेळोवेळी तपासा

**स्रोत: शासकीय योजना माहिती**

आपण या योजनेसाठी अर्ज करण्याचा विचार करत आहात का? किंवा आपल्याला अर्जाच्या स्थितीबद्दल माहिती हवी आहे का?",2026-01-30T00:36:37.973071,kenpath/mhv_vistaar_all_mhv_vistaar_all_qwen3-32b_v0.2_v0.2.1,FT Qwen 3 (32B) v0.2.1
9ee87859f872e5d8a58c822d8f5082ed,Mandi Price,Romanized,Chandrapur bajarat ginger vikayla changla bhav aahe ka?,Is there a good price for selling ginger in Chandrapur market?,,"चंद्रपूर बाजारासाठी अद्ययावत बाजारभाव माहिती उपलब्ध नाही. आपल्याला जवळच्या इतर बाजारांतील भाजीपाला दर तपासायचे आहेत का, जसे की नाशिक, अमरावती किंवा वर्धा? या बाजारांमध्ये अद्ययावत भाजीपाला दर उपलब्ध असू शकतात.

**स्रोत: बाजारभाव**",2026-01-30T00:36:20.599698,kenpath/mhv_vistaar_all_mhv_vistaar_all_qwen3-32b_v0.2_v0.2.1,FT Qwen 3 (32B) v0.2.1
035aa938e6c634fc28c51db87d19ef31,CHC,Devanagri,सिंधुदुर्ग भागात लेझर लँड लेव्हलर साठी ऑनलाइन बुकिंग करता येते का?,Can laser land leveler be booked online in Sindhudurg area?,,"सिंधुदुर्ग भागात लेझर लँड लेव्हलर आणि इतर शेती यंत्रसामग्री भाड्याने मिळण्यासाठी चिकटी हायरिंग सेंटर (CHC) सेवा उपलब्ध नाही. याची माहिती सध्या उपलब्ध नाही.

आपल्याला जवळच्या इतर ठिकाणातील चिकटी हायरिंग सेंटरची माहिती पाहायची आहे का? किंवा आपण आपल्या स्थानिक कृषी कार्यालयाशी संपर्क साधून अधिक माहिती घेऊ शकता.

**स्रोत: कृषी सेवा माहिती**",2026-01-30T00:36:49.189923,kenpath/mhv_vistaar_all_mhv_vistaar_all_qwen3-32b_v0.2_v0.2.1,FT Qwen 3 (32B) v0.2.1
48752e5587899ddc2904e841139d8b2b,Weather Historical,Devanagri,वर्धा मध्ये गेल्या ३ दिवसांत फवारणीसाठी हवामान योग्य होते का?,Was the weather suitable for spraying in the last 3 days in Wardha?,,"मला वर्धा जिल्ह्यासाठी गेल्या ३ दिवसांचे हवामान इतिहास सध्या उपलब्ध नाही. 

आपल्याला वर्धा जिल्ह्यासाठी पुढील काही दिवसांचा हवामान अंदाज पाहायचा आहे का? त्यामुळे आपण येत्या दिवसांमध्ये फवारणी करण्यासाठी योग्य वेळ निवडू शकता.",2026-01-30T00:37:00.089543,kenpath/mhv_vistaar_all_mhv_vistaar_all_qwen3-32b_v0.2_v0.2.1,FT Qwen 3 (32B) v0.2.1
b0cfb1aa992de6c747a58d3dd5b2ac16,Soil Lab,Devanagri,परभणी भागात GPS-आधारित मृदा मॅपिंग सेवा उपलब्ध आहे का?,Is GPS-based soil mapping service available in Parbhani area?,,"परभणी भागात सध्या मृदा चाचणी प्रयोगशाळा किंवा मृदा मॅपिंग सेवा उपलब्ध नाहीत. आपल्याला जवळच्या इतर ठिकाणातील मृदा चाचणी सेवांची माहिती पाहायची आहे का? तसेच, आपल्या स्थानिक कृषी कार्यालयाशी संपर्क साधून या सेवांबद्दल अधिक माहिती मिळवता येईल.

**स्रोत: कृषी सेवा माहिती**",2026-01-30T00:37:16.107317,kenpath/mhv_vistaar_all_mhv_vistaar_all_qwen3-32b_v0.2_v0.2.1,FT Qwen 3 (32B) v0.2.1
9f0d52c4b106778871069fc9777f3f0a,Mandi Price,Devanagri,वाशिम मंडीत सूर्यफूल चा किमान भाव किती चालू आहे?,What is the minimum price of sunflower in Washim mandi?,,"वाशिम मंडीसाठी सूर्यफूलचे बाजारभाव सध्या उपलब्ध नाहीत. आपल्याला जवळच्या दुसऱ्या बाजारामधील भाव तपासायचे आहेत का, जसे की अमरावती किंवा बुलडाणा? त्यामुळे आपल्याला सूर्यफूलचे चालू दर जाणून घेण्यास मदत होईल.

**स्रोत: बाजारभाव**",2026-01-30T00:37:29.643129,kenpath/mhv_vistaar_all_mhv_vistaar_all_qwen3-32b_v0.2_v0.2.1,FT Qwen 3 (32B) v0.2.1
a87defeecb5a767244f297bfc50d693d,Warehouse,Devanagri,जळगाव जिल्ह्यात गोदामाचे भाडे दर किती आहेत?,What are the warehouse rental rates in Jalgaon district?,,"जळगाव जिल्ह्यासाठी गोदामांची माहिती सध्या उपलब्ध नाही. आपल्याला जवळच्या इतर ठिकाणासाठी गोदाम सेवा माहिती पाहायची आहे का, किंवा आपल्या स्थानिक कृषी कार्यालयात संपर्क साधून अधिक माहिती मिळवायची आहे का?

**स्रोत: कृषी सेवा माहिती**",2026-01-30T00:37:34.713028,kenpath/mhv_vistaar_all_mhv_vistaar_all_qwen3-32b_v0.2_v0.2.1,FT Qwen 3 (32B) v0.2.1
88192e63b15b1824d467b91edc00d8df,Scheme,Devanagri,सातारा भागात सूर्यफूल लागवडीसाठी शासकीय योजना आहे का?,Is there a government scheme for sunflower cultivation in Satara area?,,"सातारा जिल्ह्यातील सूर्यफूल लागवडीसाठी थेट योजना उपलब्ध नाही, परंतु आपल्यासाठी अनेक उपयुक्त शासकीय योजना आहेत ज्या आपल्या शेतीसाठी मदत करू शकतात:

**१. कृषी अर्थशास्त्र योजना (कृषी उत्पादन खर्च माहिती योजना)**

ही योजना महाराष्ट्रातील प्रमुख पिकांच्या लागवडीच्या खर्चाची विज्ञानपूर्ण माहिती गोळा करते. यातून आपल्याला सूर्यफूलाच्या लागवडीचा खर्च आणि उत्पादन खर्च प्रति हेक्टर आणि प्रति क्विंटल यांची अचूक माहिती मिळते. या योजनेची माहिती आपल्याला बँक कर्ज धोरण, पीक विमा योजना आणि शासकीय नुकसान भरपाई योजनांसाठी मदत करते.

**२. राष्ट्रीय अन्न सुरक्षा अभियान (NFSNM) - पीक प्रात्यक्षिक योजना**

या योजनेअंतर्गत आपल्याला नवीन शेती तंत्रज्ञानाची माहिती मिळते आणि प्रात्यक्षिकांद्वारे आपल्या शेतात आधुनिक शेती पद्धती अवलंबून उत्पादन वाढवता येते.

**३. नॅशनल मिशन ऑन एजिबल ऑइल्स - ऑइलसीड्स योजना**

या योजनेअंतर्गत तेलबिया पिकांसाठी (सूर्यफूल, सोयाबीन, करडई इ.) अनुदान उपलब्ध आहे. यामध्ये बियाणे, लागवड यंत्रे आणि इतर आवश्यक साहित्यासाठी अनुदान मिळू शकते.

**४. प्रधानमंत्री किसान सम्मान निधी (PM-KISAN) योजना**

ही योजना शेतकरी कुटुंबांना वार्षिक **₹६,०००** चे तीन समान हप्त्यांमध्ये अनुदान देते. यासाठी आपल्या नावावर लागवडीयोग्य जमीन असणे आवश्यक आहे.

**५. कृषी यांत्रिकीकरण योजना**

सूर्यफूल लागवडीसाठी लागणाऱ्या यंत्रसामग्रीसाठी (रोप लावणी यंत्र, बियाणे पेरणी यंत्र, वखर इ.) ४०-५०% पर्यंत अनुदान मिळू शकते.

**६. नानाजी देशमुख कृषी संजीवनी प्रकल्प (NDKSP)**

सातारा जिल्हा हा या प्रकल्पाचा भाग आहे. यामध्ये ठिबक सिंचन, तुषार सिंचन, विहीर पुनर्भरण, शेततळे, शेती पाणी व्यवस्थापन यासाठी अनुदान उपलब्ध आहे.

**७. महाराष्ट्र राज्य योजना - भाऊसाहेब फुंडकर उद्यान लागवड योजना**

फळबाग लागवडीसाठी अनुदान देणारी योजना आहे.

**८. महाराष्ट्र राज्य योजना - डॉ. बाबासाहेब आंबेडकर कृषी स्वावलंबन योजना**

अनुसूचित जाती-जमाती शेतकऱ्यांसाठी विशेष योजना आहे.

**योजनांसाठी आवश्यक कागदपत्रे:**
- ७/१२ उतारा
- आधार कार्ड
- बँक पासबुक
- जात प्रमाणपत्र (अनुसूचित जाती-जमाती शेतकऱ्यांसाठी)
- प्रकल्प अहवाल (यंत्रसामग्री योजनेसाठी)

**अर्ज प्रक्रिया:**
- अनेक योजनांसाठी महाडीबीटी पोर्टलवर ऑनलाइन अर्ज करता येतो: https://mahadbt.maharashtra.gov.in
- पीएम-किसान योजनेसाठी pmkisan.gov.in वर अर्ज करता येतो

**स्रोत: शासकीय योजना माहिती**

आपल्याला या योजनांपैकी कोणत्याही विशिष्ट योजनेबद्दल अधिक माहिती हवी आहे का, किंवा आपल्या शेतासाठी योग्य योजना निवडण्यास मदत हवी आहे का?",2026-01-30T00:38:42.110672,kenpath/mhv_vistaar_all_mhv_vistaar_all_qwen3-32b_v0.2_v0.2.1,FT Qwen 3 (32B) v0.2.1
e5b2e2610d5f406e2ed96a4dc7c27fba,KVK,Devanagri,ठाणे भागात कृषी विज्ञान केंद्राचे प्रात्यक्षिक शेत कुठे आहे?,Where is the demonstration farm of KVK in Thane area?,,"ठाणे भागात कृषी विज्ञान केंद्र (KVK) ची माहिती सध्या उपलब्ध नाही. आपल्याला जवळच्या इतर ठिकाणासाठी माहिती पाहू इच्छिता का? किंवा आपल्या स्थानिक कृषी कार्यालयाशी संपर्क साधून अधिक माहिती मिळवू शकता.

**स्रोत: कृषी सेवा माहिती**",2026-01-30T00:38:01.254362,kenpath/mhv_vistaar_all_mhv_vistaar_all_qwen3-32b_v0.2_v0.2.1,FT Qwen 3 (32B) v0.2.1
791766e6ebb8cb950db292f2db50938b,CHC,Romanized,Hingoli bhagat spray pump sathi booking kase karave?,How to book spray pump in Hingoli area?,,"हिंगोली जिल्ह्यासाठी कस्टम हायरिंग सेंटर (CHC) किंवा शेती यंत्रसामग्री भाड्याने देणाऱ्या केंद्रांची माहिती सध्या उपलब्ध नाही.

**आपण काय करू शकता:**
- आपल्या स्थानिक कृषी कार्यालयाशी संपर्क साधा आणि तेथे उपलब्ध यंत्रसामग्री भाड्याने देणाऱ्या केंद्रांची माहिती मिळवा.
- तालुका कृषी कार्यालयात भेट देऊन भागाट स्प्रे पंप भाड्याने घेण्यासाठी नोंदणी करा.

**स्रोत: कृषी सेवा माहिती**

आपल्याला हिंगोली जिल्ह्यातील इतर कृषी सेवा (जसे की मृदा परीक्षण प्रयोगशाळा किंवा कृषी विज्ञान केंद्र) बद्दल माहिती हवी आहे का?",2026-01-30T00:38:13.135332,kenpath/mhv_vistaar_all_mhv_vistaar_all_qwen3-32b_v0.2_v0.2.1,FT Qwen 3 (32B) v0.2.1
e2cae128d78fed9f2b54333fea6749d3,Mandi Price,Devanagri,परभणी बाजारात बाजरी सध्या किती भावाने चालतोय?,At what price is pearl millet currently selling in Parbhani market?,,"मला परभणी बाजारासाठी बाजरीचे दर सध्या उपलब्ध नाहीत. आपल्याला जवळच्या इतर बाजारांतील बाजरीचे दर तपासायचे आहेत का? किंवा आपण दुसऱ्या बाजाराचे नाव सांगू शकता.

**स्रोत: बाजारभाव**",2026-01-30T00:38:24.784121,kenpath/mhv_vistaar_all_mhv_vistaar_all_qwen3-32b_v0.2_v0.2.1,FT Qwen 3 (32B) v0.2.1
e13447664fb3cc9ec07647fac224f2c6,Weather Forecast,Romanized,Jalna bhagat pudhchya 5 divsancha havaman andaj kay aahe?,What is the weather forecast for the next 5 days in Jalna area?,,"जालना जिल्ह्यासाठी पुढील ५ दिवसांचा हवामान अंदाज सध्या उपलब्ध नाही.

आपल्याला जवळच्या इतर बाजारांसाठी हवामान माहिती तपासायची आहे का, किंवा शेतीविषयक इतर कोणत्याही प्रश्नाबद्दल मदत हवी आहे का?",2026-01-30T00:38:35.047952,kenpath/mhv_vistaar_all_mhv_vistaar_all_qwen3-32b_v0.2_v0.2.1,FT Qwen 3 (32B) v0.2.1
1d04c91911f7285eb6023341a5a4ac49,Warehouse,Romanized,Washim jilhyat sunflower sathavnukisathi sabat javalchi suvidha konti?,What is the nearest facility for storing sunflower in Washim district?,,"मला वाशिम जिल्ह्यातील कस्टम हायरिंग सेंटर (सीएचसी) ची माहिती सध्या उपलब्ध नाही.

आपल्याला वाशिम जिल्ह्यातील इतर कृषी सेवा केंद्रांची माहिती पाहायची आहे का, जसे की कृषी विज्ञान केंद्र (केव्हीके), माती परीक्षण प्रयोगशाळा किंवा गोदाम सुविधा? किंवा आपण जवळच्या दुसऱ्या ठिकाणासाठी कस्टम हायरिंग सेंटरची माहिती तपासू इच्छिता का?

**स्रोत: कृषी सेवा माहिती**",2026-01-30T00:38:43.718617,kenpath/mhv_vistaar_all_mhv_vistaar_all_qwen3-32b_v0.2_v0.2.1,FT Qwen 3 (32B) v0.2.1
391e16ce62822de8586135e8ceef7ca6,CHC,Devanagri,नागपूर जिल्ह्यात CHC केंद्राचा संपर्क क्रमांक काय आहे?,What is the contact number of CHC center in Nagpur district?,,"नागपूर जिल्ह्यासाठी CHC (कस्टम हायरिंग सेंटर) केंद्राची माहिती सध्या उपलब्ध नाही. आपल्याला जवळच्या इतर ठिकाणासाठी माहिती पाहायची आहे का किंवा आपल्या स्थानिक कृषी कार्यालयात संपर्क साधून अधिक माहिती घ्यायची आहे का?

**स्रोत: कृषी सेवा माहिती**",2026-01-30T00:38:53.661552,kenpath/mhv_vistaar_all_mhv_vistaar_all_qwen3-32b_v0.2_v0.2.1,FT Qwen 3 (32B) v0.2.1
791766e6ebb8cb950db292f2db50938b,CHC,Romanized,Hingoli bhagat spray pump sathi booking kase karave?,How to book spray pump in Hingoli area?,,"हिंगोली जिल्ह्यातील शेतकऱ्यांसाठी भागातील स्प्रे पंप भाड्याने देणाऱ्या सेवा केंद्रांची माहिती खालीलप्रमाणे आहे:

**हिंगोली जवळील कस्टम हायरिंग सेंटर (CHC) - स्प्रे पंप भाड्याने मिळणारी केंद्रे:**

१. **पालसोना, हिंगोली**  
   - पत्ता: वसंतराव नाईक महिला शेतकरी गट, पालसोना  
   - संपर्क: संगीता संजिव राठोड  
   - फोन: 8788319713  
   - अंतर: १ किमी

२. **शिवणी बु., कळमनुरी**  
   - पत्ता: नर्मदा शेतकरी गट, शिवणी बु.  
   - संपर्क: बापूराव महादजी जाधव  
   - फोन: 9421389346  
   - अंतर: १ किमी

३. **ब्राम्हणवाडा प्रा. वाशिम, सेंगावन**  
   - पत्ता: राजे चत्राओती उत्पादक गट, ब्राम्हणवाडा ता. सेंगावन जि. हिंगोली  
   - संपर्क: अरुण शिवाजी वायचल  
   - फोन: 9527942039  
   - अंतर: १ किमी

४. **कणाडखेडा बु., हिंगोली**  
   - पत्ता: चhatrapati Shivaji Maharaj Shetkari Bachat Gat, कणाडखेडा  
   - संपर्क: संतोष पांडुरंग धोते  
   - फोन: 8788059453  
   - अंतर: १ किमी

५. **भातसवंगी, हिंगोली**  
   - पत्ता: प्रतिक्षा शेतकरी बचत गट, भातसवंगी  
   - संपर्क: सुनील विठ्ठल जताळे  
   - फोन: 9834710906  
   - अंतर: १ किमी

**भाडे नोंदणी प्रक्रिया:**
स्प्रे पंप किंवा इतर शेती यंत्रे भाड्याने घेण्यासाठी वरील केंद्रांशी थेट संपर्क साधा. तेथे उपलब्धता, भाड्याचे दर आणि बुकिंग प्रक्रिया याबद्दल अधिक माहिती मिळेल. आपल्याला कोणत्या विशिष्ट यंत्राची गरज असेल ते सांगा जेणेकरून ते आपल्यासाठी उपलब्धता तपासू शकतील.

**स्रोत: कृषी सेवा माहिती**

आपल्याला कोणत्या विशिष्ट यंत्राची गरज आहे? किंवा या केंद्रांबद्दल अधिक माहिती हवी आहे का?",2026-01-30T00:39:16.694991,kenpath/mhv_vistaar_all_mhv_vistaar_all_qwen3-32b_v0.2_v0.2.1,FT Qwen 3 (32B) v0.2.1
4c8e0cf84c0b55eeeee19927d60f7e24,CHC,Devanagri,रायगड मध्ये रीपर भाड्याने देणारे केंद्र कोणते?,Which center rents reaper in Raigad?,,"रायगड जिल्ह्यात रीपर भाड्याने देणारी केंद्रे खालीलप्रमाणे आहेत:

**१. मालाडे, अलिबाग येथील कस्टम हायरिंग सेंटर (CHC):**
- **नाव:** दन्यानी अॅग्रो प्रोड्यूसर कंपनी लिमिटेड
- **संपर्क व्यक्ती:** सुनील शेळके
- **फोन:** 7020459987
- **अंतर:** १८ किमी

**२. बिलोशी, वाडा येथील केंद्रे (पालघर जिल्हा):**
- **चेडोबा शेतकरी बचत गट**
  - **संपर्क व्यक्ती:** अताराम गोपाळ पाटील
  - **फोन:** 8805389276
  - **अंतर:** १०५ किमी

- **गंगा शेतकरी गट**
  - **संपर्क व्यक्ती:** सदानंद धौ काथोळे
  - **फोन:** 8805561345
  - **अंतर:** १०५ किमी

- **साईसेवक शेतकरी बचत गट अंबिस्ते**
  - **संपर्क व्यक्ती:** संजीवकुमार रामचंद्र पाटील
  - **फोन:** 9284342372
  - **अंतर:** १०७ किमी

- **बलिराजा सेन्नद्रीय शेतकरी गट निचोले**
  - **संपर्क व्यक्ती:** कोंडू शंकर पाश्टे
  - **फोन:** 9322305910
  - **अंतर:** १०८ किमी

या केंद्रांवर रीपर आणि इतर शेती यंत्रे भाड्याने उपलब्ध असतात. आपण जवळच्या मालाडे, अलिबाग येथील केंद्राशी संपर्क साधू शकता किंवा आपल्या जवळच्या शेतकरी गटाशी संपर्क करू शकता.

**स्रोत: कृषी सेवा माहिती**

आपल्याला या केंद्रांबद्दल अधिक माहिती हवी आहे का किंवा इतर कोणत्या शेती यंत्रांबद्दल जाणून घ्यायचे आहे का?",2026-01-30T00:39:21.843828,kenpath/mhv_vistaar_all_mhv_vistaar_all_qwen3-32b_v0.2_v0.2.1,FT Qwen 3 (32B) v0.2.1
810dd0a02963e71072c907714adf3ff3,Warehouse,Devanagri,बीड भागात शीतगृह (Cold Storage) सुविधा उपलब्ध आहे का?,Is cold storage facility available in Beed area?,,"बीड भागात शीतगृह (कोल्ड स्टोरेज) सुविधा उपलब्ध आहेत. येथे जवळच्या गोदामांची माहिती आहे:

**१. बीड गोदाम** (सर्वात जवळचे)
- **पत्ता:** एमएसडब्ल्यूसी, प्लॉट नं. ४७, एमआयडीसी क्षेत्र, बीड
- **अंतर:** २.१५ किमी
- **संपर्क:** गोदाम व्यवस्थापक
- **फोन:** 02442-227210

**२. ज्योराई गोदाम**
- **पत्ता:** कृषी उत्पन्न बाजार समिती, बीड रोड, ज्योराई
- **अंतर:** २९.२७ किमी
- **संपर्क:** गोदाम व्यवस्थापक
- **फोन:** 02447-262313

**३. मजलगाव गोदाम**
- **पत्ता:** ज्योराई रोड, जिगिंग प्रेसिंग जवळ, फुले पिंपळगाव
- **अंतर:** ४८.१३ किमी
- **संपर्क:** गोदाम व्यवस्थापक
- **फोन:** 02443-236791

या गोदामांमध्ये आपले शेतमाल सुरक्षितपणे साठवता येतो. शीतगृह सुविधा आणि विशेष साठवणुकीच्या गरजा असल्यास आपण गोदाम व्यवस्थापकांशी संपर्क साधून तपशीलवार माहिती घेऊ शकता.

**स्रोत: कृषी सेवा माहिती**

आपल्याला या गोदामांपैकी कोणत्याही विशिष्ट गोदामाची अधिक माहिती हवी आहे का, किंवा आपल्या शेतमालाच्या साठवणुकीबद्दल मार्गदर्शन हवे आहे का?",2026-01-30T00:39:28.650689,kenpath/mhv_vistaar_all_mhv_vistaar_all_qwen3-32b_v0.2_v0.2.1,FT Qwen 3 (32B) v0.2.1
6bff8edb7c0a21adba6c0fecccb43291,Scheme,Romanized,Solapur jilhyat thibak sinchan yojnesathi arj kasa karava?,How to apply for drip irrigation scheme in Solapur district?,,"## सोलापूर जिल्ह्यात ठिबक सिंचन योजनेसाठी अर्ज करण्याची प्रक्रिया

सोलापूर जिल्ह्यात ठिबक सिंचन योजनेसाठी आपण खालील मार्गदर्शक सूचना वापरू शकता:

### १. मुख्यमंत्री शाश्वत कृषी सिंचन योजना - वैयक्तिक शेततळे

**योजनेची माहिती:**
ही योजना महाराष्ट्र राज्य सरकारद्वारे शाश्वत कृषी सिंचनासाठी शेतकऱ्यांना मदत करण्यासाठी सुरू करण्यात आली आहे.

**लाभ:**
शेततळ्याच्या आकारानुसार किमान ₹१४,४३३ आणि कमाल ₹७५,००० अनुदान उपलब्ध आहे.

**पात्रता:**
- कोकण विभागातील शेतकऱ्यांकडे किमान ०.२० हेक्टर जमीन असावी
- इतर महाराष्ट्रातील शेतकऱ्यांकडे किमान ०.४० हेक्टर जमीन असावी

**आवश्यक कागदपत्रे:**
१. ७/१२ किंवा ८अ उतारा
२. आधार कार्डाची प्रत
३. आधार क्रमांकाशी बँक खाते जोडलेले असल्याचा पुरावा

**अर्ज प्रक्रिया:**
महाडीबीटी पोर्टलवर ऑनलाइन अर्ज करा:
https://mahadbt.maharashtra.gov.in

---

### २. नानाजी देशमुख कृषी संजीवनी प्रकल्प - पंप सेट

**योजनेची माहिती:**
ही योजना विशेषतः पोक्रा गावांसाठी आहे आणि शेतकऱ्यांना संरक्षित सिंचनासाठी पंप सेट उपलब्ध करून देते.

**लाभ:**
- अनुसूचित जाती आणि अनुसूचित जमातीच्या शेतकऱ्यांना विद्युत पंप (१० एचपी पर्यंत) आणि डिझेल इंजिन (१० एचपी पर्यंत) उपलब्ध
- हवामान बदलाच्या परिस्थितीत शेतकऱ्यांना संरक्षित सिंचनाची सुविधा

**पात्रता:**
- अनुसूचित जाती आणि अनुसूचित जमातीच्या शेतकऱ्यांसाठीच लाभ
- ५ हेक्टरपर्यंत जमीन असलेल्या शेतकऱ्यांसाठीच पात्रता

**आवश्यक कागदपत्रे:**
१. जात प्रमाणपत्र (अनुसूचित जाती/जमातीच्या अर्जदारांसाठी)
२. अपंग प्रमाणपत्र (अपंग अर्जदारांसाठी)
३. संयुक्त खाते असल्यास इतर खातेदारांची संमतीपत्र

**अर्ज प्रक्रिया:**
- महाविस्तार-एआय अॅप गुगल प्ले स्टोअरवरून डाउनलोड करा
- नोंदणीकृत शेतकरी आयडी वापरून लॉगिन करा
- डॅशबोर्डवरील ""DBT"" टॅबवर क्लिक करा
- ""NDKSP (PoCRA)"" टॅबवर क्लिक करा
- नवीन योजनेसाठी अर्ज करा

किंवा पोर्टलवर अर्ज करा:
https://mahapocra.gov.in/mr/applications

**महत्त्वाची सूचना:** ही योजना फक्त पोक्रा गावांसाठी उपलब्ध आहे.

**स्रोत: शासकीय योजना माहिती**

आपल्याला या योजनांबद्दल अधिक माहिती हवी आहे का किंवा अर्ज प्रक्रियेबद्दल काही विशिष्ट प्रश्न आहेत का?",2026-01-30T00:40:06.907349,kenpath/mhv_vistaar_all_mhv_vistaar_all_qwen3-32b_v0.2_v0.2.1,FT Qwen 3 (32B) v0.2.1
597bd035de7f5f7ba0a82896ac9e8dfe,Soil Lab,Romanized,Akola madhe mruda arogya patrika denari prayogshala shodha.,Find laboratory that provides Soil Health Card in Akola.,,"अकोला या ठिकाणासाठी माती परीक्षण प्रयोगशाळा (मृदा आरोग्य पत्रिका) सेवा सध्या उपलब्ध नाही. आपल्याला जवळच्या इतर ठिकाणासाठी माती परीक्षण प्रयोगशाळांची माहिती तपासायची आहे का? किंवा आपल्या स्थानिक कृषी कार्यालयात संपर्क साधून अधिक माहिती मिळवू शकता.

**स्रोत: कृषी सेवा माहिती**",2026-01-30T00:39:40.226265,kenpath/mhv_vistaar_all_mhv_vistaar_all_qwen3-32b_v0.2_v0.2.1,FT Qwen 3 (32B) v0.2.1
ba3ea15c56c34ebd758a470ccda0bea1,Soil Lab,Romanized,Gadchiroli bhagat shaskiya mati parikshan kendra uplabdh aahe ka?,Is government soil testing center available in Gadchiroli area?,,"गडचिरोली जिल्ह्यासाठी माती परीक्षण प्रयोगशाळेची माहिती सध्या उपलब्ध नाही. आपल्याला जवळच्या इतर ठिकाणासाठी माती परीक्षण सेवा माहिती पाहायची आहे का? किंवा आपल्या स्थानिक कृषी कार्यालयात संपर्क साधून जवळच्या माती परीक्षण प्रयोगशाळेबद्दल माहिती घेऊ शकता.

**स्रोत: कृषी सेवा माहिती**",2026-01-30T00:39:52.746199,kenpath/mhv_vistaar_all_mhv_vistaar_all_qwen3-32b_v0.2_v0.2.1,FT Qwen 3 (32B) v0.2.1
68776c705889ee367fcda5eef5e58e79,CHC,Devanagri,नांदेड जिल्ह्यात भात लावणी यंत्र भाड्याने उपलब्ध आहे का?,Is paddy transplanter available for rent in Nanded district?,,"मला नांदेड जिल्ह्यातील भात लावणी यंत्रांसाठी भाडे सेवा (कस्टम हायरिंग सेंटर - CHC) ची माहिती सध्या उपलब्ध नाही.

आपल्याला जवळच्या इतर ठिकाणांसाठी या सेवा तपासायच्या आहेत का? किंवा आपल्या स्थानिक कृषी कार्यालयात थेट संपर्क साधून भाडे यंत्रसामग्रीची उपलब्धता जाणून घेऊ शकता.

**स्रोत: कृषी सेवा माहिती**",2026-01-30T00:40:03.295984,kenpath/mhv_vistaar_all_mhv_vistaar_all_qwen3-32b_v0.2_v0.2.1,FT Qwen 3 (32B) v0.2.1
163b5c9438568c9785f156bb84d25dc7,Weather Historical,Devanagri,बीड भागात गेल्या २ दिवसांत भेंडी पिकावर परिणाम होईल इतकी थंडी होती का?,Was it cold enough in the last 2 days to affect okra crop in Beed area?,,"मला बीड भागासाठी गेल्या २ दिवसांचे हवामान इतिहास उपलब्ध नाही. आपल्याला बीड जवळच्या इतर बाजारातील भाव पाहायचे आहेत का, किंवा भेंडी पिकाच्या व्यवस्थापनाबद्दल माहिती हवी आहे का?",2026-01-30T00:40:23.377291,kenpath/mhv_vistaar_all_mhv_vistaar_all_qwen3-32b_v0.2_v0.2.1,FT Qwen 3 (32B) v0.2.1
e559058f32a2f3767bd134c72e41a540,Agri Assistant Contact,Devanagri,रायगड जिल्ह्यातील कृषी अधिकाऱ्यांची यादी द्या.,Provide list of agriculture officers in Raigad district.,,"मला रायगड जिल्ह्यातील कृषी अधिकाऱ्यांची यादी सध्या उपलब्ध नाही. आपल्याला जिल्हा कृषी कार्यालय, तालुका कृषी कार्यालय किंवा आपल्या गावातील कृषी सहाय्यक यांच्याशी थेट संपर्क साधण्याचा सल्ला देतो. ते आपल्याला शेतीविषयक सर्व मार्गदर्शन आणि शासकीय योजनांबद्दल माहिती देऊ शकतात.

**स्रोत: कृषी संस्थापक निर्देशिका**

आपल्याला रायगड जिल्ह्यातील कृषी विज्ञान केंद्र (KVK), माती परीक्षण प्रयोगशाळा किंवा इतर कृषी सेवा केंद्रांची माहिती हवी आहे का?",2026-01-30T00:40:20.371034,kenpath/mhv_vistaar_all_mhv_vistaar_all_qwen3-32b_v0.2_v0.2.1,FT Qwen 3 (32B) v0.2.1
9f71465a0b9b9c026be214fbd3f549cb,Agri Assistant Contact,Devanagri,नांदेड भागातील कृषी सहाय्यक कोणत्या सेवा देतात?,What services do agriculture assistants provide in Nanded area?,,"मला नांदेड भागातील कृषी सहाय्यकांची माहिती सध्या उपलब्ध नाही. कृपया आपल्या स्थानिक कृषी कार्यालयाशी संपर्क साधा किंवा तालुका कृषी अधिकारी यांच्याकडून माहिती घ्या.

आपल्याला नांदेड जिल्ह्यातील कृषी विज्ञान केंद्र (KVK), मृदा परीक्षण प्रयोगशाळा, कस्टम हायरिंग सेंटर (CHC) किंवा गोदाम सेवा यांची माहिती हवी आहे का?",2026-01-30T00:40:46.326122,kenpath/mhv_vistaar_all_mhv_vistaar_all_qwen3-32b_v0.2_v0.2.1,FT Qwen 3 (32B) v0.2.1
3fefff09e0b6034d41e4e06e5c157896,Scheme,Devanagri,नागपूर भागात पीक विमा योजनेसाठी कोणती कागदपत्रे लागतात?,What documents are required for crop insurance scheme in Nagpur area?,,"नागपूर भागात पीक विमा योजनेसाठी आवश्यक कागदपत्रे खालीलप्रमाणे आहेत:

**पीक विमा योजना (Restructured Weather Base Crop Insurance Scheme - RWBCIS)**

**आवश्यक कागदपत्रे:**
1. **अ‍ॅग्रिस्टॅक क्रमांक** - आपल्या शेतीची नोंदणी तपासण्यासाठी आवश्यक
2. **आधार कार्ड** - ओळखपत्र म्हणून
3. **बँक खाते तपशील** - अनुदान वितरणासाठी
4. **जमीन तपशील आणि पीक तपशील** - आपल्या शेताची माहिती
5. **डिजिटल पीक सर्वेक्षण (ई-पीक पाहणी)** - पीक नोंदणीसाठी

**योजनेची माहिती:**
ही योजना अतिवृष्टी, कमी पाऊस, दीर्घ कोरडा काळ, अनियमित पाऊस, कमी तापमान, जास्त तापमान, आर्द्रता, वाऱ्याचा वेग, गारपीट यांसारख्या अपायकारक हवामान परिस्थितीमुळे होणाऱ्या पीक नुकसानीपासून शेतकऱ्यांना विमा संरक्षण देते.

**पात्रता:**
- जाहीर केलेल्या क्षेत्रात जाहीर केलेल्या पिकांचे उत्पादन वयाचे झाड असलेले सर्व शेतकरी पात्र आहेत
- कर्जदार आणि बिगरकर्जदार दोन्ही शेतकऱ्यांसाठी ही योजना ऐच्छिक आहे

**अर्ज प्रक्रिया:**
www.pmfby.gov.in या पोर्टलवर निश्चित तारखेत ऑनलाइन अर्ज करावा लागतो.

**स्रोत: शासकीय योजना माहिती**

आपल्याला या योजनेसाठी अर्ज करण्याबद्दल अधिक माहिती हवी आहे का किंवा अर्जाच्या स्थितीबद्दल तपासायचे आहे का?",2026-01-30T00:40:57.991536,kenpath/mhv_vistaar_all_mhv_vistaar_all_qwen3-32b_v0.2_v0.2.1,FT Qwen 3 (32B) v0.2.1
1eb9e37b9c445912c1320fbfbec60b12,Soil Lab,Devanagri,सोलापूर भागात माती परीक्षणाचे शुल्क किती आहे?,What is the soil testing fee in Solapur area?,,"सोलापूर भागात माती परीक्षणासाठी खालील प्रयोगशाळा उपलब्ध आहेत:

**१. माती परीक्षण प्रयोगशाळा, सोलापूर**
- पत्ता: जिल्हा माती सर्वेक्षण व माती परीक्षण अधिकारी, नवीन आरटीओ कार्यालयाजवळ, विजापूर रोड, सोलापूर ४१३००१
- संपर्क: श्री. ए. यू. सापटे (अतिरिक्त कार्यभार)
- फोन: ७७०९४२९०८४
- अंतर: ८७ किमी

**२. माती परीक्षण प्रयोगशाळा, धाराशिव**
- पत्ता: जिकारे बिल्डिंग, डीआयसी रोड, सेंट्रल बिल्डिंगजवळ, धाराशिव, पिन ४१३५०१
- संपर्क: श्री. डी. बी. दहिफळे
- फोन: ९७६४४१५५७१
- अंतर: ६० किमी

**माती परीक्षण शुल्क:**
माती परीक्षणाचे शुल्क विविध प्रयोगशाळांनुसार बदलू शकते. सामान्यतः शासकीय माती परीक्षण प्रयोगशाळांमध्ये माती नमुन्याचे शुल्क ₹१०० ते ₹२०० दरम्यान असते. या शुल्कात मातीतील महत्त्वाचे घटक (नायट्रोजन, फॉस्फरस, पोटॅशियम, सेंद्रिय कार्बन, मातीचा pH) तपासणी समाविष्ट असते.

**शिफारस:**
माती परीक्षणाचे अचूक शुल्क जाणून घेण्यासाठी आणि नमुना कसा घ्यावा याबद्दल मार्गदर्शनासाठी वरील प्रयोगशाळांशी थेट संपर्क साधा. शासकीय प्रयोगशाळांमध्ये सर्वोत्तम दर आणि विश्वासार्ह सेवा मिळते.

**स्रोत: कृषी सेवा माहिती**

आपल्याला माती परीक्षणासाठी नमुना कसा घ्यावा याबद्दल मार्गदर्शन हवे आहे का?",2026-01-30T00:41:01.880433,kenpath/mhv_vistaar_all_mhv_vistaar_all_qwen3-32b_v0.2_v0.2.1,FT Qwen 3 (32B) v0.2.1
5d150f50c6bc8b6b73af950a9c764d61,Advisory,Devanagri,नंदुरबार भागात डाळिंब साठी सेंद्रिय खत कोणते वापरावे?,Which organic fertilizer to use for pomegranate in Nandurbar area?,,"नंदुरबार भागात डाळिंबासाठी सेंद्रिय खत वापरण्याबद्दल माहिती मिळाली आहे. डाळिंबासाठी खालील सेंद्रिय खतांचा वापर करावा:

**डाळिंबासाठी शिफारस केलेली सेंद्रिय खते:**

**१. शेणखत (Farm Yard Manure):**
- बहार येण्यापूर्वी आणि बहार नंतर ९० दिवसांनी प्रति हेक्टर १० किलो ओले कुजलेले शेणखत वापरावे.
- प्रति झाड १४ ग्रॅम ट्रायकोडर्मा प्लस (ट्रायकोडर्मा व्हिरिडी + पायथियम लिलासिनस) रिंग पद्धतीने शेणखतासोबत द्यावे.

**२. गांडूळखत (Vermicompost):**
- सेंद्रिय शेतीमध्ये गांडूळखत तयार करून वापरावे.
- गांडूळखतामुळे मातीतील सेंद्रिय कार्बन वाढतो आणि मातीची सुपीकता सुधारते.

**३. ट्रायकोडर्मा (Trichoderma):**
- मुळगाठ कृमी नियंत्रणासाठी ट्रायकोडर्मा प्लस (१० किलो/हेक्टर) वापरावे.
- बहार येण्यापूर्वी आणि बहार नंतर ९० दिवसांनी द्यावे.

**४. कंपोस्ट खत:**
- पिकाचे अवशेष, तण, गवत, शेण, मूत्र यांपासून कंपोस्ट खत तयार करून वापरावे.

**५. निंबोळी अर्क:**
- कीड नियंत्रणासाठी निंबोळी अर्क जैविक कीटकनाशक म्हणून वापरावा.

**माती आरोग्य सुधारण्यासाठी:**
- सेंद्रिय खतांचा नियमित वापर करून मातीचा pH ६.५ ते ७.५ दरम्यान ठेवावा.
- रासायनिक खतांसोबत सेंद्रिय खतांचा वापर केल्यास पोषक घटकांची संतुलित मात्रा मिळते.

**स्रोत: फळपिके एमपीकेव्ही राहुरी**

आपल्याला डाळिंबावरील कीड नियंत्रण किंवा खत व्यवस्थापनाबद्दल अधिक माहिती हवी आहे का?",2026-01-30T00:41:10.692939,kenpath/mhv_vistaar_all_mhv_vistaar_all_qwen3-32b_v0.2_v0.2.1,FT Qwen 3 (32B) v0.2.1
f065a5417ac73be38a094a9508ae670a,MahaDBT,Devanagri,जालना जिल्ह्यातील माझ्या योजनेचे पेमेंट कुठपर्यंत आले आहे?,What is the payment status of my scheme in Jalna district?,,"जालना जिल्ह्यातील योजनेच्या पेमेंट स्थितीबद्दल माहिती मिळवण्यासाठी मला आपला शेतकरी आयडी आवश्यक आहे. आपण महाडीबीटी पोर्टलवर नोंदणीकृत असल्यास, आपल्या योजना अर्जाची स्थिती तपासण्यासाठी कृपया आपल्या स्थानिक कृषी कार्यालयात संपर्क साधा.

जालना जिल्ह्यातील आपल्यासाठी जवळच्या कृषी विज्ञान केंद्रांची (KVK) माहिती खालीलप्रमाणे आहे:

**कृषी विज्ञान केंद्र, खरपुडी** (४ किमी अंतरावर)
- पत्ता: कृषी विज्ञान केंद्र, खरपुडी, पोस्ट बॉक्स क्र. ४५, जिल्हा जालना-४३१ २०३
- संपर्क: अध्यक्ष, मराठवाडा शेती सहाय्य मंडळ, पी.बी.नं. ४५, जालना-४३१२०३

**कृषी विज्ञान केंद्र, बदनापूर** (२० किमी अंतरावर)
- पत्ता: कृषी विज्ञान केंद्र, गाव बदनापूर, ता. बदनापूर, जिल्हा जालना, महाराष्ट्र
- संपर्क: कुलगुरू, वसंतराव नाईक मराठवाडा कृषी विद्यापीठ, जिल्हा परभणी-४३१ ००२

या केंद्रांवर आपण योजना अर्जाच्या स्थितीबद्दल आणि इतर कृषी सेवांबद्दल माहिती मिळवू शकता.

**स्रोत: कृषी सेवा माहिती**

आपल्याला जालना जिल्ह्यातील बाजारभाव, हवामान किंवा इतर कोणत्या कृषी सेवांबद्दल माहिती हवी आहे का?",2026-01-30T00:41:49.520749,kenpath/mhv_vistaar_all_mhv_vistaar_all_qwen3-32b_v0.2_v0.2.1,FT Qwen 3 (32B) v0.2.1
d65ff35f18713bb8965724ece038c0d3,Soil Lab,Devanagri,हिंगोली मध्ये NABL मान्यताप्राप्त प्रयोगशाळा आहे का?,Is there a NABL accredited laboratory in Hingoli?,,"मला हिंगोली जिल्ह्यात NABL मान्यताप्राप्त मृदा परीक्षण प्रयोगशाळा उपलब्ध नाही असे दिसत आहे. 

आपल्याला जवळच्या जिल्ह्यातील मृदा परीक्षण प्रयोगशाळेची माहिती तपासायची आहे का? किंवा आपण स्थानिक कृषी कार्यालयात संपर्क साधून जवळच्या प्रयोगशाळेची माहिती घेऊ शकता.

**स्रोत: कृषी सेवा माहिती**",2026-01-30T00:41:24.732705,kenpath/mhv_vistaar_all_mhv_vistaar_all_qwen3-32b_v0.2_v0.2.1,FT Qwen 3 (32B) v0.2.1
2519a505e445ba034402e2868aa9ab48,Advisory,Devanagri,नाशिक जिल्ह्यात केळी पिकासाठी योग्य जमिनीचा प्रकार कोणता?,What type of soil is suitable for banana crop in Nashik district?,,"नाशिक जिल्ह्यात केळी पिकासाठी योग्य जमिनीचा प्रकार खालीलप्रमाणे आहे:

**केळीसाठी योग्य जमीन:**

केळी पिकासाठी मध्यम ते भारी जमीन योग्य असते, ज्यामध्ये भरपूर सेंद्रिय पदार्थ आहे आणि चांगला निचरा आहे. जमिनीचा सामू (pH) 6.5 ते 8.0 दरम्यान असावा. केळीची लागवड क्षारयुक्त, अल्कधर्मी आणि चुनखडीयुक्त जमिनीत करू नये.

**नाशिक जिल्ह्यातील विशेष विचार:**

नाशिक जिल्हा मध्यम काळी मातीचा भाग आहे, जो केळी पिकासाठी योग्य आहे. जमिनीत पाण्याचा निचरा चांगला असणे अत्यंत महत्त्वाचे आहे. जमिनीची खोली सुमारे 1 ते 2 मीटर असावी आणि जमिनीत वरच्या दोन मीटरपर्यंत खडक नसावा. लागवडीपूर्वी जमिनीची तपासणी करून तज्ञांचा सल्ला घ्यावा.

**लागवडीसाठी इतर महत्त्वाच्या गोष्टी:**

- लागवडीसाठी जून-जुलै (मृग बाग) किंवा ऑक्टोबर-नोव्हेंबर (कांदे बाग) योग्य आहे.
- लागवडीसाठी 1.5 x 1.5 मीटर अंतर ठेवावे (1.75 x 1.75 मीटर उंच वाढणाऱ्या जातींसाठी).
- लागवडीपूर्वी कंद 100 ग्रॅम कार्बेन्डाझिम 100 लिटर पाण्यात 30-40 मिनिटे बुडवावे.

**स्रोत: एमपीकेव्ही कृषी दर्शनी**

आपल्याला केळीच्या लागवडीसाठी योग्य जातींबद्दल किंवा सिंचन पद्धतीबद्दल अधिक माहिती हवी आहे का?",2026-01-30T00:41:40.729066,kenpath/mhv_vistaar_all_mhv_vistaar_all_qwen3-32b_v0.2_v0.2.1,FT Qwen 3 (32B) v0.2.1
8478c1cb58c765e65b01ed761b79c66c,KVK,Devanagri,नागपूर जिल्ह्यातील KVK मध्ये रोपवाटिका सुविधा आहे का?,Is there a nursery facility at KVK in Nagpur district?,,"नागपूर जिल्ह्यातील कृषी विज्ञान केंद्र (KVK) ची माहिती खालीलप्रमाणे आहे:

**नागपूर जिल्ह्यातील जवळचे KVK केंद्र:**

**कृषी विज्ञान केंद्र, शंकरनगर**
- पत्ता: पोस्ट बॉक्स नं. २, पोस्ट शंकरनगर, जिल्हा नागपूर-४४००१०
- अंतर: १२२ किमी
- संपर्क: केंद्रीय कापूस संशोधन संस्था, पोस्ट नं. २०, नागपूर-४४००१०

**कृषी विज्ञान केंद्रांच्या सामान्य सुविधा:**
कृषी विज्ञान केंद्रे शेतकऱ्यांना दर्जेदार बियाणे, रोपे आणि लागवडीचे साहित्य पुरवतात. विशेषतः वृक्ष लागवडीसाठी, शेतकऱ्यांना जवळच्या वन विभागाच्या रोपवाटिका, कृषी विद्यापीठाच्या रोपवाटिका किंवा कृषी विज्ञान केंद्रातील रोपवाटिका यांचा वापर करण्याचा सल्ला दिला जातो.

**स्रोत: कृषी सेवा माहिती**

आपल्याला या केंद्रांबद्दल अधिक माहिती हवी आहे का किंवा इतर कोणत्या कृषी सेवांबद्दल जाणून घ्यायचे आहे?",2026-01-30T00:41:56.948026,kenpath/mhv_vistaar_all_mhv_vistaar_all_qwen3-32b_v0.2_v0.2.1,FT Qwen 3 (32B) v0.2.1
9eadce9c48a7e8055de5b3c484b464d1,Mandi Price,Devanagri,परभणी बाजारात पेरू सध्या किती भावाने चालतोय?,At what price is guava currently selling in Parbhani market?,,"परभणी बाजारात सध्या पेरूचे भाव उपलब्ध नाहीत. या बाजारात ज्वारी, सोयाबीन आणि गहू यांचे दर उपलब्ध आहेत.

आपल्याला जवळच्या इतर बाजारातील पेरूचे भाव तपासायचे आहेत का? किंवा आपल्याला पेरूच्या लागवडीबद्दल किंवा व्यवस्थापनाबद्दल माहिती हवी आहे का?

**स्रोत: बाजारभाव**",2026-01-30T00:41:53.967007,kenpath/mhv_vistaar_all_mhv_vistaar_all_qwen3-32b_v0.2_v0.2.1,FT Qwen 3 (32B) v0.2.1
bd5796321fd499187836843dee0534b7,Weather Forecast,Devanagri,ठाणे भागात पुढचे काही दिवस ढगाळ हवामान राहील का?,Will the weather remain cloudy for the next few days in Thane area?,,"ठाणे भागासाठी पुढच्या काही दिवसांचा हवामान अंदाज सध्या उपलब्ध नाही. आपल्याला जवळच्या इतर बाजारातील हवामान माहिती तपासायची आहे का, किंवा शेतीविषयक इतर काही प्रश्न विचारू इच्छिता का?",2026-01-30T00:42:04.136058,kenpath/mhv_vistaar_all_mhv_vistaar_all_qwen3-32b_v0.2_v0.2.1,FT Qwen 3 (32B) v0.2.1
634add94c5bbb280f4a3d660372e5726,Advisory,Devanagri,वाशिम जिल्ह्यात दुधाळ जनावरांचा आहार कसा असावा?,What should be the diet of milch animals in Washim district?,,"वाशिम जिल्ह्यातील दुधाळ जनावरांच्या आहाराबद्दल माहिती खालीलप्रमाणे आहे:

**दुधाळ जनावरांचा आहार कसा असावा?**

दुधाळ जनावरांचे दूध उत्पादन चार मुख्य गोष्टींवर अवलंबून असते: आनुवंशिक क्षमता, आहार व्यवस्थापन, गट व्यवस्थापन आणि आरोग्य. चांगला आहार व्यवस्थापन दूध उत्पादन वाढवण्यासाठी अत्यंत महत्त्वाचे आहे.

**मुख्य आहार घटक:**

१. **हिरवा चारा** - दररोज १५-२० किलो हिरवा चारा द्यावा. हिरवा चारा ५०% फुलोऱ्याच्या अवस्थेत कापावा.

२. **कोरडा चारा** - दररोज ४-६ किलो कोरडा चारा द्यावा. गव्हाचा कडबा, बाजरीचा कडबा, तांदळाचा कडबा यांचा वापर करता येतो.

३. **दाणेदार खाद्य** - गाय वर्ग खाद्य, पेंड, धान्ये आणि धान्याचे अवशेष यांचा समावेश असलेले दाणेदार खाद्य द्यावे.

४. **खनिज मिश्रण** - जनावरांच्या आहारात योग्य प्रमाणात खनिज मिश्रण द्यावे. यामध्ये लोह, तांबे, गंधक, व्हिटॅमिन अ‍ॅ आणि डी यांचा समावेश असतो.

५. **युरिया मोलॅसेस मिनरल ब्लॉक (UMMB)** - कोरड्या चाऱ्यावर आधारित आहार असल्यास UMMB द्यावे.

६. **पाणी** - नेहमी स्वच्छ आणि ताजे पाणी उपलब्ध ठेवावे. दूध उत्पादनावर पाण्याचा मोठा परिणाम होतो.

**आहार संतुलनाचे महत्त्व:**

जनावरांच्या आहारात प्रथिने, ऊर्जा, जीवनसत्त्वे आणि खनिजे यांचे संतुलन असणे आवश्यक आहे. आहारात असंतुलन असल्यास दूध उत्पादन कमी होते, वाढ खुंटते आणि आजारांचा प्रादुर्भाव वाढतो.

**संतुलित आहार तयार करण्याची पद्धत:**

- हिरवा चारा आणि कोरडा चारा यांचे प्रमाण ३:१ ठेवावे (शिंबीवर्गीय चारा: अशिंबीवर्गीय चारा).
- चारा खाऊ घालण्यापूर्वी चुरा करून द्यावा.
- आहार दिवसातून ३-४ समान भागांत विभागून द्यावा.
- एक आहार दुसऱ्यावर बदलताना अचानक बदल करू नये, हळूहळू बदल करावा.

**महत्त्वाची सूचना:**

दुधाळ जनावरांच्या आहाराचा खर्च दूध उत्पादनाच्या एकूण खर्चाच्या ७०% पर्यंत असतो. त्यामुळे योग्य आहार व्यवस्थापन केल्यास दूध उत्पादन वाढते आणि नफा वाढतो.

**स्रोत: Handbook of Good Dairy Husbandry Practices, Practical Dairy Animal Nutrition**

आपल्याला दुधाळ जनावरांच्या आरोग्य व्यवस्थापनाबद्दल किंवा विशिष्ट जातीच्या जनावरांच्या आहाराबद्दल अधिक माहिती हवी आहे का?",2026-01-30T00:42:39.467396,kenpath/mhv_vistaar_all_mhv_vistaar_all_qwen3-32b_v0.2_v0.2.1,FT Qwen 3 (32B) v0.2.1
b13d5d0ba72f079981533828f1464fc5,Weather Forecast,Devanagri,चंद्रपूर मध्ये या आठवड्यात शेती कामांसाठी हवामान कसे राहील?,How will the weather be for farming activities this week in Chandrapur?,,मला चंद्रपूर जिल्ह्यासाठी हवामान अंदाज सध्या उपलब्ध नाही. आपल्याला जवळच्या इतर बाजारांतील हवामान माहिती तपासायची आहे का?,2026-01-30T00:42:21.548879,kenpath/mhv_vistaar_all_mhv_vistaar_all_qwen3-32b_v0.2_v0.2.1,FT Qwen 3 (32B) v0.2.1
1c3f9c10c77753902a63201ac01e5c1c,Mandi Price,Devanagri,परभणी मंडीत वांगे विकण्यासाठी वेळ योग्य आहे का?,Is this the right time to sell brinjal in Parbhani mandi?,,"मला परभणी मंडीतील बाजारभाव माहिती सध्या उपलब्ध नाही. आपल्याला जवळच्या इतर बाजारांतील वांग्याचे दर तपासायचे आहेत का? किंवा वांगे साठवून ठेवण्याबद्दल माहिती हवी आहे का?

**स्रोत: बाजारभाव**",2026-01-30T00:42:37.841689,kenpath/mhv_vistaar_all_mhv_vistaar_all_qwen3-32b_v0.2_v0.2.1,FT Qwen 3 (32B) v0.2.1
31253effa6fdfc9ab3cb197ff783a296,Scheme,Devanagri,परभणी भागात केळी पिकासाठी विमा योजना उपलब्ध आहे का?,Is insurance scheme available for banana crop in Parbhani area?,,"परभणी भागात केळी पिकासाठी विमा योजना उपलब्ध आहे का याबद्दल माझ्याकडे सध्या योजना माहिती उपलब्ध नाही. मात्र, भारत सरकार द्वारे दोन प्रमुख पीक विमा योजना चालू आहेत:

**१. प्रधानमंत्री फसल बीमा योजना (PMFBY)**
या योजनेअंतर्गत शेतकऱ्यांना अनपेक्षित घटनांमुळे होणाऱ्या पीक नुकसानासाठी आर्थिक सहाय्य दिले जाते. ही योजना शेतकऱ्यांचे उत्पन्न स्थिर ठेवण्यासाठी आणि त्यांना शेतीमध्ये राहण्यासाठी मदत करते.

**२. पुनर्रचित हवामान आधारित पीक विमा योजना (RWBCIS)**
ही योजना वातावरणीय घटकांवर आधारित पीक नुकसानासाठी विमा संरक्षण देते.

**महत्त्वाची टीप:** केळी पिकासाठी विमा संरक्षण उपलब्ध आहे की नाही, याबद्दल आणि अर्ज प्रक्रियेबद्दल अधिक माहितीसाठी आपण आपल्या तालुक्यातील कृषी कार्यालयाशी संपर्क साधावा. तेथे आपल्याला विमा योजनेची अचूक माहिती, पात्रता आणि अर्ज प्रक्रिया याबद्दल मार्गदर्शन मिळेल.

**स्रोत: शासकीय योजना माहिती**

आपल्याला परभणी जिल्ह्यातील कृषी कार्यालयाचा संपर्क क्रमांक हवा आहे का?",2026-01-30T00:43:06.744001,kenpath/mhv_vistaar_all_mhv_vistaar_all_qwen3-32b_v0.2_v0.2.1,FT Qwen 3 (32B) v0.2.1
cab2e098fa0e0b5b97f48b1bb4a0506c,Advisory,Romanized,Thane bhagat mhashichya dudh utpadanat ghat ka hote?,Why does buffalo milk production decrease in Thane area?,,"ठाणे जिल्ह्यातील भागातील म्हशींच्या दूध उत्पादनात घट होण्याची अनेक कारणे असू शकतात. उन्हाळ्यात आणि उष्णतेच्या ताणामुळे दूध उत्पादनात घट होणे सामान्य आहे.

**उष्णतेचा ताण (Heat Stress):**
ठाणे जिल्हा उष्ण आणि दमट हवामानात असल्याने उन्हाळ्यात म्हशींना उष्णतेचा ताण येतो. यामुळे दूध उत्पादनात १०-३०% घट होते. उष्णतेचा ताण येताना म्हशींचे शरीर तापमान वाढते, श्वसन वेग वाढतो आणि खाण्याची इच्छा कमी होते. यामुळे पोषक तत्वांचे शोषण कमी होते आणि दूध उत्पादन कमी होते.

**उपाय:**
- निवारा छायेत ठेवावा आणि चांगली हवाबंदी असावी
- पाण्याची फवारणी करून वारा वाहू द्यावा
- भिजवण्यासाठी जागा उपलब्ध करून द्यावी
- थंड पाणी नियमित उपलब्ध ठेवावे

**इतर कारणे:**
- खाद्यातील पोषक तत्वांची कमतरता
- जास्त दूध उत्पादन करणाऱ्या म्हशींमध्ये उष्णतेचा ताण जास्त परिणाम करतो
- गरोदरपणाच्या शेवटच्या टप्प्यात किंवा व्यान्यानंतर लगेच दूध उत्पादन कमी होऊ शकते

**स्रोत: Technological Intervention for Improving Productivity and Profitability in Buffalo Husbandry**

आपल्या म्हशींच्या दूध उत्पादनात घट झाली असल्यास, त्याची अचूक कारणे जाणून घेण्यासाठी जवळच्या पशुवैद्यकीय केंद्राशी संपर्क साधा. आपल्याला म्हशींच्या योग्य खाद्य व्यवस्थापनाबद्दल अधिक माहिती हवी आहे का?",2026-01-30T00:43:16.200416,kenpath/mhv_vistaar_all_mhv_vistaar_all_qwen3-32b_v0.2_v0.2.1,FT Qwen 3 (32B) v0.2.1
8df6cdbaa7c0960d7590a29faeb10d6d,Mandi Price,Devanagri,पुणे मंडीत केळी विकण्यासाठी वेळ योग्य आहे का?,Is this the right time to sell banana in Pune mandi?,,"पुणे मंडीत केळीचे बाजारभाव सध्या उपलब्ध नाहीत. आपल्याला जवळच्या इतर बाजारांतील केळीचे दर तपासायचे आहेत का, जसे की औरंगाबाद, नाशिक किंवा लातूर मंडी?

**स्रोत: बाजारभाव**",2026-01-30T00:43:10.593576,kenpath/mhv_vistaar_all_mhv_vistaar_all_qwen3-32b_v0.2_v0.2.1,FT Qwen 3 (32B) v0.2.1
60b05c5501b175acfeb10f5b17678ed4,Weather Forecast,Devanagri,ठाणे मध्ये या आठवड्यात सिंचन वाढवावे का?,Should irrigation be increased this week in Thane?,,"ठाणे जिल्ह्यासाठी या आठवड्यातील हवामान अंदाज सध्या उपलब्ध नाही. त्यामुळे सिंचन वाढवावे का याबद्दल निश्चित सल्ला देता येत नाही.

आपल्याला जवळच्या इतर बाजारातील हवामान अंदाज पाहायचा आहे का, किंवा ठाणे जिल्ह्यातील इतर कोणत्या शेतीविषयक माहितीबद्दल मदत हवी आहे का?",2026-01-30T00:43:23.022239,kenpath/mhv_vistaar_all_mhv_vistaar_all_qwen3-32b_v0.2_v0.2.1,FT Qwen 3 (32B) v0.2.1
ee770f4cb096417c19a16e289abcbb06,KVK,Devanagri,परभणी मध्ये कृषी विज्ञान केंद्रात प्रशिक्षण कार्यक्रम कधी असतात?,When are training programs held at KVK in Parbhani?,,"परभणी जिल्ह्यातील कृषी विज्ञान केंद्र (KVK) ची माहिती सध्या उपलब्ध नाही. कृषी विज्ञान केंद्रात विविध प्रशिक्षण कार्यक्रम आयोजित केले जातात, जसे की नवीन शेती तंत्रज्ञानाचे प्रशिक्षण, बियाणे लागवड प्रशिक्षण, फवारणी प्रशिक्षण, आणि इतर शेतीविषयक विषयांवरील प्रशिक्षण.

आपल्याला परभणी जिल्ह्यातील इतर कृषी सेवा केंद्रांची माहिती हवी आहे का, किंवा आपण आपल्या स्थानिक कृषी कार्यालयाशी संपर्क साधून KVK प्रशिक्षण कार्यक्रमांची माहिती मिळवू शकता.

**स्रोत: कृषी सेवा माहिती**

आपल्याला परभणी जिल्ह्यातील इतर कृषी सेवा केंद्रांची माहिती हवी आहे का, जसे की मृदा परीक्षण प्रयोगशाळा किंवा कस्टम हायरिंग सेंटर?",2026-01-30T00:43:39.680356,kenpath/mhv_vistaar_all_mhv_vistaar_all_qwen3-32b_v0.2_v0.2.1,FT Qwen 3 (32B) v0.2.1
dd0a67805cd7a9553c14f283fae53bb3,Advisory,Romanized,Akola madhe cabbage pikasathi biyanyache praman kiti lagte?,What is the seed rate for cabbage crop in Akola?,,"आता मी आपल्याला कोबी पिकासाठी बियाण्याचे प्रमाण आणि लागवडीची माहिती देतो.

**कोबी (पत्ता कोबी) पिकासाठी बियाण्याचे प्रमाण:**

**प्रमाण:** ४०० ते ५०० ग्रॅम बियाणे प्रति हेक्टर लागतात.

**लागवडीची पद्धत:**
- उंच केलेल्या वाफ्यांवर किंवा प्रो-ट्रेमध्ये रोपे तयार करा.
- ४ ते ६ आठवड्यांची रोपे असताना ४५ x ४५ सेमी किंवा ६० x ६० सेमी अंतरावर वरंबा-सरी वाफ्यांवर पुनर्लागवड करा.

**मातीची तयारी:**
- शेताला आडवे उलटणी द्या आणि ढेकळे फोडा.
- वखरणी करून ४० ते ५० गाड्या चांगले कुजलेले शेणखत प्रति हेक्टर टाका.
- एक अधिक वखरणी द्या.

**स्रोत: डॉ. पंजाबराव देशमुख कृषी विद्यापीठ**

आपल्याला कोबीच्या खत व्यवस्थापन किंवा सिंचनाबद्दल अधिक माहिती हवी आहे का?",2026-01-30T00:43:40.896857,kenpath/mhv_vistaar_all_mhv_vistaar_all_qwen3-32b_v0.2_v0.2.1,FT Qwen 3 (32B) v0.2.1
739ef9da2704fb448b27f7a95ed24a66,Soil Lab,Devanagri,अमरावती मध्ये NABL मान्यताप्राप्त प्रयोगशाळा आहे का?,Is there a NABL accredited laboratory in Amravati?,,"अमरावती जिल्ह्यासाठी माती परीक्षण प्रयोगशाळा (NABL मान्यताप्राप्त) यांची माहिती सध्या उपलब्ध नाही. आपल्याला जवळच्या इतर ठिकाणांसाठी माती परीक्षण प्रयोगशाळा माहिती पाहायची आहे का?

**स्रोत: कृषी सेवा माहिती**",2026-01-30T00:43:49.605395,kenpath/mhv_vistaar_all_mhv_vistaar_all_qwen3-32b_v0.2_v0.2.1,FT Qwen 3 (32B) v0.2.1
29b8b44a9206638fc60834f42a557cba,Mandi Price,Devanagri,सांगली बाजारात तूर चा ट्रेंड कसा आहे?,What is the trend of pigeon pea in Sangli market?,,"मला सांगली बाजारासाठी तूर चे भाव सध्या उपलब्ध नाहीत. आपल्याला जवळच्या दुसऱ्या बाजारातील तूर चे दर तपासायचे आहेत का, किंवा दुसऱ्या पिकाबद्दल माहिती हवी आहे का?

**स्रोत: बाजारभाव**",2026-01-30T00:43:57.388713,kenpath/mhv_vistaar_all_mhv_vistaar_all_qwen3-32b_v0.2_v0.2.1,FT Qwen 3 (32B) v0.2.1
977b3e100d16fd375162ed0e41460c5f,Warehouse,Devanagri,नाशिक जिल्ह्यात CWC गोदाम उपलब्ध आहे का?,Is CWC warehouse available in Nashik district?,,"नाशिक जिल्ह्यासाठी CWC गोदाम किंवा इतर कृषी सेवा सध्या उपलब्ध नाहीत. आपल्याला जवळच्या इतर ठिकाणासाठी गोदाम सुविधा तपासायच्या आहेत का, किंवा इतर कोणत्या कृषी सेवेबद्दल माहिती हवी आहे का?

**स्रोत: कृषी सेवा माहिती**",2026-01-30T00:44:08.614545,kenpath/mhv_vistaar_all_mhv_vistaar_all_qwen3-32b_v0.2_v0.2.1,FT Qwen 3 (32B) v0.2.1
01942d06d31b8416ec29035d808ff858,CHC,Devanagri,नंदुरबार मध्ये रीपर भाड्याने देणारे केंद्र कोणते?,Which center rents reaper in Nandurbar?,,"नंदुरबार जिल्ह्यात आणि आजूबाजूच्या भागात रीपर आणि इतर शेती यंत्रे भाड्याने देणारी कस्टम हायरिंग सेंटर (CHC) उपलब्ध आहेत. खालील माहिती पाहा:

**१. गोटणे, नंदुरबार**
- **संस्था:** शिवशक्ती स्वावलंबन कृषक मंडळ गोटणे
- **संपर्क व्यक्ती:** विजय देवपुरी बावा
- **फोन:** 8805914349
- **अंतर:** १९ किमी

**२. विहिरगाव, साक्री (धुळे)**
- **संस्था:** देवीदास गटलू कोकणी
- **संपर्क व्यक्ती:** देवीदास गटलू कोकणी
- **फोन:** 9146380172
- **अंतर:** २६ किमी

- **संस्था:** वसंत नारायण कोकणी
- **संपर्क व्यक्ती:** वसंत नारायण कोकणी
- **फोन:** 9146380172
- **अंतर:** २६ किमी

- **संस्था:** चुनीलाल धुंड्या कोकणी
- **संपर्क व्यक्ती:** चुनीलाल धुंड्या कोकणी
- **फोन:** 9146380172
- **अंतर:** २६ किमी

- **संस्था:** आनाजी धेंडू कोकणी
- **संपर्क व्यक्ती:** आनाजी धेंडू कोकणी
- **फोन:** 9146380172
- **अंतर:** २७ किमी

या केंद्रांवर रीपर आणि इतर शेती यंत्रे भाड्याने उपलब्ध आहेत. भाडे दर आणि उपलब्धतेबद्दल अधिक माहितीसाठी वरील फोन नंबरवर संपर्क साधा.

**स्रोत: कृषी सेवा माहिती**

आपल्याला या केंद्रांविषयी आणखी काही माहिती हवी आहे का, किंवा इतर कोणत्या शेती सेवांबद्दल जाणून घ्यायचे आहे?",2026-01-30T00:44:35.647695,kenpath/mhv_vistaar_all_mhv_vistaar_all_qwen3-32b_v0.2_v0.2.1,FT Qwen 3 (32B) v0.2.1
6a68fe424738518b3fc1a86e399d7725,Advisory,Devanagri,परभणी भागात पेरू साठी पाण्याचे नियोजन कसे करावे?,How to plan water management for guava in Parbhani area?,,"परभणी भागातील पेरू बागेसाठी पाण्याचे नियोजन करताना खालील महत्त्वाच्या गोष्टी लक्षात ठेवा:

**१. बहार पद्धतीनुसार पाणी नियोजन:**

पेरूचे वर्षात तीन बहार येतात - मृग, अंबिया आणि हस्त बहार. महाराष्ट्रातील हवामानासाठी मृग बहार घेणे अधिक फायदेशीर आहे.

**मृग बहारासाठी:**
- एप्रिल-मे महिन्यात बागेला पाणी देणे पूर्णपणे थांबवा.
- मातीच्या प्रकारानुसार ३० ते ४५ दिवस पाण्याचा ताण द्या.
- नोव्हेंबर ते जानेवारी या काळात फळे तयार होतात.

**२. दररोजचे पाणी नियोजन:**

- पावसाळ्यात पाण्याचा निचरा व्यवस्थित होईल याची काळजी घ्या.
- हिवाळ्यात १०-१५ दिवसांच्या अंतराने पाणी द्या.
- उन्हाळ्यात ५-६ दिवसांच्या अंतराने पाणी द्या.
- ठिबक सिंचन पद्धतीने पाणी देणे अधिक योग्य आहे.

**३. ताणाच्या परिस्थितीत उपाय:**

जर पाऊस नसल्यामुळे पाण्याची कमतरता असेल तर:
- मातीच्या वाफ्यावर आच्छादन (कोरडी पाने, गवत, गहूचे काडे किंवा प्लास्टिक शीट) द्या जेणेकरून पाण्याचा बाष्पीभवन कमी होईल.
- झाडांची छाटणी हलकी करा जेणेकरून जास्त सूर्यप्रकाश आणि हवा खेळती राहील.
- पूर्ण वाढलेल्या झाडांना शक्य असल्यास संरक्षक सिंचन द्या.
- १% पोटॅश (०:०:५०) चे फवारणी करा.

**४. आच्छादनाचे फायदे:**

पेरूच्या बागेत आच्छादन केल्याने:
- ४०% पाण्याची बचत होते
- फळांची गुणवत्ता सुधारते
- फळ गळणे कमी होते
- झाडांच्या वाढीस मदत होते

**स्रोत: डॉ. पंजाबराव देशमुख कृषी विद्यापीठ, कृषी विज्ञान नागपूर मराठवाडा विद्यापीठ**

आपल्या पेरू बागेत कोणत्या प्रकारची लागवड आहे - पारंपरिक की उच्च घनतेची? त्यानुसार मी अधिक विशिष्ट मार्गदर्शन देऊ शकतो.",2026-01-30T00:45:03.489935,kenpath/mhv_vistaar_all_mhv_vistaar_all_qwen3-32b_v0.2_v0.2.1,FT Qwen 3 (32B) v0.2.1
5cbde5044b02256b3767a6ef4542ae97,CHC,Devanagri,नागपूर जिल्ह्यात CHC केंद्र शनिवारी उघडे असते का?,Is CHC center open on Saturday in Nagpur district?,,"नागपूर जिल्ह्यात आणि आसपासच्या भागात खालील **कस्टम हायरिंग सेंटर (CHC)** उपलब्ध आहेत:

**१. कृषी समर्पण शेतकरी गट, नागर्धन, रामटेक**
- संपर्क: सरफराज रफिक पौचतोड
- फोन: 9403103786
- अंतर: ३२ किमी

**२. परमात्मा एक शेतकरी गट, नागर्धन, रामटेक**
- संपर्क: आनंदराव फत्तू अडाबाईले
- फोन: 9545131026
- अंतर: ३२ किमी

**३. सियान अॅग्रो इंडस्ट्रीज अँड इन्फ्रास्ट्रक्चर लिमिटेड, नागपूर (महानगरपालिका)**
- संपर्क: जयकुमार रमेश वर्मा
- फोन: 8806669593
- अंतर: ३८ किमी

**४. मा. बांबलेश्वरी स्वयं सहाय्यता बचत गट, दहेगाव (गोसाई), सेलू**
- संपर्क: मनिषा गणेशराव उइके
- फोन: 7887399596
- अंतर: ४८ किमी

**५. महेश्वरी स्वयं सहाय्यता समूह, दहेगाव (गोसाई), सेलू**
- संपर्क: प्रिती प्रवीण चौधरी
- फोन: 9373296770
- अंतर: ४८ किमी

**शनिवारी उघडे आहे का?**
सामान्यतः शेतकरी गटांची CHC केंद्रे शेतकऱ्यांसाठी आठवड्यातील सर्व दिवस उघडी असतात, परंतु काही वेळा शनिवार-रविवार दिवशी बंद असू शकतात. याबद्दल निश्चित माहितीसाठी आपण वरील दिलेल्या संपर्क क्रमांकावर फोन करून चौकशी करावी.

**स्रोत: कृषी सेवा माहिती**

आपल्याला कोणत्या शेती यंत्राची भाड्याने सुविधा हवी आहे का? किंवा इतर कोणत्या कृषी सेवेबद्दल माहिती हवी आहे का?",2026-01-30T00:44:56.694120,kenpath/mhv_vistaar_all_mhv_vistaar_all_qwen3-32b_v0.2_v0.2.1,FT Qwen 3 (32B) v0.2.1
ad8c962b1835bcdd9eb28ccd242ae348,Advisory,Devanagri,नंदुरबार मध्ये गायीच्या कासेला सूज आली तर उपचार काय?,What is the treatment if cow's udder is swollen in Nandurbar?,,"गायीच्या कासेला सूज आली असल्यास हा **स्तनदाह** रोग असू शकतो. हा गायी आणि म्हशींमध्ये सर्वात सामान्य आणि खर्चिक रोग आहे. खाली उपचार आणि लक्षणांची माहिती दिली आहे:

**लक्षणे:**
- कास लाल, उष्ण किंवा सूजलेली असते
- कास दाबल्यावर वेदना होते
- दूध पाण्यासारखे, पिवळे किंवा गाठींसह बदलते
- कधीकधी दूधात दाणे किंवा पाणी असारखे दिसते
- जनावराला ताप येऊ शकतो किंवा ती रोगी दिसते

**उपचार:**
1. **पशुवैद्यकांशी त्वरित संपर्क साधा.** लवकर उपचार (२-३ तासांत) केल्यास बरे होण्याची शक्यता वाढते.
2. **दूषित दूध पूर्णपणे काढा.** दूषित दूध काढल्यानंतर किमान ४ दिवस दूध टाकून द्या किंवा पशुवैद्यकाच्या सूचनेनुसार करा.
3. **कास स्वच्छ धुवा.** सामान्य नमकीन पाणी आणि विरघळलेले पाणी वापरून संक्रमित कास स्वच्छ करा.
4. **प्रतिजैविक औषधे वापरा.** पशुवैद्यकाच्या सल्ल्याने कासेत प्रतिजैविक औषधे द्या.
5. **वेदना कमी करणारी औषधे द्या.** वेदना कमी करणारी किंवा विरोधी-सूज इंजेक्शन द्या.
6. **पाणी आणि खाण्याची काळजी घ्या.** जनावराला पुरेसे पाणी आणि खाणे द्या.

**प्रतिबंध:**
- दूध काढण्यापूर्वी हात आणि कास स्वच्छ धुवा
- दूध काढल्यानंतर थनाग्र औषधी द्रावण वापरा
- निवारा कोरडा आणि स्वच्छ ठेवा
- आजारी जनावरे आरोग्यदायी जनावरांपासून वेगळी ठेवा
- वेळोवेळी स्तनदाह तपासणी करा
- पशुवैद्यकाच्या सल्ल्याने लसीकरण करा

**स्रोत: Deficiency diseases, Handbook of Good Dairy Husbandry Practices**

आपल्या गायीची कास जास्त वेदना किंवा उष्णता असल्यास आणि दूधात गाठी किंवा पाणी असल्यास, त्वरित जवळच्या पशुवैद्यकाशी संपर्क साधा. नंदुरबार जिल्ह्यातील पशुवैद्यकीय केंद्रांची माहिती हवी असल्यास मला सांगा.",2026-01-30T00:45:21.505667,kenpath/mhv_vistaar_all_mhv_vistaar_all_qwen3-32b_v0.2_v0.2.1,FT Qwen 3 (32B) v0.2.1
c019601da1525c4bcb1a7d47e8329df6,Advisory,Romanized,Ratnagiri madhe brinjal varil blight chi lakshane kay ahet?,What are the symptoms of blight on brinjal in Ratnagiri?,,"रत्नागिरी जिल्ह्यातील वांगी पिकावरील करपा रोगाची लक्षणे खालीलप्रमाणे आहेत:

**लक्षणे:**

१. सुरुवातीला पानांवर लहान ठिपके दिसतात.
२. या ठिपक्यांचा रंग पिवळसर होतो आणि ते ३ ते ४ मिमी लांब आणि १ मिमी रुंद असतात.
३. हे लांबट ठिपके हळूहळू तपकिरी रंगाचे होतात, काळसर होतात, वाढतात आणि लांबट-गोलाकार होतात. पूर्ण वाढलेल्या ठिपक्यांची लांबी १२ ते १५ मिमी आणि रुंदी २.५ ते ३ मिमी असते.
४. पूर्ण वाढलेल्या ठिपक्यांच्या आजूबाजूला पिवळ्या रंगाचे वलय तयार होते.
५. शेवटी ठिपक्यांचा मध्यभाग राखाडी रंगाचा होतो आणि फक्त कडा काळसर राहतात.
६. जर ठिपक्यांची संख्या जास्त असेल, तर ते वेगळे वेगळे ओळखता येत नाहीत आणि अशा रोगग्रस्त पाने फाटतात, कोमेजतात आणि पानांच्या देठावरून झाडावरून लटकतात.
७. जर रोगाचा प्रादुर्भाव जास्त असेल आणि तीव्र असेल, तर फळे भरत नाहीत. ती लवकर पिकतात आणि घडावरून खाली पडू लागतात. लवकर पिकलेल्या फळांचा रंग पिवळसर होतो आणि त्यांची चव आम्लयुक्त होते.

**रोगाचा प्रसार:**

हा रोग बुरशीच्या लैंगिक बीजांद्रांद्वारे हवेतून पसरतो. रोगाचा दुय्यम प्रसार पावसाच्या थेंबांद्वारे आणि जोराच्या वाऱ्याद्वारे होतो.

**हवामान:**

उबदार आणि दमट हवामान या बुरशीच्या वाढीसाठी अत्यंत अनुकूल असते. पावसाळ्यात आंशिक पाऊस आणि ढगाळ हवामान असल्याने या रोगाचा प्रादुर्भाव जास्त दिसून येतो. थंडी वाढली की या रोगाचा संसर्ग आणि वाढ थांबते.

**स्रोत: कृषी व्हीएनएमएयू**

आपल्या वांगी पिकावर अशा लक्षणांची नियमित तपासणी करा. रोगाची लक्षणे दिसताच त्वरित नियंत्रणासाठी उपाययोजना करा. आपल्याला या रोगाचे नियंत्रण कसे करावे याबद्दल माहिती हवी आहे का?",2026-01-30T00:45:26.841035,kenpath/mhv_vistaar_all_mhv_vistaar_all_qwen3-32b_v0.2_v0.2.1,FT Qwen 3 (32B) v0.2.1
727beb703548713cc888d0cf01045673,KVK,Devanagri,सांगली जिल्ह्यातील KVK चे कार्यालयीन वेळ काय आहे?,What are the office hours of KVK in Sangli district?,,"सांगली जिल्ह्यातील KVK (कृषी विज्ञान केंद्र) ची माहिती सध्या उपलब्ध नाही. आपल्याला जवळच्या इतर जिल्ह्यातील KVK केंद्रांची माहिती पाहायची आहे का, किंवा स्थानिक कृषी कार्यालयात संपर्क साधायचा आहे का?

**स्रोत: कृषी सेवा माहिती**",2026-01-30T00:45:20.624205,kenpath/mhv_vistaar_all_mhv_vistaar_all_qwen3-32b_v0.2_v0.2.1,FT Qwen 3 (32B) v0.2.1
775ecf373ddda2028953226fe9d59351,Warehouse,Romanized,Gondia bhagat nondnikrut godamanchi sampark mahiti dya.,Provide contact details of registered warehouses in Gondia area.,,"गोंदिया भागातील गोदामांची माहिती सध्या उपलब्ध नाही. आपल्याला जवळच्या दुसऱ्या ठिकाणासाठी गोदाम सेवा माहिती पाहायची आहे का, किंवा गोंदिया जिल्ह्यातील इतर कृषी सेवा (जसे की कस्टम हायरिंग सेंटर, मृदा परीक्षण प्रयोगशाळा किंवा कृषी विज्ञान केंद्र) बद्दल माहिती हवी आहे का?

**स्रोत: कृषी सेवा माहिती**",2026-01-30T00:45:33.770157,kenpath/mhv_vistaar_all_mhv_vistaar_all_qwen3-32b_v0.2_v0.2.1,FT Qwen 3 (32B) v0.2.1
5075f7c1f35e5596552c3f62fdcdf367,Advisory,Devanagri,सातारा भागात गहू पिकावरील खोडकिडा चे नियंत्रण कसे करावे?,How to control stem borer on wheat crop in Satara area?,,"सातारा भागातील गहू पिकावरील खोडकिडा (शूट बोअरर) नियंत्रणासाठी खालील उपाययोजना करा:

**खोडकिडा ओळखण्याची लक्षणे:**
खोडकिडा ही गहू पिकाच्या खोडात अळी बनून नुकसान करणारी कीड आहे. तिच्या प्रादुर्भावामुळे पिकाचे खोड फुटते आणि पिकाची वाढ खुंटते.

**नियंत्रणासाठी उपाययोजना:**

१. **कीटकनाशक फवारणी:**
   - **क्विनाल्फॉस २५ ईसी** - १० लिटर पाण्यात २५ मिली मिसळून फवारणी करा.
   - **थायमेथोक्झाम २५ डब्ल्यूजी** - १० लिटर पाण्यात ३ ग्रॅम मिसळून फवारणी करा.
   - **क्लोरोपायरीफॉस २० ईसी** - १० लिटर पाण्यात २० मिली मिसळून फवारणी करा.
   - **लॅम्बडा सायहॅलोथ्रिन ५% ईसी** - १० लिटर पाण्यात ५ मिली मिसळून फवारणी करा.

२. **फवारणीची वेळ:**
   - कीड दिसताच पहिली फवारणी करा.
   - आवश्यकतेनुसार १५ दिवसांच्या अंतराने पुढील फवारण्या करा.

३. **सुरक्षितता:**
   - फवारणी करताना हातमोजे, मास्क आणि चष्मा वापरा.
   - फवारणी केल्यानंतर ७-१० दिवसांनी पीक काढणी करा.

**स्रोत: एमपीकेव्ही कृषी दर्शनी**

आपल्याला गहू पिकाच्या इतर रोग नियंत्रणाबद्दल किंवा खत व्यवस्थापनाबद्दल माहिती हवी आहे का?",2026-01-30T00:45:58.449236,kenpath/mhv_vistaar_all_mhv_vistaar_all_qwen3-32b_v0.2_v0.2.1,FT Qwen 3 (32B) v0.2.1
c73c2dad4f968a346e19a1bfa47de86d,Mandi Price,Devanagri,सांगली मंडीत सोयाबीन चा सरासरी भाव किती आहे?,What is the average price of soybean in Sangli mandi?,,"सांगली मंडीत सोयाबीनचे बाजारभाव सध्या उपलब्ध नाहीत. आपल्याला जवळच्या इतर बाजारांतील सोयाबीनचे दर तपासायचे आहेत का, जसे की कोल्हापूर, सातारा किंवा धुळे?

**स्रोत: बाजारभाव**",2026-01-30T00:45:43.008441,kenpath/mhv_vistaar_all_mhv_vistaar_all_qwen3-32b_v0.2_v0.2.1,FT Qwen 3 (32B) v0.2.1
30de946260c25f43ae956d95f034cb33,Advisory,Romanized,Bhandara madhe brinjal pikasathi biyanyache praman kiti lagte?,What is the seed rate for brinjal crop in Bhandara?,,"भंडारा जिल्ह्यात वांगी पिकासाठी बियाण्याचे प्रमाण खालीलप्रमाणे आहे:

**वांगी पिकासाठी बियाण्याचे प्रमाण:**

- **सुधारित वाणांसाठी:** प्रति हेक्टर ४०० ते ५०० ग्रॅम बियाणे लागते.
- **हायब्रीड वाणांसाठी:** प्रति हेक्टर १२० ते १५० ग्रॅम बियाणे लागते.

**महत्त्वाच्या सूचना:**

वांगीची रोपे रोपवाटिकेत तयार करावीत (४० ते ४५ दिवसांची रोपे). पेरणीसाठी बियाण्यांना ट्रायकोडर्मा ५ ग्रॅम प्रति किलो या प्रमाणात प्रक्रिया करावी. बियाण्यांना बाविस्टीन किंवा एम-४५ या बुरशीनाशकाने प्रक्रिया करणे फायदेशीर ठरते.

**स्रोत: एमपीकेव्ही कृषी दर्शनी**

आपल्याला वांगीच्या खत व्यवस्थापनाबद्दल किंवा रोग नियंत्रणाबद्दल माहिती हवी आहे का?",2026-01-30T00:45:58.972089,kenpath/mhv_vistaar_all_mhv_vistaar_all_qwen3-32b_v0.2_v0.2.1,FT Qwen 3 (32B) v0.2.1
622ee85a9e1d9a235287443507f0c65b,Advisory,Devanagri,धुळे भागात लसूण पिकावरील लष्करी अळी साठी जैविक नियंत्रण सुचवा.,Suggest biological control for armyworm on garlic in Dhule area.,,"लसूण पिकावरील लष्करी अळी नियंत्रणासाठी जैविक पद्धतींची शिफारस केली जाते. धुळे भागातील शेतकऱ्यांसाठी खालील जैविक उपाय उपयुक्त ठरतील:

**जैविक नियंत्रण उपाय:**

१. **ट्रायकोग्रामा परजीवी कीटकाचा वापर:** लष्करी अळीच्या अंड्यांवर अवलंबून असलेला ट्रायकोग्रामा परजीवी कीटक वापरा. हे कीटक प्रति हेक्टर ५०,००० अंडी तीन वेळा, दहा दिवसांच्या अंतराने सोडावेत.

२. **नोम्युरिया रायलेई बुरशीजन्य कीटकनाशक:** हे बुरशीजन्य कीटकनाशक २ ते ३ ग्रॅम प्रति लिटर पाण्यात मिसळून फवारावे.

३. **मेटारिझियम बुरशीजन्य कीटकनाशक:** हे कीटकनाशक १०० ग्रॅम प्रति पंप अशा प्रमाणात लष्करी अळीग्रस्त शेतात फवारावे.

४. **बॅसिलस थुरिंगिएन्सिस (बीटी):** हे जैविक कीटकनाशक २ ग्रॅम प्रति लिटर पाण्यात मिसळून फवारावे.

५. **निंबोळी अर्क:** कीड वाढीच्या सुरुवातीच्या अवस्थेत (५% पेक्षा कमी प्रादुर्भाव असताना) १५०० पीपीएम निंबोळी अर्क ५ मिली प्रति लिटर पाण्यात मिसळून फवारावे.

**महत्त्वाची सूचना:** लष्करी अळीचा प्रादुर्भाव १५-२०% असल्यास रासायनिक कीटकनाशकांचा वापर करण्यापूर्वी वरील जैविक उपायांचा प्राधान्य द्या. जैविक उपायांनी कीड नियंत्रण करणे अधिक सुरक्षित आणि शाश्वत आहे.

**स्रोत: एमपीकेव्ही कृषी दर्शनी**

लसूण पिकावर इतर कोणत्या कीड किंवा रोगांचा प्रादुर्भाव आहे का? किंवा लसूण पिकाच्या व्यवस्थापनाबद्दल अधिक माहिती हवी आहे का?",2026-01-30T00:46:21.933313,kenpath/mhv_vistaar_all_mhv_vistaar_all_qwen3-32b_v0.2_v0.2.1,FT Qwen 3 (32B) v0.2.1
bb6cb0d7e903f4284342088f89e8a541,Mandi Price,Devanagri,कोल्हापूर बाजारात ऊस चा व्यापार कसा चाललाय?,How is the trade of sugarcane in Kolhapur market?,,"कोल्हापूर बाजारातील ऊसाचे दर सध्या उपलब्ध नाहीत. आपल्याला जवळच्या इतर बाजारातील ऊसाचे दर तपासायचे आहेत का, किंवा कोल्हापूर जिल्ह्यातील इतर पिकांचे बाजारभाव जाणून घ्यायचे आहेत का?

**स्रोत: बाजारभाव**",2026-01-30T00:46:12.758477,kenpath/mhv_vistaar_all_mhv_vistaar_all_qwen3-32b_v0.2_v0.2.1,FT Qwen 3 (32B) v0.2.1
b0a17bcb9ebe80a45b5b1c8b3db254d3,Warehouse,Devanagri,बुलढाणा जिल्ह्यात मका साठवण्यासाठी गोदाम कुठे आहे?,Where is the warehouse for storing maize in Buldhana district?,,"बुलढाणा जिल्ह्यात मका साठवण्यासाठी जवळच्या गोदामांची माहिती खालीलप्रमाणे आहे:

**१. चिखली गोदाम**
- **ठिकाण:** जिल्हा रोड, चिखली, बुलढाणा
- **अंतर:** २३.५ किमी
- **संपर्क:** गोदाम व्यवस्थापक - ०७२६४-२४२२१४

**२. उंडरी गोदाम**
- **ठिकाण:** चिखली रोड, उंडरी, बुलढाणा
- **अंतर:** ३०.४ किमी
- **संपर्क:** गोदाम व्यवस्थापक - ०७२६४-२६१२१४

**३. क्षमगाव गोदाम**
- **ठिकाण:** कृषी उत्पन्न बाजार समिती, मार्केट यार्ड, क्षमगाव, बुलढाणा
- **अंतर:** ४४.७ किमी
- **संपर्क:** गोदाम व्यवस्थापक - ०७२६३-२५२२८८

**४. वारखेड, क्षमगाव गोदाम**
- **ठिकाण:** शेगाव रोड, वारखेड, क्षमगाव, बुलढाणा
- **अंतर:** ४७.५ किमी
- **संपर्क:** गोदाम व्यवस्थापक - ९१५८००१३३०

**सूचना:** या गोदामांमध्ये आपल्या मक्याचे साठवणुकीसाठी संपर्क साधा. गोदाम शुल्क, साठवणूक क्षमता आणि इतर तपशीलांसाठी वरील क्रमांकांवर फोन करा.

**स्रोत: कृषी सेवा माहिती**

आपल्याला मक्याच्या योग्य साठवणुकीच्या पद्धतींबद्दल किंवा बाजारभावाबद्दल माहिती हवी आहे का?",2026-01-30T00:46:44.493351,kenpath/mhv_vistaar_all_mhv_vistaar_all_qwen3-32b_v0.2_v0.2.1,FT Qwen 3 (32B) v0.2.1
3222c9d7f0b05f1f1ac7daf1715d6c95,Advisory,Devanagri,अमरावती जिल्ह्यात बाजरी पिकाला पाणी कधी द्यावे?,When to irrigate pearl millet crop in Amravati district?,,"अमरावती जिल्ह्यात बाजरी पिकाला पाणी कधी द्यावे याबद्दल माहिती खालीलप्रमाणे आहे:

**खरीप बाजरीसाठी पाण्याचे व्यवस्थापन:**

बाजरी हे कोरडवाहू पीक असून त्याला फारसे पाणी लागत नाही. परंतु जर पाण्याचा ताण असेल आणि पाणी उपलब्ध असेल, तर खालील तीन टप्प्यांवर पाणी देणे फायदेशीर ठरते:

1. **पहिले सिंचन** - पेरणीनंतर २० ते २५ दिवसांनी (बाजूच्या फांद्या वाढण्याच्या टप्प्यावर)
2. **दुसरे सिंचन** - पेरणीनंतर ३५ ते ४५ दिवसांनी (बूटिंगच्या टप्प्यावर)
3. **तिसरे सिंचन** - पेरणीनंतर ६० ते ६५ दिवसांनी (दाणे भरण्याच्या टप्प्यावर)

**उन्हाळी बाजरीसाठी पाण्याचे व्यवस्थापन:**

उन्हाळी बाजरीसाठी ५ ते ६ सिंचन द्यावीत. १० ते १२ दिवसांच्या अंतराने पाणी द्यावे. पेरणीपूर्वी पाणी देऊन नंतर नियमित सिंचन द्यावे.

**महत्त्वाची सूचना:**

बाजरीच्या पिकाला पेरणीनंतर पहिल्या ३० दिवसांत तणांपासून मुक्त ठेवणे अत्यंत महत्त्वाचे आहे कारण या काळात तण पीकासोबत पाणी, पोषक तत्वे आणि सूर्यप्रकाशासाठी स्पर्धा करतात.

**स्रोत: एमपीकेव्ही कृषी दर्शनी**

आपल्याला बाजरीच्या खत व्यवस्थापनाबद्दल किंवा तण नियंत्रणाबद्दल अधिक माहिती हवी आहे का?",2026-01-30T00:46:45.258136,kenpath/mhv_vistaar_all_mhv_vistaar_all_qwen3-32b_v0.2_v0.2.1,FT Qwen 3 (32B) v0.2.1
baa3b07d05b42ba989b223ca84dbf1ae,CHC,Romanized,Gadchiroli bhagat CHC seva kendracha patta kay aahe?,What is the address of CHC service center in Gadchiroli area?,,"गडचिरोली जिल्ह्यातील कस्टम हायरिंग सेंटर (CHC) सेवा केंद्राची माहिती सध्या उपलब्ध नाही.

**आपण काय करू शकता:**
- आपल्या स्थानिक कृषी कार्यालयाशी संपर्क साधा आणि जवळच्या CHC सेवा केंद्राची माहिती घ्या.
- तालुका कृषी अधिकारी किंवा जिल्हा कृषी कार्यालयात भेट देऊन यंत्रसामग्री भाड्याने उपलब्धतेबद्दल माहिती घेऊ शकता.

**स्रोत: कृषी सेवा माहिती**

आपल्याला गडचिरोली जिल्ह्यातील इतर कृषी सेवांबद्दल माहिती हवी आहे का, जसे की माती परीक्षण प्रयोगशाळा किंवा कृषी विज्ञान केंद्र (KVK)?",2026-01-30T00:46:50.452703,kenpath/mhv_vistaar_all_mhv_vistaar_all_qwen3-32b_v0.2_v0.2.1,FT Qwen 3 (32B) v0.2.1
1e1863a6c224c295ee96ccb704701bd1,Warehouse,Devanagri,वाशिम जिल्ह्यात ज्वारी साठवण्यासाठी गोदाम कुठे आहे?,Where is the warehouse for storing sorghum in Washim district?,,"वाशिम जिल्ह्यासाठी साठवण सुविधा (गोदाम) माहिती सध्या उपलब्ध नाही. आपल्याला जवळच्या दुसऱ्या ठिकाणासाठी गोदाम माहिती पाहायची आहे का, किंवा आपल्या स्थानिक कृषी कार्यालयात संपर्क साधून अधिक माहिती मिळवायची आहे का?

**स्रोत: कृषी सेवा माहिती**",2026-01-30T00:46:54.660032,kenpath/mhv_vistaar_all_mhv_vistaar_all_qwen3-32b_v0.2_v0.2.1,FT Qwen 3 (32B) v0.2.1
ac1e926cec0ed6e4e5be9b8ccdc0394d,Warehouse,Devanagri,यवतमाळ भागात शीतगृह (Cold Storage) सुविधा उपलब्ध आहे का?,Is cold storage facility available in Yavatmal area?,,"यवतमाळ भागासाठी शीतगृह (कोल्ड स्टोरेज) सुविधा सध्या उपलब्ध नाही.

शीतगृह सुविधा जवळच्या बाजारपेठांमध्ये किंवा जिल्ह्याच्या मुख्य बाजारपेठांमध्ये उपलब्ध असू शकतात. आपल्याला यवतमाळ जवळील इतर ठिकाणांसाठी शीतगृह सुविधा तपासायच्या आहेत का, जसे की अमरावती किंवा अकोला? किंवा आपल्याला यवतमाळ बाजारातील सध्याचे बाजारभाव जाणून घ्यायचे आहेत का?

**स्रोत: कृषी सेवा माहिती**",2026-01-30T00:47:06.008425,kenpath/mhv_vistaar_all_mhv_vistaar_all_qwen3-32b_v0.2_v0.2.1,FT Qwen 3 (32B) v0.2.1
e436fc9fd5d045d797499c588676dc11,Advisory,Devanagri,सांगली जिल्ह्यात पेरू फुलोऱ्याच्या वेळी काय काळजी घ्यावी?,What care to take during flowering of guava in Sangli district?,,"सांगली जिल्ह्यात पेरू फुलोऱ्याच्या वेळी घेण्याच्या महत्त्वाच्या काळजीच्या गोष्टी:

फुलोऱ्याच्या वेळी पेरूच्या झाडांना योग्य काळजी घेतल्यास फळधारण आणि उत्पादन वाढते. खालील गोष्टी लक्षात ठेवा:

**खत व्यवस्थापन:**
फळधारण करणाऱ्या झाडांना पाण्याचा ताण सोडताना शेणखत द्यावे. त्यासोबत नत्राचे अर्धे प्रमाण, संपूर्ण स्फुरद आणि पालाश द्यावे. उर्वरित नत्र फळधारणीनंतर एक ते दीड महिन्यांनी द्यावे. पालाश आवश्यकतेनुसार द्यावे.

**पाणी व्यवस्थापन:**
फुलोऱ्याच्या वेळी झाडांना पाण्याचा ताण होऊ देऊ नका. विशेषतः फुलोऱ्याच्या वेळी नियमित पाणी द्यावे.

**कीड व रोग नियंत्रण:**
फुलोऱ्याच्या वेळी फळमाशी आणि रसशोषक किडींचा प्रादुर्भाव होऊ शकतो. फळमाशी नियंत्रणासाठी फेरोमोन सापळे लावा (प्रति एकर ४ सापळे). रसशोषक किडींसाठी लेकॅनिसिलियम लेकॅनी १.१५ डब्ल्यूपी हे जैविक कीटकनाशक १० लिटर पाण्यात ५० ग्रॅम प्रमाणात फवारावे.

**फांद्या छाटणी:**
फुलोऱ्यानंतर फांद्यांमध्ये घनता आल्यास हलकी फांद्या छाटणी करून भरपूर सूर्यप्रकाश आणि हवा खेळती ठेवा. यामुळे फळांची गुणवत्ता आणि उत्पादन वाढते.

**रोग नियंत्रण:**
फळ कुज रोगाची लक्षणे दिसताच मॅन्कोझेब ७५% डब्ल्यूपी २० ग्रॅम प्रति १० लिटर पाणी किंवा झिनेब ७५% डब्ल्यूपी २० ग्रॅम प्रति १० लिटर पाणी फवारावे.

**फळे गोळा करणे:**
फुलोऱ्यानंतर फळे योग्य वेळी गोळा करावीत आणि रोगग्रस्त फळे आणि फांद्या बाहेर काढून जाळाव्यात.

**स्रोत: डॉ. पंजाबराव देशमुख कृषी विद्यापीठ, एमपीकेव्ही कृषी दर्शनी**

आपल्या पेरूच्या बागेत फुलोऱ्याच्या वेळी कोणती समस्या येत आहे? किंवा खत व्यवस्थापनाबद्दल अधिक माहिती हवी आहे का?",2026-01-30T00:48:16.400649,kenpath/mhv_vistaar_all_mhv_vistaar_all_qwen3-32b_v0.2_v0.2.1,FT Qwen 3 (32B) v0.2.1
03265d5d9e72b740b600ed764127f82c,Weather Historical,Devanagri,कोल्हापूर भागात काल सकाळी तापमान किती होते?,What was the temperature yesterday morning in Kolhapur area?,,"मला कोल्हापूर भागासाठी कालच्या तापमानाची माहिती सध्या उपलब्ध नाही. आपल्याला आजच्या हवामानाचा अंदाज पाहायचा आहे का, किंवा दुसऱ्या ठिकाणासाठी तापमान माहिती तपासायची आहे का?",2026-01-30T00:47:18.471797,kenpath/mhv_vistaar_all_mhv_vistaar_all_qwen3-32b_v0.2_v0.2.1,FT Qwen 3 (32B) v0.2.1
9993e87cba258ee1e3ec3806d49def60,CHC,Romanized,Washim jilhyat trolley bhadyane kuthe milel?,Where can I rent trolley in Washim district?,,"मला वाशिम जिल्ह्यातील गोदाम सेवांची माहिती सध्या उपलब्ध नाही. आपल्याला जवळच्या इतर ठिकाणांसाठी माहिती पाहायची आहे का? किंवा आपण आपल्या स्थानिक कृषी कार्यालयाशी संपर्क साधून गोदाम सेवांची माहिती मिळवू शकता.

**स्रोत: कृषी सेवा माहिती**",2026-01-30T00:47:33.662168,kenpath/mhv_vistaar_all_mhv_vistaar_all_qwen3-32b_v0.2_v0.2.1,FT Qwen 3 (32B) v0.2.1
decbff9faa55c9046fa4cb2b25a8abe0,Weather Forecast,Devanagri,नंदुरबार भागात हळद पिकासाठी पाण्याचे नियोजन कसे करावे?,How to plan water management for turmeric crop in Nandurbar area?,,"नंदुरबार भागात हळद पिकासाठी पाण्याचे नियोजन अत्यंत महत्त्वाचे आहे. येथे तुम्हाला तपशीलवार माहिती दिली आहे:

**पाण्याचे व्यवस्थापन:**

1. **लागवडीनंतर:** लागवडीनंतर ५ ते ७ दिवसांच्या अंतराने पाणी द्या.
2. **पावसाळ्यात:** जर पाऊस नसेल तर १० ते १२ दिवसांच्या अंतराने पाणी द्या.
3. **हिवाळ्यात:** १२ ते १५ दिवसांच्या अंतराने पाणी द्या. मातीच्या प्रकारानुसार हे अंतर कमी-जास्त होऊ शकते.
4. **ठिबक सिंचन:** जर ठिबक सिंचन उपलब्ध असेल तर त्याचा वापर करा. लागवडीनंतर १५ दिवसांनी सिंचनाद्वारे खत देणे सुरू करा.
5. **कापणीपूर्वी:** कापणीच्या १५ ते २० दिवस आधी पाणी देणे थांबवा. यामुळे हळद कंद योग्य रीतीने वाळतात.

**पाण्याची एकूण गरज:**

हळद पीक कापणीपर्यंत १८ ते २२ वेळा पाणी द्यावे लागते. वेळेवर पाणी देणे अत्यंत महत्त्वाचे आहे. वेळेवर पाणी न दिल्यास पिकाचे उत्पादन कमी होते.

**पाण्याचे निचरा:**

पावसाळ्यात अतिरिक्त पाणी निचरा होईल याची खबरदारी घ्या. जास्त पाणी साचल्यास हळद कंद कुजतात.

**स्रोत: कृषी दर्शनी डॉ. बाळासाहेब सावंत कोकण कृषी विद्यापीठ, दापोली २०२५**

तुम्हाला हळद पिकासाठी खत व्यवस्थापन किंवा रोग नियंत्रणाबद्दल अधिक माहिती हवी आहे का?",2026-01-30T00:47:46.694864,kenpath/mhv_vistaar_all_mhv_vistaar_all_qwen3-32b_v0.2_v0.2.1,FT Qwen 3 (32B) v0.2.1
11c4c5b32bdbd136636e6b048a7768d7,Weather Historical,Devanagri,चंद्रपूर भागात गेल्या ३ दिवसांत पाऊस किती पडला?,How much rain fell in the last 3 days in Chandrapur area?,,"चंद्रपूर भागात गेल्या ३ दिवसांत (२६ ते २८ जानेवारी २०२६) पाऊस पडलेला नाही. या कालावधीत पावसाचे प्रमाण **० मिमी** होते.

**तापमान माहिती:**
- किमान तापमान: १४.८°C ते १६.४°C
- कमाल तापमान: ३०.४°C ते ३१.०°C
- आर्द्रता: ४५.८% ते ९९.१%

या कोरड्या हवामानामुळे आपल्या पिकांना नियमित पाणी देणे आवश्यक आहे. आपल्याला चंद्रपूर बाजारातील भाव किंवा येत्या आठवड्याचा हवामान अंदाज जाणून घ्यायचा आहे का?

**स्रोत: हवामान इतिहास (Skymet)**",2026-01-30T00:47:58.213431,kenpath/mhv_vistaar_all_mhv_vistaar_all_qwen3-32b_v0.2_v0.2.1,FT Qwen 3 (32B) v0.2.1
41d021682c3cf893487b9e63ed5b9fc9,Mandi Price,Devanagri,यवतमाळ बाजारात टोमॅटो ची मागणी किती आहे?,What is the demand for tomato in Yavatmal market?,,"यवतमाळ बाजारामध्ये सध्या टोमॅटो चे दर उपलब्ध नाहीत. या बाजारात तूर आणि सोयाबीन यांचे दर उपलब्ध आहेत:

**तूर (लाल):** ₹9,000 प्रति क्विंटल

**सोयाबीन (पिवळा):** ₹5,850 प्रति क्विंटल

टोमॅटो चे दर यवतमाळ बाजारात उपलब्ध नसल्याने, आपल्याला जवळच्या इतर बाजारांतील टोमॅटो चे दर तपासायचे आहेत का? उदाहरणार्थ, अकोला, अमरावती किंवा औरंगाबाद बाजारातील दर तपासू शकतो.

**स्रोत: बाजारभाव**",2026-01-30T00:48:21.075267,kenpath/mhv_vistaar_all_mhv_vistaar_all_qwen3-32b_v0.2_v0.2.1,FT Qwen 3 (32B) v0.2.1
d67363209631aefa357e3d32a4d7ee9c,Soil Lab,Devanagri,नाशिक भागात सेंद्रिय कर्ब तपासणी करणारी प्रयोगशाळा शोधा.,Find laboratory that tests organic carbon in Nashik area.,,"नाशिक भागासाठी सेंद्रिय कर्ब तपासणी करणाऱ्या माती परीक्षण प्रयोगशाळेची माहिती सध्या उपलब्ध नाही. आपल्याला जवळच्या इतर ठिकाणासाठी माती परीक्षण प्रयोगशाळेची माहिती पाहायची आहे का?

**स्रोत: कृषी सेवा माहिती**",2026-01-30T00:48:19.068411,kenpath/mhv_vistaar_all_mhv_vistaar_all_qwen3-32b_v0.2_v0.2.1,FT Qwen 3 (32B) v0.2.1
cf3f050fea5825c4bed95483a3ba99c1,Weather Forecast,Devanagri,यवतमाळ मध्ये लसूण लागवडीसाठी हवामान अनुकूल आहे का?,Is the weather favorable for garlic planting in Yavatmal?,,"यवतमाळ जिल्ह्यात लसूण लागवडीसाठी सध्या हवामान अनुकूल नाही.

**सध्याचे हवामान (यवतमाळ):**
मागील ५ दिवसांत तापमान १६ ते ३२ अंश सेल्सिअस दरम्यान राहिले आहे. किमान तापमान १६ ते १९ अंश आणि कमाल तापमान ३१ ते ३२ अंश राहिले आहे. पावसाचा कोणताही अंदाज नाही.

**लसूण लागवडीसाठी योग्य हवामान:**
लसूण लागवडीसाठी थंड हवामान आवश्यक असते. लसूण लागवडीसाठी योग्य कालावधी **ऑक्टोबर** महिना आहे. लागवडीच्या वेळी तापमान १५ ते २५ अंश सेल्सिअस असावे. सध्या यवतमाळमध्ये तापमान जास्त आहे, त्यामुळे लसूण लागवड करणे योग्य नाही.

**शिफारस:**
लसूण लागवड येत्या ऑक्टोबर महिन्यात करा, जेव्हा तापमान योग्य पातळीवर येईल. यावेळी लागवडीसाठी योग्य हवामान असेल.

**स्रोत: हवामान इतिहास (Skymet)**

आपल्याला यवतमाळमध्ये लसूण लागवडीचे तांत्रिक मार्गदर्शन हवे आहे का किंवा या हंगामात कोणत्या इतर पिकाची लागवड करावी याबद्दल माहिती हवी आहे का?",2026-01-30T00:48:58.540704,kenpath/mhv_vistaar_all_mhv_vistaar_all_qwen3-32b_v0.2_v0.2.1,FT Qwen 3 (32B) v0.2.1
a59900397f0ee1a5dc27f75499aabab2,Soil Lab,Devanagri,बीड जिल्ह्यात माती परीक्षण प्रयोगशाळेचा संपर्क क्रमांक द्या.,Provide contact number of soil testing laboratory in Beed district.,,"मला बीड जिल्ह्यातील माती परीक्षण प्रयोगशाळेची माहिती सध्या उपलब्ध नाही. आपण जवळच्या इतर ठिकाणासाठी माहिती पाहू इच्छिता का, किंवा आपल्या स्थानिक कृषी कार्यालयाशी संपर्क साधून माती परीक्षण सेवांबद्दल माहिती घेऊ शकता.

**स्रोत: कृषी सेवा माहिती**

आपल्याला बीड जिल्ह्यातील इतर कृषी सेवांबद्दल (जसे की कस्टम हायरिंग सेंटर किंवा कृषी विज्ञान केंद्र) माहिती हवी आहे का?",2026-01-30T00:48:50.037679,kenpath/mhv_vistaar_all_mhv_vistaar_all_qwen3-32b_v0.2_v0.2.1,FT Qwen 3 (32B) v0.2.1
f1bbdf1b43df6b8283f255365a086b3e,KVK,Devanagri,भंडारा भागात KVK चा संपर्क क्रमांक काय आहे?,What is the contact number of KVK in Bhandara area?,,"भंडारा जिल्ह्यातील आणि आसपासच्या भागातील **कृषी विज्ञान केंद्र (KVK)** ची माहिती खालीलप्रमाणे आहे:

**१. कृषी विज्ञान केंद्र, भंडारा**
- **पत्ता:** कृषी विज्ञान केंद्र, पो. साकोली, जिल्हा भंडारा - ४४१८०२
- **अंतर:** ३६ किमी
- **संपर्क:** कुलगुरू, पंजाबराव देशमुख कृषी विद्यापीठ, अकोला - ४४४१०४

**२. कृषी विज्ञान केंद्र, शंकरनगर**
- **पत्ता:** कृषी विज्ञान केंद्र, पोस्ट बॉक्स नं. २, पोस्ट शंकरनगर, जिल्हा नागपूर - ४४० ०१०
- **अंतर:** ६१ किमी
- **संपर्क:** निदेशक, केंद्रीय कापूस संशोधन संस्था, पो. नं. २०, नागपूर - ४४००१०

**३. कृषी विज्ञान केंद्र, गोंदिया**
- **पत्ता:** कृषी विज्ञान केंद्र, हिवारा, पो. रत्नारा, जिल्हा गोंदिया - ४४१६१४
- **अंतर:** ६४ किमी
- **संपर्क:** कुलगुरू, पंजाबराव देशमुख कृषी विद्यापीठ, अकोला - ४४४१०४

**कृषी विज्ञान केंद्रात मिळणाऱ्या सेवा:**
- शेतकऱ्यांना शेतीविषयक मार्गदर्शन आणि प्रशिक्षण
- दर्जेदार बियाणे आणि लागवड साहित्य उपलब्ध
- नवीन शेती तंत्रज्ञानाचे प्रात्यक्षिक
- शेती योजनांची माहिती आणि मार्गदर्शन

**स्रोत: कृषी सेवा माहिती**

आपल्याला या केंद्रांपैकी कोणत्याही केंद्राशी संपर्क साधायचा आहे का, किंवा त्यांच्या सेवांबद्दल अधिक माहिती हवी आहे का?",2026-01-30T00:49:17.087985,kenpath/mhv_vistaar_all_mhv_vistaar_all_qwen3-32b_v0.2_v0.2.1,FT Qwen 3 (32B) v0.2.1
78f07f0ae86d0809900f2232e8dd7116,Advisory,Romanized,Jalna bhagat cabbage sathi bijprakriya kashi karavi?,How to do seed treatment for cabbage in Jalna area?,,"जालना जिल्ह्यातील भागातील पत्ता कोबीच्या बियाण्याची प्रक्रिया कशी करावी याबद्दल माहिती देतो.

**पत्ता कोबी बियाणे प्रक्रिया:**

पत्ता कोबीच्या बियाण्यांना प्रक्रिया करणे अत्यंत महत्त्वाचे आहे कारण यामुळे रोपांची जोम वाढतो आणि रोगप्रतिबंधक क्षमता वाढते.

**प्रक्रिया कशी करावी:**

1. **जैविक प्रक्रिया (बायोफर्टिलायझर):**
   - बी. मेगाटेरियम नाम्बायी एक्सबी-५३ या जैविक घटकाचे टॅल्क आधारित फॉर्म्युलेशन १० ग्रॅम प्रति किलो बियाणे या प्रमाणात वापरावे.
   - किंवा त्याचे द्रव फॉर्म्युलेशन १० मिली प्रति किलो बियाणे या प्रमाणात वापरावे.
   - ही प्रक्रिया केल्याने रोपांचा जोम निर्देशांक ८१% पर्यंत वाढतो.

2. **रासायनिक प्रक्रिया:**
   - थायरम किंवा कॅप्टन ३ ग्रॅम प्रति किलो बियाणे या प्रमाणात वापरावे.
   - कार्बेन्डाझिम १ ग्रॅम प्रति किलो बियाणे या प्रमाणात वापरावे.

3. **प्रक्रिया कशी करावी:**
   - बियाणे योग्य प्रकारे वाळवून घ्यावे.
   - निवडलेल्या बुरशीनाशक किंवा जैविक घटकाचे फॉर्म्युलेशन तयार करावे.
   - बियाणे या द्रावणात एकसमान पद्धतीने भिजवून घ्यावे.
   - बियाणे वाळवून लागवडीसाठी तयार ठेवावे.

**प्रक्रिया करण्याचे फायदे:**
- रोपांची उगवण दर वाढते
- रोपांचा जोम वाढतो
- रोगप्रतिबंधक क्षमता वाढते
- रोपवाटिकेतील रोगांचा प्रादुर्भाव कमी होतो

**स्रोत: Microbe Based Technologies Developed by ICAR, Biofertilizers for Sustainable Crop Production by ICAR**

आपल्याला पत्ता कोबीच्या लागवडीसाठी खत व्यवस्थापन किंवा रोग नियंत्रणाबद्दल अधिक माहिती हवी आहे का?",2026-01-30T00:49:18.174856,kenpath/mhv_vistaar_all_mhv_vistaar_all_qwen3-32b_v0.2_v0.2.1,FT Qwen 3 (32B) v0.2.1
da3d6100c4ba5a3a4b46d37b67228fd0,Advisory,Devanagri,सातारा जिल्ह्यात कोंबड्यांना Ranikhet रोगापासून बचाव कसा करावा?,How to prevent Newcastle disease in poultry in Satara district?,,"सातारा जिल्ह्यातील कोंबड्यांना राणिखेत (न्यूकॅस्ट) रोगापासून बचाव करण्यासाठी खालील उपाय करा:

**राणिखेत रोगाचे लक्षणे:**
- भूक कमी होणे
- अंडे उत्पादनात घट
- श्वासोच्छवासात त्रास
- नाकातून स्त्राव
- हिरवट पाणी अतिसार
- पंजांची किंवा पंखांची बुंध्या
- शेवटी मृत्यू

**प्रतिबंधात्मक उपाय:**

**१. लसीकरण (सर्वात महत्त्वाचे):**
- **मांसासाठी पालन केलेल्या कोंबड्या (ब्रॉयलर):** ८ दिवसांच्या आत नाकातून किंवा डोळ्यातून राणिखेत लस द्या.
- **अंडे उत्पादनासाठी पालन केलेल्या कोंबड्या:** ५ ते ७ दिवसांच्या वयात लसीकरण करा.
- **लसीकरण वेळापत्रक:** लसीकरणाचे वेळापत्रक पाळा - लसोटा (५-७ दिवस), लसोटा बूस्टर (२१-२२ दिवस), आर२बी (५६ दिवस).
- लसीकरणाची गुणवत्ता चांगली राहण्यासाठी स्वच्छ पाणी वापरा.

**२. जैवसुरक्षा उपाय:**
- आजारी कोंबड्या वेगळ्या ठेवा आणि मृत कोंबड्या जाळून किंवा खोल गाडून टाका.
- शेडमध्ये हवा खेळती राहील अशी व्यवस्था करा.
- शेडमध्ये ओलावा नसावा, कचऱ्याची ओलावा २५% पेक्षा जास्त नसावा.
- शेडमध्ये लोक येण्यास बंदी ठेवा किंवा शेडच्या आत येण्यापूर्वी त्यांच्या पायांना डिझिन्फेक्टंटमध्ये बुडवा.

**३. आरोग्य व्यवस्थापन:**
- संतुलित आहार द्या.
- आजारी कोंबड्यांना विद्युतद्रवयुक्त पाणी द्या.
- आवश्यकतेनुसार कृमिनाशक औषधे आणि अँटिस्ट्रेस औषधे द्या.

**४. नियमित तपासणी:**
- आठवड्यातून एकदा शेडची साफसफाई व डिझिन्फेक्शन करा.
- नियमित आरोग्य तपासणी करा.

**स्रोत: Animal Science and Technology Standard XII, Dr. Panjabrao Deshmukh Krishi Vidyapeeth, MAFSU Diary**

---

**सातारा जिल्ह्यातील कृषी सेवा केंद्रे:**

**कृषी विज्ञान केंद्र (KVK):**
- **बोरगाव:** कृषी तंत्रज्ञान विद्यापीठ मातृश्री नगर, राहुरी-४१३७२२
- **कराड:** कृषी विज्ञान केंद्र, पो. कलवडे, ता. कराड, जि. सातारा-४१५११०
- **बारामती:** शारदा नगर, मालेगाव कॉलनी, पो. बारामती, जि. पुणे-४१३११५

या केंद्रांवर आपल्याला लसीकरणासाठी तज्ञ मार्गदर्शन आणि इतर कृषी सेवा मिळू शकतात.

**स्रोत: Agricultural Services Information**

---

आपल्या कोंबड्यांच्या आरोग्याची काळजी घेत असताना आणखी काही शंका आहेत का? किंवा कोंबड्यांच्या आहाराबद्दल माहिती हवी आहे का?",2026-01-30T00:50:25.656630,kenpath/mhv_vistaar_all_mhv_vistaar_all_qwen3-32b_v0.2_v0.2.1,FT Qwen 3 (32B) v0.2.1
e7f2814616708c2dd80577bdcb98553e,Weather Forecast,Devanagri,नाशिक भागात आले फुलोऱ्यासाठी हवामान योग्य आहे का?,Is the weather suitable for ginger flowering in Nashik area?,,"नाशिक भागासाठी हवामान माहिती सध्या उपलब्ध नाही. आपल्याला जवळच्या इतर बाजारातील हवामान तपासायचे आहे का किंवा आले फुलोऱ्याबद्दल इतर माहिती हवी आहे का?

**स्रोत: हवामान अंदाज (IMD)**",2026-01-30T00:49:39.570961,kenpath/mhv_vistaar_all_mhv_vistaar_all_qwen3-32b_v0.2_v0.2.1,FT Qwen 3 (32B) v0.2.1
5f991d98f2c176d11725012d3e43c5de,Advisory,Devanagri,नागपूर जिल्ह्यात सूर्यफूल पिकाला स्फुरद कधी द्यावे?,When to apply phosphorus to sunflower crop in Nagpur district?,,"नागपूर जिल्ह्यात सूर्यफूल पिकाला स्फुरद खत देण्याची योग्य वेळ आणि पद्धत खालीलप्रमाणे आहे:

**पावसावर अवलंबून पीक (जिरायती):**
पेरणीच्या वेळी प्रति एकर १० किलो स्फुरद खत द्यावे. संपूर्ण स्फुरद खत पेरणीच्या वेळीच द्यावे.

**सिंचित पीक:**
पेरणीच्या वेळी प्रति एकर २४ किलो स्फुरद खत द्यावे. संपूर्ण स्फुरद खत पेरणीच्या वेळीच द्यावे.

**खतांचे प्रमाण आणि वेळ:**
- **पेरणीच्या वेळी** - स्फुरद खत पूर्ण मात्रेत द्यावे
- **सिंचित पिकासाठी** - २४ किलो स्फुरद प्रति एकर
- **जिरायती पिकासाठी** - १० किलो स्फुरद प्रति एकर

**खत देण्याची पद्धत:**
दोन ओळींच्या बियाणे पेरणी यंत्राद्वारे पेरणीच्या वेळी स्फुरद खत द्यावे. जमिनीत चांगले मिसळून द्यावे.

**सूचना:**
- स्फुरद खत पेरणीच्या वेळीच द्यावे
- सिंचित पिकासाठी नत्र खत दोन टप्प्यांत द्यावे - पेरणीच्या वेळी अर्धे आणि एक महिन्यानंतर उरलेले अर्धे

**स्रोत: एमपीकेव्ही कृषी दर्शनी**

आपल्याला सूर्यफूल पिकाच्या इतर व्यवस्थापनाबद्दल किंवा कीड-रोग नियंत्रणाबद्दल माहिती हवी आहे का?",2026-01-30T00:49:44.245807,kenpath/mhv_vistaar_all_mhv_vistaar_all_qwen3-32b_v0.2_v0.2.1,FT Qwen 3 (32B) v0.2.1
859cb3ae4d762f1743757e969f00475b,KVK,Devanagri,बुलढाणा भागात KVK मध्ये प्रशिक्षणासाठी नोंदणी कशी करावी?,How to register for training at KVK in Buldhana area?,,"बुलढाणा भागासाठी KVK (कृषी विज्ञान केंद्र) माहिती सध्या उपलब्ध नाही. बुलढाणा जिल्ह्यातील जवळच्या इतर ठिकाणांसाठी KVK माहिती तपासायची आहे का, किंवा आपल्या स्थानिक कृषी कार्यालयाशी संपर्क साधून अधिक माहिती घ्यायची आहे का?

**स्रोत: कृषी सेवा माहिती**",2026-01-30T00:50:01.301164,kenpath/mhv_vistaar_all_mhv_vistaar_all_qwen3-32b_v0.2_v0.2.1,FT Qwen 3 (32B) v0.2.1
6c9edea5c384e05b384ce852ffc1ab8e,Advisory,Devanagri,चंद्रपूर मध्ये संत्रा पिकासाठी बियाण्याचे प्रमाण किती लागते?,What is the seed rate for orange crop in Chandrapur?,,"चंद्रपूर जिल्ह्यात संत्रा पिकासाठी लागणाऱ्या बियाण्याच्या प्रमाणाबद्दल माहिती खालीलप्रमाणे आहे:

## संत्रा लागवडीसाठी बियाण्याचे प्रमाण

संत्रा पिकासाठी लागवड करताना **रोपे** वापरतात, ज्यांना बियाणे नाही असे म्हणता येते. संत्रा लागवडीसाठी खालील प्रमाणे रोपे लागतात:

**सामान्य लागवड (6 x 6 मीटर अंतर):**
- **प्रति हेक्टर:** 277 रोपे

**इंडो-इझ्रायल पद्धत (6 x 3 मीटर अंतर):**
- **प्रति हेक्टर:** 555 रोपे

### लागवडीची पद्धत

1. **मातीची निवड:** मध्यम काळी माती निवडा जी सुमारे 1 ते 1.5 मीटर खोल असावी आणि चांगला निचरा असावा. मातीतील चुन्याचे प्रमाण 10% पेक्षा जास्त नसावे.

2. **लागवडीचा हंगाम:** पावसाळ्याच्या हंगामात मुख्यतः लागवड करावी.

3. **खड्ड्याचा आकार:** 1 x 1 x 1 मीटर आकाराचे खड्डे तयार करावेत.

4. **रोपांची निवड:** रंगपूर किंवा जांबेरी खुंटावर लावलेली कलमे निवडावीत.

5. **प्रमुख जाती:**
   - नागपूर संत्रा
   - नागपूर सिडलेस
   - मुदखेड (कमी बियाणे असलेली)
   - पिडीखी संत्रा

**स्रोत: NDKSP Phase 2 Horticulture Plantation Guidelines, Dr. Panjabrao Deshmukh Krishi Vidyapeeth**

आपल्याला संत्रा लागवडीनंतरच्या देखभालीबद्दल किंवा खत व्यवस्थापनाबद्दल माहिती हवी आहे का?",2026-01-30T00:50:12.687865,kenpath/mhv_vistaar_all_mhv_vistaar_all_qwen3-32b_v0.2_v0.2.1,FT Qwen 3 (32B) v0.2.1
8e4f865866b9c2ef5b2b2c7742523956,Weather Forecast,Devanagri,सांगली मध्ये या आठवड्यात सिंचन वाढवावे का?,Should irrigation be increased this week in Sangli?,,"सांगली जिल्ह्यासाठी हवामान अंदाज आणि बाजारभाव माहिती सध्या उपलब्ध नाही. त्यामुळे सिंचन वाढवावे का याबद्दल नेमकी शिफारस देणे शक्य नाही.

सामान्यतः जानेवारी महिन्यात दिवसा उष्णता वाढते आणि रात्री थंडी असते. जर तुमच्या पिकांना पाण्याची गरज असेल आणि जमिनीत ओलावा कमी असेल, तर हळूहळू सिंचन वाढवता येते. पण अचानक पाणी वाढवणे टाळा.

आपल्याला सांगली जवळच्या इतर बाजारांतील भाव पाहायचे आहेत का किंवा वेगळ्या शेतीविषयक प्रश्नाबद्दल मदत हवी आहे का?

**स्रोत: हवामान अंदाज (IMD), बाजारभाव**",2026-01-30T00:50:37.208531,kenpath/mhv_vistaar_all_mhv_vistaar_all_qwen3-32b_v0.2_v0.2.1,FT Qwen 3 (32B) v0.2.1
655328b1a26f8540e8eb68156511bd48,Advisory,Devanagri,रत्नागिरी जिल्ह्यात ज्वारी पिकावरील करपा चे नैसर्गिक शत्रू कोणते?,What are natural enemies of blight on sorghum in Ratnagiri district?,,"रत्नागिरी जिल्ह्यातील ज्वारी पिकावरील करपा रोगाच्या नैसर्गिक शत्रूंबद्दल मला स्पष्ट माहिती उपलब्ध नाही. ज्वारीवरील करपा रोगासाठी प्रामुख्याने जैविक नियंत्रणाच्या उपाययोजना केल्या जातात, ज्यामध्ये नैसर्गिक शत्रूंचा वापर केला जातो. 

**जैविक नियंत्रणाचे मुख्य उपाय:**
- रोगप्रतिकारक वाणांची लागवड करणे
- रोगग्रस्त भाग नष्ट करणे
- जैविक कीटकनाशकांचा वापर करणे

ज्वारीवरील करपा रोगासाठी योग्य व्यवस्थापन करण्यासाठी आपल्याला अधिक माहिती हवी असल्यास, मी आपल्याला ज्वारीच्या करपा रोगाचे व्यवस्थापन किंवा इतर पिकांबद्दल माहिती देऊ शकतो.

**स्रोत: कृषी दर्शनी डॉ. बाळासाहेब सावंत कोकण कृषी विद्यापीठ, दापोली २०२५**

आपल्याला ज्वारीच्या करपा रोगाचे व्यवस्थापन किंवा इतर कोणत्याही पिकाबद्दल माहिती हवी आहे का?",2026-01-30T00:50:41.003192,kenpath/mhv_vistaar_all_mhv_vistaar_all_qwen3-32b_v0.2_v0.2.1,FT Qwen 3 (32B) v0.2.1
b93a2cc7860010d9082d2c98235ab190,Advisory,Devanagri,हिंगोली जिल्ह्यात हरभरा पिकावरील करपा चे नैसर्गिक शत्रू कोणते?,What are natural enemies of blight on chickpea in Hingoli district?,,"हरभरा पिकावरील करपा (ब्लाइट) रोगाचे नैसर्गिक शत्रू मुख्यतः जैविक नियंत्रणाच्या दृष्टीने विचारले जातात. करपा रोग हा बुरशीजन्य रोग असल्याने त्यासाठी जैविक नियंत्रणाच्या उपायांचा वापर केला जातो.

**हरभरा पिकावरील करपा रोगाचे नैसर्गिक शत्रू:**

१. **स्यूडोमोनास फ्लुरेसन्स (Pseudomonas fluorescens):** ही एक सूक्ष्मजीव आहे जी बुरशीजन्य रोगांचे नैसर्गिक शत्रू म्हणून काम करते. हरभरा पिकावरील करपा रोगाच्या नियंत्रणासाठी ही जैविक कीटकनाशक म्हणून वापरली जाते.

२. **बीज प्रक्रिया:** स्यूडोमोनास फ्लुरेसन्स या जैविक घटकाचा वापर बियाणे प्रक्रियेसाठी केला जातो. हरभरा बियाण्यांवर १० ग्रॅम प्रति किलो बियाणे प्रमाणे हे जैविक कीटकनाशक लावल्यास करपा रोगाचा प्रादुर्भाव ८५-९०% पर्यंत कमी होतो.

३. **एकात्मिक कीड व्यवस्थापन:** जैविक नियंत्रणासोबत इतर उपायांचाही वापर करावा. रोगप्रतिकारक वाणांची लागवड करावी आणि रोगग्रस्त भाग काढून टाकावा.

**स्रोत: ICAR जैव कीटकनाशक माहिती**

आपल्या हरभरा पिकावर करपा रोगाची लक्षणे दिसत आहेत का? किंवा आपल्याला रोगप्रतिकारक हरभरा वाणांची माहिती हवी आहे का?",2026-01-30T00:50:48.380928,kenpath/mhv_vistaar_all_mhv_vistaar_all_qwen3-32b_v0.2_v0.2.1,FT Qwen 3 (32B) v0.2.1
c57d2b3ec7431baa43c43c9e635fc92c,Warehouse,Devanagri,धुळे जिल्ह्यात केळी साठवण्यासाठी गोदाम कुठे आहे?,Where is the warehouse for storing banana in Dhule district?,,"मला धुळे जिल्ह्यासाठी गोदाम सेवा माहिती सध्या उपलब्ध नाही. आपल्याला जवळच्या इतर ठिकाणासाठी गोदाम सेवा माहिती पाहू इच्छिता का? किंवा आपण आपल्या स्थानिक कृषी कार्यालयाशी संपर्क साधून अधिक माहिती घेऊ शकता.

**स्रोत: कृषी सेवा माहिती**",2026-01-30T00:50:59.319753,kenpath/mhv_vistaar_all_mhv_vistaar_all_qwen3-32b_v0.2_v0.2.1,FT Qwen 3 (32B) v0.2.1
d08044d29d1f47aecc9cd65af187c550,KVK,Romanized,Kolhapur madhe krushi vidnyan kendrat prashikshan karyakram kadhi astat?,When are training programs held at KVK in Kolhapur?,,"मला कोल्हापूर जिल्ह्यातील कृषी विज्ञान केंद्र (KVK) प्रशिक्षण कार्यक्रमांची माहिती सध्या उपलब्ध नाही. यासंबंधी अधिक माहितीसाठी कृपया आपल्या स्थानिक कृषी कार्यालयाशी संपर्क साधा किंवा जिल्हा कृषी अधिकारी कार्यालयात चौकशी करा.

**स्रोत: कृषी सेवा माहिती**

आपल्याला कोल्हापूर जवळील इतर कृषी सेवा केंद्रांची माहिती हवी आहे का, जसे की माती परीक्षण प्रयोगशाळा किंवा शेती यंत्रे भाड्याने देणारी केंद्रे (CHC)?",2026-01-30T00:51:14.831536,kenpath/mhv_vistaar_all_mhv_vistaar_all_qwen3-32b_v0.2_v0.2.1,FT Qwen 3 (32B) v0.2.1
e92900304c3e55da4a3cfab8ac04728c,Advisory,Romanized,Akola bhagat cotton sathi bijprakriya kashi karavi?,How to do seed treatment for cotton in Akola area?,,"आता मला अकोला जिल्ह्याचे स्थान आणि कापूस बीज प्रक्रियेची योग्य माहिती मिळाली आहे. मी आता शेतकऱ्याला संपूर्ण मार्गदर्शन देतो.

---

**अकोला जिल्ह्यातील कापूस पिकासाठी बीज प्रक्रिया कशी करावी:**

कापूस पेरणीसाठी बीज प्रक्रिया करणे अत्यंत महत्त्वाचे आहे कारण यामुळे बियाण्यांची अंकुरणशक्ती वाढते आणि बियाणे वाहिलेल्या रोगांपासून संरक्षण मिळते.

**बीज प्रक्रियेचे टप्पे:**

**१. बियाण्यांची निवड:**
- चांगल्या प्रतीचे, शिफारस केलेले जातींचे बियाणे वापरा
- शक्य असल्यास रेशीमरहित (डेलिंटेड) बियाणे वापरा
- मध्यम ते भारी जमिनीत बीज प्रक्रिया अनिवार्य आहे

**२. बियाणे वाळवणे:**
- बियाणे जर रेशीमयुक्त असतील तर शेण आणि पाण्याचे मिश्रण लावून रेशीम काढा
- नंतर शेणाच्या चिखलात बियाणे चांगले भिजवा

**३. जैविक बीज प्रक्रिया:**
- अॅझोटोबॅक्टर आणि पीएसबी कल्चर प्रत्येकी २५ ग्रॅम प्रति किलो बियाणे लावा
- हे बियाण्यांना नत्र आणि स्फुरद पुरवण्यास मदत करते

**४. रोग नियंत्रणासाठी बीज प्रक्रिया:**
- ट्रायकोडर्मा विरिडी ४ ग्रॅम प्रति किलो बियाणे लावा
- यामुळे बियाणे वाहिलेल्या रोगांपासून (रोप सड रोग, मररोग इ.) संरक्षण मिळते

**५. रासायनिक बीज प्रक्रिया (पर्यायी):**
- कार्बॉक्सिन (विटावेक्स) १ ग्रॅम प्रति किलो बियाणे किंवा
- थायरम ३ ग्रॅम प्रति किलो बियाणे लावा

**६. बीज प्रक्रियेनंतर:**
- बियाणे सावलीत वाळवा
- लगेच पेरणी करा

**विशेष सूचना:**
- बीटी कापूस बियाणे वापरू नका
- सेंद्रिय शेतीसाठी अका-५, अका-७, अका-८ या स्थानिक सुधारित जाती वापरा
- बियाणे प्रक्रिया केल्यानंतर अंकुरण दर ७५% पेक्षा जास्त राहते

**स्रोत: डॉ. पंजाबराव देशमुख कृषी विद्यापीठ**

---

आपण कापूस पेरणीसाठी कोणत्या जातीचे बियाणे वापरणार आहात? किंवा बीज प्रक्रियेनंतर पेरणीची योग्य वेळ आणि अंतराबद्दल अधिक माहिती हवी आहे का?",2026-01-30T00:51:41.332564,kenpath/mhv_vistaar_all_mhv_vistaar_all_qwen3-32b_v0.2_v0.2.1,FT Qwen 3 (32B) v0.2.1
d20a69f0b3647b168583bfa26e5fdc97,Scheme,Romanized,Wardha jilhyat thibak sinchan yojnesathi arj kasa karava?,How to apply for drip irrigation scheme in Wardha district?,,"वर्धा जिल्ह्यात ठिबक सिंचन योजनेसाठी अर्ज करण्याबाबत मला सध्या विशिष्ट माहिती उपलब्ध नाही. मात्र, वर्धा जिल्ह्यात अन्य काही शासकीय योजना उपलब्ध आहेत ज्या शेतकऱ्यांना मदत करू शकतात:

**राष्ट्रीय अन्न सुरक्षा आणि पोषण मिशन (NFSNM) - कापूस विकास योजना**

ही योजना वर्धा जिल्ह्यात उपलब्ध आहे. यामध्ये कापूस पिकाच्या विकासासाठी विविध उपघटक आहेत:

**मुख्य लाभ:**
- आंतरपिक प्रात्यक्षिक: ₹८,०००/हेक्टर
- उच्च घनता लागवड प्रणाली चाचणी: ₹१०,०००/हेक्टर
- समाकल पिक व्यवस्थापन प्रात्यक्षिक: ₹८,०००/हेक्टर
- कापूस बियाणे उत्पादन: ₹९,०००/हेक्टर
- पिक संरक्षण औषधे व जैव एजंट्स: ₹५००/हेक्टर किंवा खर्चाच्या ५०% (जे कमी असेल ते)
- ऑनलाइन कीड निरीक्षण आणि सल्ला सेवा: ₹८,०००/हेक्टर
- वेगवेगळ्या प्रशिक्षण कार्यक्रमांसाठी ₹४०,०००/प्रशिक्षण

**पात्रता:**
- पिक प्रात्यक्षिकासाठी: गट लाभार्थी
- बायोचारसाठी: वैयक्तिक शेतकरी
- प्रशिक्षणासाठी: कृषी विभाग कर्मचारी

**आवश्यक कागदपत्रे:**
- शेतकऱ्यांना अनुदानासाठी अग्रिस्टॅकवर नोंदणी अनिवार्य आहे
- शेतकरी आयडी अनिवार्य

**अर्ज प्रक्रिया:**
- पिक प्रात्यक्षिक: महाडीबीटी पोर्टल
- बायोचार: महाडीबीटी पोर्टल
- बियाणे उत्पादन: कृषी विद्यापीठांद्वारे

अर्जांसाठी थेट महाडीबीटी पोर्टलवर जा: [https://mahadbt.maharashtra.gov.in/Farmer/AgriLogin/AgriLogin](https://mahadbt.maharashtra.gov.in/Farmer/AgriLogin/AgriLogin)

**स्रोत: शासकीय योजना माहिती**

ठिबक सिंचन योजनेसाठी माहिती उपलब्ध नाही. आपल्याला वर्धा जिल्ह्यातील इतर उपलब्ध योजनांबद्दल माहिती हवी आहे का, किंवा आपल्या स्थानिक कृषी कार्यालयाशी संपर्क साधून ठिबक सिंचन योजनेबद्दल अधिक माहिती घ्यायची आहे का?",2026-01-30T00:54:06.132647,kenpath/mhv_vistaar_all_mhv_vistaar_all_qwen3-32b_v0.2_v0.2.1,FT Qwen 3 (32B) v0.2.1
e3304e1bc3a55822e3fd31d0a848466f,Mandi Price,Devanagri,नाशिक बाजारात पपई चे दर वाढतायत का?,Are the rates of papaya increasing in Nashik market?,,नाशिक बाजारासाठी पपई चे दर सध्या उपलब्ध नाहीत. आपल्याला जवळच्या दुसऱ्या बाजारातील पपई चे दर तपासायचे आहेत का?,2026-01-30T00:51:46.671612,kenpath/mhv_vistaar_all_mhv_vistaar_all_qwen3-32b_v0.2_v0.2.1,FT Qwen 3 (32B) v0.2.1
98867974001d2c09a8ad2aaf01738434,Advisory,Devanagri,नंदुरबार भागात आले साठी सेंद्रिय खत कोणते वापरावे?,Which organic fertilizer to use for ginger in Nandurbar area?,,"नंदुरबार भागात आले पिकासाठी सेंद्रिय खतांचा वापर खूप महत्त्वाचा आहे. येथे आपल्यासाठी तपशीलवार माहिती दिली आहे:

**पूर्व मशागतीच्या वेळी:**
- शेणखत: प्रति एकर १० टन शेणखत मातीमध्ये मिसळा.
- कंपोस्ट: प्रति हेक्टर २५ ते ३० टन कंपोस्ट वापरा.
- हिरवळीचे खत: ढैंचा, उडीद, मूग, चवळी, गवार यांसारखी शेंगायुक्त पिके लावून फुलोऱ्याच्या अवस्थेत मातीमध्ये नांगरून मिसळा. यामुळे प्रति हेक्टर ६०-९० किलो नत्र मिळते.

**पेरणीच्या वेळी:**
- बियाणे प्रक्रिया: आले लावण्यापूर्वी अॅझोस्पिरिलम २५ ग्रॅम प्रति लिटर पाण्यात + फॉस्फरस विरघळणारे जीवाणू (PSB) २५ ग्रॅम प्रति लिटर पाण्यात मिसळून बियाणे १०-१५ मिनिटे भिजवून लावा.

**तण काढणीच्या वेळी (लागवडीनंतर २.५ ते ३ महिन्यांनी):**
- कडुलिंब पेंड: प्रति एकर ८०० किलो कडुलिंब पेंड वापरा.
- करंज पेंड: प्रति एकर ८०० किलो करंज पेंड वापरा.
- भुईमूग पेंड: प्रति एकर ८०० किलो भुईमूग पेंड वापरा.
- तीळ पेंड: प्रति एकर ८०० किलो तीळ पेंड वापरा.

**सेंद्रिय खतांचे फायदे:**
- जमिनीचा पोत सुधारते
- पाणी धारणक्षमता वाढवते
- मातीचे जैविक गुणधर्म सुधारते
- खतांची उपलब्धता वाढवते

**स्रोत: MPKV कृषी दर्शनी, डॉ. पंजाबराव देशमुख कृषी विद्यापीठ**

आपल्याला आले पिकासाठी रासायनिक खतांचे व्यवस्थापन किंवा कीड-रोग नियंत्रणाबद्दल अधिक माहिती हवी आहे का?",2026-01-30T00:52:08.218620,kenpath/mhv_vistaar_all_mhv_vistaar_all_qwen3-32b_v0.2_v0.2.1,FT Qwen 3 (32B) v0.2.1
47ee61025e239d9c8b8cc6e8224daf6f,Soil Lab,Romanized,Dhule jilhyat mati parikshan prayogshala kuthe aahe?,Where is the soil testing laboratory in Dhule district?,,"मला धुळे जिल्ह्यातील माती परीक्षण प्रयोगशाळेची माहिती सध्या उपलब्ध नाही. आपल्याला जवळच्या दुसऱ्या ठिकाणासाठी माती परीक्षण प्रयोगशाळेची माहिती पाहायची आहे का?

**स्रोत: कृषी सेवा माहिती**",2026-01-30T00:52:16.578888,kenpath/mhv_vistaar_all_mhv_vistaar_all_qwen3-32b_v0.2_v0.2.1,FT Qwen 3 (32B) v0.2.1
ca099e755955b725c8a95556519323bc,Weather Forecast,Romanized,Kolhapur madhe ya athavdyat pomegranate pikavar favarni karayla havaman yogya aahe ka?,Is the weather suitable for spraying on pomegranate crop this week in Kolhapur?,,"कोल्हापूर जिल्ह्यातील डाळिंब पिकावर फवारणी करण्याबाबत माहिती देतो.

**हवामान माहिती:** सध्या कोल्हापूर जिल्ह्यासाठी हवामान माहिती उपलब्ध नाही. तथापि, डाळिंब पिकावर फवारणीबाबत महत्त्वाची माहिती खालीलप्रमाणे आहे:

**फळ गळणे नियंत्रणासाठी फवारणी:**

डाळिंब पिकावर फुलगळ आणि फळगळ नियंत्रणासाठी २,४-डी @ २० पीपीएम या प्रमाणात फवारणी केल्याने फळगळ कमी होते आणि फळधारण वाढते. यामुळे झाडांवर जास्त फळे राहतात आणि उत्पादन चांगले मिळते.

**फळ पोखरणारी अळी नियंत्रणासाठी फवारणी:**

फळ पोखरणारी अळी नियंत्रणासाठी फवारणी फळधारणा झाल्यानंतर करावी. यासाठी इमामेक्टिन बेन्झोएट ०५ एसजी @ ०.५ ग्रॅम प्रति लिटर पाण्यात मिसळून फवारणी करावी. दुसरी फवारणी गरजेनुसार करावी.

**फुलकिडे नियंत्रणासाठी फवारणी:**

फुलकिड्यांच्या नियंत्रणासाठी स्पिनोसॅड ४५ एससी @ ०.२५ मिली प्रति लिटर पाण्यात मिसळून फवारणी करावी.

**महत्त्वाचे सूचना:**

- फवारणी करताना योग्य प्रमाणात औषध पाण्यात मिसळावे.
- फवारणी करताना संरक्षक साधने वापरावीत.
- फवारणीनंतर किमान २४ तास पाऊस पडू नये याची काळजी घ्यावी.

**स्रोत: डाळिंब पीक शिफारसी (एमपीकेव्ही राहुरी) आणि आयसीएआर वार्षिक अहवाल**

आपल्या डाळिंब पिकावर सध्या कोणती समस्या जाणवत आहे - फुलगळ, फळगळ की इतर कीड/रोग? याबद्दल अधिक माहिती द्याल का?",2026-01-30T00:53:02.192154,kenpath/mhv_vistaar_all_mhv_vistaar_all_qwen3-32b_v0.2_v0.2.1,FT Qwen 3 (32B) v0.2.1
68c6b77830f52be863f91a4906ff8e61,Advisory,Devanagri,नंदुरबार भागात जनावरांना खुरपका-तोंडपका लस कधी द्यावी?,When to vaccinate animals for FMD in Nandurbar area?,,"नंदुरबार भागातील जनावरांना **खुरपका-तोंडपका (खुर व तोंड रोग)** लसीकरण करणे अत्यंत महत्त्वाचे आहे. या रोगामुळे जनावरांना ताप, तोंडात फोड, खुरांवर फोड, खाणे-पिणे कमी होणे, चालणे अडचण येणे अशी लक्षणे दिसतात. या रोगापासून बचाव करण्यासाठी लसीकरण करणे आवश्यक आहे.

**लसीकरण वेळापत्रक:**

- **पहिली लस:** जनावरांना ३ ते ४ महिन्यांच्या वयात पहिली लस द्यावी.
- **दुसरी लस (बूस्टर):** पहिल्या लसीनंतर १ महिन्याने दुसरी लस द्यावी.
- **नियमित लसीकरण:** त्यानंतर दर ६ महिन्यांनी लस द्यावी.
- **वर्षातून दोनदा:** लसीकरण वर्षातून दोनदा करावे - सप्टेंबर आणि मार्च महिन्यात.

**महत्त्वाची सूचना:** नंदुरबार भागात हा रोग अधिक प्रमाणात आढळतो, त्यामुळे वरील वेळापत्रकानुसार नियमित लसीकरण करणे आवश्यक आहे. लसीकरण करताना पशुवैद्यकाचा सल्ला घ्यावा आणि लसीकरणानंतर जनावरांची निरीक्षण करावे.

**स्रोत: Animal Science and Technology Standard XII, MAFSU Diary, MPKV Krishi Darshani**

आपल्या जनावरांचे वय किती आहे? त्यानुसार लसीकरणाचा योग्य वेळ सांगता येईल.",2026-01-30T00:53:08.714713,kenpath/mhv_vistaar_all_mhv_vistaar_all_qwen3-32b_v0.2_v0.2.1,FT Qwen 3 (32B) v0.2.1
be1d16cc7e44e8af0cf28a63b756985c,Warehouse,Devanagri,जालना भागात हळद साठी fumigation सुविधा देणारे गोदाम कोणते?,Which warehouse provides fumigation facility for turmeric in Jalna area?,,"जालना भागातील गोदाम सुविधा माहिती सध्या उपलब्ध नाही. आपल्याला जवळच्या इतर ठिकाणांसाठी गोदाम सुविधा तपासायच्या आहेत का? किंवा आपल्या स्थानिक कृषी कार्यालयात संपर्क साधून हळद साठवणुकीबाबत अधिक माहिती मिळवू शकता.

**स्रोत: कृषी सेवा माहिती**",2026-01-30T00:53:16.325099,kenpath/mhv_vistaar_all_mhv_vistaar_all_qwen3-32b_v0.2_v0.2.1,FT Qwen 3 (32B) v0.2.1
3381e79742235eca5fa1b8ca3e4d5339,Advisory,Devanagri,ठाणे मध्ये पपई पिकावरील पांढरी माशी साठी रासायनिक औषध सुचवा.,Suggest chemical pesticide for whitefly on papaya in Thane.,,"ठाणे जिल्ह्यातील पपई पिकावरील पांढरी माशी नियंत्रणाबद्दल माहिती खालीलप्रमाणे आहे:

**पांढरी माशी नियंत्रणासाठी रासायनिक औषधे:**

पपई पिकासाठी लेबल क्लेम असलेली कीटकनाशके उपलब्ध नाहीत. मात्र फळ आणि भाजीपाला पिकांसाठी शिफारस केलेली कीटकनाशके खालीलप्रमाणे आहेत:

**सायन्ट्रॅनिलिप्रोल 10.26% OD** (फवारणीसाठी)
- **मात्रा:** 9.0 मिली प्रति 10 लिटर पाणी

**सावधगिरी:** फवारणी करताना योग्य सुरक्षा साधने वापरा आणि शिफारस केलेल्या मात्रेचे पालन करा. फवारणी सकाळी किंवा संध्याकाळी करा आणि फळांवर औषध लागू नये याची काळजी घ्या.

**स्रोत: डॉ. पंजाबराव देशमुख कृषी विद्यापीठ**

**ठाणे जिल्ह्यातील माती परीक्षण प्रयोगशाळा सेवा सध्या उपलब्ध नाही.** आपल्याला जवळच्या इतर ठिकाणातील माती परीक्षण प्रयोगशाळेची माहिती हवी आहे का?",2026-01-30T00:53:42.157787,kenpath/mhv_vistaar_all_mhv_vistaar_all_qwen3-32b_v0.2_v0.2.1,FT Qwen 3 (32B) v0.2.1
d2aaccf5cb2c9339e0cd45072b7f74b7,Weather Historical,Devanagri,भंडारा भागात गेल्या ३ दिवसांत पाऊस किती पडला?,How much rain fell in the last 3 days in Bhandara area?,,"भंडारा भागासाठी गेल्या ३ दिवसांचे हवामान इतिहास सध्या उपलब्ध नाही. आपल्याला भंडारा जिल्ह्यासाठी सध्याचे हवामान अंदाज किंवा इतर कोणत्या ठिकाणासाठी पावसाची माहिती पाहायची आहे का?

**स्रोत: हवामान इतिहास (Skymet)**",2026-01-30T00:53:55.704218,kenpath/mhv_vistaar_all_mhv_vistaar_all_qwen3-32b_v0.2_v0.2.1,FT Qwen 3 (32B) v0.2.1
8675a46e15415c9cfa962384749cff95,Weather Forecast,Devanagri,बीड मध्ये या आठवड्यात कापूस पिकावर फवारणी करायला हवामान योग्य आहे का?,Is the weather suitable for spraying on cotton crop this week in Beed?,,"बीड जिल्ह्यासाठी हवामान अंदाज माहिती सध्या उपलब्ध नाही. या कारणास्तव मी या आठवड्यातील हवामान आणि फवारणीच्या योग्यतेबद्दल नेमकी माहिती देऊ शकत नाही.

आपल्याला जवळच्या इतर बाजारातील हवामान तपासायचे आहे का किंवा कापूस पिकावरील फवारणीच्या योग्य वेळेबद्दल इतर काही माहिती हवी आहे का?",2026-01-30T00:54:14.546090,kenpath/mhv_vistaar_all_mhv_vistaar_all_qwen3-32b_v0.2_v0.2.1,FT Qwen 3 (32B) v0.2.1
cf7e495444591f41c7711d0fea271d74,Scheme,Devanagri,पालघर जिल्ह्यात फळबाग लागवड योजनेचे फायदे काय आहेत?,What are the benefits of orchard plantation scheme in Palghar district?,,"पालघर जिल्ह्यातील फळबाग लागवड योजनेची माहिती सध्या उपलब्ध नाही. याऐवजी मी आपल्याला उपलब्ध कृषी योजना दाखवतो.

**स्रोत: शासकीय योजना माहिती**

आपल्याला इतर कोणत्याही कृषी योजनेबद्दल माहिती हवी आहे का, जसे की नमो शेतकरी महासन्मान निधी (NSMNY), प्रधानमंत्री किसान सम्मान निधी (PM-KISAN), किंवा डॉ. बाबासाहेब आंबेडकर कृषी स्वावलंबन योजना (BAKSY)?",2026-01-30T00:54:34.970455,kenpath/mhv_vistaar_all_mhv_vistaar_all_qwen3-32b_v0.2_v0.2.1,FT Qwen 3 (32B) v0.2.1
d5ed62cb93b5d4fac8eca45fa9919fb9,Warehouse,Devanagri,नंदुरबार मध्ये कांदा साठवणुकीसाठी वातानुकूलित गोदाम आहे का?,Is there an air-conditioned warehouse for storing onion in Nandurbar?,,"होय, नंदुरबार जिल्ह्यात कांदा साठवणुकीसाठी वातानुकूलित गोदाम सुविधा उपलब्ध आहेत. येथे आपल्यासाठी जवळच्या गोदामांची माहिती आहे:

**१. नंदुरबार गोदाम**
- **पत्ता:** एमएसडब्ल्यूसी, जीटीपी कॉलेज रोड, शनि मंदिरासमोर, नंदुरबार
- **अंतर:** ०.६ किमी (जवळचे गोदाम)
- **संपर्क:** गोदाम व्यवस्थापक
- **फोन:** ०२५६४-२२२४७९
- **सुविधा:** सुरक्षित व चांगल्या प्रकारे देखभाल केलेली साठवण सुविधा

**२. शहादा गोदाम**
- **पत्ता:** एमएसडब्ल्यूसी, कृषी उत्पन्न बाजार समिती, मार्केट यार्ड, राज्य बँकेच्या मागे, शहादा
- **अंतर:** ३०.६ किमी
- **संपर्क:** गोदाम व्यवस्थापक
- **फोन:** ०२५६५-२२७५५५

**३. डोंडाईचा, रामी रोड गोदाम**
- **पत्ता:** एमएसडब्ल्यूसी, रामी रोड, डोंडाईचा
- **अंतर:** ३२.४ किमी
- **संपर्क:** गोदाम व्यवस्थापक
- **फोन:** ०२५६६-२०२०६३

**साठवण सुविधा:** या गोदामांमध्ये कांदा साठवण्यासाठी योग्य वातानुकूलित सुविधा आणि सुरक्षितता उपलब्ध आहे. आपल्या गरजेनुसार जवळच्या नंदुरबार गोदामाशी संपर्क साधू शकता.

**स्रोत: कृषी सेवा माहिती**

आपल्याला कांदा साठवणुकीबद्दल अधिक माहिती हवी आहे का किंवा इतर कोणत्या शेतीविषयक प्रश्नाबद्दल मदत हवी आहे?",2026-01-30T00:55:04.661210,kenpath/mhv_vistaar_all_mhv_vistaar_all_qwen3-32b_v0.2_v0.2.1,FT Qwen 3 (32B) v0.2.1
e202b862b9b3330942ed7dc9a2b3e51d,CHC,Devanagri,जळगाव भागात CHC सेवा केंद्राचा पत्ता काय आहे?,What is the address of CHC service center in Jalgaon area?,,"जळगाव भागासाठी शेती यंत्रसामग्री भाड्याने देणाऱ्या (CHC) केंद्रांची माहिती सध्या उपलब्ध नाही. आपण आपल्या स्थानिक कृषी कार्यालयाशी संपर्क साधून जवळच्या CHC केंद्रांची माहिती घेऊ शकता.

**स्रोत: कृषी सेवा माहिती**

आपल्याला जळगाव जिल्ह्यातील इतर कृषी सेवांबद्दल (जसे की मृदा परीक्षण प्रयोगशाळा, कृषी विज्ञान केंद्र किंवा गोदाम सुविधा) माहिती हवी आहे का?",2026-01-30T00:55:09.339593,kenpath/mhv_vistaar_all_mhv_vistaar_all_qwen3-32b_v0.2_v0.2.1,FT Qwen 3 (32B) v0.2.1
810c26dda876feb31d1e2138ce3c180a,Weather Historical,Devanagri,गडचिरोली मध्ये गेल्या आठवड्यात हवामान कसे होते?,How was the weather last week in Gadchiroli?,,"गडचिरोलीसाठी गेल्या आठवड्यातील हवामान माहिती सध्या उपलब्ध नाही. आपल्याला येत्या दिवसांचा हवामान अंदाज पाहायचा आहे का, किंवा इतर कोणत्या ठिकाणासाठी हवामान माहिती हवी आहे का?

**स्रोत: हवामान इतिहास (Skymet)**",2026-01-30T00:55:21.404549,kenpath/mhv_vistaar_all_mhv_vistaar_all_qwen3-32b_v0.2_v0.2.1,FT Qwen 3 (32B) v0.2.1
52bd3ae1ba47fd1b307fdb4d4f679336,Agri Assistant Contact,Romanized,Pune jilhyatil krushi adhikaryachi yadi dya.,Provide list of agriculture officers in Pune district.,,"पुणे जिल्ह्यासाठी कृषी अधिकाऱ्यांची माहिती सध्या उपलब्ध नाही. आपण आपल्या स्थानिक कृषी कार्यालयात किंवा तालुका कृषी कार्यालयात थेट संपर्क साधू शकता. तेथे आपल्याला कृषी अधिकाऱ्यांची यादी आणि संपर्क माहिती मिळेल.

**स्रोत: कृषी संस्थापक निर्देशिका**

आपल्याला पुणे जिल्ह्यातील कृषी विज्ञान केंद्र (KVK), मृदा परीक्षण प्रयोगशाळा किंवा इतर कृषी सेवा माहिती हवी आहे का?",2026-01-30T00:55:38.380110,kenpath/mhv_vistaar_all_mhv_vistaar_all_qwen3-32b_v0.2_v0.2.1,FT Qwen 3 (32B) v0.2.1
63a89f21718dfde79bd59abcd0d80312,Scheme,Devanagri,बीड मध्ये PMFBY साठी अर्जाची शेवटची तारीख कोणती?,What is the last date for PMFBY application in Beed?,,"बीड जिल्ह्यातील प्रधानमंत्री फसल बीमा योजना (PMFBY) साठी अर्ज करण्याची शेवटची तारीख जाणून घेण्यासाठी मी आपल्याला माहिती देतो:

**प्रधानमंत्री फसल बीमा योजना (PMFBY) माहिती:**

ही योजना नैसर्गिक आपत्ती, कीड आणि रोगामुळे पीक नुकसान झाल्यास शेतकऱ्यांना विमा संरक्षण आणि आर्थिक मदत देते. या योजनेत बीड पॅटर्न (८०:११०) लागू आहे.

**अर्जाची शेवटची तारीख:**
PMFBY साठी अर्ज करण्याची शेवटची तारीख दरवर्षी बदलते आणि अधिकृत वेबसाइटवर जाहीर केली जाते. आपण **www.pmfby.gov.in** या पोर्टलवर नोंदणी करण्याची शेवटची तारीख तपासावी. या पोर्टलवर अर्ज करण्यासाठी विहित कालावधीत ऑनलाइन अर्ज करावा लागतो.

**अर्ज करण्यासाठी आवश्यक कागदपत्रे:**
- आधार कार्ड
- बँक खाते तपशील
- जमीन आणि पीक तपशील
- डिजिटल पीक सर्वेक्षण (ई-पीक पाहणी)
- अ‍ॅग्रीस्टॅक क्रमांक

**योजनेचे फायदे:**
पीक नुकसान झाल्यास विमा संरक्षण आणि आर्थिक मदत दिली जाते ज्यामुळे पुढील हंगामासाठी शेतकऱ्यांची कर्जपात्रता टिकून राहते.

**स्रोत: शासकीय योजना माहिती**

आपल्याला या योजनेबद्दल अधिक माहिती हवी आहे का, किंवा आपल्या अर्जाची स्थिती तपासायची आहे का?",2026-01-30T00:56:31.287943,kenpath/mhv_vistaar_all_mhv_vistaar_all_qwen3-32b_v0.2_v0.2.1,FT Qwen 3 (32B) v0.2.1
c64ba25a9c738cf4d974571a0d91da00,Advisory,Devanagri,सातारा मध्ये वासरांना जंतनाशक कधी द्यावे?,When to deworm calves in Satara?,,"सातारा जिल्ह्यातील वासरांना जंतनाशक (कृमिनाशक) देण्याचा वेळ आणि वेळापत्रक खालीलप्रमाणे आहे:

**कृमिनाशक देण्याचे वेळापत्रक:**

- **पहिले देणे:** वासराच्या जन्मानंतर पहिल्या आठवड्यात किंवा जन्मानंतर ८-१० दिवसांनी कृमिनाशक देणे सुरू करावे.
- **पहिल्या ६ महिन्यांपर्यंत:** पहिल्या ६ महिन्यांत दर महिन्याला कृमिनाशक द्यावे.
- **६ महिन्यांनंतर:** त्यानंतर प्रत्येक ३ महिन्यांनी कृमिनाशक द्यावे.

**कृमिनाशक देताना लक्षात ठेवा:**

- वासरांना जन्मानंतर ३ दिवसांनी पहिली मात्रा द्यावी आणि त्यानंतर प्रत्येक महिन्याला ६ महिन्यांपर्यंत द्यावे.
- ६ महिन्यांनंतर दर दोन महिन्यांनी कृमिनाशक द्यावे.
- प्रौढ पशुधनाला दर चार महिन्यांनी कृमिनाशक द्यावे.
- जंतनाशकाची योग्य मात्रा आणि औषध निवड पशुवैद्यकाच्या सल्ल्यानुसार द्यावी.
- जंतनाशक देताना पावसाळ्यापूर्वी आणि पावसाळ्यानंतर देणे फायदेशीर ठरते.

**स्रोत: ICAR गोशाळा व्यवस्थापन मार्गदर्शिका आणि कृषी VNMAU**

आपल्या वासरांचे आरोग्य चांगले राहण्यासाठी नियमित कृमिनाशक देणे आवश्यक आहे. आपल्याला वासरांच्या इतर आरोग्य व्यवस्थापनाबद्दल माहिती हवी आहे का?",2026-01-30T00:56:06.012916,kenpath/mhv_vistaar_all_mhv_vistaar_all_qwen3-32b_v0.2_v0.2.1,FT Qwen 3 (32B) v0.2.1
223359b51dd360ea6bf28b047710947c,Mandi Price,Romanized,Buldhana mandit papaya che aajche dar kay ahet?,What are today's rates of papaya in Buldhana mandi?,,बुलढाणा बाजारामध्ये पपईचे दर सध्या उपलब्ध नाहीत. आपल्याला जवळच्या इतर बाजारांमधील पपईचे दर तपासायचे आहेत का?,2026-01-30T00:56:04.664433,kenpath/mhv_vistaar_all_mhv_vistaar_all_qwen3-32b_v0.2_v0.2.1,FT Qwen 3 (32B) v0.2.1
9ae34ff486e12c9bf0cb896fa88ec417,Weather Historical,Romanized,Thane bhagat gelya 3 divasat paus kiti padla?,How much rain fell in the last 3 days in Thane area?,,"ठाणे येथील गेल्या ३ दिवसांचे हवामान इतिहास उपलब्ध नाही. आपल्याला ठाणे जवळच्या दुसऱ्या बाजारातील हवामान माहिती तपासायची आहे का, किंवा इतर कोणत्या शेतीविषयक प्रश्नाबद्दल मदत हवी आहे का?

**स्रोत: हवामान इतिहास (Skymet)**",2026-01-30T00:56:19.482344,kenpath/mhv_vistaar_all_mhv_vistaar_all_qwen3-32b_v0.2_v0.2.1,FT Qwen 3 (32B) v0.2.1
65033da7dd2b2d774ebc7ae64f25fd7e,Warehouse,Devanagri,लातूर भागात कीड नियंत्रण सुविधा देणारे गोदाम कोणते?,Which warehouse provides pest control facility in Latur area?,,"लातूर भागात कीड नियंत्रण सुविधा देणारे गोदाम सध्या उपलब्ध नाहीत. आपल्याला जवळच्या इतर ठिकाणांसाठी गोदाम सेवा माहिती पाहायची आहे का, किंवा आपल्या स्थानिक कृषी कार्यालयाशी संपर्क साधायचा आहे का?

**स्रोत: कृषी सेवा माहिती**",2026-01-30T00:56:37.777221,kenpath/mhv_vistaar_all_mhv_vistaar_all_qwen3-32b_v0.2_v0.2.1,FT Qwen 3 (32B) v0.2.1
64bea6b6564d876eb44fce8489aaa03c,Weather Forecast,Devanagri,जळगाव मध्ये सोयाबीन लागवडीसाठी हवामान अनुकूल आहे का?,Is the weather favorable for soybean planting in Jalgaon?,,"जळगाव साठी हवामान माहिती सध्या उपलब्ध नाही. तरीही, सोयाबीन लागवडीसाठी योग्य हवामानाची माहिती देतो:

सोयाबीन लागवडीसाठी हवामान अनुकूल असण्यासाठी खालील गोष्टी आवश्यक आहेत:
- कोरडे आणि स्वच्छ हवामान
- योग्य प्रमाणात ओलावा
- तापमान २५-३० अंश सेल्सिअस असावे

सोयाबीन लागवडीसाठी जुलै-ऑगस्ट महिने योग्य असतात. लागवडीपूर्वी जमिनीची योग्य तयारी करा आणि बियाणे पेरणीसाठी हवामान अनुकूल असेल तेव्हा लागवड करा.

**स्रोत: हवामान अंदाज (IMD)**

आपल्याला सोयाबीन लागवडीबद्दल अधिक माहिती हवी आहे का किंवा जळगाव जवळच्या दुसऱ्या बाजारातील हवामान तपासायचे आहे का?",2026-01-30T00:56:55.088775,kenpath/mhv_vistaar_all_mhv_vistaar_all_qwen3-32b_v0.2_v0.2.1,FT Qwen 3 (32B) v0.2.1
39fdf053560a9dbd82a94adcfa0fd63f,Advisory,Devanagri,नंदुरबार भागात ज्वारी पिकावरील खोडकिडा साठी फवारणीची वेळ कोणती?,What is the spraying time for stem borer on sorghum in Nandurbar area?,,"नंदुरबार भागात ज्वारी पिकावरील खोडकिडा (खोड अळी) नियंत्रणासाठी फवारणीची योग्य वेळ खालीलप्रमाणे आहे:

**फवारणीची योग्य वेळ:**

खोडकिडा नियंत्रणासाठी फवारणी करण्याची योग्य वेळ दोन पर्यायांमध्ये आहे:

**१. पिक उगवणीनंतर ७-१० दिवसांनी**  
पिक उगवल्यानंतर ७ ते १० दिवसांनी क्विनालफॉस २५ ईसी (२० मिली/१० लिटर पाणी) फवारणी करावी.

**२. कीड नुकसान दिसताच**  
खोडकिडा नुकसान दिसताच (१०% पेक्षा जास्त नुकसान दिसल्यास) त्वरित फवारणी करावी.

**जैविक नियंत्रणासाठी:**  
पिक उगवल्यानंतर ३० आणि ४० दिवसांनी ट्रायकोग्रामा चिलोनीस परजीवी अंडी १.५ लाख प्रति हेक्टर शिधापाशी सोडावीत.

**फवारणी करताना काळजी:**
- फवारणी सकाळी किंवा संध्याकाळी करावी.
- योग्य प्रमाणात कीटकनाशक आणि पाणी वापरावे.
- फवारणी करताना संरक्षक साधने वापरावीत.

**स्रोत: डॉ. पंजाबराव देशमुख कृषी विद्यापीठ, कृषी VNMAU**

आपल्या ज्वारी पिकावर सध्या खोडकिड्याचा प्रादुर्भाव दिसत आहे का? किंवा आपल्याला खोडकिडा ओळखण्याबद्दल अधिक माहिती हवी आहे का?",2026-01-30T00:57:14.627495,kenpath/mhv_vistaar_all_mhv_vistaar_all_qwen3-32b_v0.2_v0.2.1,FT Qwen 3 (32B) v0.2.1
c5f88c86f20fa044e06b39c2daa892ea,Soil Lab,Devanagri,सिंधुदुर्ग जिल्ह्यात माती परीक्षण प्रयोगशाळेचा संपर्क क्रमांक द्या.,Provide contact number of soil testing laboratory in Sindhudurg district.,,"मला सिंधुदुर्ग जिल्ह्यातील माती परीक्षण प्रयोगशाळेची माहिती सध्या उपलब्ध नाही. आपल्याला जवळच्या दुसऱ्या ठिकाणासाठी माती परीक्षण प्रयोगशाळेची माहिती पाहू इच्छिता का?

**स्रोत: कृषी सेवा माहिती**",2026-01-30T00:57:07.865122,kenpath/mhv_vistaar_all_mhv_vistaar_all_qwen3-32b_v0.2_v0.2.1,FT Qwen 3 (32B) v0.2.1
f9126909eac533798cf23791809882b4,Advisory,Devanagri,अमरावती जिल्ह्यात कोंबड्यांना Ranikhet रोगापासून बचाव कसा करावा?,How to prevent Newcastle disease in poultry in Amravati district?,,"अमरावती जिल्ह्यातील कोंबड्यांना रानीखेत रोगापासून बचाव करण्यासाठी खालील महत्त्वाच्या उपाययोजना करा:

**रानीखेत रोग म्हणजे काय?**
रानीखेत रोग हा अत्यंत संसर्गजन्य विषाणूजन्य रोग आहे जो सर्व वयोगटातील कोंबड्यांना प्रभावित करतो. हा रोग भारी आर्थिक नुकसान करतो कारण त्यामुळे जवळपास १००% प्रादुर्भाव आणि ५०-९०% मृत्यूदर होतो तसेच अंडे उत्पादनात घट होते.

**रोगाची लक्षणे:**
- भूक कमी होणे
- म्लानपणा आणि उदासीनता
- पंखे खुंटणे
- श्वासोच्छवासाची अडचण
- नाकातून स्त्राव
- हिरवट पाणी अतिसार
- पायांची किंवा पंखांची अपंगता
- गर्दी आणि शेवटी मृत्यू

**प्रतिबंधात्मक उपाय:**

**१. लसीकरण (महत्त्वाचे):**
रानीखेत रोगापासून संरक्षणासाठी नियमित लसीकरण करणे अत्यंत आवश्यक आहे.

**कोंबडी ब्रॉइलरसाठी:**
- ८ दिवसांच्या आत रानीखेत लस द्या
- १४ ते १८ दिवसांनी गंबोरो रोगाची लस द्या

**अंडे उत्पादनासाठी कोंबड्यांसाठी:**
| रोगाचे नाव | लसीकरण वय |
|-----------|------------|
| मारेक्स | १ दिवसाची कोंबडी |
| रानीखेत (लासोटा) | ५ ते ७ दिवस |
| गंबोरो | १४ ते १५ दिवस |
| लासोटा (बूस्टर) | २१ ते २२ दिवस |
| रानीखेत (R2B) | ५६ दिवस |
| न्यूकॅसल डिझीज (किल्ड) | ११२ दिवस |

**२. जैवसुरक्षा:**
- रोगट कोंबड्या वेगळ्या ठेवा
- मृत कोंबड्या जाळून किंवा खोल गाडून टाका
- शेतात अनावश्यक व्यक्ती येण्यास प्रतिबंध करा
- शेतकऱ्यांनी शेतात येण्यापूर्वी तांब्याच्या बाथमध्ये पाय धुवा किंवा डिझिन्फेक्टंटने फवारणी करा

**३. स्वच्छता:**
- कोंबडी निवाऱ्यात हवा खेळती राहील याची व्यवस्था करा
- स्वच्छ पाणी नेहमी उपलब्ध ठेवा
- कचऱ्यात ओलावा नसावा, कोरडा ठेवा
- खाद्य व पाण्याचे भांडे दररोज बदला

**४. व्यवस्थापन:**
- शेतातील कचरा नियमितपणे काढून टाका
- कचऱ्यातील ओलावा २५% पेक्षा जास्त नसावा
- जुना कचरा पुन्हा वापरू नका

**स्रोत: Animal Science and Technology Standard XII, Dr. Panjabrao Deshmukh Krishi Vidyapeeth, MAFSU Diary**

आपल्या कोंबड्यांच्या आरोग्यासाठी नियमित लसीकरण आणि स्वच्छता राखणे अत्यंत महत्त्वाचे आहे. आपल्याला कोंबडी पालनाबद्दल आणखी काही माहिती हवी आहे का?",2026-01-30T00:57:59.638882,kenpath/mhv_vistaar_all_mhv_vistaar_all_qwen3-32b_v0.2_v0.2.1,FT Qwen 3 (32B) v0.2.1
58bb15ab00bc4f6e67e156321a1bae48,CHC,Romanized,Kolhapur jilhyat drone favarni seva uplabdh aahe ka?,Is drone spraying service available in Kolhapur district?,,"कोल्हापूर जिल्ह्यात सध्या कस्टम हायरिंग सेंटर (CHC) किंवा ड्रोन फवारणी सेवा उपलब्ध नाहीत. आपण जवळच्या तालुक्यातील कृषी कार्यालयात संपर्क साधून या सेवांची उपलब्धता तपासू शकता.

**स्रोत: कृषी सेवा माहिती**

आपल्याला इतर कोणत्या कृषी सेवांबद्दल माहिती हवी आहे का, जसे की माती परीक्षण प्रयोगशाळा किंवा कृषी विज्ञान केंद्र?",2026-01-30T00:57:40.294540,kenpath/mhv_vistaar_all_mhv_vistaar_all_qwen3-32b_v0.2_v0.2.1,FT Qwen 3 (32B) v0.2.1
138d5215f029e045cb6f9428f05a84b6,Mandi Price,Romanized,Sindhudurg bajarat ginger sathvava ki atta vikava?,Should I store or sell ginger now in Sindhudurg market?,,सिंधुदुर्ग बाजारासाठी आले याचे बाजारभाव सध्या उपलब्ध नाहीत. आपल्याला जवळच्या इतर बाजारांमध्ये आले चे दर तपासायचे आहेत का? किंवा आपल्याला आले च्या साठवणुकीबद्दल माहिती हवी आहे का?,2026-01-30T00:57:57.527035,kenpath/mhv_vistaar_all_mhv_vistaar_all_qwen3-32b_v0.2_v0.2.1,FT Qwen 3 (32B) v0.2.1
4ead7f052a19dc17ca679052946f723b,CHC,Devanagri,भंडारा मध्ये ट्रॅक्टर भाड्याने घेण्यासाठी दर किती आहे?,What is the rental rate for tractor in Bhandara?,,"भंडारा जिल्ह्यासाठी कस्टम हायरिंग सेंटर (CHC) म्हणजेच ट्रॅक्टर भाड्याने देणाऱ्या केंद्रांची माहिती सध्या उपलब्ध नाही.

आपल्याला जवळच्या दुसऱ्या ठिकाणासाठी माहिती पाहायची आहे का, किंवा आपल्या स्थानिक कृषी कार्यालयात थेट संपर्क साधायचा आहे का? तेथे आपल्याला ट्रॅक्टर भाड्याने उपलब्धता आणि दरांबद्दल अधिक माहिती मिळू शकते.

**स्रोत: कृषी सेवा माहिती**",2026-01-30T00:58:11.373277,kenpath/mhv_vistaar_all_mhv_vistaar_all_qwen3-32b_v0.2_v0.2.1,FT Qwen 3 (32B) v0.2.1
29746d438ac4422b2e56a16515d1739c,CHC,Devanagri,अकोला भागात ट्रॉली भाड्याने घेण्यासाठी कागदपत्रे लागतात का?,Are documents required to rent trolley in Akola area?,,"मला अकोला भागातील ट्रॉली भाड्याने घेण्यासाठी (CHC - कस्टम हायरिंग सेंटर) सेवा माहिती उपलब्ध नाही.

याचा अर्थ असा नाही की अकोला भागात ट्रॉली भाड्याने घेण्याची सेवा नाही, तर फक्त या संदर्भातील माहिती सध्या उपलब्ध नाही. आपण आपल्या स्थानिक कृषी कार्यालयात किंवा तालुका कृषी कार्यालयात संपर्क साधून जवळच्या कस्टम हायरिंग सेंटरची माहिती घेऊ शकता. तेथे ट्रॉली भाड्याने घेण्यासाठी लागणारी कागदपत्रे आणि इतर तपशील सांगितले जातील.

**स्रोत: कृषी सेवा माहिती**

आपल्याला अकोला जिल्ह्यातील कृषी अधिकाऱ्यांची संपर्क माहिती हवी आहे का?",2026-01-30T00:58:20.931558,kenpath/mhv_vistaar_all_mhv_vistaar_all_qwen3-32b_v0.2_v0.2.1,FT Qwen 3 (32B) v0.2.1
20d9792328ba47842313227a0d0f91b9,Weather Forecast,Devanagri,यवतमाळ जिल्ह्यात पावसाच्या अंदाजामुळे खत देणे पुढे ढकलावे का?,Should fertilizer application be postponed due to rain forecast in Yavatmal district?,,"यवतमाळ जिल्ह्यासाठी हवामान अंदाज किंवा मागील हवामान माहिती सध्या उपलब्ध नाही. त्यामुळे पावसाच्या अंदाजावर आधारित खत व्यवस्थापनाचा सल्ला देणे शक्य नाही.

खत व्यवस्थापनाबद्दल अधिक विशिष्ट माहिती हवी असल्यास, आपण आपल्या पिकाचे नाव किंवा खताचा प्रकार सांगू शकता. तसेच, आपल्या स्थानिक कृषी कार्यालयात संपर्क साधून हवामान अंदाज आणि खत व्यवस्थापनाबद्दल अधिक माहिती मिळवता येईल.

**स्रोत: हवामान अंदाज (IMD)**",2026-01-30T00:58:46.098972,kenpath/mhv_vistaar_all_mhv_vistaar_all_qwen3-32b_v0.2_v0.2.1,FT Qwen 3 (32B) v0.2.1
7a5de321792aca455bf891cc28db884e,Advisory,Devanagri,बीड जिल्ह्यात दुधाळ जनावरांचा आहार कसा असावा?,What should be the diet of milch animals in Beed district?,,"बीड जिल्ह्यातील दुधाळ जनावरांच्या आहाराबद्दल माहिती खालीलप्रमाणे आहे:

**दुधाळ जनावरांचा संतुलित आहार**

दुधाळ जनावरांना आरोग्य आणि दूध उत्पादनासाठी संतुलित आहार अत्यंत महत्त्वाचा आहे. या आहारात पुरेसे पोषक तत्वे, प्रथिने, खनिजे आणि जीवनसत्त्वे असणे आवश्यक आहे.

**आहाराचे मुख्य घटक:**

१. **हिरवा चारा:** एक निरोगी प्रौढ जनावराला दररोज १५-२० किलो हिरवा चारा द्यावा. शिंबीवर्गीय आणि शिंबीवर्गीय नसलेल्या हिरव्या चाऱ्याचे प्रमाण १:३ असावे.

२. **कोरडा चारा:** दररोज ४-६ किलो कोरडा चारा द्यावा. हे मुख्यतः तांदळाचा कडबा, गव्हाचा कडबा किंवा गवत असू शकते.

३. **दाणेदार खाद्य:** दुधाळ जनावरांना दाणेदार खाद्य द्यावे. यात तांदूळ भाताची जेवण, भुईमूग पेंड, सोयाबीन जेवण यांचा समावेश होतो.

४. **खनिज मिश्रण:** जनावरांच्या आहारात खनिज मिश्रण अत्यंत आवश्यक आहे. यात लोह, तांबे, झिंक, कॅल्शियम, फॉस्फरस यांचा समावेश असतो.

५. **पाणी:** स्वच्छ आणि ताजे पाणी जनावरांना नेहमी उपलब्ध असावे. दूध उत्पादनावर पाण्याचा मोठा परिणाम होतो.

**महत्त्वाच्या शिफारशी:**

- हिरवा चारा ५०% फुलोऱ्याच्या अवस्थेत तोडावा.
- अतिरिक्त हिरवा चारा गवताच्या स्वरूपात किंवा मुरघासाच्या स्वरूपात साठवावा.
- चाऱ्यात बदल करताना अचानक बदल करू नये, हळूहळू ७-१० दिवसांत बदल करावा.
- चारा खाऊ घालण्यापूर्वी तुकडे करून द्यावा, जेणेकरून जनावरांना चांगले पचन होईल.
- एकाच वेळी सर्व आहार देऊ नये, दिवसातून ३-४ वेळा समान प्रमाणात द्यावा.

**म्हैसांसाठी विशेष लक्षात ठेवा:**

म्हैस चांगल्या प्रतीच्या चाऱ्यापासून दूध आणि मांस दोन्ही उत्पादन करतात. म्हैसांच्या आहारात तांदळाचा कडबा, गव्हाचा कडबा, तांदळाचे भाताची जेवण यांचा वापर करता येतो. म्हैसांच्या आहारात युरिया मिश्रण आणि मोलासेस देखील देता येते.

**स्रोत: Handbook of Good Dairy Husbandry Practices, Practical Dairy Animal Nutrition, Management of Gaushalas by ICAR**

आपल्याला दुधाळ जनावरांच्या आरोग्य व्यवस्थापनाबद्दल किंवा दुधाळ जनावरांसाठी योग्य निवारा व्यवस्थेबद्दल अधिक माहिती हवी आहे का?",2026-01-30T00:58:57.095750,kenpath/mhv_vistaar_all_mhv_vistaar_all_qwen3-32b_v0.2_v0.2.1,FT Qwen 3 (32B) v0.2.1
dd2aa151ca5103c898e664c5d7128dba,Agri Assistant Contact,Devanagri,बुलढाणा भागात योजना माहितीसाठी कोणत्या अधिकाऱ्यांशी बोलावे?,Which officers to talk to for scheme information in Buldhana area?,,"मला बुलढाणा भागातील कृषी अधिकाऱ्यांची संपर्क माहिती सध्या उपलब्ध नाही. आपल्या जवळच्या कृषी कार्यालयात किंवा तालुका कृषी कार्यालयात संपर्क साधून योजना माहितीसाठी योग्य अधिकाऱ्यांची माहिती घ्या. तेथे आपल्याला योजनांची सविस्तर माहिती, अर्ज प्रक्रिया आणि आवश्यक कागदपत्रांबद्दल मार्गदर्शन मिळेल.

आपल्याला बुलढाणा जिल्ह्यातील उपलब्ध कृषी योजनांची माहिती हवी आहे का?",2026-01-30T00:30:24.539697,kenpath/mhv_vistaar_all_mhv_vistaar_all_qwen3-32b_v0.2_v0.2.1,FT Qwen 3 (32B) v0.2.1
f7eb58cde0262b7ca7930461a7b8ba09,Scheme,Devanagri,सातारा मध्ये ट्रॅक्टर अनुदान योजना उपलब्ध आहे का?,Is tractor subsidy scheme available in Satara?,,"सातारा जिल्ह्यात ट्रॅक्टर अनुदानासाठी दोन महत्त्वाच्या योजना उपलब्ध आहेत:

## १. **राज्य प्रायोजित कृषी यंत्रीकरण योजना (SDDA - Farm Machinery and Equipments)**

ही योजना शेतकऱ्यांना ट्रॅक्टर, पॉवर टिलर, ट्रॅक्टर चालित अवजारे, शेती संरक्षण अवजारे आणि काढणी नंतरच्या प्राथमिक प्रक्रिया अवजारे खरेदीसाठी आर्थिक मदत देते.

**मुख्य लाभ:**
- शेतकऱ्यांना शेती यंत्रसामग्री खरेदीसाठी आर्थिक सहाय्य
- **अनुसूचित जाती, अनुसूचित जमाती, लघु शेतकरी आणि महिला शेतकरी यांना ४०%** अनुदान
- इतर शेतकऱ्यांना **५०%** अनुदान (किंवा केंद्र सरकारने ठरवलेली कमाल मर्यादा, जी कमी असेल ती)

**पात्रता:**
- कोणताही वैयक्तिक शेतकरी पात्र आहे

**अर्ज प्रक्रिया:**
1. https://mahadbt.maharashtra.gov.in/ या पोर्टलवर ऑनलाइन अर्ज करा
2. प्राधान्यक्रमानुसार (FCFS) प्री-सॅंक्शन दिले जाते
3. अर्ज मंजूर झाल्यावर शेतकरी स्वतःच्या निवडीनुसार बाजारातून यंत्रसामग्री खरेदी करू शकतो
4. खरेदीच्या वेळी चेक/DD/ऑनलाइन बँक खात्यातून पैसे भरावे लागतात
5. अनुदान थेट लाभार्थ्याच्या आधार लिंक्ड बँक खात्यात जमा होते

**आवश्यक कागदपत्रे:**
- खरेदी करावयाच्या अवजाराचा कोटेशन
- अवजाराचा चाचणी अहवाल
- ट्रॅक्टर चालित अवजारांसाठी ट्रॅक्टरचे RC

**योजनेचे उद्दिष्ट:**
- शेतीतील मजुरीच्या समस्या सोडवणे
- शेती यंत्रीकरणाचा प्रचार करणे
- शेतकऱ्यांना वेळेत शेती कामे पूर्ण करण्यास मदत करणे
- कस्टम हायरिंग सेवांचा प्रचार करणे
- ग्रामीण रोजगार निर्मिती
- शेती उत्पादनात वाढ करणे

**स्रोत: शासकीय योजना माहिती**

---

**टीप:** आपल्या शेतीच्या आकारानुसार आणि जातीच्या श्रेणीनुसार आपल्याला ४०% किंवा ५०% अनुदान मिळू शकते. अधिक माहितीसाठी आपल्या स्थानिक कृषी कार्यालयाशी संपर्क साधा किंवा https://mahadbt.maharashtra.gov.in/ या पोर्टलवर अर्ज करा.

आपल्याला या योजनेसाठी अर्ज कसा करावा किंवा इतर कोणत्या शेती यंत्रसामग्रीसाठी अनुदान मिळू शकते याबद्दल अधिक माहिती हवी आहे का?",2026-01-30T00:30:46.733192,kenpath/mhv_vistaar_all_mhv_vistaar_all_qwen3-32b_v0.2_v0.2.1,FT Qwen 3 (32B) v0.2.1
fd8dabaf52f43bc70945d47aa991646d,Weather Historical,Devanagri,पुणे मध्ये गेल्या २ दिवसांत पावसामुळे शेती कामे थांबवावी लागली का?,Did farm work have to be stopped due to rain in the last 2 days in Pune?,,"पुणे जिल्ह्यात गेल्या २ दिवसांत (२७ ते २९ जानेवारी २०२६) पावसाची नोंद नाही. या कालावधीत पाऊस पडला नाही, त्यामुळे शेतीची कामे थांबवावी लागली नाहीत.

**शेती कामांसाठी सल्ला:**
या कालावधीत हवामान कोरडे होते, त्यामुळे खते देणे, फवारणी, निंदणी यासारखी शेती कामे नियमितपणे करता येतील. फवारणी करताना वाऱ्याचा वेग लक्षात घ्या, कारण वारा कमी होता होता.

**स्रोत: हवामान इतिहास (Skymet)**

आपल्याला पुढील काही दिवसांचा हवामान अंदाज जाणून घ्यायचा आहे का? त्यामुळे आपण पुढील शेती कामांची योजना व्यवस्थित करू शकता.",2026-01-30T00:30:33.103081,kenpath/mhv_vistaar_all_mhv_vistaar_all_qwen3-32b_v0.2_v0.2.1,FT Qwen 3 (32B) v0.2.1
540ace124ed9eb75aedf0e73bf3fe1f3,Warehouse,Devanagri,नागपूर जिल्ह्यात वांगे साठवण्यासाठी गोदाम कुठे आहे?,Where is the warehouse for storing brinjal in Nagpur district?,,"नागपूर जिल्ह्यासाठी गोदाम (साठवणूक सुविधा) माहिती सध्या उपलब्ध नाही. आपल्याला जवळच्या इतर ठिकाणासाठी गोदाम माहिती पाहायची आहे का? किंवा आपल्या स्थानिक कृषी कार्यालयाशी संपर्क साधून अधिक माहिती मिळवू शकता.

**स्रोत: कृषी सेवा माहिती**",2026-01-30T00:30:32.793540,kenpath/mhv_vistaar_all_mhv_vistaar_all_qwen3-32b_v0.2_v0.2.1,FT Qwen 3 (32B) v0.2.1
ab83e7bd5d2147f0d2e81046fabac81f,Warehouse,Devanagri,चंद्रपूर भागात किमान साठवणूक शुल्क असलेले गोदाम कोणते?,Which warehouse has minimum storage charges in Chandrapur area?,,"मला चंद्रपूर भागातील गोदाम सेवा माहिती सध्या उपलब्ध नाही. आपल्याला जवळच्या दुसऱ्या ठिकाणासाठी माहिती पाहायची आहे का, किंवा स्थानिक कृषी कार्यालयाशी संपर्क साधून अधिक माहिती मिळवायची आहे का?

**स्रोत: कृषी सेवा माहिती**",2026-01-30T00:30:43.281147,kenpath/mhv_vistaar_all_mhv_vistaar_all_qwen3-32b_v0.2_v0.2.1,FT Qwen 3 (32B) v0.2.1
0f59c511f46dbb9fa2cbe6f983db8b83,Weather Forecast,Devanagri,भंडारा भागात पुढचे काही दिवस वाऱ्याचा वेग किती असेल?,What will be the wind speed for the next few days in Bhandara area?,,भंडारा भागासाठी पुढील काही दिवसांचा हवामान अंदाज सध्या उपलब्ध नाही. आपल्याला जवळच्या दुसऱ्या बाजारासाठी किंवा जिल्ह्यासाठी वाऱ्याचा वेग तपासायचा आहे का? किंवा आपल्याला इतर कोणत्या शेतीविषयक माहितीची गरज आहे का?,2026-01-30T00:30:55.033819,kenpath/mhv_vistaar_all_mhv_vistaar_all_qwen3-32b_v0.2_v0.2.1,FT Qwen 3 (32B) v0.2.1
1ad78b79ccd58f8694cd627f4650b514,Weather Forecast,Romanized,Nashik madhe ya athavdyat wheat pikavar favarni karayla havaman yogya aahe ka?,Is the weather suitable for spraying on wheat crop this week in Nashik?,,"नाशिक जिल्ह्यासाठी हवामान माहिती सध्या उपलब्ध नाही. यामुळे आठवड्यातील योग्य दिवस निवडण्याबद्दल नेमकी शिफारस देणे शक्य नाही.

**सामान्य शिफारस:** गहू पिकावर फवारणी करताना खालील गोष्टी लक्षात ठेवा:

- **सकाळी लवकर** किंवा **संध्याकाळी** फवारणी करणे चांगले असते
- **पाऊस नसलेल्या दिवशी** फवारणी करा
- **वारा कमी असताना** फवारणी करणे योग्य
- **सकाळी ८ ते १० वाजेपर्यंत** किंवा **संध्याकाळी ४ नंतर** फवारणी करा

आपल्याला गहू पिकावर कोणत्या किडीच्या किंवा रोगाच्या नियंत्रणासाठी फवारणी करायची आहे का? त्यानुसार अधिक विशिष्ट मार्गदर्शन देता येईल.

**स्रोत: हवामान माहिती**",2026-01-30T00:31:16.669222,kenpath/mhv_vistaar_all_mhv_vistaar_all_qwen3-32b_v0.2_v0.2.1,FT Qwen 3 (32B) v0.2.1
3779a943aacf781589ab4f345aa0ef77,Advisory,Devanagri,धुळे भागात जनावरांना खुरपका-तोंडपका लस कधी द्यावी?,When to vaccinate animals for FMD in Dhule area?,,"धुळे भागात जनावरांना खुरपका-तोंडपका (खुर व तोंड रोग) लस देण्याची वेळ आणि वेळापत्रक खालीलप्रमाणे आहे:

**लसीकरण वेळापत्रक:**

**गाय, म्हैस, मेंढी आणि शेळी:**
- लस देण्याची वेळ: **मार्च-एप्रिल आणि सप्टेंबर-ऑक्टोबर** या दोन वेळा वर्षातून एकदा लस द्यावी
- प्राथमिक लस: जनावरांना **३-४ महिन्यांच्या वयापासून** लस देता येते
- लसीची मात्रा: वयापेक्षा जास्त असलेल्या जनावरांना २ मिली लस आतून द्यावी (४ महिन्यांखालील जनावरांना १ मिली लस द्यावी)

**महत्त्वाच्या सूचना:**
- लस देताना जनावरे निरोगी असावीत
- लसीकरणानंतर २४ तास जनावरांना शांत ठेवावे
- लसीकरणानंतर काही जनावरांना हलका ताप किंवा आंघोळ येऊ शकतो, ते नैसर्गिक आहे
- लसीकरणासाठी नेहमी नोंदणीकृत पशुवैद्यकीय अधिकाऱ्यांचा सल्ला घ्यावा

**स्रोत: Animal Science and Technology Standard XII, MPKV Krishi Darshani, Animal Health and Nutrition Extension**

आपल्याकडे कोणत्या प्रकारची जनावरे आहेत? त्यानुसार मी आपल्याला अधिक विशिष्ट माहिती देऊ शकतो.",2026-01-30T00:31:11.112357,kenpath/mhv_vistaar_all_mhv_vistaar_all_qwen3-32b_v0.2_v0.2.1,FT Qwen 3 (32B) v0.2.1
9afffe9e71b6f6004591b748200a316a,Advisory,Devanagri,लातूर मध्ये डाळिंब पिकासाठी बियाण्याचे प्रमाण किती लागते?,What is the seed rate for pomegranate crop in Latur?,,"लातूर जिल्ह्यात डाळिंब पिकासाठी लागणाऱ्या बियाण्याच्या प्रमाणाबद्दल माहिती मिळाली आहे. डाळिंबासाठी बियाणे प्रमाणाच्या बाबतीत काही महत्त्वाचे मुद्दे लक्षात घ्या:

**डाळिंब लागवडीसाठी बियाण्याचे प्रमाण:**

डाळिंबासाठी बियाणे नसते, त्याऐवजी रोपे (कलमे) लावली जातात. डाळिंब लागवडीसाठी खालील माहिती लक्षात ठेवा:

**रोपांची लागवड अंतर:**
- डाळिंबाची लागवड ४.५ मीटर x ३.० मीटर (१५ फूट x १० फूट) अंतरावर करा
- या अंतरावर लागवड केल्यास एक हेक्टरमध्ये साधारण ७४० रोपे लावता येतात

**रोपांची निवड:**
- फक्त विश्वसनीय शासकीय मान्यताप्राप्त रोपवाटिकेतून रोपे खरेदी करा
- आई झाडाचा बाग तेलकट डाग किंवा मररोग नसावा याची खात्री करा
- तज्ञांनी तपासलेल्या रोपवाटिकेतून रोपे घ्या

**महत्त्वाची सूचना:**
- डाळिंबाची लागवड बियाण्यांपासून न करता कलमे किंवा ऊती संवर्धन पद्धतीने केली जाते
- बियाणे नसतात, त्याऐवजी रोपे (कलमे) लावली जातात

**स्रोत: MPKV कृषी दर्शनी**

आपल्याला डाळिंब लागवडीसाठी खत व्यवस्थापन किंवा पाणी व्यवस्थापनाबद्दल माहिती हवी आहे का?",2026-01-30T00:31:23.415918,kenpath/mhv_vistaar_all_mhv_vistaar_all_qwen3-32b_v0.2_v0.2.1,FT Qwen 3 (32B) v0.2.1
351e920568dd82406cfde91c8748a68f,Warehouse,Devanagri,पालघर मध्ये NWR-नोंदणीकृत गोदामे आहेत का?,Are there NWR-registered warehouses in Palghar?,,"पालघर या ठिकाणासाठी NWR-नोंदणीकृत गोदामांची माहिती सध्या उपलब्ध नाही. आपल्याला जवळच्या दुसऱ्या ठिकाणासाठी गोदाम माहिती तपासायची आहे का? किंवा आपण आपल्या स्थानिक कृषी कार्यालयात संपर्क साधून अधिक माहिती मिळवू शकता.

**स्रोत: कृषी सेवा माहिती**",2026-01-30T00:31:20.382229,kenpath/mhv_vistaar_all_mhv_vistaar_all_qwen3-32b_v0.2_v0.2.1,FT Qwen 3 (32B) v0.2.1
bd6af12344bfa6c92f10182982ce8c1f,Mandi Price,Devanagri,जळगाव बाजारात पेरू चा ट्रेंड कसा आहे?,What is the trend of guava in Jalgaon market?,,"जळगाव बाजारातील पेरूचे दर सध्या उपलब्ध नाहीत. आपल्याला जवळच्या दुसऱ्या बाजारातील पेरूचे दर तपासायचे आहेत का, किंवा इतर कोणत्या फळाचे दर जाणून घ्यायचे आहेत?

**स्रोत: बाजारभाव**",2026-01-30T00:31:35.480209,kenpath/mhv_vistaar_all_mhv_vistaar_all_qwen3-32b_v0.2_v0.2.1,FT Qwen 3 (32B) v0.2.1
a4215a203aaaf9f492347a45cceea6fc,Weather Historical,Devanagri,नाशिक भागात काल रात्रीच्या दमट हवेमुळे केळी पिकावर रोग येण्याची शक्यता आहे का?,Could last night's humid weather cause disease on banana crop in Nashik area?,,"नाशिक भागात काल रात्रीच्या दमट हवेमुळे केळी पिकावर रोग येण्याची शक्यता नक्कीच आहे. दमट वातावरण हा बुरशीजन्य रोगांसाठी अत्यंत अनुकूल आहे.

**केळीवरील मुख्य रोग - सिगाटोका (पानांवरील ठिपके):**

दमट हवामानात बुरशी वाढण्यासाठी योग्य परिस्थिती निर्माण होते. रोगाची लक्षणे खालीलप्रमाणे दिसू शकतात:

- पानांवर सुरुवातीला लहान ठिपके दिसतात
- ते पिवळसर होतात आणि वाढतात
- नंतर तपकिरी-काळसर रंगाचे गोल ठिपके तयार होतात
- पानांवर पिवळसर वलय दिसते
- जास्त ठिपके असल्यास पाने तुटतात आणि वाळतात

**प्रतिबंधात्मक उपाय:**

१. रोगाची लक्षणे दिसताच रोगग्रस्त पाने काढून नष्ट करा
२. लागवडीपूर्वी कंद ०.१% कार्बेन्डाझिम द्रावणात अर्धा तास भिजवा
३. बुरशीनाशकांची फवारणी करा - लागवडीनंतर पहिल्या पावसाळ्यात रोगाचा प्रादुर्भाव टाळण्यासाठी फवारणी करणे आवश्यक आहे

**स्रोत: कृषी विद्यापीठ माहिती**

आपल्या बागेत रोगाची लक्षणे दिसत आहेत का? किंवा आपल्याला बुरशीनाशकांच्या विशिष्ट नावांची माहिती हवी आहे का?",2026-01-30T00:31:51.199125,kenpath/mhv_vistaar_all_mhv_vistaar_all_qwen3-32b_v0.2_v0.2.1,FT Qwen 3 (32B) v0.2.1
2a0457023603d7ac427c81f4f9aaae1f,CHC,Devanagri,नांदेड मध्ये ट्रॅक्टर भाड्याने घेण्यासाठी दर किती आहे?,What is the rental rate for tractor in Nanded?,,"नांदेड जिल्ह्यात ट्रॅक्टर भाड्याने घेण्यासाठी आपल्याजवळ अनेक **कस्टम हायरिंग सेंटर (CHC)** उपलब्ध आहेत. येथे आपल्यासाठी जवळच्या केंद्रांची माहिती दिली आहे:

**१. किनवट महोर शेतकरी उत्पादक कंपनी (कोथारी, किनवट)**
- संपर्क: निलकंठ दिगंबर जयभाये
- फोन: 7066647773
- स्थान: किनवट, नांदेड

**२. कै भागाजी पाटील शेतकरी गट (येवली, हडगाव)**
- संपर्क: दत्तात्रेय गोविंदराव कवळे
- फोन: 9960044947
- स्थान: हडगाव, नांदेड

**३. क्रांती सूर्य बिरसा शेतकरी स्वयंसहायता गट (इक्धारी, हिमायतनगर)**
- संपर्क: परमेश्वर माधव धोले
- फोन: 9049144802
- स्थान: हिमायतनगर, नांदेड

**४. लेटे संभाजी पवार शेतकरी उत्पादक कंपनी (रतोली, नायगाव (खैरगाव))**
- संपर्क: पूनम राजेश पवार
- फोन: 9823061333
- स्थान: नायगाव (खैरगाव), नांदेड

**५. दौर शिवार शेतकरी उत्पादक कंपनी (अर्धापूर)**
- संपर्क: रामेश्वर किशन कदम
- फोन: 9142474777
- स्थान: अर्धापूर, नांदेड (४ किमी अंतरावर)

**ट्रॅक्टर भाडे दर:**
ट्रॅक्टरच्या भाडे दरांसाठी आपण वरील केंद्रांशी थेट संपर्क साधावा. दर ट्रॅक्टरच्या प्रकारावर (१५ हॉर्सपॉवर ते ५० हॉर्सपॉवर), दिवसांच्या संख्येवर आणि इतर सुविधांवर अवलंबून बदलू शकतात. सामान्यतः दर तासाप्रमाणे किंवा दिवसाप्रमाणे ठरतात.

**स्रोत: कृषी सेवा माहिती**

आपल्याला या केंद्रांपैकी कोणत्या केंद्राशी संपर्क साधायचा आहे किंवा ट्रॅक्टरच्या इतर सुविधांबद्दल अधिक माहिती हवी आहे का?",2026-01-30T00:32:04.331333,kenpath/mhv_vistaar_all_mhv_vistaar_all_qwen3-32b_v0.2_v0.2.1,FT Qwen 3 (32B) v0.2.1
4d31cd7b1f3ea9a23a69aa393541117c,Advisory,Devanagri,हिंगोली मध्ये ऊस लागवडीपूर्वी जमिनीची मशागत कशी करावी?,How to prepare soil before sugarcane planting in Hingoli?,,"हिंगोली जिल्ह्यात ऊस लागवडीपूर्वी जमिनीची मशागत करताना खालील महत्त्वाच्या गोष्टी लक्षात ठेवा:

**जमिनीची निवड:**
ऊसासाठी मध्यम ते खोल, भुसभुशीत आणि चांगली निचरा होणारी जमीन निवडा. चुना आणि सेंद्रिय पदार्थांचे प्रमाण चांगले असलेली जमीन ऊसासाठी योग्य असते.

**मशागतीची प्रक्रिया:**
1. **एक खोल नांगरणी** करा जेणेकरून जमीन खोलवर भुसभुशीत होईल.
2. **दोन-तीन वखरणी** द्या जेणेकरून जमीन भुसभुशीत आणि भरपूर भुसभुशीत बनेल.
3. **जमीन समतल करा** जेणेकरून पाणी साचणार नाही आणि लागवड सोपी होईल.

**लागवडीपूर्वीची तयारी:**
- जमिनीत **५० टन शेणखत प्रति हेक्टर** मिसळा. हे जमिनीची सुपीकता वाढवते.
- लागवडीच्या वेळी खतांची मात्रा द्या: **६०० किलो नायट्रोजन, २३० किलो फॉस्फरस आणि ११५ किलो पोटॅशियम प्रति हेक्टर**.
- जमिनीत लागवडीपूर्वीच शेणखत आणि खत मिसळल्याने ऊसाच्या बियाण्यांना चांगली वाढ मिळते.

**सेंद्रिय कार्बन वाढवण्यासाठी:**
- जमिनीची मशागत कमी करा आणि समतलीकरण करा.
- पीक अवशेष (१/३ भाग) जाळण्याऐवजी जमिनीत गाडा.
- ट्रायकोडर्मा बुरशी वापरून पीक अवशेष विघटित करा.
- शेणखत, कंपोस्ट किंवा गांडूळखत वापरा.

**स्रोत: Sugarcane MPKV Rahuri, Krushi VNMAU**

आपल्याला ऊस लागवडीनंतरच्या खत व्यवस्थापन किंवा पाणी व्यवस्थापनाबद्दल अधिक माहिती हवी आहे का?",2026-01-30T00:32:02.605631,kenpath/mhv_vistaar_all_mhv_vistaar_all_qwen3-32b_v0.2_v0.2.1,FT Qwen 3 (32B) v0.2.1
e8ef7d23aa8b266128382a5dd419daa7,CHC,Devanagri,सातारा मध्ये थ्रेशर भाड्याने देणारे केंद्र कोणते?,Which center provides thresher for rent in Satara?,,"सातारा जिल्ह्यातील कस्टम हायरिंग सेंटर (CHC) ची माहिती सध्या उपलब्ध नाही. आपण जवळच्या इतर ठिकाणांसाठी माहिती पाहू इच्छिता का, किंवा स्थानिक कृषी कार्यालयात संपर्क साधून अधिक माहिती मिळवू इच्छिता का?

**स्रोत: कृषी सेवा माहिती**",2026-01-30T00:32:04.781878,kenpath/mhv_vistaar_all_mhv_vistaar_all_qwen3-32b_v0.2_v0.2.1,FT Qwen 3 (32B) v0.2.1
b35f7f4a89a149857b6539c86885ff2d,Advisory,Devanagri,जळगाव मध्ये संत्रा पिकाच्या वाढीसाठी पालाश किती द्यावे?,How much potash to give for orange growth in Jalgaon?,,"जळगाव जिल्ह्यातील संत्रा पिकाच्या वाढीसाठी पालाश (पोटॅशियम) वापरण्याबद्दल माहिती देतो.

**संत्रा पिकासाठी पालाश (पोटॅशियम) शिफारस:**

संत्रा पिकाच्या वाढीसाठी पालाश (पोटॅशियम) खत खूप महत्त्वाचे आहे. एकात्मिक पोषण व्यवस्थापनानुसार संत्रा पिकात ५०% रासायनिक खत + ५०% गांडूळखत (सेंद्रिय खत) वापरणे फायदेशीर ठरते. यामुळे झाडांची वाढ चांगली होते आणि फळांची गुणवत्ता सुधारते.

**संत्रा पिकाच्या वाढीसाठी पालाश देण्याचे फायदे:**
- झाडांची उंची आणि पर्णछाया वाढते
- फळांचे वजन वाढते
- फळांची गुणवत्ता सुधारते
- झाडांचा पोषण व्यवस्थापन सुधारते

**सेंद्रिय पद्धतीने पालाश व्यवस्थापन:**
- ६ वर्षे आणि त्याहून जास्त वयाच्या संत्रा झाडांसाठी ६० किलो गांडूळखत प्रति झाड द्यावे
- ट्रायकोडर्मा हारझियनम ४० मिली प्रति झाड वापरावे
- अझाडिरॅक्टिन १% WP ४ मिली प्रति लिटर पाण्यात मिसळून फवारावे
- स्यूडोमोनास फ्लुरेसन्स ४० मिली प्रति झाड वापरावे

**महत्त्वाची सूचना:**
माती परीक्षण करून उपलब्ध पालाश आणि इतर अन्नद्रव्यांची माहिती घेणे अत्यंत आवश्यक आहे. अपेक्षित उत्पादनानुसार पालाश खताचे प्रमाण ठरवावे.

**स्रोत: डॉ. पंजाबराव देशमुख कृषी विद्यापीठ आणि ICAR Annual Report 2023-24**

आपल्या संत्रा बागेतील झाडांचे वय किती आहे? यावरून अधिक नेमकी खत शिफारस देता येईल.",2026-01-30T00:32:36.067091,kenpath/mhv_vistaar_all_mhv_vistaar_all_qwen3-32b_v0.2_v0.2.1,FT Qwen 3 (32B) v0.2.1
1f8470d51a6cd744e6cee765d9a00d1d,Soil Lab,Devanagri,वाशिम जिल्ह्यात माती परीक्षण प्रयोगशाळा कुठे आहे?,Where is the soil testing laboratory in Washim district?,,"वाशिम जिल्ह्यासाठी माती परीक्षण प्रयोगशाळा (सोईल लॅब) सध्या उपलब्ध नाही. आपल्याला जवळच्या दुसऱ्या ठिकाणासाठी माती परीक्षण प्रयोगशाळेची माहिती पाहायची आहे का? तसेच, आपण आपल्या स्थानिक कृषी कार्यालयाशी संपर्क साधून अधिक माहिती मिळवू शकता.

**स्रोत: कृषी सेवा माहिती**",2026-01-30T00:32:19.815545,kenpath/mhv_vistaar_all_mhv_vistaar_all_qwen3-32b_v0.2_v0.2.1,FT Qwen 3 (32B) v0.2.1
d6df9292f927816272783fcf56a10e94,Advisory,Devanagri,बुलढाणा भागात फुलकोबी साठी आंतरपिके कोणती घ्यावीत?,What intercrops to take with cauliflower in Buldhana area?,,"बुलढाणा भागात फुलकोबी साठी योग्य आंतरपिके घेण्याबद्दल माहिती मिळाली आहे. आता मी तुम्हाला सविस्तर मार्गदर्शन देतो.

---

फुलकोबीच्या पिकासाठी आंतरपिके घेणे फायदेशीर ठरते. बुलढाणा भागात फुलकोबीच्या पिकात खालील आंतरपिके घेता येतात:

**१. तांदूळ आणि फुलकोबी आंतरपीक:**
तांदूळ आणि फुलकोबी यांचे आंतरपीक घेतल्यास जमिनीचा पोत सुधारतो आणि उत्पादन वाढते. या पद्धतीत तांदूळच्या ओळींमध्ये फुलकोबीची रोपे लावता येतात.

**२. फुलकोबी आणि भाजीपाला आंतरपीक:**
फुलकोबीच्या पिकात वांगे, भेंडी, चवळी, मेथी, पालक, कोथिंबीर, काकडी, कारले, घोसाळा, दुधी भोपळा, भोपळा, दोडका, खरबूज, टरबूज, मुळा यांसारख्या भाजीपाला पिकांचे आंतरपीक घेता येते. यामुळे शेतात विविधता येते आणि उत्पादनात वाढ होते.

**३. फुलकोबी आणि डाळींचे आंतरपीक:**
फुलकोबीच्या पिकात हरभरा, चवळी, उडीद, मटार यांसारख्या डाळींचे आंतरपीक घेता येते. यामुळे जमिनीची सुपीकता वाढते आणि नत्राची पूर्तता होते.

**४. फुलकोबी आणि फळपिके आंतरपीक:**
फुलकोबीच्या पिकात आले, हळद, गाजर, रताळे, बटाटा, लसूण, वाटाणा यांसारख्या फळपिकांचे आंतरपीक घेता येते. यामुळे शेतात विविधता येते आणि उत्पादनात वाढ होते.

**आंतरपिके घेण्याचे फायदे:**
- जमिनीचा पोत सुधारतो
- उत्पादनात वाढ होते
- नत्राची पूर्तता होते
- कीड आणि रोगांचा प्रादुर्भाव कमी होतो
- शेतात विविधता येते

**स्रोत: डॉ. पंजाबराव देशमुख कृषी विद्यापीठ**

---

आपल्याला फुलकोबीच्या खत व्यवस्थापनाबद्दल किंवा रोग नियंत्रणाबद्दल अधिक माहिती हवी आहे का?",2026-01-30T00:32:42.204197,kenpath/mhv_vistaar_all_mhv_vistaar_all_qwen3-32b_v0.2_v0.2.1,FT Qwen 3 (32B) v0.2.1
80a5cb2dcef1f83a36faa9f7780aa172,Scheme,Romanized,Parbhani bhagat pik vima yojnesathi konti kagadpatre lagtat?,What documents are required for crop insurance scheme in Parbhani area?,,"परभणी जिल्ह्यातील भगर (वरई) पिक विमा योजनेसाठी लागणारी कागदपत्रे खालीलप्रमाणे आहेत:

**पिक विमा योजनेसाठी आवश्यक कागदपत्रे:**

१. **आधार कार्ड** - आधार क्रमांक आवश्यक आहे
२. **बँक खाते तपशील** - शेतकऱ्याचे बँक खाते तपशील आवश्यक आहे
३. **जमीन तपशील आणि पीक तपशील** - जमिनीचे आणि पिकाचे तपशील आवश्यक आहेत
४. **डिजिटल पीक सर्वेक्षण (ई-पीक पाहणी)** - ई-पीक पाहणीची नोंद आवश्यक आहे
५. **अॅग्रीस्टॅक क्रमांक** - शेतकऱ्याचा अॅग्रीस्टॅक क्रमांक आवश्यक आहे

**अर्ज कसा करावा:**
- अर्ज ऑनलाइन **www.pmfby.gov.in** या पोर्टलवर दिलेल्या तारखेपर्यंत करावा लागतो
- आधार कार्डाद्वारे ओळख पटवावी लागते
- आवश्यक कागदपत्रे अपलोड करावी लागतात

**योजनेचे फायदे:**
- अतिवृष्टी, कमी पाऊस, दीर्घ कोरडा काळ, अवकाळी पाऊस, कमी तापमान, जास्त तापमान, आर्द्रता, वाऱ्याचा वेग, गारपीट यांसारख्या अपवादक हवामान परिस्थितींमुळे अपेक्षित पीक नुकसान झाल्यास विमा संरक्षण मिळते
- विमा रक्कम प्रति हेक्टर त्या पिकाच्या वित्त पुरवठा पातळीनुसार ठरवली जाते

**स्रोत: Restructured Weather Base Crop Insurance Scheme (RWBCIS)**

आपल्याला भगर पिकासाठी विमा योजनेचे अधिक तपशील किंवा अर्ज प्रक्रियेबद्दल माहिती हवी आहे का?",2026-01-30T00:36:46.789347,kenpath/mhv_vistaar_all_mhv_vistaar_all_qwen3-32b_v0.2_v0.2.1,FT Qwen 3 (32B) v0.2.1
1c53f442fc07138b593810a6de56eac4,Soil Lab,Devanagri,पालघर मध्ये NABL मान्यताप्राप्त प्रयोगशाळा आहे का?,Is there a NABL accredited laboratory in Palghar?,,"पालघर या ठिकाणासाठी NABL मान्यताप्राप्त माती परीक्षण प्रयोगशाळांची माहिती सध्या उपलब्ध नाही. आपल्याला जवळच्या इतर ठिकाणासाठी माती परीक्षण प्रयोगशाळांची माहिती पाहायची आहे का, किंवा आपल्या स्थानिक कृषी कार्यालयात चौकशी करून अधिक माहिती मिळवू इच्छिता का?

**स्रोत: कृषी सेवा माहिती**",2026-01-30T00:32:39.655206,kenpath/mhv_vistaar_all_mhv_vistaar_all_qwen3-32b_v0.2_v0.2.1,FT Qwen 3 (32B) v0.2.1
73612769b427f9f7884e563fd4cfd467,Agri Assistant Contact,Devanagri,लातूर तालुक्यात कीड व्यवस्थापनासाठी कोणाशी संपर्क करावा?,Who to contact for pest management in Latur taluka?,,"लातूर तालुक्यासाठी कृषी संस्थापकांची संपर्क माहिती सध्या उपलब्ध नाही. तालुका किंवा जिल्हा कृषी कार्यालयात थेट संपर्क साधण्याचा सल्ला देतो. तेथे आपल्याला कीड व्यवस्थापनाबद्दल तज्ज्ञ मार्गदर्शन मिळेल आणि आवश्यक उपाययोजना सुचवल्या जातील.

**स्रोत: कृषी संस्थापक निर्देशिका**

आपल्याला लातूर जवळील कृषी विज्ञान केंद्र (KVK) किंवा मृदा परीक्षण प्रयोगशाळेची माहिती हवी आहे का?",2026-01-30T00:32:50.657557,kenpath/mhv_vistaar_all_mhv_vistaar_all_qwen3-32b_v0.2_v0.2.1,FT Qwen 3 (32B) v0.2.1
9f2084cbbf73802c966de845f6c3ec58,MahaDBT,Devanagri,सिंधुदुर्ग जिल्ह्यातील माझ्या योजनेचे पेमेंट कुठपर्यंत आले आहे?,What is the payment status of my scheme in Sindhudurg district?,,"माफ करा, मला आपल्या योजना अर्जाची स्थिती तपासण्यासाठी आपली नोंदणीकृत शेतकरी ओळख (फार्मर आयडी) आवश्यक आहे. आपण आपल्या स्थानिक कृषी कार्यालयात संपर्क साधून आपल्या योजना अर्जाची स्थिती तपासू शकता.

आपल्याला उपलब्ध कृषी योजनांची माहिती हवी आहे का किंवा इतर कोणत्याही शेतीविषयक प्रश्नाबद्दल मदत हवी आहे का?",2026-01-30T00:32:48.328099,kenpath/mhv_vistaar_all_mhv_vistaar_all_qwen3-32b_v0.2_v0.2.1,FT Qwen 3 (32B) v0.2.1
1d773e45e1ac43193229782ca98ab24f,Warehouse,Devanagri,गोंदिया मध्ये विमा सुविधा देणारे गोदाम शोधा.,Find warehouse providing insurance facility in Gondia.,,"गोंदिया या ठिकाणासाठी गोदाम सुविधा उपलब्ध नाही. आपल्याला जवळच्या इतर ठिकाणांसाठी गोदाम माहिती तपासायची आहे का? किंवा आपल्याला कृषी सेवा केंद्र, मृदा परीक्षण प्रयोगशाळा किंवा इतर कृषी सुविधांची माहिती हवी आहे का?

**स्रोत: कृषी सेवा माहिती**",2026-01-30T00:33:07.954475,kenpath/mhv_vistaar_all_mhv_vistaar_all_qwen3-32b_v0.2_v0.2.1,FT Qwen 3 (32B) v0.2.1
53b8cbb11c554cda7368ea0f1c492ea2,CHC,Devanagri,अकोला भागात बूम स्प्रेअर साठी बुकिंग कसे करावे?,How to book boom sprayer in Akola area?,,"अकोला भागासाठी बूम स्प्रेअर (CHC - कस्टम हायरिंग सेंटर) सेवा सध्या उपलब्ध नाही. आपल्याला जवळच्या इतर ठिकाणांसाठी बूम स्प्रेअर सेवा तपासायची आहे का?

**स्रोत: कृषी सेवा माहिती**

आपल्याला अकोला जिल्ह्यातील इतर कृषी सेवा किंवा शासकीय योजनांची माहिती हवी आहे का?",2026-01-30T00:33:10.710252,kenpath/mhv_vistaar_all_mhv_vistaar_all_qwen3-32b_v0.2_v0.2.1,FT Qwen 3 (32B) v0.2.1
298c03eab5066447093c7fcf175c5c9f,Advisory,Devanagri,नांदेड जिल्ह्यात पेरू पिकाच्या पानांवर पिवळे ठिपके का येतात?,Why do yellow spots appear on leaves of guava in Nanded district?,,"नांदेड जिल्ह्यातील पेरू पिकाच्या पानांवर पिवळे ठिपके येण्याची मुख्य कारणे खालीलप्रमाणे असू शकतात:

**१. पोषक तत्वांची कमतरता:**
- **झिंक (झिंक सल्फेट):** पानांचा आकार लहान होतो आणि शिरांमध्ये तपकिरी डाग दिसतात, जे नंतर पाने पिवळी होतात. उपाय - ०.५% झिंक सल्फेट द्रावण फवारावे.
- **लोह (फेरस अमोनियम सल्फेट):** नवीन पानांच्या शिरांमधील भाग पिवळा होतो. उपाय - ०.५% फेरस अमोनियम सल्फेट द्रावण फवारावे.
- **मॉलिब्डेनम:** पाने पिवळसर ते संत्री रंगाचे ठिपके दिसतात. उपाय - ०.०५% अमोनियम मॉलिब्डेट द्रावण फवारावे.

**२. बुरशीजन्य रोग:**
पेरूवर कोणतेही विशिष्ट पानांवरील ठिपक्यांचे रोग नोंदवलेले नाहीत. मात्र इतर फळपिकांवरील ठिपक्यांचे रोग लक्षात घेतले जाऊ शकतात.

**३. जीवाणूजन्य रोग:**
पेरूवर विशेषतः कोणतेही जीवाणूजन्य रोग नोंदवलेले नाहीत.

**४. कीटकांचा प्रादुर्भाव:**
पेरूवरील रस शोषणाऱ्या किडींच्या नियंत्रणासाठी लेकॅनिसिलियम लेकॅनी (१.१५ डब्ल्यूपी) हे जैविक कीटकनाशक ५० ग्रॅम प्रति १० लिटर पाण्यात मिसळून फवारावे.

**५. इतर कारणे:**
- जास्त पाणी साचणे किंवा पाण्याचा ताण
- जमिनीतील अन्नद्रव्यांची उपलब्धता कमी होणे
- जमिनीतील पीएच बदल

**स्रोत: डॉ. पंजाबराव देशमुख कृषी विद्यापीठ, कृषी व्हीएनएमएयू**

आपल्या पेरूच्या झाडांवर इतर कोणती लक्षणे दिसत आहेत का? उदाहरणार्थ, पाने गळत आहेत का किंवा फळांवर काही बदल दिसत आहेत का? यावरून अधिक अचूक निदान करता येईल.",2026-01-30T00:33:36.529153,kenpath/mhv_vistaar_all_mhv_vistaar_all_qwen3-32b_v0.2_v0.2.1,FT Qwen 3 (32B) v0.2.1
9d255e189f3b9800c5516bfbbd4d13ea,CHC,Devanagri,यवतमाळ भागात पॉवर टिलर साठी बुकिंग कसे करावे?,How to book power tiller in Yavatmal area?,,"यवतमाळ भागातील कस्टम हायरिंग सेंटर (CHC) आणि इतर कृषी सेवांची माहिती सध्या उपलब्ध नाही. पॉवर टिलर भाड्याने मिळवण्यासाठी आपण आपल्या तालुक्यातील कृषी कार्यालयाशी संपर्क साधू शकता. तेथे आपल्याला जवळच्या कस्टम हायरिंग सेंटरची माहिती आणि बुकिंग प्रक्रियेबद्दल मदत मिळेल.

**स्रोत: कृषी सेवा माहिती**

आपल्याला यवतमाळ जिल्ह्यातील कृषी संस्थापकांची संपर्क माहिती हवी आहे का?",2026-01-30T00:33:24.419653,kenpath/mhv_vistaar_all_mhv_vistaar_all_qwen3-32b_v0.2_v0.2.1,FT Qwen 3 (32B) v0.2.1
743464e1a743c2cebd9f359046508428,Advisory,Devanagri,यवतमाळ मध्ये कापूस साठी आच्छादन (Mulching) केव्हा करावे?,When to do mulching for cotton in Yavatmal?,,"यवतमाळ जिल्ह्यातील कापूस पिकासाठी आच्छादन (मल्चिंग) करण्याची योग्य वेळ आणि पद्धत खालीलप्रमाणे आहे:

**आच्छादन कधी करावे:**

कापूस पिकासाठी आच्छादन **पेरणीनंतर ३५ दिवसांनी** ओळींमध्ये करावे. या वेळी पिकाची वाढ सुरू असते आणि आच्छादनाचे फायदे जास्त मिळतात.

**आच्छादनाचे फायदे:**

- पाण्याची बचत २०-३०% होते
- तणांचे नियंत्रण ८०-९०% प्रमाणात होते
- माती हवेशीर राहते
- पिकाचे उत्पादन १२-४८% वाढते
- अंकुरणाचा कालावधी ४-६ दिवस लवकर होतो

**आच्छादनाच्या प्रकार:**

१. **सेंद्रिय आच्छादन:** ज्वारीचे खोड, तुरीचा भुसा, वाळलेले गवत, गव्हाचा भुसा, ऊसाचा कचरा, कापसाचे खोड, वाळलेली पाने यांचा वापर करता येतो.

२. **रासायनिक आच्छादन:** काळा प्लास्टिक आच्छादन वापरल्यास उत्पादनात १२-४८% वाढ होते आणि पाण्याची बचत २०% होते.

**ठिबक सिंचनासोबत आच्छादन:**

ठिबक सिंचन पद्धतीखाली आच्छादन केल्यास उत्पादनात १०-८०% वाढ होते आणि अतिरिक्त १०% पाणी बचत होते. रुंद वाफे व सरी पद्धतीने लागवड केल्यास आच्छादनाचे फायदे जास्त मिळतात.

**स्रोत: डॉ. पंजाबराव देशमुख कृषी विद्यापीठ आणि एमपीकेव्ही कृषी दर्शनी**

आपल्या कापूस पिकासाठी कोणत्या प्रकारचे आच्छादन वापरण्याचा विचार करत आहात? किंवा आच्छादनासोबत खत व्यवस्थापनाबद्दल अधिक माहिती हवी आहे का?",2026-01-30T00:33:43.699326,kenpath/mhv_vistaar_all_mhv_vistaar_all_qwen3-32b_v0.2_v0.2.1,FT Qwen 3 (32B) v0.2.1
60f75fb407d41b21fcb012f4a9a8d9f9,Advisory,Devanagri,जळगाव जिल्ह्यात संत्रा काढणीची योग्य वेळ कशी ओळखावी?,How to identify the right time for orange harvesting in Jalgaon district?,,"जळगाव जिल्ह्यात संत्रा काढणीची योग्य वेळ ओळखण्यासाठी खालील महत्त्वाच्या लक्षणांवर लक्ष ठेवा:

**काढणीची योग्य वेळ:**
संत्र्याची काढणी नोव्हेंबर ते फेब्रुवारी या कालावधीत केली जाते. या काळात फळे पिकण्यासाठी योग्य असतात.

**फळ पिकले आहे की नाही याची ओळख:**
1. **फळाचा रंग:** फळाचा बाह्य रंग पिवळा किंवा फिकट पिवळा झाला असेल तर ते पिकलेले असते.
2. **फळाची घट्टता:** पिकल्यानंतरही फळ घट्ट राहते आणि फिकट हिरवा रंग असतो.
3. **साखरेचे प्रमाण:** फळातील एकूण विरघळणाऱ्या घटकांचे प्रमाण १२-१५ ब्रिक्स असावे.
4. **फळाची चव:** फळाचा रस गोड आणि घट्ट असावा. अतिपिकलेली फळे बाजारात मागणी नाहीत.
5. **रोग आणि कीड निर्मुक्त:** फळावर रोग, कीड आणि डाग नसावेत.

**पॅकेजिंग:**
प्रत्येक बॉक्समध्ये ८ ते १२ फळे ठेवावीत.

**स्रोत: डॉ. पंजाबराव देशमुख कृषी विद्यापीठ**

आपल्याला संत्र्याच्या लागवडीबद्दल किंवा उत्पादन वाढीच्या तंत्रांबद्दल अधिक माहिती हवी आहे का?",2026-01-30T00:33:47.892522,kenpath/mhv_vistaar_all_mhv_vistaar_all_qwen3-32b_v0.2_v0.2.1,FT Qwen 3 (32B) v0.2.1
99beae93f4f7e6907e2b23554656ecf8,Mandi Price,Devanagri,रायगड मंडीत भुईमूग चा सरासरी भाव किती आहे?,What is the average price of groundnut in Raigad mandi?,,मला रायगड मंडीमध्ये भुईमूगचे दर सध्या उपलब्ध नाहीत. आपल्याला जवळच्या दुसऱ्या बाजारातील भुईमूगचे दर तपासायचे आहेत का?,2026-01-30T00:33:44.554639,kenpath/mhv_vistaar_all_mhv_vistaar_all_qwen3-32b_v0.2_v0.2.1,FT Qwen 3 (32B) v0.2.1
d174219d1d3385ba9b16392b9dc426d6,Mandi Price,Devanagri,अकोला मंडीत केळी चे आजचे दर काय आहेत?,What are today's rates of banana in Akola mandi?,,"अकोला मंडीत केळीचे दर सध्या उपलब्ध नाहीत. आपल्याला जवळच्या इतर बाजारांमधील केळीचे दर तपासायचे आहेत का? किंवा आपल्याला इतर कोणत्या पिकाचे दर जाणून घ्यायचे आहेत?

**स्रोत: बाजारभाव**",2026-01-30T00:33:57.331316,kenpath/mhv_vistaar_all_mhv_vistaar_all_qwen3-32b_v0.2_v0.2.1,FT Qwen 3 (32B) v0.2.1
96870a916ad91474d28e6086f06735de,Mandi Price,Devanagri,चंद्रपूर मंडीत कापूस चा सरासरी भाव किती आहे?,What is the average price of cotton in Chandrapur mandi?,,मला चंद्रपूर मंडीतील कापसाचे भाव सध्या उपलब्ध नाहीत. आपल्याला जवळच्या इतर बाजारांतील कापसाचे भाव तपासायचे आहेत का?,2026-01-30T00:33:58.457480,kenpath/mhv_vistaar_all_mhv_vistaar_all_qwen3-32b_v0.2_v0.2.1,FT Qwen 3 (32B) v0.2.1
85070c37619df15948ff004320ae527e,Advisory,Devanagri,पुणे भागात ज्वारी पिकावरील भुरी साठी फवारणीची वेळ कोणती?,What is the spraying time for powdery mildew on sorghum in Pune area?,,"पुणे भागातील ज्वारी पिकावरील भुरी रोगासाठी फवारणीची योग्य वेळ आणि उपाय पुढीलप्रमाणे आहेत:

**भुरी रोगाची ओळख:**
ज्वारीच्या पानांवर पांढरा चूर्णसारखा थर दिसतो. ही बुरशीजन्य रोग आहे जी पानांची पोषक तत्वे शोषून घेते आणि पानांची गुणवत्ता कमी करते.

**फवारणीची वेळ आणि उपाय:**

1. **पहिली फवारणी:** रोगाची लक्षणे दिसताच करा.
2. **फवारणीचे द्रावण:**
   - गंधक ८०% डब्ल्यूपी २५ ग्रॅम प्रति १० लिटर पाणी
   - किंवा हेक्झाकोनाझोल १० मिली प्रति १० लिटर पाणी
3. **पुढील फवारण्या:** रोगाची तीव्रता असेल तर १५ दिवसांच्या अंतराने पुन्हा फवारणी करा.
4. **पर्यायी उपाय:**
   - डायनोकॅप ४८% ईसी ५ मिली प्रति १० लिटर पाणी
   - पेनकोनाझोल १०% ईसी ५ मिली प्रति १० लिटर पाणी

**महत्त्वाच्या सूचना:**
- फवारणी सकाळी किंवा संध्याकाळी करा जेव्हा सूर्यप्रकाश कमी असेल.
- रोगाची लक्षणे दिसताच लगेच फवारणी करणे अत्यंत महत्त्वाचे आहे.
- ज्वारीच्या पिकाची नियमित तपासणी करा आणि रोगाची प्रादुर्भाव वाढल्यास जवळच्या कृषी अधिकाऱ्यांशी संपर्क साधा.

**स्रोत: MPKV कृषी दर्शनी, डॉ. पंजाबराव देशमुख कृषी विद्यापीठ**

आपल्या ज्वारी पिकाची सध्याची स्थिती कशी आहे? आपण रोगाची लक्षणे दिसत आहेत का किंवा फक्त प्रतिबंधात्मक फवारणी करायची आहे?",2026-01-30T00:34:26.023066,kenpath/mhv_vistaar_all_mhv_vistaar_all_qwen3-32b_v0.2_v0.2.1,FT Qwen 3 (32B) v0.2.1
2a4abc33d5d9f5625870c08a832323fc,Soil Lab,Devanagri,"जळगाव जिल्ह्यात नत्र, स्फुरद, पालाश तपासणी कुठे होते?",Where is NPK testing done in Jalgaon district?,,"जळगाव जिल्ह्यासाठी माती परीक्षण प्रयोगशाळांची माहिती सध्या उपलब्ध नाही. आपल्याला जवळच्या इतर ठिकाणांसाठी माती परीक्षण सेवा तपासायची आहे का? किंवा आपण आपल्या स्थानिक कृषी कार्यालयाशी संपर्क साधून अधिक माहिती घेऊ शकता.

**स्रोत: कृषी सेवा माहिती**",2026-01-30T00:34:08.965747,kenpath/mhv_vistaar_all_mhv_vistaar_all_qwen3-32b_v0.2_v0.2.1,FT Qwen 3 (32B) v0.2.1
a555fac912cb8eb15459108b7270be8a,Weather Forecast,Devanagri,सातारा जिल्ह्यात या आठवड्यात रात्रीचे तापमान किती राहील?,What will be the night temperature this week in Satara district?,,मला सातारा जिल्ह्यासाठी हवामान अंदाज माहिती सध्या उपलब्ध नाही. आपल्याला जवळच्या इतर जिल्ह्यांसाठी हवामान माहिती तपासायची आहे का किंवा इतर कोणत्या शेतीविषयक प्रश्नाबद्दल मदत हवी आहे का?,2026-01-30T00:34:30.845143,kenpath/mhv_vistaar_all_mhv_vistaar_all_qwen3-32b_v0.2_v0.2.1,FT Qwen 3 (32B) v0.2.1
1cc34faed93fe0501439ff626729cb52,Soil Lab,Devanagri,यवतमाळ भागात शासकीय माती परीक्षण केंद्र उपलब्ध आहे का?,Is government soil testing center available in Yavatmal area?,,"यवतमाळ भागात माती परीक्षण केंद्र उपलब्ध आहेत. खालील माहिती तुम्हाला उपयुक्त ठरेल:

**माती परीक्षण प्रयोगशाळा, यवतमाळ**
- **पत्ता:** जिल्हा माती सर्वेक्षण व माती परीक्षण अधिकारी, गार्डन रोड, धामणगाव रोड, यवतमाळ - 445001
- **संपर्क व्यक्ती:** श्री. विनोद ब. चव्हाण
- **फोन:** 9284222125
- **अंतर:** 0 किमी (यवतमाळ जिल्ह्यात आहे)

**जवळच्या इतर माती परीक्षण प्रयोगशाळा:**

1. **माती परीक्षण प्रयोगशाळा, वर्धा**
   - **पत्ता:** जिल्हा माती सर्वेक्षण व माती परीक्षण अधिकारी, वर्धा. शासकीय आयटीआय कॉलेजाच्या मागे, एमएचडीए कॉलनी, वर्धा - 442001
   - **संपर्क व्यक्ती:** श्री. एस.टी. साळुंखे
   - **फोन:** 9604808131
   - **अंतर:** 63 किमी

2. **माती परीक्षण प्रयोगशाळा, अमरावती**
   - **पत्ता:** जिल्हा माती सर्वेक्षण व माती परीक्षण प्रयोगशाळा, कृषी संकुल, युनिव्हर्सिटी रोड, अमरावती - 444602
   - **संपर्क व्यक्ती:** श्री. संजय एम. वानखडे
   - **फोन:** 9422168272
   - **अंतर:** 71 किमी

**माती परीक्षणाचे फायदे:**
माती परीक्षण केंद्रातून तुम्हाला मातीचे pH, सेंद्रिय कार्बन, नायट्रोजन, फॉस्फरस, पोटॅशियम आणि सूक्ष्म अन्नद्रव्ये यांचे विश्लेषण करून मिळते. यावरून तुम्हाला योग्य खतांची शिफारस मिळते आणि शेतीचा खर्च कमी करता येतो.

**स्रोत: कृषी सेवा माहिती**

तुम्हाला यवतमाळ जिल्ह्यातील कृषी विज्ञान केंद्र (KVK) किंवा इतर कृषी सेवा केंद्रांची माहिती हवी आहे का?",2026-01-30T00:34:56.172752,kenpath/mhv_vistaar_all_mhv_vistaar_all_qwen3-32b_v0.2_v0.2.1,FT Qwen 3 (32B) v0.2.1
8780d6cc9264ac992834e723486d1f26,CHC,Devanagri,पुणे मध्ये पेरणी यंत्र भाड्याने कुठे मिळेल?,Where can I rent seed drill in Pune?,,"पुणे जिल्ह्यातील शेती यंत्रसामग्री भाड्याने देणाऱ्या कस्टम हायरिंग सेंटर (CHC) साठी सध्या माहिती उपलब्ध नाही.

आपल्याला जवळच्या इतर ठिकाणांसाठी कस्टम हायरिंग सेंटरची माहिती तपासायची आहे का? किंवा आपल्या स्थानिक कृषी कार्यालयाशी संपर्क साधून अधिक माहिती घेण्याचा सल्ला देतो.

**स्रोत: कृषी सेवा माहिती**",2026-01-30T00:34:52.487472,kenpath/mhv_vistaar_all_mhv_vistaar_all_qwen3-32b_v0.2_v0.2.1,FT Qwen 3 (32B) v0.2.1
9df3a21038a513ec60ccae1528ceb996,KVK,Devanagri,चंद्रपूर भागात KVK मध्ये प्रशिक्षणासाठी नोंदणी कशी करावी?,How to register for training at KVK in Chandrapur area?,,"चंद्रपूर भागातील कृषी विज्ञान केंद्र (KVK) सेवांची माहिती सध्या उपलब्ध नाही. आपल्याला जवळच्या इतर ठिकाणासाठी KVK माहिती पाहायची आहे का? किंवा आपल्या स्थानिक कृषी कार्यालयात संपर्क साधून अधिक माहिती घेऊ शकता.

**स्रोत: कृषी सेवा माहिती**",2026-01-30T00:34:55.021237,kenpath/mhv_vistaar_all_mhv_vistaar_all_qwen3-32b_v0.2_v0.2.1,FT Qwen 3 (32B) v0.2.1
d2aa60b09bb7a90cd0525e7780701f3d,Agri Assistant Contact,Devanagri,रत्नागिरी तालुक्यात कीड व्यवस्थापनासाठी कोणाशी संपर्क करावा?,Who to contact for pest management in Ratnagiri taluka?,,"रत्नागिरी तालुक्यातील कीड व्यवस्थापनासाठी आपल्या गावातील कृषी सहाय्यक किंवा तालुका कृषी अधिकारी यांच्याशी संपर्क साधावा. आपल्या गावाचे नाव सांगितल्यास मी आपल्याला त्यांचे संपर्क तपशील देऊ शकतो. कृपया आपल्या गावाचे नाव सांगा.

**स्रोत: कृषी संस्थापक निर्देशिका**",2026-01-30T00:35:10.036605,kenpath/mhv_vistaar_all_mhv_vistaar_all_qwen3-32b_v0.2_v0.2.1,FT Qwen 3 (32B) v0.2.1
438f0401342222c58130a235fe132b07,Soil Lab,Devanagri,नाशिक जिल्ह्यात जमिनीची क्षारता तपासण्यासाठी प्रयोगशाळा कोणती?,Which laboratory tests soil salinity in Nashik district?,,"नाशिक जिल्ह्यात जमिनीची क्षारता तपासण्यासाठी आणि मातीची चाचणी करण्यासाठी खालील प्रयोगशाळा उपलब्ध आहेत:

**१. माती चाचणी प्रयोगशाळा, नाशिक**
- **पत्ता:** जिल्हा माती सर्वेक्षण व माती चाचणी प्रयोगशाळा, रामेटी कॅम्पस संभाजी चौक उंटवाडी, नाशिक - ४२२००२
- **संपर्क व्यक्ती:** श्री. एस. एस. वालवी
- **फोन:** ९४२३०८३९१५
- **अंतर:** ५८ किमी

**२. माती चाचणी प्रयोगशाळा, ठाणे**
- **पत्ता:** जिल्हा माती सर्वेक्षण व माती चाचणी प्रयोगशाळा, रोड नं. १६/झेड, अंबिका नगर, वागळे औद्योगिक वसाहत, ठाणे पश्चिम, ठाणे - ४००६०४
- **संपर्क व्यक्ती:** श्रीमती रुपाली व्ही. काळे
- **फोन:** ९५०३८०९८७१
- **अंतर:** १२५ किमी

**३. माती चाचणी प्रयोगशाळा, अहिल्यानगर**
- **पत्ता:** जिल्हा माती सर्वेक्षण व माती चाचणी प्रयोगशाळा, पंपिंग स्टेशन रोड, भुतकरवाडी, अहिल्यानगर
- **संपर्क व्यक्ती:** श्रीमती कांचन किसन तगड
- **फोन:** ९४२३६९१५११
- **अंतर:** १३९ किमी

**४. माती चाचणी प्रयोगशाळा, धुळे**
- **पत्ता:** जिल्हा माती चाचणी प्रयोगशाळा, तालुका फळ रोपवाटिका परिसर, पिंपरी फार्म पोस्ट, पिंपरी, धुळे - ४२४००१
- **संपर्क व्यक्ती:** श्रीमती पी. जी. सोनवणे
- **फोन:** ९४२०८७१०६३
- **अंतर:** १४१ किमी

**५. माती चाचणी प्रयोगशाळा, नंदुरबार**
- **पत्ता:** जिल्हा माती सर्वेक्षण व माती चाचणी प्रयोगशाळा, कृषी भवन, कृषी महाविद्यालयाजवळ, धुळे चौफुली, नंदुरबार - ४२५४१२
- **संपर्क व्यक्ती:** कु. सुरभी आर. बाविस्कर
- **फोन:** ७५५८२६१४७६
- **अंतर:** १५८ किमी

**माती चाचणीसाठी आवश्यक कागदपत्रे:**
- मातीचे नमुने (१ किलो प्रति गट)
- शेतीची माहिती (जमिनीचे क्षेत्र, पीक प्रकार)
- ओळखपत्र (आधार कार्ड, रहिवासी ओळखपत्र)

**स्रोत: कृषी सेवा माहिती**

आपल्याला या प्रयोगशाळांपैकी कोणत्याही ठिकाणी माती चाचणी करण्यासाठी अधिक माहिती हवी आहे का, किंवा माती चाचणीसाठी योग्य वेळ आणि पद्धती जाणून घ्यायची आहे का?",2026-01-30T00:35:38.028429,kenpath/mhv_vistaar_all_mhv_vistaar_all_qwen3-32b_v0.2_v0.2.1,FT Qwen 3 (32B) v0.2.1
fdd1efd9bd8ece0d5f66c12447aa4450,Weather Forecast,Devanagri,भंडारा मध्ये पुढच्या ३ दिवसांत पाऊस पडण्याची शक्यता किती आहे?,What is the probability of rain in the next 3 days in Bhandara?,,"भंडारा जिल्ह्यासाठी पुढच्या ३ दिवसांचा हवामान अंदाज सध्या उपलब्ध नाही. आपल्याला जवळच्या दुसऱ्या बाजारासाठी हवामान माहिती पाहायची आहे का, किंवा भंडारा जिल्ह्यातील बाजारभाव जाणून घ्यायचे आहेत का?

**स्रोत: हवामान अंदाज (IMD)**",2026-01-30T00:35:29.699374,kenpath/mhv_vistaar_all_mhv_vistaar_all_qwen3-32b_v0.2_v0.2.1,FT Qwen 3 (32B) v0.2.1
2f892a5eeeb706d7137937aca6188fdf,KVK,Devanagri,गोंदिया जिल्ह्यातील कृषी विज्ञान केंद्राचा पत्ता काय आहे?,What is the address of Krishi Vigyan Kendra in Gondia district?,,"गोंदिया जिल्ह्यातील कृषी विज्ञान केंद्र (केव्हीके) ची माहिती खालीलप्रमाणे आहे:

**कृषी विज्ञान केंद्र, गोंदिया**
- **पत्ता:** कृषी विज्ञान केंद्र, हिवरा, पोस्ट रत्नारा, जिल्हा गोंदिया - 441614
- **संपर्क:** कुलगुरू, पंजाबराव देशमुख कृषी विद्यापीठ, अकोला - 444104
- **अंतर:** गोंदिया जिल्ह्यापासून सुमारे ५ किमी

कृषी विज्ञान केंद्र हे शेतकऱ्यांना शेती तंत्रज्ञानाची माहिती, शेतावर चाचणी प्रयोग, आधुनिक शेती पद्धतींची माहिती, दर्जेदार बियाणे आणि लागवड साहित्य यांची उपलब्धता आणि इतर अनेक सेवा पुरवते.

**स्रोत: कृषी सेवा माहिती**

आपल्याला या केंद्रात उपलब्ध इतर सेवांबद्दल अधिक माहिती हवी आहे का?",2026-01-30T00:35:47.654536,kenpath/mhv_vistaar_all_mhv_vistaar_all_qwen3-32b_v0.2_v0.2.1,FT Qwen 3 (32B) v0.2.1
bdada228a82037eed65df44cbd1e7999,Advisory,Romanized,Buldhana jilhyat wheat pikala pani kadhi dyave?,When to irrigate wheat crop in Buldhana district?,,"बुलढाणा जिल्ह्यात गव्हाच्या पिकाला पाणी कधी द्यावे याबद्दल माहिती खालीलप्रमाणे आहे:

**पाण्याची उपलब्धता कमी असल्यास पाणी देण्याची प्राधान्य क्रम:**

१. **फक्त एकच सिंचन देता येत असेल तर:** पेरणीनंतर ४० ते ४२ दिवसांनी गव्हाच्या पिकाला पाणी द्यावे.

२. **दोन सिंचन देता येत असेल तर:** पहिले पाणी पेरणीनंतर २० ते २२ दिवसांनी आणि दुसरे पाणी ६० ते ६५ दिवसांनी द्यावे.

३. **तीन सिंचन देता येत असेल तर:** पहिले पाणी पेरणीनंतर २० ते २२ दिवसांनी, दुसरे पाणी ४० ते ४२ दिवसांनी आणि तिसरे पाणी ६० ते ६५ दिवसांनी द्यावे.

**महत्त्वाची सूचना:** फक्त एकच सिंचन दिल्यास योग्य पाण्याच्या तुलनेत ४१ टक्के उत्पादनात घट होते. दोन सिंचन दिल्यास २० टक्के उत्पादनात घट होते. त्यामुळे शक्य असल्यास जास्त सिंचन द्यावे.

**स्रोत: एमपीकेव्ही कृषी दर्शनी**

आपल्या गव्हाच्या पिकाला सध्या किती सिंचन दिले आहे? त्यानुसार पुढील सिंचनाची वेळ सांगता येईल.",2026-01-30T00:35:56.684053,kenpath/mhv_vistaar_all_mhv_vistaar_all_qwen3-32b_v0.2_v0.2.1,FT Qwen 3 (32B) v0.2.1
bbceaf37d1b005d254861e200aec4e1d,Scheme,Devanagri,धुळे भागात ज्वारी लागवडीसाठी शासकीय योजना आहे का?,Is there a government scheme for sorghum cultivation in Dhule area?,,"धुळे भागात ज्वारी लागवडीसाठी अनेक शासकीय योजना उपलब्ध आहेत. येथे आपल्यासाठी उपलब्ध योजनांची माहिती दिली आहे:

**मुख्य योजना:**

**१. नमो शेतकरी महासन्मान निधी (NSMNY)**
- या योजनेअंतर्गत शेतकऱ्यांना दरवर्षी **₹६,०००** थेट त्यांच्या बँक खात्यात जमा केले जाते.
- पात्रता: महाराष्ट्रातील सर्व नोंदणीकृत शेतकरी या योजनेसाठी पात्र आहेत.
- अर्ज कसा करावा: आपल्या नजीकच्या कृषी कार्यालयात किंवा महाडीबीटी पोर्टलवर अर्ज करता येतो.

**२. डॉ. बाबासाहेब आंबेडकर कृषी स्वावलंबन योजना (BAKSY)**
- या योजनेत शेतकऱ्यांना विविध शेती यंत्रे, बियाणे आणि इतर कृषी साहित्यावर अनुदान दिले जाते.
- पात्रता: महाराष्ट्रातील अनुसूचित जाती व अनुसूचित जमाती शेतकरी या योजनेसाठी पात्र आहेत.
- अर्ज कसा करावा: आपल्या नजीकच्या कृषी कार्यालयात किंवा महाडीबीटी पोर्टलवर अर्ज करता येतो.

**३. प्रधानमंत्री किसान सम्मान निधी (PM-KISAN)**
- या केंद्र शासनाच्या योजनेअंतर्गत शेतकऱ्यांना दरवर्षी **₹६,०००** तीन हप्त्यांमध्ये थेट त्यांच्या बँक खात्यात जमा केले जाते.
- पात्रता: भारतातील सर्व नोंदणीकृत शेतकरी या योजनेसाठी पात्र आहेत.
- अर्ज कसा करावा: महाडीबीटी पोर्टलवर अर्ज करता येतो.

**४. प्रधानमंत्री फसल बीमा योजना (PMFBY)**
- या योजनेत शेतकऱ्यांना नैसर्गिक आपत्तीमुळे नुकसान झाल्यास विमा संरक्षण मिळते.
- पात्रता: ज्वारी लागवड करणारे शेतकरी या योजनेसाठी पात्र आहेत.
- अर्ज कसा करावा: आपल्या नजीकच्या कृषी कार्यालयात किंवा महाडीबीटी पोर्टलवर अर्ज करता येतो.

**स्रोत: शासकीय योजना माहिती**

आपल्याला या योजनांपैकी कोणत्याही योजनेबद्दल अधिक माहिती हवी आहे का किंवा अर्ज करण्याबद्दल मार्गदर्शन हवे आहे का?",2026-01-30T00:37:04.924101,kenpath/mhv_vistaar_all_mhv_vistaar_all_qwen3-32b_v0.2_v0.2.1,FT Qwen 3 (32B) v0.2.1
7fdaeaf6e16dbc484b423529936766da,Advisory,Devanagri,पालघर मध्ये गहू साठी आच्छादन (Mulching) केव्हा करावे?,When to do mulching for wheat in Palghar?,,"गहू पिकासाठी आच्छादन (मल्चिंग) करण्याची योग्य वेळ आणि फायदे याबद्दल माहिती देतो.

**गहू पिकासाठी आच्छादन केव्हा करावे:**

गहू पिकाच्या लागवडीनंतर आच्छादन करणे अत्यंत फायदेशीर आहे. गव्हाचे पीक लावल्यानंतर त्वरित आच्छादन करावे. आच्छादनामुळे मातीतील ओलावा टिकून राहतो आणि तणांची वाढ कमी होते.

**आच्छादनाचे प्रकार:**

१. **सेंद्रिय आच्छादन:** गव्हाचा भुसा, गव्हाचे काड, ऊसाचा कचरा, ज्वारीचे काड, कापसाचे काड आणि वाळलेली पाने वापरता येतात.
२. **रसायनिक आच्छादन:** काळ्या प्लास्टिकचे आच्छादन वापरल्यास उत्पादनात १२ ते ४८ टक्के वाढ होते आणि पाण्याची बचत २० टक्के होते.

**आच्छादनाचे फायदे:**

- पाण्याची गरज २० ते ३० टक्क्यांनी कमी होते
- माती हवेशीर राहते
- तणांची वाढ ८०-९० टक्क्यांनी कमी होते
- ठिबक सिंचनाखाली उत्पादनात १० ते ८० टक्के वाढ होते
- अंकुरणाचा कालावधी ४ ते ६ दिवसांनी कमी होतो

**स्रोत: MPKV कृषी दर्शनी, Krushi VNMAU**

आपल्या शेतात गव्हाची लागवड केली आहे का, की आपल्याला लागवडीबद्दल माहिती हवी आहे?",2026-01-30T00:36:33.705331,kenpath/mhv_vistaar_all_mhv_vistaar_all_qwen3-32b_v0.2_v0.2.1,FT Qwen 3 (32B) v0.2.1
4a80559188e695c222953ee37749a34f,Advisory,Romanized,Gondia bhagat mhashichya dudh utpadanat ghat ka hote?,Why does buffalo milk production decrease in Gondia area?,,"गोंदिया जिल्ह्यातील भागात म्हशींच्या दुधाच्या उत्पादनात घट होऊ शकते, विशेषतः उन्हाळ्यात आणि विशिष्ट आजारांमुळे. येथे काही महत्त्वाची कारणे आणि उपाय दिले आहेत:

**मुख्य कारणे:**

1. **उष्णतेचा ताण (Heat Stress):**
   - उन्हाळ्यात तापमान वाढल्याने म्हशींच्या दुधाच्या उत्पादनात १०-३०% घट होते.
   - उष्णतेमुळे पोषक घटकांचे सेवन कमी होते आणि दुधाचे उत्पादन कमी होते.
   - उष्णतेचा ताण असलेल्या म्हशींच्या शरीरातील तापमान आणि श्वसन वेग वाढतो.

2. **खुर व तोंड रोग (Foot-and-Mouth Disease):**
   - हा रोग अत्यंत संसर्गजन्य असून दुधाच्या उत्पादनात घट होते.
   - रोगानंतर दुधाचे उत्पादन कमी होते आणि वंध्यत्व होऊ शकते.

3. **गाठीचा रोग (Lumpy Skin Disease):**
   - हा रोग देखील दुधाच्या उत्पादनात घट करतो.
   - रोगामुळे उच्च ताप, तोंडातून लाळ येणे, नाकातून स्त्राव, आणि दुधाचे उत्पादन कमी होते.

**उपाय आणि व्यवस्थापन:**

1. **उन्हाळ्यातील व्यवस्थापन:**
   - गाय आणि म्हशींना सावलीत ठेवा.
   - पाण्याची फवारणी आणि वाऱ्याचा वापर करून शीतलन करा.
   - गादी ओली होऊ देऊ नका, यामुळे स्तनदाह होऊ शकतो.
   - चांगली हवाबंदी असलेली शेती ठेवा.

2. **आजार प्रतिबंधक उपाय:**
   - खुर व तोंड रोगाचे लसीकरण वर्षातून दोनदा करा.
   - गाठीच्या रोगासाठी लसीकरण करा आणि कीटकनाशक फवारणी आठवड्यातून दोनदा करा.
   - आजारी जनावरांना इतर जनावरांपासून वेगळे ठेवा.

3. **खाद्य व्यवस्थापन:**
   - उत्पादनाच्या प्रारंभिक काळात जास्त ऊर्जा असलेले खाद्य द्या.
   - दररोज ०.५ किलो दाणेदार खाद्य द्या, जे ३४-५०% प्रथिने असलेले असावे.
   - उच्च उत्पादन करणाऱ्या म्हशींना संरक्षित चरबी (कापूस बियाणे, सोयाबीन बियाणे, मोहरी बियाणे) १-३ किलो प्रति म्हैस प्रतिदिन द्या.

**स्रोत: दुग्धव्यवसाय व्यवस्थापन, तंत्रज्ञान संकलन दस्तऐवज**

आपल्या म्हशींना यापैकी कोणते लक्षण दिसत आहे? किंवा आपल्याला दुग्धव्यवसायातील इतर कोणत्या विशिष्ट समस्येबद्दल माहिती हवी आहे?",2026-01-30T00:37:10.938982,kenpath/mhv_vistaar_all_mhv_vistaar_all_qwen3-32b_v0.2_v0.2.1,FT Qwen 3 (32B) v0.2.1
92dfd28f01ee3d823f1a9bd913d0baf7,Agri Assistant Contact,Romanized,Ratnagiri gavatil krushi sahayakancha sampark kramank dya.,Provide contact number of agriculture assistant in Ratnagiri village.,,"मला रत्नागिरी गावातील कृषी सहाय्यकाचा संपर्क क्रमांक सध्या मिळू शकला नाही. कृपया आपल्या स्थानिक कृषी कार्यालयात किंवा तालुका कृषी कार्यालयात संपर्क साधा. तेथे आपल्याला आवश्यक माहिती मिळू शकेल.

**स्रोत: कृषी संस्थापक निर्देशिका**

आपल्याला रत्नागिरी जवळील कृषी विज्ञान केंद्र (KVK), मृदा परीक्षण प्रयोगशाळा किंवा इतर कृषी सेवा माहिती हवी आहे का?",2026-01-30T00:37:01.614076,kenpath/mhv_vistaar_all_mhv_vistaar_all_qwen3-32b_v0.2_v0.2.1,FT Qwen 3 (32B) v0.2.1
24f6625022e11cb2889aced8ee3e60c5,Soil Lab,Devanagri,चंद्रपूर जिल्ह्यात माती परीक्षण प्रयोगशाळेचा संपर्क क्रमांक द्या.,Provide contact number of soil testing laboratory in Chandrapur district.,,"मला चंद्रपूर जिल्ह्यातील माती परीक्षण प्रयोगशाळेची माहिती सध्या उपलब्ध नाही. आपण जवळच्या दुसऱ्या ठिकाणासाठी माहिती पाहू इच्छिता का, किंवा आपल्या स्थानिक कृषी कार्यालयाशी संपर्क साधून माती परीक्षण सुविधेबद्दल अधिक माहिती घेऊ शकता.

**स्रोत: कृषी सेवा माहिती**",2026-01-30T00:37:16.088256,kenpath/mhv_vistaar_all_mhv_vistaar_all_qwen3-32b_v0.2_v0.2.1,FT Qwen 3 (32B) v0.2.1
af1041ce63ebf3c76cc473bb32e20dee,Scheme,Devanagri,गडचिरोली मध्ये शेततळे योजनेसाठी अर्ज कसा करावा?,How to apply for farm pond scheme in Gadchiroli?,,"गडचिरोली जिल्ह्यातील शेततळे योजनेसाठी अर्ज करण्याबाबत माहिती देतो:

**नानाजी देशमुख कृषी संजीवनी प्रकल्प (पोक्रा) - शेततळे अस्तरण योजना**

ही योजना विशेषतः पोक्रा गावांसाठी उपलब्ध आहे. या योजनेतून शेततळ्यांना अस्तरण देऊन पाण्याचा नासाडीपणा टाळला जातो आणि संरक्षण सिंचनासाठी पाणी उपलब्ध होते.

**मुख्य फायदे:**
- शेततळ्यातील पाणी जास्त दिवस टिकवता येते
- संरक्षण सिंचनासाठी पाणी उपलब्ध होते
- दुसऱ्या पिकासाठी क्षेत्र वाढते
- फळबाग, भाजीपाला, मासेपालन, फळझाडे, पशुपालन यासाठी पूरक शेती करता येते

**पात्रता:**
- ज्या शेतकऱ्यांना या घटकासाठी इतर कोणत्याही योजनेतून लाभ मिळाला नाही त्यांना या योजनेतून लाभ मिळतो
- ज्यांनी इतर शासकीय योजनेतून शेततळे बांधले असेल तर त्यांना अस्तरण घटकासाठी पात्रता आहे
- ५ हेक्टरपर्यंत जमीन असलेल्या शेतकऱ्यांना लाभ उपलब्ध आहे
- नैसर्गिक आपत्तीमुळे शेततळ्याला नुकसान झाल्यास भरपाई मिळणार नाही

**अर्ज करण्याची प्रक्रिया:**

**पद्धत १: महाविस्तार-एआय मोबाईल अॅपद्वारे**
१. गुगल प्ले स्टोअरवरून ""महाविस्तार-एआय अॅप्लिकेशन"" डाउनलोड करा
२. आपल्या नोंदणीकृत शेतकरी आयडीने लॉगिन करा
३. डॅशबोर्डच्या उजव्या खालच्या कोपऱ्यातील ""DBT"" टॅबवर क्लिक करा
४. ""NDKSP (पोक्रा)"" टॅबवर क्लिक करा
५. विविध घटकांसाठी लाभ घेण्यासाठी ""Click Here"" लिंकवर क्लिक करून अर्ज करा
६. ""Apply for New Scheme"" टॅबवर क्लिक करून अर्ज प्रक्रिया पूर्ण करा

**पद्धत २: पोक्रा डीबीटी वेब पोर्टलद्वारे**
१. https://mahapocra.gov.in/mr/applications या वेबसाइटला भेट द्या
२. शेतकरी लॉगिन पेजवर आपला नोंदणीकृत शेतकरी आयडी टाका
३. लॉगिन केल्यानंतर डॅशबोर्ड स्क्रीन उपलब्ध होईल
४. ""Apply for New Scheme"" टॅबवर क्लिक करून अर्ज प्रक्रिया पूर्ण करा

**आवश्यक कागदपत्रे:**
- अनुसूचित जाती/जमातीच्या शेतकऱ्यांसाठी प्रमाणपत्र
- अपंग शेतकऱ्यांसाठी अपंगत्व प्रमाणपत्र

**महत्त्वाची सूचना:** ही योजना फक्त पोक्रा गावांसाठी उपलब्ध आहे. आपल्या गावाचा पोक्रा प्रकल्पात समावेश आहे का हे आपल्या स्थानिक कृषी कार्यालयात तपासा.

**स्रोत: नानाजी देशमुख कृषी संजीवनी प्रकल्प माहिती**

आपल्या गावाचा पोक्रा प्रकल्पात समावेश आहे का हे तपासले आहे का? किंवा आपल्याला शेततळ्याच्या अन्य योजनांबद्दल माहिती हवी आहे का?",2026-01-30T00:38:12.827162,kenpath/mhv_vistaar_all_mhv_vistaar_all_qwen3-32b_v0.2_v0.2.1,FT Qwen 3 (32B) v0.2.1
b81ed25239eff0d90dd2d8754dc25d32,CHC,Devanagri,रत्नागिरी मध्ये ट्रॅक्टर भाड्याने घेण्यासाठी दर किती आहे?,What is the rental rate for tractor in Ratnagiri?,,"मला रत्नागिरी जिल्ह्यातील ट्रॅक्टर भाड्याने घेण्यासाठी (कस्टम हायरिंग सेंटर - CHC) सेवा माहिती सध्या उपलब्ध नाही.

आपल्याला जवळच्या दुसऱ्या ठिकाणासाठी माहिती पाहायची आहे का, किंवा आपल्या स्थानिक कृषी कार्यालयाशी संपर्क साधून ट्रॅक्टर भाड्याने घेण्याची उपलब्धता आणि दर जाणून घेण्याचा सल्ला देतो.

**स्रोत: कृषी सेवा माहिती**",2026-01-30T00:37:36.588077,kenpath/mhv_vistaar_all_mhv_vistaar_all_qwen3-32b_v0.2_v0.2.1,FT Qwen 3 (32B) v0.2.1
fd0f39d9ed23f398e89a3e1607cafb8b,Mandi Price,Romanized,Amravati mandit sunflower che aajche dar kay ahet?,What are today's rates of sunflower in Amravati mandi?,,"अमरावती मंडीसाठी सूर्यफूलाचे बाजारभाव सध्या उपलब्ध नाहीत. आपल्याला जवळच्या इतर बाजारांमधील सूर्यफूलाचे दर तपासायचे आहेत का, किंवा वेगळ्या पिकाचे दर जाणून घ्यायचे आहेत का?",2026-01-30T00:37:52.515182,kenpath/mhv_vistaar_all_mhv_vistaar_all_qwen3-32b_v0.2_v0.2.1,FT Qwen 3 (32B) v0.2.1
45c7a9ca664f82925ea48425af29140b,Agri Assistant Contact,Devanagri,भंडारा तालुक्यात शेत भेटीसाठी कोणाशी संपर्क करावा?,Who to contact for farm visit in Bhandara taluka?,,"भंडारा तालुक्यातील शेत भेटीसाठी आपण आपल्या स्थानिक कृषी कार्यालयाशी संपर्क साधावा. तालुका कृषी अधिकारी किंवा गट कृषी अधिकारी आपल्याला शेत भेटीबद्दल मार्गदर्शन करू शकतात.

आपल्या गावाचे नाव सांगितल्यास मी आपल्याला अधिक अचूक कृषी संस्थापकांची संपर्क माहिती देऊ शकतो. आपल्या गावाचे नाव काय आहे?",2026-01-30T00:38:10.076146,kenpath/mhv_vistaar_all_mhv_vistaar_all_qwen3-32b_v0.2_v0.2.1,FT Qwen 3 (32B) v0.2.1
d0d5a6a2bc97ab67fad02e43ee91618a,MahaDBT,Devanagri,रत्नागिरी मधील माझा अर्ज 'Approved' स्थितीत गेला आहे का?,Has my application reached 'Approved' status in Ratnagiri?,,"आपल्या प्रोफाइलमध्ये अर्ज सापडले नाहीत. आपल्याला अर्ज करता येणाऱ्या शासकीय योजनांची माहिती हवी आहे का?

**स्रोत: महाडीबीटी अर्ज स्थिती**",2026-01-30T00:38:22.587869,kenpath/mhv_vistaar_all_mhv_vistaar_all_qwen3-32b_v0.2_v0.2.1,FT Qwen 3 (32B) v0.2.1
c3d8491e39fec0411bf1885ff3df2b9e,Advisory,Devanagri,रायगड मध्ये फुलकोबी पिकाच्या वाढीसाठी युरियाचा वापर कसा करावा?,How to use urea for cauliflower growth in Raigad?,,"रायगड जिल्ह्यात फुलकोबी पिकाच्या वाढीसाठी युरियाचा वापर खालीलप्रमाणे करावा:

**फुलकोबी पिकासाठी खतांचे प्रमाण (प्रति हेक्टर):**
- शेणखत: ८ टन
- नत्र (युरिया): ६० किलो
- स्फुरद: ३० किलो
- पालाश: ३० किलो

**युरियाचा वापर कसा करावा:**

१. **लागवडीच्या वेळी:**
- एकूण नत्राच्या ५०% म्हणजे ३० किलो नत्र (सुमारे १.५ पिशव्या युरिया) द्यावे
- संपूर्ण स्फुरद आणि पालाश देखील यावेळी द्यावे

२. **लागवडीनंतर १ महिन्याने:**
- उर्वरित ५०% म्हणजे ३० किलो नत्र (सुमारे १.५ पिशव्या युरिया) द्यावे

**युरियाची पिशवी:** १ पिशवी युरिया = ४५ किलो

**महत्त्वाच्या सूचना:**
- युरिया हे नत्राचे सर्वात चांगले खत आहे
- खत देताना पाणी उपलब्ध असावे जेणेकरून खत जमिनीत चांगले मिसळेल
- खत देण्यानंतर तण काढणी नियमित करावी (१५-२० दिवसांच्या अंतराने)
- रबी हंगामात (मुख्य हंगाम) फुलकोबीचे उत्पादन २५-३० टन/हेक्टर मिळते

**स्रोत: MPKV कृषी दर्शनी**

आपल्याला फुलकोबी पिकाच्या रोग नियंत्रण किंवा पाणी व्यवस्थापनाबद्दल अधिक माहिती हवी आहे का?",2026-01-30T00:38:33.070300,kenpath/mhv_vistaar_all_mhv_vistaar_all_qwen3-32b_v0.2_v0.2.1,FT Qwen 3 (32B) v0.2.1
f84bb8a37f0f2d9f0910012987bf9274,Warehouse,Devanagri,कोल्हापूर मध्ये विमा सुविधा देणारे गोदाम शोधा.,Find warehouse providing insurance facility in Kolhapur.,,"कोल्हापूर जिल्ह्यात विमा सुविधा देणारे गोदाम सध्या उपलब्ध नाही. आपल्याला जवळच्या इतर ठिकाणातील गोदामांची माहिती पाहायची आहे का, किंवा आपल्या स्थानिक कृषी कार्यालयाशी संपर्क साधायचा आहे का?

**स्रोत: कृषी सेवा माहिती**",2026-01-30T00:38:40.288017,kenpath/mhv_vistaar_all_mhv_vistaar_all_qwen3-32b_v0.2_v0.2.1,FT Qwen 3 (32B) v0.2.1
2ccbe63863fd682b93bee975ba35f7c4,Mandi Price,Romanized,Palghar mandit papaya che aajche dar kay ahet?,What are today's rates of papaya in Palghar mandi?,,पालघर बाजारासाठी पपईचे दर सध्या उपलब्ध नाहीत. आपल्याला जवळच्या इतर बाजारांतील पपईचे दर तपासायचे आहेत का?,2026-01-30T00:38:48.301589,kenpath/mhv_vistaar_all_mhv_vistaar_all_qwen3-32b_v0.2_v0.2.1,FT Qwen 3 (32B) v0.2.1
49eccb72918e1740fae4dbcd04091f62,Advisory,Devanagri,हिंगोली मध्ये ऊस लागवडीसाठी दोन रोपांमधील अंतर किती असावे?,What should be the spacing between plants for sugarcane in Hingoli?,,"हिंगोली जिल्ह्यात ऊस लागवडीसाठी दोन रोपांमधील अंतर खालीलप्रमाणे ठेवावे:

**सिंगल बड पद्धतीने लागवड:** दोन रोपांमधील अंतर **३० सेंटीमीटर** ठेवावे.

**डबल बड पद्धतीने लागवड:** दोन रोपांमधील अंतर **२२ सेंटीमीटर** ठेवावे.

**लागवडीचे इतर महत्त्वाचे मार्गदर्शक तत्त्वे:**

- **ओळीतील अंतर:** मध्यम जमिनीत ९० सेंटीमीटर आणि भारी जमिनीत १०० सेंटीमीटर ठेवावे.
- **पॅरेड रो पद्धती:** दोन ओळींमध्ये ७५ सेंटीमीटर अंतर ठेवून तिसरी ओळ बाजूला ठेवावी.
- **पॉली ट्रे रोपांसाठी:** १५० सेंटीमीटर ओळीतील अंतर आणि ६० सेंटीमीटर रोपांमधील अंतर ठेवावे.

**स्रोत: कृषी विज्ञान विद्यापीठ, राहुरी आणि व्हीएनएमएयू**

आपल्याला ऊस लागवडीसाठी खत व्यवस्थापन किंवा सिंचन पद्धतीबद्दल माहिती हवी आहे का?",2026-01-30T00:38:58.251593,kenpath/mhv_vistaar_all_mhv_vistaar_all_qwen3-32b_v0.2_v0.2.1,FT Qwen 3 (32B) v0.2.1
3e1b4210ad57e17a2987e8afe22487cb,Weather Forecast,Devanagri,सातारा भागात पुढच्या ५ दिवसांचा हवामान अंदाज काय आहे?,What is the weather forecast for the next 5 days in Satara area?,,"मला सातारा भागासाठी पुढच्या ५ दिवसांचा हवामान अंदाज सध्या उपलब्ध नाही. आपल्याला जवळच्या इतर बाजारांतील हवामान माहिती तपासायची आहे का, किंवा शेतीविषयक इतर कोणत्याही प्रश्नाबद्दल मदत हवी आहे का?",2026-01-30T00:39:03.150013,kenpath/mhv_vistaar_all_mhv_vistaar_all_qwen3-32b_v0.2_v0.2.1,FT Qwen 3 (32B) v0.2.1
1a7d5810bf98ec85c6408929146a2940,Advisory,Devanagri,परभणी जिल्ह्यात कोंबड्यांना Ranikhet रोगापासून बचाव कसा करावा?,How to prevent Newcastle disease in poultry in Parbhani district?,,"परभणी जिल्ह्यातील कोंबड्यांना रानीखेत रोगापासून बचाव करण्यासाठी खालील महत्त्वाच्या उपाययोजना करा:

**रानीखेत रोग म्हणजे काय?**
रानीखेत रोग हा एक अत्यंत संसर्गजन्य विषाणूजन्य रोग आहे जो सर्व वयोगटातील कोंबड्यांना प्रभावित करतो. हा रोग प्रामुख्याने हवेतून पसरतो आणि त्यामुळे भारी आर्थिक नुकसान होते. रोगग्रस्त कोंबड्यांमध्ये भूक कमी होणे, अंडे उत्पादनात घट, श्वासोच्छवासात त्रास, पांढरे पाणी अतिसार, आणि पायांचे व डोक्याचे विकृती अशी लक्षणे दिसतात.

**रानीखेत रोगापासून बचावासाठी उपाय:**

**१. लसीकरण (महत्त्वाचे):**
- **पहिली लस:** लसोटा जातीची लस ५ ते ७ दिवसांच्या कोंबड्यांना नाकातून किंवा डोळ्यातून द्यावी.
- **दुसरी लस (बूस्टर):** २१ ते २२ दिवसांनी पुन्हा लसोटा लस द्यावी.
- **आर २ बी लस:** ५६ दिवसांनी आर २ बी लस द्यावी.
- **नियमित लसीकरण:** लसोटा लस पाण्यातून दर तीन महिन्यांनी द्यावी.

**२. साफसफाई आणि जैवसुरक्षा:**
- कोंबड्यांच्या निवाऱ्यात नेहमी स्वच्छ पाणी आणि आहार उपलब्ध ठेवा.
- निवाऱ्यात हवेची योग्य आदळ असावी, थंड किंवा गरम हवा थेट कोंबड्यांना लागू देऊ नका.
- निवाऱ्यात ओलसर कचरा नसावा, कोरडा कचरा वापरा.
- निवाऱ्यात नियमित साफसफाई आणि निर्जंतुकीकरण करा.
- निवाऱ्यातील जागा स्वच्छ ठेवा, आजारी कोंबड्या वेगळ्या ठेवा आणि मृत कोंबड्या लगेच जाळून टाका किंवा खोल गाडा.

**३. भेटदारांचे नियंत्रण:**
- ब्रूडर आणि निवाऱ्यात भेटदारांना प्रवेश देऊ नका. शेतकऱ्यांच्या जाण्यापूर्वी त्यांच्या चप्पली फुटबॅथमध्ये बुडवून निर्जंतुकीकरण करा.

**४. आहार व्यवस्थापन:**
- संतुलित आहार द्या जेणेकरून अंडे उत्पादन वाढते आणि कोंबड्या जलद वाढतात.
- आवश्यकतेनुसार विद्युतद्रव आणि व्हिटॅमिन पूरक द्या.

**५. कृमिनाशक उपचार:**
- आर २ बी लसीकरणापूर्वी एक आठवडा कृमिनाशक औषधे द्या.

**स्रोत: डॉ. पंजाबराव देशमुख कृषी विद्यापीठ, MAFSU Diary, अनिमल सायन्स अँड टेक्नॉलॉजी स्टँडर्ड XII**

आपल्या कोंबड्यांचे लसीकरण वेळेवर केले आहे का? आणखी काही कोंबड्यांच्या आरोग्याबद्दल माहिती हवी असल्यास विचारा.",2026-01-30T00:39:33.898604,kenpath/mhv_vistaar_all_mhv_vistaar_all_qwen3-32b_v0.2_v0.2.1,FT Qwen 3 (32B) v0.2.1
9afa1cc75d43ea698053f1b31e71d2b5,Advisory,Romanized,Nandurbar jilhyat maize lagvadichi yogya vel konti?,What is the right time for maize planting in Nandurbar district?,,"नंदुरबार जिल्ह्यात मक्याच्या लागवडीसाठी योग्य वेळ खालीलप्रमाणे आहे:

**खरीप हंगाम (पावसाळी):**
मका पेरणीसाठी खरीप हंगामात १५ जून ते १५ जुलै या कालावधीत पेरणी करणे योग्य आहे. या काळात पुरेसा पाऊस सुरू असतो आणि मक्याच्या चांगल्या वाढीसाठी योग्य आर्द्रता उपलब्ध होते.

**रबी हंगाम (हिवाळी):**
रबी हंगामात मका पेरणीसाठी १५ ऑक्टोबर ते १० नोव्हेंबर या कालावधीत पेरणी करावी. या काळात हवामान थंड असते आणि पेरणीसाठी योग्य तापमान असते.

**महत्त्वाच्या सूचना:**
- पेरणीपूर्वी बियाण्यांना थायरम बुरशीनाशक २ ते २.५ ग्रॅम प्रति किलो बियाणे या प्रमाणात लावावे.
- बियाणे ४ ते ५ सेंटीमीटर खोलीवर टोकण पद्धतीने पेरावे.
- बियाण्यांची प्रमाण धान्य मक्यासाठी प्रति एकर ६ ते ८ किलो आणि चारा मक्यासाठी ३० किलो असावे.

**स्रोत: एमपीकेव्ही कृषी दर्शनी**

आपल्याला मक्याच्या खत व्यवस्थापन किंवा रोग नियंत्रणाबद्दल अधिक माहिती हवी आहे का?",2026-01-30T00:39:21.379853,kenpath/mhv_vistaar_all_mhv_vistaar_all_qwen3-32b_v0.2_v0.2.1,FT Qwen 3 (32B) v0.2.1
5ac4136b4f7a39376d5026156577a5fd,Scheme,Devanagri,गोंदिया भागात कुक्कुटपालन योजनेसाठी पात्रता काय आहे?,What is the eligibility for poultry farming scheme in Gondia area?,,"गोंदिया भागातील शेतकऱ्यांसाठी उपलब्ध असलेल्या कृषी योजनांमध्ये सध्या थेट कुक्कुटपालन (पोल्ट्री फार्मिंग) योजनेची माहिती उपलब्ध नाही. मात्र, आपल्यासाठी इतर उपयुक्त योजना आहेत:

**डॉ. बाबासाहेब आंबेडकर कृषी स्वावलंबन योजना (BAKSY)**

ही योजना अनुसूचित जाती आणि नवबौद्ध शेतकऱ्यांसाठी आहे. यात शेततळ्यांची प्लास्टिक लाईनिंग, बॅकयार्ड गार्डन (घरच्या घरी भाजीपाला लागवड) यासाठी अनुदान दिले जाते. यात अनुदानाची मर्यादा **₹50,000** पर्यंत आहे.

**पात्रता:**
- फक्त अनुसूचित जाती आणि नवबौद्ध शेतकरी
- ०.२० हेक्टर ते ६.०० हेक्टर जमीन असणे आवश्यक
- जात प्रमाणपत्र आवश्यक
- आधार लिंक केलेले बँक खाते असणे आवश्यक

**अर्ज प्रक्रिया:**
महाडीबीटी पोर्टलवर (mahadbt.maharashtra.gov.in) ऑनलाइन अर्ज करावा लागतो.

**प्रधानमंत्री किसान सम्मान निधी योजना (PM-KISAN)**

या केंद्र शासन योजनेत पात्र शेतकरी कुटुंबांना **₹6,000 प्रति वर्ष** तीन समान हप्त्यांमध्ये मिळतात.

**पात्रता:**
- लागवडीयोग्य जमीन असणारे शेतकरी कुटुंब
- ७/१२ उतारा, आधार आणि ई-केवायसी आवश्यक

**अर्ज प्रक्रिया:**
pmkisan.gov.in या पोर्टलवर ऑनलाइन अर्ज करावा लागतो.

**स्रोत: शासकीय योजना माहिती**

आपल्याला कुक्कुटपालनाशी संबंधित इतर योजनांची माहिती हवी आहे का, किंवा वरील योजनांबद्दल अधिक माहिती हवी आहे का?",2026-01-30T00:40:16.608374,kenpath/mhv_vistaar_all_mhv_vistaar_all_qwen3-32b_v0.2_v0.2.1,FT Qwen 3 (32B) v0.2.1
edf6541ef945f0358c3c382dd158f4b2,Soil Lab,Devanagri,बीड मध्ये खाजगी माती परीक्षण केंद्र आहे का?,Is there a private soil testing center in Beed?,,"बीड जिल्ह्यासाठी माती परीक्षण प्रयोगशाळा (सोईल लॅब) सेवा सध्या उपलब्ध नाही. आपल्याला जवळच्या इतर ठिकाणांसाठी माती परीक्षण सेवा माहिती पाहायची आहे का, किंवा आपल्या स्थानिक कृषी कार्यालयाशी संपर्क साधून अधिक माहिती घ्यायची आहे का?

**स्रोत: कृषी सेवा माहिती**",2026-01-30T00:39:47.355972,kenpath/mhv_vistaar_all_mhv_vistaar_all_qwen3-32b_v0.2_v0.2.1,FT Qwen 3 (32B) v0.2.1
49b66215ad3f1428bc6c5f34db87dca1,Advisory,Romanized,Palghar bhagat cotton sathi khatanche velapatra suchva.,Suggest fertilizer schedule for cotton in Palghar area.,,"पालघर भागातील कापसासाठी खतांचे वेळापत्रक खालीलप्रमाणे आहे:

**ठिबक सिंचनाद्वारे खत वेळापत्रक (बीटी कापूस):**

| खत देण्याची वेळ | नत्र:स्फुरद:पालाश (किलो/हेक्टर) | नत्र:स्फुरद:पालाश (किलो/एकर) | खताचा ग्रेड आणि मात्रा |
|----------------|--------------------------|--------------------------|-------------------------|
| पेरणीनंतर 7-15 दिवस | 30:25:25 | 12:10:10 | 52 किलो 19:19:19, 260 ग्रॅम यूरिया |
| पेरणीनंतर 30 दिवस | 10:12.5:10 | 4:5:4 | 8 किलो 12:61:0, 7 किलो यूरिया, 8 किलो 0:0:50 |
| पेरणीनंतर 45 दिवस | 10:12.5:0 | 4:5:0 | 8 किलो 12:61:0, 7 किलो यूरिया |
| पेरणीनंतर 60 दिवस | 10:0:0 | 4:0:0 | 9 किलो यूरिया |
| पेरणीनंतर 75 दिवस | 10:0:0 | 4:0:0 | 9 किलो यूरिया |
| पेरणीनंतर 90 दिवस | 10:0:10 | 4:4:4 | 9 किलो यूरिया, 6 किलो 0:0:50 |
| पेरणीनंतर 115 दिवस | 20:0:15 | 8:0:6 | 17 किलो यूरिया, 12 किलो 0:0:50 |
| वाढलेल्या कालावधीसाठी | 30:0:20 | 12:0:8 | 26 किलो यूरिया, 16 किलो 0:0:50 |

**महत्त्वाच्या सूचना:**
- पेरणीनंतर 30, 45 आणि 60 दिवसांनी 2% यूरिया फॉस्फेटची फवारणी करावी.
- ठिबक सिंचनाद्वारे खत दिल्यास उत्पादनात 8% वाढ होते.
- योग्य पाणी व्यवस्थापनासाठी ठिबक सिंचन पद्धत वापरावी.

**स्रोत: कृषी विद्यापीठ पॅकेज ऑफ प्रॅक्टिसेस (Krushi VNMAU)**

आपल्याला कापसावरील कीड किंवा रोग नियंत्रणाबद्दल माहिती हवी आहे का?",2026-01-30T00:40:02.851094,kenpath/mhv_vistaar_all_mhv_vistaar_all_qwen3-32b_v0.2_v0.2.1,FT Qwen 3 (32B) v0.2.1
d41f7e5eccdaafdbdc8af2d80e31795d,Soil Lab,Devanagri,भंडारा मध्ये खतांच्या मात्रांची शिफारस देणारी प्रयोगशाळा कोणती?,Which laboratory provides fertilizer dose recommendations in Bhandara?,,"भंडारा जिल्ह्यासाठी माती परीक्षण प्रयोगशाळांची माहिती सध्या उपलब्ध नाही. आपल्याला जवळच्या इतर ठिकाणासाठी माती परीक्षण प्रयोगशाळा तपासायची आहे का, किंवा आपल्या स्थानिक कृषी कार्यालयाशी संपर्क साधायचा आहे का? 

**स्रोत: कृषी सेवा माहिती**",2026-01-30T00:40:03.842958,kenpath/mhv_vistaar_all_mhv_vistaar_all_qwen3-32b_v0.2_v0.2.1,FT Qwen 3 (32B) v0.2.1
7b75ea57cd40032aa530ba24b1baa722,KVK,Devanagri,रायगड भागात कृषी विज्ञान केंद्राचे प्रशिक्षण वसतिगृह आहे का?,Is there a training hostel at KVK in Raigad area?,,"रायगड भागात कृषी विज्ञान केंद्र (KVK) ची माहिती सध्या उपलब्ध नाही. आपल्याला जवळच्या दुसऱ्या ठिकाणासाठी कृषी विज्ञान केंद्राची माहिती पाहायची आहे का? किंवा आपल्याला रायगड जिल्ह्यातील स्थानिक कृषी कार्यालयात संपर्क साधून अधिक माहिती मिळवायची आहे का?

**स्रोत: कृषी सेवा माहिती**",2026-01-30T00:40:16.387756,kenpath/mhv_vistaar_all_mhv_vistaar_all_qwen3-32b_v0.2_v0.2.1,FT Qwen 3 (32B) v0.2.1
427ff0396ac4d284fb2104593ed5f953,KVK,Romanized,Beed bhagat KVK cha sampark kramank kay aahe?,What is the contact number of KVK in Beed area?,,"मला बीड भागातील कृषी विज्ञान केंद्र (KVK) ची माहिती सध्या उपलब्ध नाही. आपल्याला जवळच्या दुसऱ्या ठिकाणासाठी माहिती पाहू इच्छिता का? किंवा आपण आपल्या स्थानिक कृषी कार्यालयाशी संपर्क साधून अधिक माहिती मिळवू शकता.

**स्रोत: कृषी सेवा माहिती**",2026-01-30T00:40:15.877298,kenpath/mhv_vistaar_all_mhv_vistaar_all_qwen3-32b_v0.2_v0.2.1,FT Qwen 3 (32B) v0.2.1
ef3afb72af9b00eabab4bcc42e1c9935,Warehouse,Devanagri,सांगली मध्ये कोरडे गोदाम कुठे मिळेल?,Where can I find a dry warehouse in Sangli?,,"सांगली जिल्ह्यात आणि जवळपास कोरडे गोदाम सुविधा उपलब्ध आहेत. येथे आपल्यासाठी जवळच्या गोदामांची माहिती दिली आहे:

**१. मिरज गोदाम**
- **स्थान:** मिरज, सांगली
- **पत्ता:** एमएसडब्ल्यूसी, मिरज-पंढरपूर रोड, तसगाव फाटा, मिरज
- **अंतर:** ८.८ किमी
- **संपर्क:** गोदाम व्यवस्थापक
- **दूरध्वनी:** ०२३३-२२७६२६५

**२. जयसिंगपूर गोदाम**
- **स्थान:** जयसिंगपूर, शिरोळ (कोल्हापूर)
- **पत्ता:** एमएसडब्ल्यूसी, एपीएमसी मार्केट यार्ड
- **अंतर:** ९.२ किमी
- **संपर्क:** गोदाम व्यवस्थापक
- **दूरध्वनी:** ०२३२२-२२१७९६

**३. तसगाव गोदाम**
- **स्थान:** तसगाव, सांगली
- **पत्ता:** एमएसडब्ल्यूसी, एपीएमसी मार्केट यार्ड, तसगाव
- **अंतर:** २१ किमी
- **संपर्क:** गोदाम व्यवस्थापक
- **दूरध्वनी:** ०२३४६-२४२००८

**४. इचलकरंजी गोदाम**
- **स्थान:** इचलकरंजी, हटकंगले (कोल्हापूर)
- **पत्ता:** एमएसडब्ल्यूसी, एपीएमसी मार्केट यार्ड, सांगली रोड, इचलकरंजी
- **अंतर:** २०.९ किमी
- **संपर्क:** गोदाम व्यवस्थापक
- **दूरध्वनी:** ०२३०-२४३२७३२

**५. ताकरी गोदाम**
- **स्थान:** ताकरी, वालवा (सांगली)
- **पत्ता:** एमएसडब्ल्यूसी, एपीएमसी मार्केट यार्ड, ताकरी
- **अंतर:** ४० किमी
- **संपर्क:** गोदाम व्यवस्थापक
- **दूरध्वनी:** ०२३४२-२६२१४५

या सर्व गोदामांमध्ये आपल्या शेतमालाचे सुरक्षित साठवणुकीची सुविधा उपलब्ध आहे. गोदाम सुविधा आणि भाडे दरांबद्दल अधिक माहितीसाठी वरील संपर्क क्रमांकावर फोन करा.

**स्रोत: कृषी सेवा माहिती**

आपल्याला या गोदामांपैकी कोणत्या विशिष्ट गोदामाची अधिक माहिती हवी आहे का? किंवा आपल्याला इतर कोणत्या कृषी सेवांबद्दल माहिती हवी आहे का?",2026-01-30T00:41:05.135835,kenpath/mhv_vistaar_all_mhv_vistaar_all_qwen3-32b_v0.2_v0.2.1,FT Qwen 3 (32B) v0.2.1
52b7029c4149c0ce5398d4e3ed592181,KVK,Devanagri,यवतमाळ मध्ये KVK तून शेत भेट सेवा उपलब्ध आहे का?,Is farm visit service available from KVK in Yavatmal?,,"यवतमाळ जिल्ह्यासाठी कृषी विज्ञान केंद्र (KVK) तून शेत भेट सेवा सध्या उपलब्ध नाही. 

यवतमाळ जिल्ह्यातील शेतकऱ्यांसाठी इतर कृषी सेवा किंवा मार्गदर्शन हवे असल्यास, आपण आपल्या स्थानिक कृषी कार्यालयाशी संपर्क साधू शकता. तेथे आपल्याला उपलब्ध सेवांबद्दल अधिक माहिती मिळेल.

**स्रोत: कृषी सेवा माहिती**

आपल्याला यवतमाळ जिल्ह्यातील बाजारभाव, हवामान किंवा शासकीय योजनांबद्दल माहिती हवी आहे का?",2026-01-30T00:40:47.616272,kenpath/mhv_vistaar_all_mhv_vistaar_all_qwen3-32b_v0.2_v0.2.1,FT Qwen 3 (32B) v0.2.1
a9d33502085a2b6dbcb301c995fbefb1,Advisory,Devanagri,चंद्रपूर जिल्ह्यात केळी फुलोऱ्याच्या वेळी काय काळजी घ्यावी?,What care to take during flowering of banana in Chandrapur district?,,"चंद्रपूर जिल्ह्यातील केळीच्या फुलोऱ्याच्या वेळी घ्यावयाच्या काळजीबद्दल माहिती देतो:

**केळीच्या फुलोऱ्याच्या वेळी घ्यावयाची महत्त्वाची काळजी:**

फुलोरा येण्याच्या वेळी केळीच्या बागेची योग्य काळजी घेणे अत्यंत महत्त्वाचे आहे. या काळात खालील गोष्टींची विशेष काळजी घ्या:

**१. फुलकिडे नियंत्रण:**
फुलोऱ्याच्या वेळी फुलकिडे हा मुख्य कीड असतो. यावर नियंत्रणासाठी खालील उपाय करा:
- व्हर्टिसिलियम लेकॅनी या जैविक बुरशीनाशकाची ३० ग्रॅम प्रति १० लिटर पाण्यात फवारणी करा.
- किंवा कडुलिंबाच्या तेलाचा ५०० मिली प्रति १० लिटर पाण्यात फवारणी करा.

**२. फुलोऱ्याच्या वेळी विशेष काळजी:**
- फुलोरा येताना झाडाच्या तळाशी जवळपास १३ पाने ठेवा आणि त्या पानांची योग्य काळजी घ्या.
- फुलोरा येताना एक मजबूत वाढणारे रोप ठेवा जेणेकरून कापणीनंतर लगेच पुढील पीक घेता येईल.
- फळे वाढू लागल्यानंतर फुलोऱ्याचा नर भाग काढून टाका.
- फुलोऱ्याचा घड आधार द्या जेणेकरून तो वजनामुळे वाकू नये.
- घडावर केळीच्या पानांनी किंवा बुरशीनाशकाने झाका द्या जेणेकरून जास्त उन्हापासून फळे जळू नयेत.

**३. सिंचन व्यवस्थापन:**
- फुलोरा येण्याच्या काळात आठवड्यातून एकदा पाणी द्या (हिवाळ्यात) आणि उन्हाळ्यात दोनदा पाणी द्या.
- ठिबक सिंचन पद्धती वापरल्यास ३०-४० टक्के पाण्याची बचत होते.

**४. खत व्यवस्थापन:**
- फुलोरा येण्याच्या काळात नत्रयुक्त खते वापरू नका. पोटॅशियमयुक्त खते वापरा.
- झिंक आणि फेरस सल्फेट प्रति झाड १० ग्रॅम द्या.

**५. थंडीपासून संरक्षण:**
- थंडीच्या दिवसांत रात्री झाडांना पाणी द्या आणि आग लावून उष्णता निर्माण करा.
- रात्रीच्या वेळी पाणी देणे थंडीपासून बागेचे संरक्षण करते.

**६. वाऱ्यापासून संरक्षण:**
- बागेच्या दक्षिण आणि पश्चिम बाजूला शेवरी किंवा गजराज लावा जेणेकरून वारा थांबेल.

**७. फुलोऱ्याची काळजी:**
- फुलोरा येताना हिरवी पाने काढू नका.
- फुलोरा येताना एकच रोप ठेवा जेणेकरून कापणीनंतर लगेच पुढील पीक घेता येईल.

**चंद्रपूर जिल्ह्यातील हवामान:**
पुढील ५ दिवसांत चंद्रपूर जिल्ह्यात पाऊस नाही आणि तापमान १८°C ते ३४°C दरम्यान राहील. या हवामानात फुलोऱ्याच्या वेळी वरील सर्व काळजी घेतल्यास चांगले उत्पादन मिळेल.

**स्रोत: डॉ. पंजाबराव देशमुख कृषी विद्यापीठ, एमपीकेव्ही कृषी दर्शनी, कृषी दर्शनी डॉ. बीएसकेकेव्ही**

आपल्याला केळीच्या फुलोऱ्यानंतरच्या काळजीबद्दल किंवा खत व्यवस्थापनाबद्दल अधिक माहिती हवी आहे का?",2026-01-30T00:41:35.425963,kenpath/mhv_vistaar_all_mhv_vistaar_all_qwen3-32b_v0.2_v0.2.1,FT Qwen 3 (32B) v0.2.1
2dc753eae001f6076ca16ba7dfb67503,CHC,Devanagri,यवतमाळ मध्ये रीपर भाड्याने देणारे केंद्र कोणते?,Which center rents reaper in Yavatmal?,,"यवतमाळ जिल्ह्यात रीपर भाड्याने देणारी कस्टम हायरिंग सेंटर्स (CHC) खालीलप्रमाणे आहेत:

**१. रामगाव, दारव्हा येथील केंद्र**
- **पत्ता:** सुरतेश्वर शेतकरी स्वयं सहायता गट
- **संपर्क व्यक्ती:** मनोहर आनंदराव नवरंगे
- **फोन:** 9420625964
- **अंतर:** ३ किमी

**२. चापरडा, कळंब येथील केंद्र**
- **पत्ता:** अंबादेवी स्वयं सहायता महिला बचत गट चापरडा
- **संपर्क व्यक्ती:** मनिषा दिपक उईके
- **फोन:** 7499763283
- **अंतर:** १७ किमी

**३. येवती, यवतमाळ येथील केंद्र**
- **पत्ता:** जगनाथ महाराज स्वयं सहायता समूह, येवती
- **संपर्क व्यक्ती:** पायल घनशम कपसे
- **फोन:** 8208379181
- **अंतर:** २२ किमी

**४. वरजाडी, यवतमाळ येथील केंद्र**
- **पत्ता:** सावित्रीबाई फुले महिला बचत गट, वरजाडी
- **संपर्क व्यक्ती:** उषा दादराव देठे
- **फोन:** 9604155289
- **अंतर:** २६ किमी

**५. मंगरूळ, यवतमाळ येथील केंद्र**
- **पत्ता:** डेक्कन सुगर प्रायव्हेट लिमिटेड
- **संपर्क व्यक्ती:** साधुराम पटलधामल वाधवाणी
- **फोन:** 8411004595
- **अंतर:** २७ किमी

या सर्व केंद्रांवर रीपर आणि इतर शेती यंत्रसामग्री भाड्याने मिळू शकते. आपल्या जवळच्या केंद्राशी संपर्क साधून उपलब्धता आणि भाडे दर याबद्दल माहिती घ्या.

**स्रोत: कृषी सेवा माहिती**

आपल्याला या केंद्रांबद्दल अधिक माहिती हवी आहे का किंवा इतर कोणत्या शेती सेवांबद्दल जाणून घ्यायचे आहे?",2026-01-30T00:41:23.977264,kenpath/mhv_vistaar_all_mhv_vistaar_all_qwen3-32b_v0.2_v0.2.1,FT Qwen 3 (32B) v0.2.1
34325453fd051aa720152b29f47e98c0,Scheme,Devanagri,भंडारा भागात पीक विमा योजनेसाठी कोणती कागदपत्रे लागतात?,What documents are required for crop insurance scheme in Bhandara area?,,"भंडारा भागातील पीक विमा योजनेसाठी (Restructured Weather Base Crop Insurance Scheme - RWBCIS) अर्ज करताना खालील कागदपत्रे आवश्यक आहेत:

**लागणारी कागदपत्रे:**
1. **अ‍ॅग्रिस्टॅक क्रमांक**
2. **आधार कार्ड**
3. **बँक खाते तपशील**
4. **जमीन तपशील आणि पीक तपशील**
5. **डिजिटल पीक सर्वेक्षण (ई-पीक पाहणी)**

**योजनेची माहिती:**
या योजनेत भारी पाऊस, कमी पाऊस, दीर्घ कोरडा काळ, अवकाळी पाऊस, कमी तापमान, जास्त तापमान, आर्द्रता, वारा आणि गारपीट यांसारख्या अनुकूल नसलेल्या हवामान परिस्थितीमुळे अपेक्षित पीक नुकसानीसाठी विमा संरक्षण आणि आर्थिक सहाय्य दिले जाते.

**अर्ज प्रक्रिया:**
www.pmfby.gov.in या पोर्टलवर निश्चित तारखेच्या आत ऑनलाइन अर्ज करावा.

**स्रोत: शासकीय योजना माहिती**

आपल्याला या योजनेबद्दल अधिक माहिती हवी आहे का किंवा इतर कोणत्या शासकीय योजनांची माहिती पाहायची आहे?",2026-01-30T00:56:32.940179,kenpath/mhv_vistaar_all_mhv_vistaar_all_qwen3-32b_v0.2_v0.2.1,FT Qwen 3 (32B) v0.2.1
4886c7518cca06abf291bef717c31000,MahaDBT,Romanized,Sangli jilhyatil mazya sarv pralambhit arjanchi sthiti dakhva.,Show status of all my pending applications in Sangli district.,,"सांगली जिल्ह्यातील आपल्या अर्जांची स्थिती तपासण्यासाठी आपल्या शेतकरी आयडीची आवश्यकता आहे. आपण महाडीबीटी पोर्टलवर नोंदणी केल्यास आपल्या अर्जांची स्थिती तपासता येईल.

**स्रोत: महाडीबीटी अर्ज स्थिती**

आपल्याला उपलब्ध शासकीय योजनांची माहिती हवी आहे का, ज्यांसाठी आपण अर्ज करू शकता?",2026-01-30T00:41:20.084547,kenpath/mhv_vistaar_all_mhv_vistaar_all_qwen3-32b_v0.2_v0.2.1,FT Qwen 3 (32B) v0.2.1
20595b53aa79caa7c25fef6f4ee251f0,Weather Forecast,Romanized,Jalgaon madhe pudhchya athavdyat joradar pavsachi shakyata aahe ka?,Is there a possibility of heavy rain next week in Jalgaon?,,"जळगाव जिल्ह्यासाठी पुढील आठवड्यातील हवामान अंदाज सध्या उपलब्ध नाही. आपल्याला जवळच्या इतर बाजारातील हवामान माहिती पाहायची आहे का, किंवा वेगळ्या शेतीविषयक प्रश्नाबद्दल मदत हवी आहे का?

**स्रोत: हवामान अंदाज (IMD)**",2026-01-30T00:41:36.205106,kenpath/mhv_vistaar_all_mhv_vistaar_all_qwen3-32b_v0.2_v0.2.1,FT Qwen 3 (32B) v0.2.1
0f7edbf8fc9492a4e71486feeef7e715,Scheme,Romanized,Hingoli jilhyatil shetkaryansathi kontya yojana uplabdh ahet?,What schemes are available for farmers in Hingoli district?,,"हिंगोली जिल्ह्यातील शेतकऱ्यांसाठी खालील महत्त्वाच्या शासकीय योजना उपलब्ध आहेत:

## मुख्यमंत्री शाश्वत कृषी सिंचन योजना - वैयक्तिक शेततळे

**योजनेचा उद्देश:** शेतकऱ्यांना वैयक्तिक शेततळे बांधण्यासाठी अनुदान देणे.

**लाभ:** शेततळ्याच्या आकारानुसार किमान ₹१४,४३३/- ते कमाल ₹७५,०००/- पर्यंत अनुदान मिळते.

**पात्रता:** कोकण विभागातीन किमान ०.२० हेक्टर जमीन असणारे शेतकरी, इतर महाराष्ट्रातील किमान ०.४० हेक्टर जमीन असणारे शेतकरी पात्र आहेत.

**आवश्यक कागदपत्रे:**
- ७/१२ किंवा ८अ उतारा
- आधार कार्ड किंवा ओळखपत्र
- आधार क्रमांक बँक खात्याशी जोडल्याचा पुरावा

**अर्ज प्रक्रिया:** महाडीबीटी पोर्टलवर ऑनलाइन अर्ज करा: https://mahadbt.maharashtra.gov.in

---

## नानाजी देशमुख कृषी संजीवनी प्रकल्प - विहीर पुनर्भरण (फक्त पोक्रा गावांसाठी)

**योजनेचा उद्देश:** विहिरीतील पाणीपातळी वाढवण्यासाठी विहीर पुनर्भरण करणे.

**लाभ:** विहिरीतील पाणीपातळी वाढवून शेतकऱ्यांना सिंचनासाठी पाणी उपलब्ध करून देणे.

**पात्रता:** स्वतःची खोल विहीर असणारे शेतकरी आणि जास्तीत जास्त ५ हेक्टर जमीन असणारे शेतकरी पात्र आहेत.

**अर्ज प्रक्रिया:** महाविस्तार-एआय अॅप किंवा mahapocra.gov.in पोर्टलवरून ऑनलाइन अर्ज करता येतो.

**महत्त्वाची सूचना:** ही योजना फक्त पोक्रा (नानाजी देशमुख कृषी संजीवनी प्रकल्प) गावांसाठी उपलब्ध आहे.

---

## इतर उपलब्ध योजना (मुख्य योजनांची नावे):

**राज्य योजना:**
- गोपीनाथ मुंडे शेतकरी अपघात सुरक्षा योजना
- डॉ. बाबासाहेब आंबेडकर कृषी स्वावलंबन योजना (बकसी)
- भाऊसाहेब फुंडकर बागायती लागवड योजना
- बिरसा मुंडा कृषी क्रांती योजना
- राज्य प्रायोजित कृषी यांत्रिकीकरण योजना

**केंद्रीय योजना:**
- प्रधानमंत्री किसान सम्मान निधी (पीएम-किसान)
- प्रधानमंत्री फसल बीमा योजना (पीएमएफबीवाय)
- प्रधानमंत्री किसान मानधन योजना

**स्रोत: शासकीय योजना माहिती**

आपल्याला या योजनांपैकी कोणत्याही विशिष्ट योजनेबद्दल अधिक माहिती हवी आहे का? किंवा आपल्या जमिनीच्या आकारानुसार कोणती योजना योग्य आहे हे जाणून घ्यायचे आहे का?",2026-01-30T00:45:24.752238,kenpath/mhv_vistaar_all_mhv_vistaar_all_qwen3-32b_v0.2_v0.2.1,FT Qwen 3 (32B) v0.2.1
7b45c99c130687cbd503975e6e41051c,MahaDBT,Devanagri,लातूर भागातील माझं अनुदान मंजूर झालं आहे का?,Has my subsidy been approved in Latur area?,,"लातूर भागातील अर्जाची स्थिती तपासण्यासाठी आपला शेतकरी आयडी आवश्यक आहे. सध्या आपली अर्ज स्थिती उपलब्ध नाही.

आपल्याला उपलब्ध शासकीय योजनांची माहिती हवी आहे का, ज्यात अनुदान मिळवण्याची संधी आहे?",2026-01-30T00:41:46.858075,kenpath/mhv_vistaar_all_mhv_vistaar_all_qwen3-32b_v0.2_v0.2.1,FT Qwen 3 (32B) v0.2.1
410387100d586de14c0a80c4eeeb2677,Soil Lab,Romanized,Jalgaon madhe mruda arogya patrika denari prayogshala shodha.,Find laboratory that provides Soil Health Card in Jalgaon.,,"जळगाव जिल्ह्यातील जवळच्या मृदा आरोग्य परीक्षण प्रयोगशाळांची माहिती खालीलप्रमाणे आहे:

**१. मृदा परीक्षण प्रयोगशाळा, जळगाव** (सर्वात जवळ - ६ किमी)
- **पत्ता:** जिल्हा मृदा सर्वेक्षण व मृदा परीक्षण अधिकारी, कृषी-पॉलीक्लिनिक, मामुराबाद सर्व्हे नं. १११४, तालुका व जिल्हा जळगाव
- **संपर्क व्यक्ती:** श्री. भारत वामन वारे
- **फोन:** 9422625574

**२. मृदा परीक्षण प्रयोगशाळा, बुलढाणा** (८२ किमी)
- **पत्ता:** जिल्हा मृदा सर्वेक्षण व मृदा परीक्षण अधिकारी, रामकृष्ण आश्रम जवळ, जिल्हाधिकारी निवासस्थान रोड, बुलढाणा
- **संपर्क व्यक्ती:** श्री. व्ही.एच. विश्वे
- **फोन:** 9420611958

**३. मृदा परीक्षण प्रयोगशाळा, धुळे** (८३ किमी)
- **पत्ता:** जिल्हा मृदा परीक्षण प्रयोगशाळा, तालुका फळ रोपवाटिका परिसर, पिंप्री फार्म, पिंप्री, धुळे ४२४००१
- **संपर्क व्यक्ती:** श्रीमती पी.जी. सोनवणे
- **फोन:** 9420871063

मृदा परीक्षण प्रयोगशाळेत जाऊन आपल्या शेतातील मातीचे नमुने तपासणीसाठी द्या. या तपासणीत मातीचा पीएच, सेंद्रिय कार्बन आणि नायट्रोजन, फॉस्फरस, पोटॅशियम यांसारख्या अन्नद्रव्यांची माहिती मिळते. यावरून आपण योग्य खत व्यवस्थापन करू शकता.

**स्रोत: कृषी सेवा माहिती**

आपल्याला मातीच्या नमुने कसे गोळा करावेत किंवा मृदा परीक्षणाच्या अहवालावर कसे विश्लेषण करावे याबद्दल माहिती हवी आहे का?",2026-01-30T00:42:26.541688,kenpath/mhv_vistaar_all_mhv_vistaar_all_qwen3-32b_v0.2_v0.2.1,FT Qwen 3 (32B) v0.2.1
a652d2bea1d4325349aead12de24072a,Mandi Price,Devanagri,ठाणे बाजारात हळद चा ट्रेंड कसा आहे?,What is the trend of turmeric in Thane market?,,"ठाणे जवळच्या कळ्याण बाजारामध्ये हळद (turmeric) चे दर सध्या उपलब्ध नाहीत. मात्र, या बाजारात इतर भाजीपाला आणि धान्यांचे दर उपलब्ध आहेत.

**कळ्याण बाजारातील इतर उपलब्ध दर:**
- कांदा (नंबर १): ₹१,६०० ते ₹१,७०० प्रति क्विंटल
- गहू (शरबती): ₹३,३०० ते ₹४,००० प्रति क्विंटल
- तूर (मोगलाई): ₹१०,००० ते ₹१३,००० प्रति क्विंटल
- हरभरा: ₹६,००० ते ₹८,००० प्रति क्विंटल

**स्रोत: बाजारभाव**

आपल्याला जवळच्या इतर बाजारातील हळदचे दर तपासायचे आहेत का? किंवा इतर कोणत्या पिकाचे दर जाणून घ्यायचे आहेत?",2026-01-30T00:42:25.302658,kenpath/mhv_vistaar_all_mhv_vistaar_all_qwen3-32b_v0.2_v0.2.1,FT Qwen 3 (32B) v0.2.1
2e217d6d32ac450577a823d0f99e3e5d,Soil Lab,Devanagri,हिंगोली जिल्ह्यात जमिनीची क्षारता तपासण्यासाठी प्रयोगशाळा कोणती?,Which laboratory tests soil salinity in Hingoli district?,,"हिंगोली जिल्ह्यासाठी माती परीक्षण प्रयोगशाळा माहिती उपलब्ध नाही. आपल्याला जवळच्या इतर जिल्ह्यातील माती परीक्षण प्रयोगशाळेची माहिती पाहायची आहे का? किंवा आपल्या स्थानिक कृषी कार्यालयाशी संपर्क साधून अधिक माहिती मिळवू शकता.

**स्रोत: कृषी सेवा माहिती**",2026-01-30T00:42:34.471589,kenpath/mhv_vistaar_all_mhv_vistaar_all_qwen3-32b_v0.2_v0.2.1,FT Qwen 3 (32B) v0.2.1
7720880e8484f5bce75a9da5417cc64f,Advisory,Romanized,Amravati bhagat orange sathi khatanche velapatra suchva.,Suggest fertilizer schedule for orange in Amravati area.,,"आमरावती जिल्ह्यातील भगत संत्रीसाठी खत व्यवस्थापनाचे वेळापत्रक खालीलप्रमाणे आहे:

**एकात्मिक खत व्यवस्थापन (१० वर्षे आणि त्यापेक्षा जास्त वयाच्या झाडांसाठी):**

प्रति झाड दरवर्षी खालील प्रमाणे खते द्यावीत:
- **शेणखत:** ५० किलो
- **नत्र (युरिया):** ९०० ग्रॅम
- **स्फुरद:** ३०० ग्रॅम
- **पालाश:** ३०० ग्रॅम
- **व्हीएएम (व्हेसिकल अर्बस्क्युलर मायकोरायझा):** ५०० ग्रॅम
- **फॉस्फरस विरघळवणारे जीवाणू:** १०० ग्रॅम
- **अॅझोस्पिरिलम:** १०० ग्रॅम
- **ट्रायकोडर्मा:** १०० ग्रॅम

**खते देण्याची पद्धत:**
१. बहार घेण्यापूर्वी शेणखत + अर्धे नत्र + संपूर्ण स्फुरद आणि पालाश तसेच जैवखते (शेणखतात मिसळून) द्यावीत.
२. उर्वरित अर्धे नत्र फळे वाटाण्याएवढी झाल्यावर द्यावे.

**सेंद्रिय खत व्यवस्थापन:**
६ वर्षे आणि त्यापेक्षा जास्त वयाच्या झाडांसाठी:
- **गांडूळखत:** ६० किलो प्रति झाड
- **ट्रायकोडर्मा हरझियनम:** ४० मिली
- **अझाडिरॅक्टिन १% WP:** ४ मिली प्रति लिटर पाण्यात
- **स्यूडोमोनास फ्लोरेसन्स:** ४० मिली प्रति झाड

**सूक्ष्म अन्नद्रव्ये फवारणी:**
- **झिंक सल्फेट:** ०.५%
- **फेरस सल्फेट:** ०.५%
- **बोरॉन:** ०.१%
- **आंबिया फळांसाठी:** जुलै-ऑगस्टमध्ये फवारणी
- **मृग फळांसाठी:** ऑक्टोबर-नोव्हेंबरमध्ये फवारणी

**ठिबक सिंचनाद्वारे खत व्यवस्थापन:**
१० वर्षे आणि त्यापेक्षा जास्त वयाच्या झाडांसाठी:
- **पाणी:** वाष्पीकरण व वाष्पोत्सर्जनाच्या ९०% प्रमाणात
- **खते:** पाण्यात विरघळणाऱ्या खतांद्वारे ९६०:३२०:३२० ग्रॅम NPK प्रति झाड

**स्रोत: डॉ. पंजाबराव देशमुख कृषी विद्यापीठ**

आपल्या भगत संत्रीच्या बागेत फळगळ कमी करण्यासाठी किंवा फळांची गुणवत्ता सुधारण्यासाठी आपल्याला अधिक माहिती हवी आहे का?",2026-01-30T00:42:55.241739,kenpath/mhv_vistaar_all_mhv_vistaar_all_qwen3-32b_v0.2_v0.2.1,FT Qwen 3 (32B) v0.2.1
445887bdad97b330790a53a5e4519377,Weather Forecast,Devanagri,गडचिरोली जिल्ह्यात या आठवड्यात मुसळधार पावसाची शक्यता आहे का?,Is there a possibility of heavy rainfall this week in Gadchiroli district?,,"गडचिरोली जिल्ह्यासाठी हवामान अंदाज सध्या उपलब्ध नाही. या आठवड्यातील पावसाच्या शक्यतेबद्दल मला माहिती नाही.

आपल्याला इतर कोणत्या जिल्ह्यासाठी हवामान माहिती हवी आहे का, किंवा आपल्याला शेतीविषयक इतर कोणता प्रश्न विचारायचा आहे?",2026-01-30T00:42:55.666182,kenpath/mhv_vistaar_all_mhv_vistaar_all_qwen3-32b_v0.2_v0.2.1,FT Qwen 3 (32B) v0.2.1
8d0a3e0d291c384d7acf386d34db45d4,Weather Forecast,Devanagri,कोल्हापूर मध्ये वांगे लागवडीसाठी हवामान अनुकूल आहे का?,Is the weather favorable for brinjal planting in Kolhapur?,,कोल्हापूरसाठी हवामान अंदाज आणि इतिहास माहिती सध्या उपलब्ध नाही. आपल्याला जवळच्या इतर बाजारातील हवामान माहिती तपासायची आहे का? किंवा वांगे लागवडीबद्दल इतर काही माहिती हवी आहे का?,2026-01-30T00:43:17.648623,kenpath/mhv_vistaar_all_mhv_vistaar_all_qwen3-32b_v0.2_v0.2.1,FT Qwen 3 (32B) v0.2.1
3497377f00ed3c932d709f3eeeefbf7c,Mandi Price,Devanagri,सिंधुदुर्ग बाजारात द्राक्षे सध्या किती भावाने चालतोय?,At what price is grapes currently selling in Sindhudurg market?,,"मला सिंधुदुर्ग बाजारातील द्राक्षांचे भाव सध्या उपलब्ध नाहीत. आपल्याला जवळच्या दुसऱ्या बाजारातील द्राक्षांचे भाव तपासायचे आहेत का, किंवा दुसऱ्या पिकाचे भाव जाणून घ्यायचे आहेत का?",2026-01-30T00:43:14.651327,kenpath/mhv_vistaar_all_mhv_vistaar_all_qwen3-32b_v0.2_v0.2.1,FT Qwen 3 (32B) v0.2.1
3343fb3d87414b66dd66aa053edfadc7,Warehouse,Romanized,Palghar jilhyat grapes sathavnyasathi godam kuthe aahe?,Where is the warehouse for storing grapes in Palghar district?,,"पलघर जिल्ह्यात गोदाम (साठवणूक सुविधा) साठी माहिती उपलब्ध नाही. आपल्याला जवळच्या दुसऱ्या ठिकाणासाठी गोदाम माहिती तपासायची आहे का? किंवा आपल्या स्थानिक कृषी कार्यालयाशी संपर्क साधून अधिक माहिती मिळवू शकता.

**स्रोत: कृषी सेवा माहिती**",2026-01-30T00:43:31.670909,kenpath/mhv_vistaar_all_mhv_vistaar_all_qwen3-32b_v0.2_v0.2.1,FT Qwen 3 (32B) v0.2.1
ce6f81f29c352647a6327c9523efdac8,Advisory,Devanagri,जालना जिल्ह्यात भुईमूग लागवडीची योग्य वेळ कोणती?,What is the right time for groundnut planting in Jalna district?,,"जालना जिल्ह्यात भुईमूग लागवडीसाठी योग्य वेळ खरीप हंगामात आहे. भुईमूग हे खरीप पीक असून, जालना जिल्ह्यातील हवामान आणि मातीच्या प्रकारानुसार लागवड करण्यासाठी खालील माहिती महत्त्वाची आहे:

**भुईमूग लागवडीची योग्य वेळ:**

खरीप हंगामात, भुईमूग पेरणी जून महिन्याच्या पहिल्या आठवड्यात किंवा पावसाळा सुरू होण्याच्या ७-८ दिवस आधी करावी. जालना जिल्ह्यात जुलै महिन्यात पाऊस सुरू होतो, त्यामुळे जूनच्या शेवटच्या आठवड्यात किंवा जुलैच्या पहिल्या आठवड्यात पेरणी करणे योग्य राहील.

**लागवडीसाठी आवश्यक तयारी:**

- जमीन खोल नांगरून २-३ वखरणी द्याव्यात.
- शेवटच्या वखरणीपूर्वी प्रति हेक्टर १० टन शेणखत मिसळावे.
- बियाणे पेरणीपूर्वी ट्रायकोडर्मा किंवा कार्बेन्डाझिम + थायरम या बुरशीनाशकाने प्रक्रिया करावी.
- रायझोबियम आणि स्फुरद विरघळणाऱ्या जीवाणूंची प्रक्रिया बियाण्यांवर करावी.

**लागवडीचे अंतर:**

- ओळीतील अंतर: ३० सेंमी
- दोन रोपांतील अंतर: १० सेंमी

**महत्त्वाची सूचना:**

जालना जिल्ह्यात पावसाचा अंदाज नसल्याने, आपल्याला जवळच्या बाजारातील भुईमूग बाजारभाव तपासायचे आहेत का किंवा लागवडीसाठी इतर कोणती माहिती हवी आहे?

**स्रोत: डॉ. पंजाबराव देशमुख कृषी विद्यापीठ**",2026-01-30T00:43:53.990938,kenpath/mhv_vistaar_all_mhv_vistaar_all_qwen3-32b_v0.2_v0.2.1,FT Qwen 3 (32B) v0.2.1
2005bb6a3be024f0878246216cdf2d23,KVK,Devanagri,कोल्हापूर जिल्ह्यातील KVK चे कार्यालयीन वेळ काय आहे?,What are the office hours of KVK in Kolhapur district?,,"कोल्हापूर जिल्ह्यासाठी कृषी विज्ञान केंद्र (KVK) ची माहिती सध्या उपलब्ध नाही. कृपया आपल्या स्थानिक कृषी कार्यालयात संपर्क साधा किंवा जवळच्या दुसऱ्या ठिकाणासाठी माहिती पाहू इच्छिता का?

**स्रोत: कृषी सेवा माहिती**",2026-01-30T00:43:42.852224,kenpath/mhv_vistaar_all_mhv_vistaar_all_qwen3-32b_v0.2_v0.2.1,FT Qwen 3 (32B) v0.2.1
019180675990a8584ddf9a44e5d39c1d,Advisory,Devanagri,हिंगोली जिल्ह्यात ज्वारी पिकासाठी योग्य जमिनीचा प्रकार कोणता?,What type of soil is suitable for sorghum crop in Hingoli district?,,"हिंगोली जिल्ह्यात ज्वारी पिकासाठी योग्य जमिनीचा प्रकार आणि त्याची वैशिष्ट्ये खालीलप्रमाणे आहेत:

**ज्वारी पिकासाठी योग्य जमिनीचा प्रकार:**

ज्वारी हे पीक हलक्या ते मध्यम जमिनीत चांगले वाढते ज्या जमिनीत ओलावा जास्त काळ टिकतो. हिंगोली जिल्ह्यात ज्वारी पिकासाठी खालील जमिनी योग्य आहेत:

**१. काळी जमीन (मध्यम ते भारी):**
हिंगोली जिल्हा मराठवाडा विभागात येतो जिथे मध्यम ते भारी काळ्या जमिनी आढळतात. या जमिनीत ज्वारी चांगले उत्पादन देते. ज्वारी हलक्या ते मध्यम काळ्या जमिनीत चांगली वाढते.

**२. जमिनीचा सामू (pH):**
ज्वारी पिकासाठी जमिनीचा सामू ५.५ ते ८.५ दरम्यान असावा. या श्रेणीतील जमिनीत ज्वारी चांगली वाढते.

**३. जमिनीची खोली:**
जमिनीच्या खोलीनुसार योग्य जातींची निवड करावी. कोरडवाहू भागात जमिनीच्या खोलीनुसार योग्य जाती निवडल्यास जास्त उत्पादन मिळते.

**४. पाणी साचलेली किंवा क्षारयुक्त जमीन टाळावी:**
ज्वारी पिकासाठी पाणी साचलेली किंवा क्षारयुक्त जमीन योग्य नाही. ज्वारी हलक्या ते मध्यम जमिनीत चांगली वाढते.

**५. माती परीक्षण:**
पेरणीपूर्वी माती परीक्षण करून उपलब्ध पोषक तत्वांची माहिती घ्यावी आणि आवश्यकतेनुसार खतांचा वापर करावा.

**स्रोत: MPKV कृषी दर्शनी, Krushi VNMAU**

आपल्या शेतातील माती परीक्षण केले आहे का? त्यामुळे आपल्याला आवश्यक खतांची अचूक माहिती मिळेल.",2026-01-30T00:44:05.405657,kenpath/mhv_vistaar_all_mhv_vistaar_all_qwen3-32b_v0.2_v0.2.1,FT Qwen 3 (32B) v0.2.1
18d64918beffdaa1e07db93c395ff736,Advisory,Devanagri,रत्नागिरी मध्ये वासरांना जंतनाशक कधी द्यावे?,When to deworm calves in Ratnagiri?,,"रत्नागिरी जिल्ह्यातील वासरांना जंतनाशक देण्याची योग्य वेळ आणि पद्धत खालीलप्रमाणे आहे:

**वासरांना जंतनाशक कधी द्यावे:**

**पहिली मात्रा:** वासरूच्या जन्मानंतर ८-१० दिवसांनी पहिली कृमिनाशक मात्रा द्यावी. यासाठी १० ग्रॅम पायपराझिन अॅडिपेट किंवा अॅल्बेन्डाझोल यापैकी एक औषध वापरावे.

**पुढील मात्रा:** पहिल्या मात्रेनंतर प्रत्येक महिन्याला एक वर्षापर्यंत वासरांना कृमिनाशक द्यावे. म्हणजे १ महिना, २ महिना, ३ महिना, ४ महिना, ५ महिना, ६ महिना अशा वेळापत्रकानुसार द्यावे.

**६ महिन्यांनंतर:** ६ महिन्यांपासून १८ महिन्यांपर्यंत वासरांना अॅल्बेन्डाझोल किंवा इव्हरमेक्टिन इंजेक्शन द्यावे. या वयात दर तीन महिन्यांनी एकदा कृमिनाशक द्यावे.

**प्रौढ गायींसाठी:** प्रौढ गायींना दरवर्षी दोन वेळा कृमिनाशक द्यावे - पावसाळ्यापूर्वी आणि हिवाळ्यात.

**महत्त्वाच्या सूचना:**
- दरवेळी वेगवेगळ्या प्रकारचे कृमिनाशक वापरा जेणेकरून प्रतिकारशक्ती वाढणार नाही.
- योग्य मात्रा वापरा आणि प्रमाण चुकवू नका.
- औषधाचे प्रमाण आणि प्रकार नेहमी पात्र पशुवैद्यकांच्या सल्ल्याने ठरवा.

**स्रोत: Manual on Management Gaushala, MAFSU, Animal Science and Technology Standard XII**

आपल्याला वासरांच्या इतर आरोग्य व्यवस्थापनाबद्दल किंवा लसीकरण वेळापत्रकाबद्दल माहिती हवी आहे का?",2026-01-30T00:44:32.491959,kenpath/mhv_vistaar_all_mhv_vistaar_all_qwen3-32b_v0.2_v0.2.1,FT Qwen 3 (32B) v0.2.1
8d5e46bca995eacc96bbb98675abb532,Weather Historical,Devanagri,बुलढाणा भागात गेल्या २ दिवसांत आर्द्रता किती होती?,What was the humidity in the last 2 days in Buldhana area?,,बुलढाणा भागासाठी गेल्या २ दिवसांची हवामान माहिती सध्या उपलब्ध नाही. आपल्याला आजचा किंवा पुढील काही दिवसांचा हवामान अंदाज पाहायचा आहे का?,2026-01-30T00:44:14.159091,kenpath/mhv_vistaar_all_mhv_vistaar_all_qwen3-32b_v0.2_v0.2.1,FT Qwen 3 (32B) v0.2.1
c7fc7ce4d5dacc62443aea4b57d2c7a4,Soil Lab,Romanized,Gadchiroli madhe mruda arogya patrika denari prayogshala shodha.,Find laboratory that provides Soil Health Card in Gadchiroli.,,"गडचिरोली जिल्ह्यासाठी माती परीक्षण प्रयोगशाळा (मृदा आरोग्य पत्रिका) ची माहिती सध्या उपलब्ध नाही. आपल्याला जवळच्या इतर ठिकाणांसाठी माती परीक्षण प्रयोगशाळेची माहिती तपासायची आहे का? तसेच, आपण आपल्या स्थानिक कृषी कार्यालयात संपर्क साधून अधिक माहिती घेऊ शकता.

**स्रोत: कृषी सेवा माहिती**",2026-01-30T00:44:25.430820,kenpath/mhv_vistaar_all_mhv_vistaar_all_qwen3-32b_v0.2_v0.2.1,FT Qwen 3 (32B) v0.2.1
1a7d5810bf98ec85c6408929146a2940,Advisory,Devanagri,परभणी जिल्ह्यात कोंबड्यांना Ranikhet रोगापासून बचाव कसा करावा?,How to prevent Newcastle disease in poultry in Parbhani district?,,"परभणी जिल्ह्यात कोंबड्यांना रानीखेत (लासोटा) रोगापासून बचाव करण्यासाठी खालील उपाययोजना करा:

**रानीखेत रोगाचे मुख्य लक्षणे:**
- भूक कमी होणे
- म्लानपणा आणि अवसाद
- पंखांचे गुंडाळणे
- श्वासोच्छवासाची त्रास
- नाकातून स्त्राव
- हिरवट पाणीसारखा अतिसार
- पंजांची किंवा पंखांची बुंध्या
- गर्द गाठी (टोर्टिकॉलिस)
- अंडे उत्पादनात घट
- शेवटी मृत्यू

**रानीखेत रोगाचा बचाव लसीकरणाद्वारे:**

**अंडी उत्पादनासाठी कोंबड्या:**
| वय (दिवस) | लसीकरण | पद्धत |
|-----------|--------|--------|
| १ दिवस | मारेक्स | खालच्या खांद्याच्या मांसात लसीकरण |
| ५-७ दिवस | रानीखेत (लासोटा) | डोळ्यात किंवा नाकात एक थेंब |
| १४-१५ दिवस | गंबोरो | डोळ्यात दोन थेंब |
| २१-२२ दिवस | लासोटा (बूस्टर) | पाण्यातून |
| ४२ दिवस | फोल पॉक्स | पंखाखाली छातीच्या त्वचेत |
| ५६ दिवस | रानीखेत (आर२बी) | पंखाखाली त्वचेखाली |
| ११२ दिवस | न्यू कॅसल डिसीज (मृत) | त्वचेखाली लसीकरण |

**मांसासाठी कोंबड्या (ब्रॉयलर):**
- ८ दिवसांत रानीखेत लसीकरण
- १४-१८ दिवसांत गंबोरो लसीकरण (डोळे/नाकात)

**महत्त्वाच्या सूचना:**
- लसीकरणासाठी वापरण्यात येणाऱ्या पाण्याची गुणवत्ता आणि स्वच्छता चांगली असावी
- रोगग्रस्त पक्ष्यांना वेगळे ठेवा
- मृत पक्ष्यांचे योग्य निस्तारण करा (जाळून किंवा खोल गाडून)
- निवारा स्वच्छ आणि कोरडा ठेवा
- भेटदारांना निवार्यात येण्याची परवानगी देऊ नका
- लसीकरणानंतर तीन महिन्यांनी रानीखेत लसीकरण (लासोटा) पाण्यातून द्या

**स्रोत: MAFSU Diary, Animal Science and Technology Standard XII**

आपल्या कोंबड्यांच्या निवार्यात नेहमी हवेची आदळ ठेवा आणि स्वच्छ पाणी द्या. लसीकरण वेळेवर केल्यास रानीखेत रोगापासून चांगला बचाव होतो. आपल्याला कोंबड्यांच्या इतर रोगांबद्दल किंवा खाद्य व्यवस्थापनाबद्दल माहिती हवी आहे का?",2026-01-30T00:44:57.633514,kenpath/mhv_vistaar_all_mhv_vistaar_all_qwen3-32b_v0.2_v0.2.1,FT Qwen 3 (32B) v0.2.1
2998ea477c33cd0e30aa69b944de9549,Weather Forecast,Devanagri,धुळे मध्ये या आठवड्यात सिंचन वाढवावे का?,Should irrigation be increased this week in Dhule?,,"धुळे या ठिकाणासाठी हवामान माहिती सध्या उपलब्ध नाही. त्यामुळे या आठवड्यात सिंचन वाढवावे का याबद्दल नेमकी शिफारस देता येत नाही.

सिंचन व्यवस्थापनासाठी खालील सूचना लक्षात ठेवा:
- जर आपल्या शेतातील माती ओलसर असेल आणि पिकांना विशेष गरज नसेल, तर अतिरिक्त पाणी देणे टाळा
- जर गेल्या काही दिवसांत पाऊस पडला नसेल आणि माती कोरडी वाटत असेल, तर हलके सिंचन करणे योग्य ठरेल
- पिकाच्या वाढीच्या अवस्थेनुसार सिंचनाचे नियोजन करा

आपल्याला धुळे जवळच्या इतर बाजारातील भाव पाहायचे आहेत का किंवा इतर कोणत्या शेतीविषयक माहितीची गरज आहे का?

**स्रोत: हवामान अंदाज (IMD)**",2026-01-30T00:44:59.666449,kenpath/mhv_vistaar_all_mhv_vistaar_all_qwen3-32b_v0.2_v0.2.1,FT Qwen 3 (32B) v0.2.1
41e7a631ab455e5404430ce4c96a4ecc,KVK,Romanized,Gondia bhagat KVK cha sampark kramank kay aahe?,What is the contact number of KVK in Gondia area?,,"गोंदिया जिल्ह्यासाठी कृषी विज्ञान केंद्र (KVK) ची माहिती सध्या उपलब्ध नाही. आपल्याला जवळच्या इतर ठिकाणांसाठी KVK सेवा माहिती पाहायची आहे का? किंवा आपण आपल्या स्थानिक कृषी कार्यालयात संपर्क साधून अधिक माहिती मिळवू शकता.

**स्रोत: कृषी सेवा माहिती**",2026-01-30T00:45:09.878303,kenpath/mhv_vistaar_all_mhv_vistaar_all_qwen3-32b_v0.2_v0.2.1,FT Qwen 3 (32B) v0.2.1
ba91aba366e25cbade2c11589b7489e3,Warehouse,Devanagri,सोलापूर मध्ये विमा सुविधा देणारे गोदाम शोधा.,Find warehouse providing insurance facility in Solapur.,,"सोलापूर या ठिकाणासाठी विमा सुविधा देणाऱ्या गोदामांची माहिती सध्या उपलब्ध नाही.

आपल्याला जवळच्या इतर ठिकाणांसाठी गोदाम सेवा माहिती तपासायची आहे का? किंवा आपल्या स्थानिक कृषी कार्यालयात संपर्क साधून अधिक माहिती मिळवू इच्छिता का?

**स्रोत: कृषी सेवा माहिती**",2026-01-30T00:45:12.443161,kenpath/mhv_vistaar_all_mhv_vistaar_all_qwen3-32b_v0.2_v0.2.1,FT Qwen 3 (32B) v0.2.1
e5175381b1bf1ea4a3edb2e739b54007,Advisory,Devanagri,धुळे भागात मिरची पिकावरील लष्करी अळी चे नियंत्रण कसे करावे?,How to control armyworm on chili crop in Dhule area?,,"धुळे भागात मिरची पिकावरील लष्करी अळी नियंत्रणासाठी मी आपल्याला मार्गदर्शन करतो.

## मिरची पिकावरील लष्करी अळी नियंत्रण

### लष्करी अळीची ओळख आणि नुकसान
लष्करी अळी ही एक अत्यंत नुकसानकारक कीड आहे जी मिरचीच्या पानांवर रात्रीच्या वेळी खात असते. या अळीचे अंडी आणि लहान अळ्या पानांच्या कडेपासून मध्यभागी जाऊन खातात, ज्यामुळे पानांवर छिद्रे पडतात आणि पाने खालच्या बाजूने खातात. यामुळे पिकाचे उत्पादन घटते.

### एकात्मिक व्यवस्थापन पद्धती

**१. जैविक नियंत्रण:**
- **ट्रायकोग्रामा परजीवी कीटक:** अंड्यांवर खाणारे ट्रायकोग्रामा परजीवी कीटक प्रति हेक्टर ५०,००० अंडी ३ वेळा, १० दिवसांच्या अंतराने सोडावेत.
- **नोमुरिया रायलीयी बुरशीजन्य कीटकनाशक:** २ ते ३ ग्रॅम प्रति लिटर पाण्यात मिसळून फवारणी करावी.
- **एपीएन किंवा मेटारायझियम:** कीडग्रस्त शेतात १०० ग्रॅम प्रति पंप फवारणी करावी.

**२. रासायनिक नियंत्रण:**
- **क्विनालफॉस २५ ईसी किंवा प्रोफेनोफॉस ५० ईसी:** २० मिली प्रति १० लिटर पाण्यात मिसळून फवारणी करावी.
- **थायोडीकार्ब ७५ डब्ल्यूपी:** २० ग्रॅम प्रति १० लिटर पाण्यात मिसळून फवारणी करावी.
- **लॅम्बडा सायहॅलोथ्रिन ५ ईसी:** १० मिली प्रति १० लिटर पाण्यात मिसळून फवारणी करावी.
- **इंडॉक्साकार्ब १४.५% + अॅसिटामिप्रिड ७.७% एससी:** १० मिली प्रति १० लिटर पाण्यात मिसळून फवारणी करावी.

**३. शारीरिक उपाय:**
- दोरी किंवा झाडाची फांदी आडवी करून पिकावर फिरवा जेणेकरून अळ्या खाली पडतील.
- जास्त कीडग्रस्त रोपे आणि अळ्या गोळा करून नष्ट करा.

**४. सावधगिरी:**
- नोव्हेंबरपूर्वी पायरेथ्रॉइड गटातील कीटकनाशके (लॅम्बडा सायहॅलोथ्रिन, फेनव्हॅलरेट) वापरू नका, कारण यामुळे पांढरी माशी वाढू शकते.
- फवारणी करताना सुरक्षात्मक साधने वापरा.

**स्रोत: कृषी विद्यापीठ मार्गदर्शक तत्त्वे**

आपल्या मिरची पिकावर लष्करी अळीची संख्या जास्त आहे का किंवा फक्त काही ठिकाणी आहे? यावरून अधिक विशिष्ट मार्गदर्शन देता येईल.",2026-01-30T00:46:00.974887,kenpath/mhv_vistaar_all_mhv_vistaar_all_qwen3-32b_v0.2_v0.2.1,FT Qwen 3 (32B) v0.2.1
69ae3cc8bee200bc7d5076894752d266,CHC,Devanagri,नंदुरबार भागात ड्रोन साठी ऑनलाइन बुकिंग करता येते का?,Can drone be booked online in Nandurbar area?,,"नंदुरबार भागात सध्या कस्टम हायरिंग सेंटर (CHC) किंवा ड्रोन भाड्याने देणाऱ्या सेवांची माहिती उपलब्ध नाही. ड्रोन साठी ऑनलाइन बुकिंग करण्यासाठी आपण आपल्या स्थानिक कृषी कार्यालयाशी संपर्क साधावा किंवा जवळच्या तालुक्यातील कस्टम हायरिंग सेंटर शोधून पाहावे.

आपल्याला नंदुरबार जिल्ह्यातील कृषी संस्थापकांची संपर्क माहिती हवी आहे का?",2026-01-30T00:45:36.412578,kenpath/mhv_vistaar_all_mhv_vistaar_all_qwen3-32b_v0.2_v0.2.1,FT Qwen 3 (32B) v0.2.1
8e6b0c040ed7419e6b1a61e3934df4a4,Mandi Price,Devanagri,कोल्हापूर मंडीत कोबी ला MSP पेक्षा जास्त भाव मिळतोय का?,Is cabbage getting more than MSP in Kolhapur mandi?,,"कोल्हापूर मंडीत कोबीचे सध्याचे भाव पाहता, **कोबी ला एमएसपी (किमान आधारभूत किंमत) पेक्षा जास्त भाव मिळतोय**.

**कोबीचे सध्याचे भाव (कोल्हापूर मंडी):**
- **किमान भाव:** ₹800 ते ₹1,200 प्रति क्विंटल
- **सरासरी भाव:** ₹900 ते ₹1,200 प्रति क्विंटल

**एमएसपी बद्दल माहिती:**
कोबीचे एमएसपी ₹6,000 प्रति हेक्टरी असते. मंडीतील भाव ₹800 ते ₹1,200 प्रति क्विंटल असल्याने, एका हेक्टरमधून तुम्हाला जास्त उत्पन्न मिळू शकते.

**सल्ला:**
कोबी चांगल्या दर्जाची असल्यास आणि योग्य प्रकारे साठवली असल्यास, तुम्हाला मंडीत चांगला भाव मिळू शकतो. सध्याच्या बाजारभावानुसार विक्री करणे फायदेशीर ठरू शकते.

**स्रोत: बाजारभाव**

आपल्याला कोबीच्या योग्य साठवणुकीबद्दल किंवा इतर भाज्यांच्या बाजारभावाबद्दल माहिती हवी आहे का?",2026-01-30T00:45:47.580329,kenpath/mhv_vistaar_all_mhv_vistaar_all_qwen3-32b_v0.2_v0.2.1,FT Qwen 3 (32B) v0.2.1
9d9232c4f25bc40bd30d7de62fbcfbd1,Weather Forecast,Devanagri,वाशिम भागात पुढचे काही दिवस तापमान किती राहील?,What will be the temperature for the next few days in Washim area?,,मला वाशिम भागासाठी हवामान अंदाज माहिती सध्या उपलब्ध नाही. आपल्याला जवळच्या दुसऱ्या बाजारातील किंवा जिल्ह्यातील हवामान माहिती पाहायची आहे का?,2026-01-30T00:45:46.488444,kenpath/mhv_vistaar_all_mhv_vistaar_all_qwen3-32b_v0.2_v0.2.1,FT Qwen 3 (32B) v0.2.1
4d34347fca854f183dc66562788d7528,Mandi Price,Romanized,Washim bajarat paddy sathvava ki atta vikava?,Should I store or sell paddy now in Washim market?,,"वाशिम बाजारात भात (तांदूळ) विकायचा निर्णय घेण्यापूर्वी आपल्याला बाजारभाव आणि हवामानाची माहिती घेणे अत्यंत महत्त्वाचे आहे.

**वाशिम बाजारातील भाताचे सध्याचे भाव:**
वाशिम बाजारात सध्या भाताचे दर उपलब्ध नाहीत. या बाजारात उडीद, चना, मूग, तूर, ज्वारी, सोयाबीन, गहू आणि हळद यांचे दर उपलब्ध आहेत. भाताचे दर नसल्याने आपल्याला जवळच्या दुसऱ्या बाजारातील भाव तपासायचे आहेत का?

**हवामान माहिती:**
मागील ५ दिवसांचे हवामान वाशिम जिल्ह्यात कोरडे आणि स्वच्छ होते. तापमान १४.५ ते २९.३ अंश सेल्सिअस दरम्यान होते आणि पाऊस पडलेला नाही. सध्या हवामान अनुकूल आहे आणि भात साठवण्यासाठी चांगली परिस्थिती आहे.

**साठवणुकीची शिफारस:**
भात साठवण्यासाठी योग्य साठवण सुविधा असलेल्या गोदामात (Warehouse) भात ठेवणे योग्य ठरेल. अशा गोदामात भात सुरक्षितपणे साठवता येतो आणि गरज असेल तेव्हा विक्री करता येते. गोदाम व्यवस्थापन प्रमाणपत्र (Warehouse Receipt System) असलेल्या गोदामात भात साठवल्यास आपल्याला अधिक चांगले दर मिळू शकतात.

**पुढील पावले:**
१. आपल्या जवळच्या जिल्ह्यातील दुसऱ्या बाजारातील भाताचे दर तपासा
२. वाशिम जवळील गोदामांची माहिती घ्या
३. भात विक्रीचा निर्णय घेण्यापूर्वी स्थानिक कृषी अधिकाऱ्यांशी संपर्क साधा

**स्रोत: बाजारभाव, हवामान इतिहास (Skymet), कृषी सेवा माहिती**

आपल्याला जवळच्या गोदामांची माहिती हवी आहे का किंवा भात विक्रीबद्दल अधिक माहिती हवी आहे का?",2026-01-30T00:46:51.247051,kenpath/mhv_vistaar_all_mhv_vistaar_all_qwen3-32b_v0.2_v0.2.1,FT Qwen 3 (32B) v0.2.1
93ad4870c2ae21f24492f65dd1e22267,Soil Lab,Devanagri,ठाणे भागात जमिनीचा सामू (pH) तपासण्यासाठी प्रयोगशाळा कोणती?,Which laboratory tests soil pH in Thane area?,,"ठाणे भागासाठी माती परीक्षण प्रयोगशाळा (सामू तपासणीसाठी) ची माहिती सध्या उपलब्ध नाही.

आपल्याला जवळच्या दुसऱ्या ठिकाणासाठी माती परीक्षण प्रयोगशाळांची माहिती पाहायची आहे का? किंवा आपल्या स्थानिक कृषी कार्यालयाशी संपर्क साधून अधिक माहिती घेऊ इच्छिता का?

**स्रोत: कृषी सेवा माहिती**",2026-01-30T00:46:09.392275,kenpath/mhv_vistaar_all_mhv_vistaar_all_qwen3-32b_v0.2_v0.2.1,FT Qwen 3 (32B) v0.2.1
58fef512cb3e38af1ccd965600bcf16b,Advisory,Devanagri,अकोला जिल्ह्यात वांगे बियाण्यांची उगवण शक्ती कशी तपासावी?,How to test germination of brinjal seeds in Akola district?,,"अकोला जिल्ह्यात वांगे बियाण्यांची उगवण शक्ती तपासण्यासाठी खालील पद्धत वापरा:

**उगवण चाचणी पद्धत:**

1. **बियाणे निवडा:** निरोगी आणि एकसारख्या आकाराची वांगे बियाणे निवडा.

2. **पेपर टॉवल पद्धत:**
   - एक ओली पेपर टॉवल घ्या आणि त्यावर २५ बियाणे ठेवा.
   - त्यावर दुसरी पेपर टॉवल घाला आणि थोडे पाणी शिंपडा जेणेकरून बियाणे ओलसर राहतील पण पाणी साचू नये.
   - हे संपूर्ण पॅकेट कापडाच्या कापडात घाला आणि २५-३० अंश सेल्सिअस तापमानात ठेवा.

3. **निरीक्षण:**
   - ७ दिवसांनंतर अंकुर आलेली बियाणे सावधगिरीने काढा.
   - उगवण शक्ती = (अंकुर आलेली बियाणे / एकूण बियाणे) × १००

4. **उगवण शक्तीचे प्रमाण:**
   - उत्तम बियाण्यांसाठी उगवण शक्ती ७५% किंवा त्याहून जास्त असावी.
   - उगवण शक्ती ७०% पेक्षा कमी असल्यास बियाण्यांची पेरणी टाळा.

**बियाणे प्रक्रिया (बीज प्रक्रिया):**
- पेरणीपूर्वी ट्रायकोडर्मा विरिडी ४ ग्रॅम प्रति किलो बियाणे किंवा कार्बेन्डाझिम ३७.५% + थायरम ३७.५% WP किंवा कार्बेन्डाझिम १२% + मॅन्कोझेब ६३% WP ३ ग्रॅम प्रति किलो बियाणे याने बियाणे प्रक्रिया करा.

**स्रोत: Dr. Panjabrao Deshmukh Krishi Vidyapeeth**

आपल्याला वांगे लागवडीसाठी योग्य जाती किंवा रोपवाटिका तयार करण्याबद्दल अधिक माहिती हवी आहे का?",2026-01-30T00:46:33.266317,kenpath/mhv_vistaar_all_mhv_vistaar_all_qwen3-32b_v0.2_v0.2.1,FT Qwen 3 (32B) v0.2.1
e8610394bcef18f6c036e8d38dd127b9,KVK,Devanagri,गोंदिया भागात KVK चा संपर्क क्रमांक काय आहे?,What is the contact number of KVK in Gondia area?,,"गोंदिया भागासाठी KVK (कृषी विज्ञान केंद्र) सेवा माहिती उपलब्ध नाही. आपल्याला जवळच्या इतर ठिकाणासाठी माहिती पाहू इच्छिता का किंवा आपल्या स्थानिक कृषी कार्यालयाशी संपर्क साधून अधिक माहिती मिळवू इच्छिता का?

**स्रोत: कृषी सेवा माहिती**",2026-01-30T00:46:33.308713,kenpath/mhv_vistaar_all_mhv_vistaar_all_qwen3-32b_v0.2_v0.2.1,FT Qwen 3 (32B) v0.2.1
77930cce8e4ce8f6f3e18714cdb6adaa,Weather Historical,Romanized,Gadchiroli bhagat gelya 2 divasat pearl millet pikavar parinam hoil itki thandi hoti ka?,Was it cold enough in the last 2 days to affect pearl millet crop in Gadchiroli area?,,"गडचिरोलीसाठी गेल्या २ दिवसांचे हवामान इतिहास उपलब्ध नाही. तथापि, मी तुम्हाला गडचिरोलीच्या सध्याच्या हवामानाचा अंदाज देऊ शकतो.

**स्रोत: हवामान इतिहास (Skymet)**

आपल्याला गडचिरोलीसाठी पुढील काही दिवसांचा हवामान अंदाज पाहायचा आहे का? त्यामुळे तुम्हाला पिकांच्या काळजीबद्दल योग्य मार्गदर्शन मिळू शकेल.",2026-01-30T00:46:38.799890,kenpath/mhv_vistaar_all_mhv_vistaar_all_qwen3-32b_v0.2_v0.2.1,FT Qwen 3 (32B) v0.2.1
281238b7236683f408ddfbc747fdc5b9,KVK,Devanagri,पालघर जिल्ह्यातील कृषी विज्ञान केंद्रात पशुपालन विभाग आहे का?,Is there an animal husbandry department at KVK in Palghar district?,,"पालघर जिल्ह्यातील जवळच्या कृषी विज्ञान केंद्रांची माहिती खालीलप्रमाणे आहे:

**१. कृषी विज्ञान केंद्र, ठाणे**
- पत्ता: कृषी विज्ञान केंद्र, पो. कोसबाड हिल, जि. ठाणे-४०१७०३
- अंतर: ४० किमी
- संपर्क: अध्यक्ष, गोखले एज्युकेशन सोसायटी, विद्यानगर, नाशिक-४२२००५

**२. कृषी विज्ञान केंद्र, रायगड**
- पत्ता: कृषी विज्ञान केंद्र, पो. करजत-४१०२०१, जि. रायगड
- अंतर: १०४ किमी
- संपर्क: कुलगुरू, बालासाहेब सावंत कोकण कृषी विद्यापीठ, दापोली, रत्नागिरी-४१५७१२

**३. कृषी विज्ञान केंद्र, नाशिक**
- पत्ता: कृषी विज्ञान केंद्र, द्यानगंगोत्री, गंगापूर धरणाजवळ, जि. नाशिक-४२२२२२
- अंतर: १०४ किमी
- संपर्क: कुलगुरू, यशवंतराव चव्हाण महाराष्ट्र खुली विद्यापीठ, द्यानगंगोत्री, गंगापूर धरणाजवळ, नाशिक-४२२२२२

**पशुपालन विभागाबद्दल:**
कृषी विज्ञान केंद्रांमध्ये मुख्यतः पिक व्यवस्थापन, बियाणे व लागवड साहित्य, तंत्रज्ञान प्रात्यक्षिके यांसारख्या कृषी विषयांवर विशेष भर दिला जातो. पशुपालन विभागाची विशिष्ट माहिती उपलब्ध नाही. पशुपालनाबाबत अधिक माहितीसाठी आपण आपल्या स्थानिक पशुसंवर्धन कार्यालयाशी संपर्क साधू शकता.

**स्रोत: कृषी सेवा माहिती**

आपल्याला पशुपालनाबद्दल विशिष्ट माहिती हवी आहे का, जसे की गुरेपालन, कोंबडीपालन किंवा इतर जनावरांची काळजी?",2026-01-30T00:47:02.902842,kenpath/mhv_vistaar_all_mhv_vistaar_all_qwen3-32b_v0.2_v0.2.1,FT Qwen 3 (32B) v0.2.1
24af16812ed948417fa4b5d2f3276a2b,Weather Forecast,Romanized,Nashik bhagat ya athavdyat khat takane yogya rahil ka?,Will it be suitable to apply fertilizer this week in Nashik area?,,"नाशिक जिल्ह्यातील भगर (प्रोसो मिलेट) या पिकासाठी खत व्यवस्थापनाबद्दल माहिती मिळाली आहे.

**भगर (प्रोसो मिलेट) खत व्यवस्थापन:**

होय, भगर या पिकासाठी खत देणे योग्य आहे. भगर हे धान्य पीक असून त्याला योग्य खत व्यवस्थापन आवश्यक आहे. भगराच्या प्रति १०० ग्रॅम मध्ये ६५.५ ग्रॅम कार्बोहायड्रेट, १०.१ ग्रॅम प्रथिने, ३.८९ ग्रॅम फॅट आणि ३४६ कॅलरी ऊर्जा असते.

**खत देण्याची शिफारस:**

१. **शेणखत/कंपोस्ट खत:** पेरणीपूर्वी शेणखत किंवा कंपोस्ट खत शेतात पसरवावे.

२. **रासायनिक खत:** पेरणीच्या वेळी रासायनिक खत द्यावे. नंतर पेरणीनंतर देखील खत देणे योग्य आहे.

३. **संपूर्ण व्यवस्थापन:** खताबरोबरच तणनाशकांचा वापर आणि वखरणी करून आंतरमशागत करावी.

**स्रोत: MPKV कृषी दर्शनी, डॉ. पंजाबराव देशमुख कृषी विद्यापीठ**

आपल्याला भगराच्या लागवडीबद्दल किंवा इतर कोणत्या पिकाबद्दल अधिक माहिती हवी आहे का?",2026-01-30T00:47:13.046439,kenpath/mhv_vistaar_all_mhv_vistaar_all_qwen3-32b_v0.2_v0.2.1,FT Qwen 3 (32B) v0.2.1
b07f00822a5d5e86267600f3eb15f223,KVK,Romanized,Yavatmal madhe krushi vidnyan kendrat prashikshan karyakram kadhi astat?,When are training programs held at KVK in Yavatmal?,,"यवतमाळ जिल्ह्यासाठी कृषी विज्ञान केंद्र (KVK) किंवा प्रशिक्षण कार्यक्रमांची माहिती सध्या उपलब्ध नाही.

कृषी विज्ञान केंद्रांची माहिती आणि प्रशिक्षण कार्यक्रमांची तारीख सामान्यतः जिल्हा कृषी कार्यालयातून मिळते. आपण आपल्या स्थानिक कृषी अधिकाऱ्यांशी संपर्क साधून यवतमाळ जिल्ह्यातील KVK केंद्राची माहिती आणि प्रशिक्षण कार्यक्रमांची तारीख जाणून घेऊ शकता.

**स्रोत: कृषी सेवा माहिती**

आपल्याला यवतमाळ जिल्ह्यातील इतर कृषी सेवा केंद्रांची माहिती हवी आहे का, जसे की मृदा परीक्षण प्रयोगशाळा किंवा शेती यंत्रे भाड्याने देणारे केंद्र (CHC)?",2026-01-30T00:47:08.557360,kenpath/mhv_vistaar_all_mhv_vistaar_all_qwen3-32b_v0.2_v0.2.1,FT Qwen 3 (32B) v0.2.1
be157f2203bcfbe0cd051da593b31096,Agri Assistant Contact,Devanagri,नांदेड मधील कृषी विस्तार अधिकाऱ्यांचा फोन नंबर द्या.,Provide phone number of Agriculture Extension Officer in Nanded.,,"नांदेड मधील कृषी विस्तार अधिकाऱ्यांची माहिती सध्या उपलब्ध नाही. यासाठी आपण नांदेड जिल्ह्यातील कृषी कार्यालयात थेट संपर्क साधू शकता किंवा आपल्या तालुक्यातील कृषी सहाय्यकांशी संपर्क करा. ते आपल्याला अधिक माहिती देऊ शकतील.

आपल्याला नांदेड जवळील कृषी विज्ञान केंद्र (KVK) किंवा मृदा परीक्षण प्रयोगशाळेची माहिती हवी आहे का?",2026-01-30T00:47:16.914396,kenpath/mhv_vistaar_all_mhv_vistaar_all_qwen3-32b_v0.2_v0.2.1,FT Qwen 3 (32B) v0.2.1
330300fc3298547efe2e4abcfeed1ee8,Agri Assistant Contact,Devanagri,नांदेड जिल्ह्यातील कृषी अधिकाऱ्यांची यादी द्या.,Provide list of agriculture officers in Nanded district.,,"नांदेड जिल्ह्यासाठी कृषी अधिकाऱ्यांची यादी सध्या उपलब्ध नाही. आपल्याला जवळच्या तालुक्यातील किंवा नांदेड जिल्ह्यातील विशिष्ट गावासाठी माहिती हवी असल्यास कृपया त्या ठिकाणाचे नाव सांगा. तसेच, आपल्या स्थानिक कृषी कार्यालयात संपर्क साधून अधिकाऱ्यांची यादी मिळवता येईल.

**स्रोत: कृषी संस्थापक निर्देशिका**

आपल्याला नांदेड जिल्ह्यातील कृषी विज्ञान केंद्र (KVK) किंवा मृदा परीक्षण प्रयोगशाळेबद्दल माहिती हवी आहे का?",2026-01-30T00:47:25.098582,kenpath/mhv_vistaar_all_mhv_vistaar_all_qwen3-32b_v0.2_v0.2.1,FT Qwen 3 (32B) v0.2.1
b56fea01a3877d958182c623403f0346,KVK,Devanagri,भंडारा भागात कृषी विज्ञान केंद्राचे प्रात्यक्षिक शेत कुठे आहे?,Where is the demonstration farm of KVK in Bhandara area?,,"भंडारा भागासाठी कृषी विज्ञान केंद्र (KVK) किंवा प्रात्यक्षिक शेताची माहिती सध्या उपलब्ध नाही.

आपल्याला जवळच्या इतर ठिकाणासाठी माहिती पाहायची आहे का, किंवा आपल्या स्थानिक कृषी कार्यालयात थेट संपर्क साधून अधिक माहिती मिळवायची आहे का?",2026-01-30T00:47:33.615186,kenpath/mhv_vistaar_all_mhv_vistaar_all_qwen3-32b_v0.2_v0.2.1,FT Qwen 3 (32B) v0.2.1
798d00b478a9bfaee08e65e839674957,Mandi Price,Devanagri,यवतमाळ मंडीत केळी ला पुढच्या आठवड्यात भाव वाढेल का?,Will the price of banana increase next week in Yavatmal mandi?,,"यवतमाळ मंडीतील केळीचे बाजारभाव सध्या उपलब्ध नाहीत. मात्र, पुढच्या आठवड्याचा हवामान अंदाज पाहता, यवतमाळ जिल्ह्यात पुढील ७ दिवसांत कोरडे आणि उष्ण हवामान राहण्याची शक्यता आहे.

**पुढील आठवड्याचा हवामान अंदाज:**
- ३० जानेवारी ते ५ फेब्रुवारी या कालावधीत पाऊस नाही
- किमान तापमान १७-१९ अंश सेल्सिअस आणि कमाल तापमान २९-३३ अंश सेल्सिअस राहील
- हवामान कोरडे आणि उष्ण राहील

**केळीच्या बाजारभावाबद्दल सल्ला:**
सध्या यवतमाळ मंडीतील केळीचे भाव उपलब्ध नाहीत, त्यामुळे भाव वाढेल का याबद्दल निश्चित अंदाज देता येत नाही. कोरडे हवामान असल्याने जर केळीचा पुरवठा तुलनेने कमी झाला तर भाव वाढू शकतात. मात्र, बाजारभावावर पुरवठा, मागणी आणि साठा यांचा देखील मोठा परिणाम होतो.

**पुढील काय करावे:**
- आपल्या जवळच्या दुसऱ्या मंडीतील केळीचे भाव तपासा
- केळीची गुणवत्ता चांगली असल्यास थोडा वेळ साठवून ठेवण्याचा विचार करा
- बाजारातील स्थानिक व्यापाऱ्यांकडून अचूक भावाची माहिती घ्या

**स्रोत: हवामान अंदाज (IMD)**

आपल्याला जवळच्या दुसऱ्या मंडीतील केळीचे भाव तपासायचे आहेत का, किंवा केळी साठवणुकीबद्दल माहिती हवी आहे का?",2026-01-30T00:48:05.509829,kenpath/mhv_vistaar_all_mhv_vistaar_all_qwen3-32b_v0.2_v0.2.1,FT Qwen 3 (32B) v0.2.1
ab82a2a733dc503a320fe4e02e2833eb,Soil Lab,Devanagri,नागपूर मध्ये मृदा आरोग्य पत्रिका देणारी प्रयोगशाळा शोधा.,Find laboratory that provides Soil Health Card in Nagpur.,,"नागपूर जिल्ह्यात मृदा आरोग्य पत्रिका देणारी मृदा परीक्षण प्रयोगशाळा सध्या उपलब्ध नाही. कृपया आपल्या जवळच्या जिल्हा कृषी कार्यालयाशी संपर्क साधा किंवा नागपूर शहरातील कृषी विज्ञान केंद्र (KVK) ला भेट द्या. तेथून आपल्याला मृदा परीक्षण प्रयोगशाळेची माहिती आणि इतर कृषी सेवांची मदत मिळू शकते.

**स्रोत: कृषी सेवा माहिती**

आपल्याला नागपूर जिल्ह्यातील कृषी विज्ञान केंद्र (KVK) किंवा इतर कृषी सेवा केंद्रांची माहिती हवी आहे का?",2026-01-30T00:48:01.730585,kenpath/mhv_vistaar_all_mhv_vistaar_all_qwen3-32b_v0.2_v0.2.1,FT Qwen 3 (32B) v0.2.1
4524189c81019804635835e0ac885549,Warehouse,Devanagri,बीड भागात ऊस साठी मोठ्या क्षमतेचे गोदाम कुठे आहे?,Where is the high-capacity warehouse for sugarcane in Beed area?,,"बीड भागात ऊस साठवण्यासाठी खालील मोठ्या क्षमतेची गोदामे उपलब्ध आहेत:

**१. बीड गोदाम** (सर्वात जवळ)
- **पत्ता:** महाराष्ट्र राज्य वखार महामंडळ, प्लॉट क्र. ४७, एमआयडीसी एरिया, बीड
- **अंतर:** २.१५ किमी
- **संपर्क:** वखार व्यवस्थापक
- **फोन:** 02442-227210

**२. गेवराई गोदाम**
- **पत्ता:** कृषी उत्पन्न बाजार समिती, बीड रोड, गेवराई
- **अंतर:** २९.२७ किमी
- **संपर्क:** वखार व्यवस्थापक
- **फोन:** 02447-262313

**३. मजलगाव गोदाम**
- **पत्ता:** गेवराई रोड, जिगिंग प्रेसिंग जवळ, फुले पिंपळगाव, मजलगाव
- **अंतर:** ४८.१३ किमी
- **संपर्क:** वखार व्यवस्थापक
- **फोन:** 02443-236791

**४. वाडीगोदरी गोदाम**
- **पत्ता:** कृषी उत्पन्न बाजार समिती परिसर, वाडीगोदरी
- **अंतर:** ५२.०० किमी
- **संपर्क:** वखार व्यवस्थापक
- **फोन:** 9763258276

बीड गोदाम सर्वात जवळ आहे आणि ऊस साठवण्यासाठी योग्य सुविधा आहे. ऊस साठवण्यापूर्वी गोदामाच्या उपलब्धतेबद्दल आणि भाडे दराबद्दल व्यवस्थापकांशी संपर्क साधा.

**स्रोत: कृषी सेवा माहिती**

आपल्याला या गोदामांपैकी कोणत्याही गोदामाची अधिक माहिती हवी आहे का, किंवा ऊस साठवणीच्या योग्य पद्धतीबद्दल मार्गदर्शन हवे आहे का?",2026-01-30T00:48:31.907777,kenpath/mhv_vistaar_all_mhv_vistaar_all_qwen3-32b_v0.2_v0.2.1,FT Qwen 3 (32B) v0.2.1
45f335aba6397f69728f21f8e1877daa,Scheme,Devanagri,नागपूर मध्ये PM-KISAN साठी पात्रता काय आहे?,What is the eligibility for PM-KISAN in Nagpur?,,"मला सध्या PM-KISAN (प्रधानमंत्री किसान सम्मान निधी) योजनेबद्दल माहिती उपलब्ध नाही. मी आपल्याला उपलब्ध कृषी योजना दाखवू शकतो. आपल्याला नागपूर जिल्ह्यातील इतर शासकीय योजनांची माहिती हवी आहे का?

**स्रोत: शासकीय योजना माहिती**",2026-01-30T00:48:26.760589,kenpath/mhv_vistaar_all_mhv_vistaar_all_qwen3-32b_v0.2_v0.2.1,FT Qwen 3 (32B) v0.2.1
0b31df18ceeee9d6d4972b83404f1a2c,KVK,Devanagri,नागपूर जिल्ह्यातील KVK चे कार्यालयीन वेळ काय आहे?,What are the office hours of KVK in Nagpur district?,,"नागपूर जिल्ह्यातील KVK (कृषी विज्ञान केंद्र) ची माहिती सध्या उपलब्ध नाही. कृपया आपल्या स्थानिक कृषी कार्यालयात किंवा नागपूर जिल्हा कृषी कार्यालयाशी संपर्क साधा, जेथे आपल्याला KVK केंद्राचे कार्यालयीन वेळ आणि इतर माहिती मिळू शकते.

**स्रोत: कृषी सेवा माहिती**

आपल्याला नागपूर जिल्ह्यातील इतर कृषी सेवा केंद्रांबद्दल माहिती हवी आहे का, जसे की मृदा परीक्षण प्रयोगशाळा किंवा कस्टम हायरिंग सेंटर?",2026-01-30T00:48:45.963281,kenpath/mhv_vistaar_all_mhv_vistaar_all_qwen3-32b_v0.2_v0.2.1,FT Qwen 3 (32B) v0.2.1
0e6c03e956b2b601739e37d0a353293f,Agri Assistant Contact,Devanagri,पालघर जिल्ह्यातील कृषी अधिकाऱ्यांची यादी द्या.,Provide list of agriculture officers in Palghar district.,,"पालघर जिल्ह्यातील कृषी अधिकाऱ्यांची यादी सध्या उपलब्ध नाही. यासाठी आपल्याला खालील पर्याय आहेत:

1. **स्थानिक कृषी कार्यालयाशी संपर्क साधा** - पालघर जिल्हा कृषी कार्यालय, तालुका कृषी कार्यालय किंवा गाव पातळीवरील कृषी सहाय्यक यांच्याकडे आपल्या प्रश्नांची अचूक माहिती मिळेल.

2. **महाराष्ट्र कृषी विभागाच्या अधिकृत वेबसाइटला भेट द्या** - तेथे जिल्हा व तालुका स्तरावरील कृषी अधिकाऱ्यांची संपर्क माहिती उपलब्ध असते.

3. **महाडीबीटी पोर्टलवर तपासा** - योजना अर्जाच्या स्थितीसाठी किंवा शासकीय योजनांबद्दल माहिती हवी असल्यास आपल्या जवळच्या कृषी कार्यालयात भेट द्या.

आपल्याला शासकीय कृषी योजनांची माहिती हवी आहे का, ज्यामध्ये अनेक लाभ मिळू शकतात?

**स्रोत: कृषी संस्थापक निर्देशिका**",2026-01-30T00:48:55.901911,kenpath/mhv_vistaar_all_mhv_vistaar_all_qwen3-32b_v0.2_v0.2.1,FT Qwen 3 (32B) v0.2.1
93ac5b42b3923eeb5aa82d8ff67c7ddd,Advisory,Romanized,Dhule bhagat mhashichya dudh utpadanat ghat ka hote?,Why does buffalo milk production decrease in Dhule area?,,"धुळे जिल्ह्यातील म्हशीच्या दूध उत्पादनात घट होण्याची अनेक कारणे असू शकतात. खालील मुख्य कारणे आणि उपाय आहेत:

**दूध उत्पादन कमी होण्याची कारणे:**

१. **रोग आणि संसर्गजन्य आजार** - खुर व तोंड रोग, परट्युबर्क्युलोसिस (जॉनीज रोग), वंध्यत्व यांमुळे दूध उत्पादन कमी होते. संसर्गजन्य आजारांसाठी पशुवैद्यकाचा सल्ला घ्यावा.

२. **खनिजांची कमतरता** - कॅल्शियम, स्फुरद, झिंक, तांबे यांसारख्या खनिजांची कमतरता दूध उत्पादनावर परिणाम करते. रोजच्या आहारात खनिज मिश्रण समाविष्ट करावे.

३. **हार्मोन्सची उपलब्धता** - जन्मानंतर झार बाहेर न पडणे, वंध्यत्व यामुळे दूध उत्पादनात घट होते. संतुलित पोषण आहार द्यावा आणि नियमित डिवॉर्मिंग करावे.

४. **पालनपोषणातील अपूर्णता** - म्हशीला संतुलित आहार देणे आवश्यक आहे. दररोज २.५ ते ३ किलो हिरवा चारा, ४००-५०० ग्रॅम कोरडा चारा आणि २५०-३०० ग्रॅम खाद्य द्यावे. दुधाच्या प्रत्येक लिटरसाठी ३५० ते ४०० ग्रॅम अतिरिक्त खाद्य द्यावे.

५. **बाह्य कीटकांचा प्रादुर्भाव** - ऊवा, अळ्या, माशी यांच्या प्रादुर्भावामुळे दूध उत्पादन कमी होते. जनावरांच्या शरीरावर आणि निवारा ठिकाणी कीटकनाशकांची फवारणी करावी.

**उपाय आणि औषधी वनस्पती:**

दूध उत्पादन कमी झाल्यास खालील औषधी वनस्पती उपयुक्त ठरतात:

- **शतावरी**
- **जिवंती**
- **अश्वगंधा**

ही तीन वनस्पती एकत्र करून बारीक पूड करून जनावरांच्या खाद्यात द्यावे. यामुळे दूध उत्पादन वाढण्यास मदत होते.

**स्रोत: MAFSU Diary, Bulletin 4 Goat Farming, Krushi VNMAU**

आपल्या म्हशीच्या आजाराची लक्षणे काय आहेत? किंवा आपल्याला योग्य आहार व्यवस्थापनाबद्दल अधिक माहिती हवी आहे का?",2026-01-30T00:49:19.344685,kenpath/mhv_vistaar_all_mhv_vistaar_all_qwen3-32b_v0.2_v0.2.1,FT Qwen 3 (32B) v0.2.1
05dbdb4c3e0cf83a139798c66c1c364d,Warehouse,Devanagri,बीड भागात केळी साठी fumigation सुविधा देणारे गोदाम कोणते?,Which warehouse provides fumigation facility for banana in Beed area?,,"बीड भागातील गोदाम सुविधा खालीलप्रमाणे आहेत:

**१. बीड गोदाम**
- **स्थान:** बीड, बीड (MSWC, प्लॉट नं. ४७, MIDC क्षेत्र)
- **अंतर:** २.१५ किमी
- **संपर्क:** गोदाम व्यवस्थापक
- **फोन:** 02442-227210

**२. जेवराई गोदाम**
- **स्थान:** जेवराई, गेवराई (कृषी उत्पन्न बाजार समिती, बीड रोड)
- **अंतर:** २९.२७ किमी
- **संपर्क:** गोदाम व्यवस्थापक
- **फोन:** 02447-262313

**३. मजलगाव गोदाम**
- **स्थान:** मजलगाव, मजलगाव (जेवराई रोड, जिगिंग प्रेसिंग जवळ, फुले पिंपळगाव)
- **अंतर:** ४८.१३ किमी
- **संपर्क:** गोदाम व्यवस्थापक
- **फोन:** 02443-236791

**४. खर्डा गोदाम**
- **स्थान:** खर्डा, जामखेड (जमनगर जिल्हा)
- **अंतर:** ४९.६५ किमी
- **संपर्क:** गोदाम व्यवस्थापक
- **फोन:** नाही

**५. वाडीगोडरी गोदाम**
- **स्थान:** वाडीगोडरी, अंबड (कृषी उत्पन्न बाजार समिती परिसर)
- **अंतर:** ५२.०० किमी
- **संपर्क:** गोदाम व्यवस्थापक
- **फोन:** 9763258276

**स्रोत: कृषी सेवा माहिती**

केळी साठवणुकीसाठी या गोदामांमध्ये संपर्क साधून त्यांच्याकडे फ्युमिगेशन सुविधा उपलब्ध आहे का हे विचारा. बीड गोदाम सर्वात जवळ आहे, तेथे आपण प्रथम संपर्क साधू शकता. आपल्याला केळी साठवणुकीबद्दल अधिक माहिती हवी आहे का?",2026-01-30T00:49:23.481828,kenpath/mhv_vistaar_all_mhv_vistaar_all_qwen3-32b_v0.2_v0.2.1,FT Qwen 3 (32B) v0.2.1
2a1623c63376b248b5fa7dd81c0e5a02,Mandi Price,Romanized,Nanded mandit aaj grapes cha bhav kiti aahe?,What is the price of grapes today in Nanded mandi?,,नांदेड मंडीसाठी आजचे डाळिंबाचे बाजारभाव सध्या उपलब्ध नाहीत. आपल्याला जवळच्या दुसऱ्या बाजारामधील डाळिंबाचे दर तपासायचे आहेत का?,2026-01-30T00:49:27.204601,kenpath/mhv_vistaar_all_mhv_vistaar_all_qwen3-32b_v0.2_v0.2.1,FT Qwen 3 (32B) v0.2.1
f0ac11775b8f61123bfc3ed6011806c0,Mandi Price,Devanagri,पालघर मंडीत आले ला MSP पेक्षा जास्त भाव मिळतोय का?,Is ginger getting more than MSP in Palghar mandi?,,"पालघर मंडीसाठी आले चे बाजारभाव सध्या उपलब्ध नाहीत. याचा अर्थ असा नाही की आले चे दर MSP पेक्षा जास्त किंवा कमी आहेत. बाजारभाव अनेक वेळा अद्ययावत होत नाहीत किंवा मंडीमध्ये तातडीने अद्ययावत होत नाहीत.

आपल्याला जवळच्या इतर बाजारांतील आले चे भाव तपासायचे आहेत का? किंवा आपल्याला आले च्या लागवड व व्यवस्थापनाबद्दल माहिती हवी आहे का?",2026-01-30T00:49:59.580511,kenpath/mhv_vistaar_all_mhv_vistaar_all_qwen3-32b_v0.2_v0.2.1,FT Qwen 3 (32B) v0.2.1
2a2549993c5b914afe65bb8d22dee269,Weather Forecast,Devanagri,अमरावती मध्ये गहू लागवडीसाठी हवामान अनुकूल आहे का?,Is the weather favorable for wheat planting in Amravati?,,"अमरावती जिल्ह्यासाठी हवामान माहिती सध्या उपलब्ध नाही. गहू लागवडीसाठी योग्य हवामान जाणून घेण्यासाठी आपल्या स्थानिक कृषी कार्यालयात संपर्क साधावा. तेथे आपल्याला अमरावती जिल्ह्यातील सध्याचे हवामान आणि गहू लागवडीसाठी योग्य वेळेबद्दल अधिक माहिती मिळू शकते.

**स्रोत: हवामान अंदाज (IMD)**

आपल्याला अमरावती जवळच्या दुसऱ्या बाजारातील गहूचे बाजारभाव तपासायचे आहेत का?",2026-01-30T00:49:49.716495,kenpath/mhv_vistaar_all_mhv_vistaar_all_qwen3-32b_v0.2_v0.2.1,FT Qwen 3 (32B) v0.2.1
7cfbfee6e519d4682cbe590bcd91a15e,MahaDBT,Devanagri,सोलापूर जिल्ह्यातील माझ्या योजनेचे पेमेंट कुठपर्यंत आले आहे?,What is the payment status of my scheme in Solapur district?,,आपल्या प्रोफाइलमध्ये योजना अर्ज सापडले नाहीत. आपल्याला अर्ज करता येणाऱ्या शासकीय योजनांची माहिती हवी आहे का? आपल्याला सोलापूर जिल्ह्यातील उपलब्ध कृषी योजना आणि त्यांचे लाभ जाणून घ्यायचे आहेत का?,2026-01-30T00:49:52.168560,kenpath/mhv_vistaar_all_mhv_vistaar_all_qwen3-32b_v0.2_v0.2.1,FT Qwen 3 (32B) v0.2.1
cad18222840938a6118abe02d8e2a2b5,Mandi Price,Romanized,Hingoli mandit paddy che aajche dar kay ahet?,What are today's rates of paddy in Hingoli mandi?,,"हिंगोली मंडीसाठी भाताचे बाजारभाव सध्या उपलब्ध नाहीत. आपल्याला जवळच्या इतर बाजारांतील भाताचे दर तपासायचे आहेत का? उदाहरणार्थ, जळगाव किंवा नाशिक मंडीतील भाव तपासू शकतो.

**स्रोत: बाजारभाव**",2026-01-30T00:50:14.110838,kenpath/mhv_vistaar_all_mhv_vistaar_all_qwen3-32b_v0.2_v0.2.1,FT Qwen 3 (32B) v0.2.1
18b38086f7608c5dea390ee0887ca0ba,Soil Lab,Devanagri,लातूर जिल्ह्यात जमिनीची क्षारता तपासण्यासाठी प्रयोगशाळा कोणती?,Which laboratory tests soil salinity in Latur district?,,"लातूर जिल्ह्यासाठी जमिनीची क्षारता तपासण्यासाठी प्रयोगशाळेची माहिती सध्या उपलब्ध नाही. आपल्याला जवळच्या इतर ठिकाणासाठी माहिती पाहायची आहे का किंवा आपल्या स्थानिक कृषी कार्यालयात संपर्क साधायचा आहे का?

**स्रोत: कृषी सेवा माहिती**",2026-01-30T00:50:25.322572,kenpath/mhv_vistaar_all_mhv_vistaar_all_qwen3-32b_v0.2_v0.2.1,FT Qwen 3 (32B) v0.2.1
9c775fc7967584bbfbe52b2db30b0a34,Advisory,Devanagri,नंदुरबार भागात कोबी पिकावरील तुडतुडे साठी जैविक नियंत्रण सुचवा.,Suggest biological control for jassids on cabbage in Nandurbar area.,,"नंदुरबार भागातील कोबी पिकावरील तुडतुडे या किडीच्या जैविक नियंत्रणाबद्दल माहिती देतो.

**कोबी पिकावरील तुडतुडे ओळख:**
तुडतुडे साधारणपणे पाचरीच्या आकाराचे आणि फिकट हिरव्या रंगाचे असतात. ते नेहमी तिरके चालतात. प्रौढ आणि पिल्ले पानांच्या खालच्या बाजूने राहून त्यातील रस शोषण करतात. यामुळे पाने प्रथम कडेने पिवळसर होऊन नंतर तपकिरी रंगाची होतात.

**जैविक कीड नियंत्रण:**
जैविक कीड नियंत्रण हा अत्यंत सुरक्षित आणि पर्यावरणपूरक पद्धत आहे जी विषमुक्त अन्न उत्पादन देते, निर्यातक्षम असते, किफायतशीर आणि टिकाऊ असते. जैविक नियंत्रणामध्ये नैसर्गिक शत्रू कीटकांचा वापर करून किडीची संख्या आर्थिक नुकसानीच्या पातळीखाली ठेवली जाते.

**जैविक नियंत्रणाच्या उपाययोजना:**

1. **नैसर्गिक शत्रू कीटकांचा वापर:** जैविक नियंत्रणासाठी नैसर्गिक शत्रू कीटक जसे की लेडीबर्ड बीटल (मावा किडीसाठी) आणि ट्रायकोग्रामा अंडी (तांदूळ पिकासाठी) वापरले जातात.

2. **कीटकांचे आकर्षक घटक वापरा:** फेरोमोन सापळे प्रति हेक्टर ४ ते ५ लावा.

3. **कीटकनाशक वनस्पतींचा वापर:** कडूलिंब, लिंब्रा, करंज यांसारख्या वनस्पतींचे विषारी घटक वापरा.

4. **एकात्मिक कीड व्यवस्थापन:** जैविक नियंत्रणासोबत इतर उपाययोजना जसे की शेतीची पद्धत बदलणे, रोगप्रतिकारक वाणांची लागवड करणे यांचा समावेश करा.

**महत्त्वाची सूचना:** जैविक नियंत्रण करताना रासायनिक कीटकनाशकांचा वापर टाळा कारण ते नैसर्गिक शत्रू कीटकांना नष्ट करू शकतात.

**स्रोत: एमपीकेव्ही कृषी दर्शनी**

आपल्याला रासायनिक नियंत्रणाच्या उपाययोजनांबद्दल किंवा कोबी पिकाच्या इतर किडींबद्दल माहिती हवी आहे का?",2026-01-30T00:50:54.155815,kenpath/mhv_vistaar_all_mhv_vistaar_all_qwen3-32b_v0.2_v0.2.1,FT Qwen 3 (32B) v0.2.1
d3ca75f1b24dda70684a8e4d5fa58654,CHC,Devanagri,नागपूर मध्ये पॉवर टिलर भाड्याने मिळतो का?,Is power tiller available for rent in Nagpur?,,"नागपूर या ठिकाणी सध्या कस्टम हायरिंग सेंटर (CHC) किंवा पॉवर टिलर भाड्याने देणाऱ्या केंद्रांची माहिती उपलब्ध नाही.

आपल्याला जवळच्या इतर ठिकाणांसाठी या सेवा माहिती तपासायची आहे का? किंवा आपल्या स्थानिक कृषी कार्यालयाशी संपर्क साधून या सेवा उपलब्ध आहेत का याची माहिती घेऊ शकता.

**स्रोत: कृषी सेवा माहिती**",2026-01-30T00:50:54.537582,kenpath/mhv_vistaar_all_mhv_vistaar_all_qwen3-32b_v0.2_v0.2.1,FT Qwen 3 (32B) v0.2.1
6feb2d82e598f4bc45ab6d42c457fe01,Soil Lab,Devanagri,ठाणे भागात डिजिटल अहवाल देणारी प्रयोगशाळा कोणती?,Which laboratory provides digital reports in Thane area?,,"ठाणे भागासाठी माती परीक्षण प्रयोगशाळेची माहिती सध्या उपलब्ध नाही. आपल्याला जवळच्या इतर ठिकाणासाठी माती परीक्षण प्रयोगशाळेची माहिती पाहायची आहे का?

**स्रोत: कृषी सेवा माहिती**",2026-01-30T00:51:08.193415,kenpath/mhv_vistaar_all_mhv_vistaar_all_qwen3-32b_v0.2_v0.2.1,FT Qwen 3 (32B) v0.2.1
fc8f503eadee678487069e26b4267f3b,CHC,Devanagri,जळगाव भागात ट्रॅक्टर साठी बुकिंग कसे करावे?,How to book tractor in Jalgaon area?,,"जळगाव भागासाठी ट्रॅक्टर आणि इतर शेती यंत्रसामग्री भाड्याने मिळवण्यासाठीची सेवा (कस्टम हायरिंग सेंटर - CHC) सध्या उपलब्ध नाही.

**आपण खालील पर्याय वापरू शकता:**

1. **स्थानिक कृषी कार्यालयाशी संपर्क साधा** - जळगाव जिल्ह्यातील कृषी अधिकारी किंवा तालुका कृषी कार्यालयात संपर्क साधून आपल्या भागातील CHC सेवांबद्दल माहिती घ्या.

2. **नजीकच्या जिल्ह्यांमध्ये तपासा** - जळगाव जवळील धाराशिव, नांदेड किंवा अमरावती जिल्ह्यांमध्ये CHC सेवा उपलब्ध असू शकतात.

3. **शेतकरी गटांशी संपर्क साधा** - आपल्या गावातील शेतकरी गट किंवा शेतकरी उत्पादक कंपन्यांशी संपर्क साधून ट्रॅक्टर भाड्याने मिळवण्याची व्यवस्था तपासा.

**स्रोत: कृषी सेवा माहिती**

आपल्याला जळगाव जिल्ह्यातील इतर कृषी सेवा (जसे की माती परीक्षण प्रयोगशाळा, कृषी विज्ञान केंद्र किंवा कृषी अधिकाऱ्यांची संपर्क माहिती) तपासायची आहे का?",2026-01-30T00:51:21.390716,kenpath/mhv_vistaar_all_mhv_vistaar_all_qwen3-32b_v0.2_v0.2.1,FT Qwen 3 (32B) v0.2.1
5db2bb4a50070ea0f0b44697a2081495,Agri Assistant Contact,Devanagri,भंडारा जिल्ह्यातील पशुवैद्यकीय अधिकाऱ्यांची माहिती द्या.,Provide information of veterinary officers in Bhandara district.,,"भंडारा जिल्ह्यासाठी पशुवैद्यकीय अधिकाऱ्यांची माहिती सध्या उपलब्ध नाही. कृपया आपल्या स्थानिक पशुसंवर्धन कार्यालयात संपर्क साधा किंवा जिल्हा पशुसंवर्धन अधिकाऱ्यांकडून माहिती मिळवा.

**स्रोत: कृषी संस्थापक निर्देशिका**

आपल्याला भंडारा जिल्ह्यातील इतर कृषी सेवा केंद्रांबद्दल माहिती हवी आहे का?",2026-01-30T00:51:26.749771,kenpath/mhv_vistaar_all_mhv_vistaar_all_qwen3-32b_v0.2_v0.2.1,FT Qwen 3 (32B) v0.2.1
346c5ff3d754c77ea0623e7a2303075c,Advisory,Romanized,Beed jilhyat pearl millet lagvadichi yogya vel konti?,What is the right time for pearl millet planting in Beed district?,,"बीड जिल्ह्यात बाजरी (पर्ल मिलेट) लागवडीची योग्य वेळ खरीप आणि उन्हाळी हंगामानुसार वेगळी असते:

**खरीप हंगाम (पावसाळी):**
- **पेरणीची वेळ:** १५ जून ते २० जुलै
- **विशेष सूचना:** जूनच्या दुसऱ्या आठवड्यापासून बाजरीची लागवड करणे योग्य आहे. पेरणी शक्यतो १० फेब्रुवारीपर्यंत पूर्ण करावी.

**उन्हाळी हंगाम:**
- **पेरणीची वेळ:** फेब्रुवारी ते मार्च
- **सिंचन व्यवस्थापन:** उन्हाळी बाजरीसाठी ६ ते ८ सिंचने ९ ते १५ दिवसांच्या अंतराने द्यावीत.

**महत्त्वाच्या सूचना:**
- बाजरी हलक्या ते मध्यम, चांगल्या निचऱ्याच्या जमिनीत चांगली वाढते.
- खरीप हंगामात प्रत्येक १५ दिवसांनी पाणी द्यावे, तर उन्हाळी हंगामात ७ ते १० दिवसांच्या अंतराने पाणी द्यावे.
- पेरणीसाठी बियाणे पेरणी यंत्र वापरून ३० सेंटीमीटर अंतरावर पेरणी करावी.
- बियाण्याचे प्रमाण १० किलो प्रति हेक्टर ठेवावे.

**स्रोत: MPKV कृषी दर्शनी, कृषी VNMAU**

आपल्याला बाजरीच्या खत व्यवस्थापनाबद्दल किंवा रोग नियंत्रणाबद्दल अधिक माहिती हवी आहे का?",2026-01-30T00:51:41.054968,kenpath/mhv_vistaar_all_mhv_vistaar_all_qwen3-32b_v0.2_v0.2.1,FT Qwen 3 (32B) v0.2.1
bf1ddecde6ca0af67cafd5abb6e218a3,Advisory,Devanagri,अकोला भागात वांगे साठी आंतरपिके कोणती घ्यावीत?,What intercrops to take with brinjal in Akola area?,,"अकोला भागात वांगे (ब्रिंजाल) साठी आंतरपिके घेण्याबद्दल माहिती खालीलप्रमाणे आहे:

**वांगे साठी योग्य आंतरपिके:**

वांगे हे भाजीपाला पीक असल्याने त्यासोबत डाळीची पिके किंवा इतर भाजीपाला पिके आंतरपीक म्हणून घेता येतात. आंतरपीक पद्धतीमुळे जमिनीची सुपीकता वाढते आणि कीड-रोगांचा प्रादुर्भाव कमी होतो.

**शिफारस केलेली आंतरपिके:**

1. **उडीद** - लवकर परिपक्व होणारे डाळीचे पीक आहे जे वांगेसोबत आंतरपीक म्हणून घेता येते.

2. **मूग** - हे देखील लवकर परिपक्व होणारे डाळीचे पीक आहे जे वांगेसोबत आंतरपीक म्हणून घेता येते.

3. **सोयाबीन** - हे तेलबिया पीक आहे जे वांगेसोबत आंतरपीक म्हणून घेता येते.

4. **भुईमुग** - हे तेलबिया पीक आहे जे वांगेसोबत आंतरपीक म्हणून घेता येते आणि जमिनीची सुपीकता वाढवते.

**आंतरपिक पद्धतीचे फायदे:**

- जमिनीची सुपीकता वाढते
- कीड-रोगांचा प्रादुर्भाव कमी होतो
- उत्पादनात १५-२०% वाढ होते
- आर्थिक उत्पन्नात वाढ होते

**वांगे लागवडीसाठी महत्त्वाच्या सूचना:**

- वांगे लागवड करताना शेणखत/कंपोस्ट ५-८ टन प्रति हेक्टर द्यावे
- रोपांची लागवड सरी व वरंब्यावर ३० x २२.५ सेमी अंतरावर करावी
- लागवडीनंतर ८-१० दिवसांनी पाणी द्यावे
- २-३ वेळा तण काढणी करावी
- शक्य असल्यास छायादायक झाडे (एरंड) लावावीत

**स्रोत: डॉ. पंजाबराव देशमुख कृषी विद्यापीठ, अकोला**

आपल्या शेतात वांगे आणि कोणते आंतरपीक घेण्याबद्दल अधिक माहिती हवी असल्यास, कृपया आपल्या शेताच्या जमिनीचा प्रकार किंवा उपलब्ध पाणी स्रोताबद्दल सांगा, म्हणजे मी आपल्याला अधिक विशिष्ट मार्गदर्शन करू शकेन.",2026-01-30T00:52:10.657697,kenpath/mhv_vistaar_all_mhv_vistaar_all_qwen3-32b_v0.2_v0.2.1,FT Qwen 3 (32B) v0.2.1
331118df612a53f9398cb1719cbc8774,Mandi Price,Devanagri,सिंधुदुर्ग बाजारात पपई चा ट्रेंड कसा आहे?,What is the trend of papaya in Sindhudurg market?,,सिंधुदुर्ग बाजारातील पपईचे भाव सध्या उपलब्ध नाहीत. आपल्याला जवळच्या इतर बाजारांमध्ये पपईचे दर तपासायचे आहेत का? किंवा आपल्याला दुसऱ्या पिकाबद्दल माहिती हवी आहे का?,2026-01-30T00:52:00.578852,kenpath/mhv_vistaar_all_mhv_vistaar_all_qwen3-32b_v0.2_v0.2.1,FT Qwen 3 (32B) v0.2.1
683aa56f4b941eca223172101cb9a266,Warehouse,Romanized,Wardha bhagat cold storage suvidha uplabdh aahe ka?,Is cold storage facility available in Wardha area?,,"वर्धा या ठिकाणी शेतमाल साठवणुकीच्या (कोल्ड स्टोरेज) सुविधा सध्या उपलब्ध नाहीत. आपल्याला जवळच्या इतर बाजारपेठेतील साठवणूक सुविधा तपासायच्या आहेत का? किंवा वर्धा जिल्ह्यातील इतर कृषी सेवांबद्दल माहिती हवी आहे का?

**स्रोत: कृषी सेवा माहिती**",2026-01-30T00:52:22.910923,kenpath/mhv_vistaar_all_mhv_vistaar_all_qwen3-32b_v0.2_v0.2.1,FT Qwen 3 (32B) v0.2.1
bd724fb2ef5bb58624a0943786882e7d,Advisory,Devanagri,बीड जिल्ह्यात सूर्यफूल पिकावरील तुडतुडे चे नैसर्गिक शत्रू कोणते?,What are natural enemies of jassids on sunflower in Beed district?,,"बीड जिल्ह्यात सूर्यफूल पिकावरील तुडतुडे (जसिड्स) या रसशोषक किडींवर नैसर्गिक शत्रूंचा वापर करणे हा एक अत्यंत प्रभावी आणि सुरक्षित उपाय आहे. या किडींच्या नियंत्रणासाठी खालील नैसर्गिक शत्रूंचा विचार करता येतो:

**१. शत्रू कीटक:**
- **परजीवी कीटक (परजीवी):** या कीटकांना तुडतुडे किंवा इतर किडींच्या अंड्यांवर बसून त्यांच्या अंड्यांना अंकुरवाण करण्याची क्षमता असते.
- **शिकारी कीटक:** काही शिकारी कीटक तुडतुडे खाऊन त्यांच्या संख्येवर नियंत्रण ठेवतात.

**२. बुरशीजन्य नियंत्रण:**
- **मेटारायझियम ऍनिसोप्लिए (Metarhizium anisopliae):** ही एक जैविक बुरशी आहे जी तुडतुड्यांवर प्रभावी आहे. शेतात ही बुरशी वापरल्यास तुडतुडे नियंत्रित करता येतात.

**३. इतर नैसर्गिक उपाय:**
- शेतात आणि बांधावर स्वच्छता राखा आणि जास्त नायट्रोजन खताचा वापर टाळा.
- प्रकाश सापळे वापरा जेणेकरून तुडतुडे नष्ट होतील.
- रासायनिक कीटकनाशकांचा अनावश्यक वापर टाळा जेणेकरून शत्रू कीटक आणि इतर उपयुक्त कीटक जपले जातील.

**स्रोत: डॉ. पंजाबराव देशमुख कृषी विद्यापीठ**

आपल्या शेतात तुडतुड्यांचा प्रादुर्भाव दिसल्यास वरील उपायांचा वापर करा. आपल्याला सूर्यफूल पिकावरील इतर कीड किंवा रोग नियंत्रणाबद्दल माहिती हवी आहे का?",2026-01-30T00:52:47.446741,kenpath/mhv_vistaar_all_mhv_vistaar_all_qwen3-32b_v0.2_v0.2.1,FT Qwen 3 (32B) v0.2.1
9a343d608888b434d86ddeaaf9239497,Weather Forecast,Devanagri,बुलढाणा जिल्ह्यात या आठवड्यात मुसळधार पावसाची शक्यता आहे का?,Is there a possibility of heavy rainfall this week in Buldhana district?,,"बुलढाणा जिल्ह्यासाठी या आठवड्याचा हवामान अंदाज पाहिल्यास, येत्या काही दिवसांत मुसळधार पावसाची शक्यता नाही. येत्या ५ दिवसांत फक्त हलका ते मध्यम पाऊस होण्याची शक्यता आहे.

**हवामान अंदाज:**

- **३१ जानेवारी:** फक्त ०.१ मिमी पाऊस, तापमान १९.७°से ते ३०.७°से
- **१ फेब्रुवारी:** ०.२ मिमी पाऊस, तापमान २१.२°से ते ३१.१°से
- **३ फेब्रुवारी:** २.४ मिमी पाऊस, तापमान २०.५°से ते ३१.५°से
- **४ ते ७ फेब्रुवारी:** फक्त ०.१ मिमी पाऊस, तापमान १९.१°से ते ३२.४°से

**शेतकऱ्यांसाठी सूचना:** हवामान कोरडे आणि उबदार राहणार असल्याने, पिकांना नियमित पाणी देणे आवश्यक आहे. पाऊस फारच कमी असल्याने, ठिबक सिंचन किंवा फवारणीसाठी पाणी नियोजन करा.

**स्रोत: हवामान अंदाज (IMD)**

आपल्याला बुलढाणा जिल्ह्यातील बाजारभाव किंवा इतर कोणत्या शेतीविषयक माहितीची गरज आहे का?",2026-01-30T00:53:11.307425,kenpath/mhv_vistaar_all_mhv_vistaar_all_qwen3-32b_v0.2_v0.2.1,FT Qwen 3 (32B) v0.2.1
c506412f143a9b7adfbe307531a18034,Advisory,Devanagri,ठाणे जिल्ह्यात म्हशीच्या दूध उत्पादनात घट का होते?,Why does buffalo milk production decrease in Thane district?,,"ठाणे जिल्ह्यातील म्हशीच्या दूध उत्पादनात घट होण्याची मुख्य कारणे खालीलप्रमाणे आहेत:

**१. उष्णतेचा ताण (Heat Stress):**
ठाणे जिल्हा उष्ण व दमट वातावरणात असल्याने उन्हाळ्यात म्हशींना उष्णतेचा ताण होतो. यामुळे त्यांच्या अन्नद्रव्य सेवन आणि पोषक घटक शोषण कमी होते. रक्त शरीराच्या बाहेरील भागांमध्ये जाते ज्यामुळे पोषक घटकांचे मेटाबॉलिझम बदलते आणि दूध उत्पादन कमी होते. उष्णतेच्या ताणामुळे दूध उत्पादन १०-३०% दरम्यान कमी होते.

**२. पोषक घटकांची कमतरता:**
दुधाळ म्हशींना दर दिवशी शरीराच्या वजनाच्या २.१६% सुका घटक आणि दूध उत्पादनाच्या प्रति किलो ०.७४ किलो सुका घटक लागतो. चाऱ्याचे प्रमाण कमी झाल्यास किंवा दाणेदार खाद्याचे प्रमाण कमी झाल्यास दूध उत्पादनात घट होते.

**३. स्तनदाह (Mastitis):**
दुधाळ म्हशींमध्ये स्तनदाह होत असल्यास दूध उत्पादन अचानक कमी होते किंवा पूर्णपणे थांबते. दूध काढण्याच्या चुकीच्या पद्धती, निवारा अस्वच्छ, किंवा थनांचे जखम यामुळे स्तनदाह होऊ शकतो.

**४. गरोदरपणा आणि व्यानेनंतर:**
गरोदरपणाच्या शेवटच्या अवस्थेत किंवा व्याने झाल्यानंतर लगेचच उच्च उत्पादन देणाऱ्या म्हशींमध्ये दूध उत्पादन कमी होण्याची शक्यता जास्त असते.

**५. पाण्याची कमतरता:**
उन्हाळ्यात पाण्याचे सेवन वाढते पण अन्नाचे सेवन कमी होते. यामुळे दूध उत्पादनात घट येते.

**६. रोग आणि परजीवी:**
नाकातील फ्लक्स (Nasal schistosomiasis) या रोगामुळे दूध उत्पादनात घट होते. या रोगामुळे शरीराची कामकाज क्षमता कमी होते.

**उपाय:**
- उन्हाळ्यात शेतात वाऱ्याचे व्यवस्थापन करा आणि पाण्याचा फवारा द्या.
- दुधाळ म्हशींना योग्य प्रमाणात सुका घटक आणि दाणेदार खाद्य द्या.
- निवारा स्वच्छ ठेवा आणि दूध काढण्याच्या योग्य पद्धती वापरा.
- दूध उत्पादनाच्या घटीची लक्षणे दिसल्यास तातडीने पशुवैद्यकीय तज्ञांशी संपर्क साधा.

**स्रोत: Technological Intervention for Improving Productivity and Profitability in Buffalo Husbandry, Handbook of Good Dairy Husbandry Practices, Animal Science and Technology Standard XII**

ठाणे जिल्ह्यातील आपल्या म्हशीच्या दूध उत्पादनात घट दिसल्यास वरील कारणांची तपासणी करा आणि आवश्यक उपाययोजना करा. आपल्याला म्हशीच्या आहार व्यवस्थापनाबद्दल अधिक माहिती हवी आहे का?",2026-01-30T00:53:44.849541,kenpath/mhv_vistaar_all_mhv_vistaar_all_qwen3-32b_v0.2_v0.2.1,FT Qwen 3 (32B) v0.2.1
ed96dc807d1d766dfd9aa611b3595298,Advisory,Devanagri,वाशिम भागात गायीला ताप आला तर काय करावे?,What to do if cow gets fever in Washim area?,,"गायीला ताप आल्यास खालील उपाय करावेत:

**दूध ताप (हायपोकॅल्सिमिया) चे लक्षणे:**
- रक्तातील कॅल्शियम पातळी कमी होणे
- दुर्बलता किंवा बेपत्ता होणे
- दूध उत्पादनाची वाढ झाल्यावर लगेच ताप येणे

**उपचार:**
- रक्तातील कॅल्शियम पातळी वाढवणे हा मुख्य उपचार आहे
- कॅल्शियम ग्लुकोनेट किंवा कॅल्शियम बोरोग्लुकोनेट इंजेक्शन द्यावे
- हे उपचार पशुवैद्यकाच्या मार्गदर्शनाखालीच करावेत
- जास्त तीव्र प्रकरणांमध्ये द्रव उपचार आणि विरोधी-सूज औषधे देखील आवश्यक असू शकतात

**सावधगिरी:**
- गायीला नियमित आहार आणि पाणी द्यावे
- सौम्य आश्रयस्थान आणि मऊ जागा द्यावी
- गायीला दिवसातून किमान दोनदा वजन हलवून घ्यावे
- जर गाय बसून राहिली तर तिला दोनदा उभे करावे

**प्रतिबंध:**
- व्याने होण्यापूर्वी आहारात कॅल्शियम, स्फुरद आणि मॅग्नेशियम योग्य प्रमाणात द्यावे
- व्याने व्यवस्थापन योग्य ठेवावे
- गायीचे आरोग्य स्थिती नियमित तपासावी

**वाशिम भागातील जवळचे गोदाम:**

**वाशिम गोदाम**
- स्थान: कृषी उत्पन्न बाजार समिती, रेल्वे स्टेशन जवळ, वाशिम
- संपर्क: गोदाम व्यवस्थापक
- फोन: 07252-232158
- अंतर: 1.7 किमी

**मालेगाव (व) गोदाम**
- स्थान: कृषी उत्पन्न बाजार समिती, विश्रामगृहासमोर, मालेगाव
- संपर्क: गोदाम व्यवस्थापक
- फोन: 07254-271104
- अंतर: 19.2 किमी

**मंगरुळपीर गोदाम**
- स्थान: कृषी उत्पन्न बाजार समिती, मंगरुळपीर
- संपर्क: गोदाम व्यवस्थापक
- फोन: 07253-260709
- अंतर: 32.4 किमी

**रिसोड गोदाम**
- स्थान: कृषी उत्पन्न बाजार समिती, रिसोड
- संपर्क: गोदाम व्यवस्थापक
- फोन: 07251-223622
- अंतर: 38.3 किमी

**स्रोत: Emerging Trends in Livestock Nutrition for Health and Production, Agricultural Services Information**

गायीच्या आरोग्याबद्दल अधिक माहितीसाठी आपल्या जवळच्या पशुवैद्यकाशी संपर्क साधा. आपल्याला गायीच्या आहार व्यवस्थापनाबद्दल अधिक माहिती हवी आहे का?",2026-01-30T00:55:00.538896,kenpath/mhv_vistaar_all_mhv_vistaar_all_qwen3-32b_v0.2_v0.2.1,FT Qwen 3 (32B) v0.2.1
2baab2f9baab0f48bd6d775bb5df6c0e,Soil Lab,Devanagri,धुळे जिल्ह्यात ऊस पिकासाठी माती परीक्षण कुठे करावे?,Where to get soil testing done for sugarcane crop in Dhule district?,,"मला धुळे जिल्ह्यासाठी माती परीक्षण प्रयोगशाळा (soil lab) ची माहिती सध्या उपलब्ध नाही. आपण आपल्या स्थानिक कृषी कार्यालयात किंवा तालुका कृषी अधिकाऱ्यांशी संपर्क साधून जवळच्या माती परीक्षण प्रयोगशाळेची माहिती मिळवू शकता.

**स्रोत: कृषी सेवा माहिती**

आपल्याला धुळे जिल्ह्यातील कृषी विज्ञान केंद्र (KVK) किंवा इतर कृषी सेवा केंद्रांची माहिती हवी आहे का?",2026-01-30T00:53:58.267979,kenpath/mhv_vistaar_all_mhv_vistaar_all_qwen3-32b_v0.2_v0.2.1,FT Qwen 3 (32B) v0.2.1
855d1c254ae4592c5d436880d0cefeff,Soil Lab,Devanagri,नंदुरबार जिल्ह्यात माती परीक्षण प्रयोगशाळा कुठे आहे?,Where is the soil testing laboratory in Nandurbar district?,,"मला नंदुरबार जिल्ह्यातील माती परीक्षण प्रयोगशाळेची माहिती सध्या उपलब्ध नाही. आपल्याला जवळच्या इतर ठिकाणासाठी माती परीक्षण प्रयोगशाळा माहिती पाहायची आहे का, किंवा आपल्या स्थानिक कृषी कार्यालयाशी संपर्क साधून अधिक माहिती घ्यायची आहे का?

**स्रोत: कृषी सेवा माहिती**",2026-01-30T00:54:18.543287,kenpath/mhv_vistaar_all_mhv_vistaar_all_qwen3-32b_v0.2_v0.2.1,FT Qwen 3 (32B) v0.2.1
482dd736a1c61d693714850e28d653a1,Weather Forecast,Romanized,Satara madhe ya athavdyat groundnut pikavar favarni karayla havaman yogya aahe ka?,Is the weather suitable for spraying on groundnut crop this week in Satara?,,"सातारा जिल्ह्यासाठी हवामान माहिती सध्या उपलब्ध नाही. त्यामुळे आज शेतात फवारणी करण्याबद्दल निर्णय घेणे कठीण आहे.

फवारणीसाठी सामान्यतः पुढील गोष्टी लक्षात ठेवाव्यात:
- सकाळी लवकर किंवा संध्याकाळी फवारणी करावी
- पाऊस नसेल तर फवारणी करावी
- वारा कमी असताना फवारणी करावी

आपल्याला जवळच्या इतर बाजारांतील हवामान माहिती पाहायची आहे का? किंवा शेतात फवारणीबद्दल इतर काही माहिती हवी आहे का?",2026-01-30T00:54:53.038589,kenpath/mhv_vistaar_all_mhv_vistaar_all_qwen3-32b_v0.2_v0.2.1,FT Qwen 3 (32B) v0.2.1
9b4c49fd2dc07c4ec566c6541f87318a,Weather Forecast,Devanagri,चंद्रपूर जिल्ह्यात पावसाच्या अंदाजामुळे खत देणे पुढे ढकलावे का?,Should fertilizer application be postponed due to rain forecast in Chandrapur district?,,"चंद्रपूर जिल्ह्यातील हवामान माहिती आणि खत व्यवस्थापनाबद्दल माहिती मिळाली आहे. आता मी आपल्याला सविस्तर मार्गदर्शन देतो.

---

चंद्रपूर जिल्ह्यातील गेल्या ५ दिवसांचे हवामान पाहिल्यावर दिसते की **पाऊस नाही** आणि हवामान कोरडे आहे. २४ ते २९ जानेवारी २०२६ या काळात दररोज **० मिमी पाऊस** आणि कमाल तापमान ३०-३१ अंश सेल्सिअस राहिले आहे.

**खत देण्याबद्दल मार्गदर्शन:**

खत देणे पुढे ढकलावे की नाही हे पिकाच्या वाढीच्या अवस्थेवर आणि खताच्या प्रकारावर अवलंबून असते:

१. **रासायनिक खत (युरिया, डीएपी, पोटॅश):** जर आपल्या पिकाला खताची गरज असेल आणि पाऊस नाही तर खत देणे योग्य आहे. खत दिल्यानंतर पाणी देणे आवश्यक आहे, जेणेकरून खत जमिनीत चांगले मिसळले जाईल.

२. **शेणखत/कंपोस्ट:** हे खत पेरणीच्या वेळी किंवा पिकाच्या सुरुवातीच्या अवस्थेत दिले जाते. जर पेरणी पूर्ण झाली असेल तर याची गरज नाही.

३. **पाणी व्यवस्थापन:** खत दिल्यानंतर लगेच पाणी द्या, जेणेकरून खत जमिनीत चांगले मिसळले जाईल आणि पिकाला उपलब्ध होईल.

**स्रोत: हवामान इतिहास (Skymet), डॉ. पंजाबराव देशमुख कृषी विद्यापीठ**

आपल्या पिकाची अवस्था कोणती आहे आणि कोणत्या पिकासाठी खत द्यायचे आहे हे सांगा, म्हणजे मी अधिक विशिष्ट मार्गदर्शन करू शकतो.",2026-01-30T00:55:20.288424,kenpath/mhv_vistaar_all_mhv_vistaar_all_qwen3-32b_v0.2_v0.2.1,FT Qwen 3 (32B) v0.2.1
a0f61932be7c299959351f7567e0383b,Weather Forecast,Devanagri,अकोला जिल्ह्यात या आठवड्यात गारपिटीची शक्यता आहे का?,Is there a possibility of hailstorm this week in Akola district?,,"अकोला जिल्ह्यासाठी या आठवड्यातील हवामान अंदाज सध्या उपलब्ध नाही. आपल्याला इतर कोणत्या जिल्ह्यासाठी हवामान माहिती हवी आहे का, किंवा आपल्याला बाजारभाव किंवा शेतीविषयक इतर काही मदत हवी आहे का?

**स्रोत: हवामान अंदाज (IMD)**",2026-01-30T00:55:10.890531,kenpath/mhv_vistaar_all_mhv_vistaar_all_qwen3-32b_v0.2_v0.2.1,FT Qwen 3 (32B) v0.2.1
f09d8df408f3cf94a7b0a0eba07ecf45,CHC,Devanagri,जळगाव जिल्ह्यात लेझर लँड लेव्हलर भाड्याने कुठे मिळेल?,Where can I rent laser land leveler in Jalgaon district?,,"जळगाव जिल्ह्यासाठी लेझर लँड लेव्हलर किंवा इतर शेती यंत्रे भाड्याने मिळणाऱ्या सेवा केंद्रांची माहिती सध्या उपलब्ध नाही.

आपल्याला जवळच्या इतर ठिकाणासाठी माहिती पाहायची आहे का? किंवा आपण आपल्या स्थानिक कृषी कार्यालयात संपर्क साधून यंत्रे भाड्याने मिळण्याची अधिक माहिती घेऊ शकता.

**स्रोत: कृषी सेवा माहिती**",2026-01-30T00:55:30.542350,kenpath/mhv_vistaar_all_mhv_vistaar_all_qwen3-32b_v0.2_v0.2.1,FT Qwen 3 (32B) v0.2.1
8b007caf7478ae50352b4c9e4318de68,Advisory,Devanagri,वाशिम जिल्ह्यात सूर्यफूल पिकावरील पांढरी माशी चे नैसर्गिक शत्रू कोणते?,What are natural enemies of whitefly on sunflower in Washim district?,,"सूर्यफूल पिकावरील पांढरी माशीचे नैसर्गिक शत्रू म्हणजे त्या कीटकांचे नैसर्गिक शत्रू जे पांढरी माशीच्या नियंत्रणासाठी मदत करतात.

**सूर्यफूल पिकावरील पांढरी माशीचे नैसर्गिक शत्रू:**

पांढरी माशीच्या नियंत्रणासाठी खालील नैसर्गिक शत्रूंचे संवर्धन करणे फायदेशीर आहे:

**१. क्रायसोपा (Chrysopa)**
- ही पतंग कीटक असून पांढरी माशीच्या पिल्लांना खाऊन त्यांचे नियंत्रण करते.

**२. शील्ड बग (Shield Bug)**
- ही कीटक पांढरी माशीचे पिल्ले आणि प्रौढ माशी खातात.

**३. मॅलाडा (Mallada)**
- ही कीटक नैसर्गिक शत्रू असून पांढरी माशीच्या नियंत्रणासाठी मदत करतात.

**४. एंकार्शिया (Encarsia)**
- ही माइक्रो व्हायरस प्रोड्युसिंग कीटक असून पांढरी माशीच्या पिल्लांना नियंत्रित करतात.

**५. जौराविया बीटल (Jauravia Beetle)**
- ही कीटक पांढरी माशीच्या पिल्लांना खातात.

**६. कॅटिन (Catin)**
- ही कीटक पांढरी माशीच्या पिल्लांना नियंत्रित करतात.

**७. लिओक्रिनस (Leiochrinus)**
- ही कीटक पांढरी माशीच्या नियंत्रणासाठी मदत करतात.

**नैसर्गिक शत्रूंचे संवर्धन कसे करावे:**
- कीटकनाशकांचा वापर कमी करा, कारण ते नैसर्गिक शत्रूंनाही नुकसान करतात.
- पिकावर पाण्याची नियमित फवारणी करा, यामुळे पांढरी माशी नियंत्रित होते आणि मित्र कीटक संरक्षित राहतात.
- फेरोमोन सापळे वापरा जे पांढरी माशीच्या प्रौढ माशींचे नियंत्रण करतात.

**स्रोत: कृषी दर्शनी डॉ. बाळासाहेब सावंत कोकण कृषी विद्यापीठ, दापोली २०२५**

आपल्या शेतात पांढरी माशीचे प्रमाण जास्त असल्यास, वरील नैसर्गिक शत्रूंचे संवर्धन करण्यासोबतच इमिडाक्लोप्रिड १७.८ एसएल ०.०५% (३ मिली/१० लिटर पाणी) किंवा कडुलिंबाचे तेल ०.५% फवारणी करणे उपयुक्त ठरू शकते. आपल्याला पांढरी माशीच्या नियंत्रणाबद्दल अधिक माहिती हवी आहे का?",2026-01-30T00:55:51.621807,kenpath/mhv_vistaar_all_mhv_vistaar_all_qwen3-32b_v0.2_v0.2.1,FT Qwen 3 (32B) v0.2.1
0cc54fcd05412262f6f6fec4e90f9049,Weather Forecast,Romanized,Akola jilhyat udya paus padel ka?,Will it rain tomorrow in Akola district?,,"मला अकोला जिल्ह्यासाठी हवामान अंदाज सध्या उपलब्ध नाही. आपल्याला जवळच्या इतर बाजारासाठी हवामान माहिती तपासायची आहे का, किंवा दुसऱ्या शेतीविषयक प्रश्नाबद्दल मदत हवी आहे का?",2026-01-30T00:55:43.046905,kenpath/mhv_vistaar_all_mhv_vistaar_all_qwen3-32b_v0.2_v0.2.1,FT Qwen 3 (32B) v0.2.1
56427f58b33e2ad0ccca29370698fcd7,Advisory,Devanagri,गोंदिया मध्ये गायीच्या कासेला सूज आली तर उपचार काय?,What is the treatment if cow's udder is swollen in Gondia?,,"गोंदिया जिल्ह्यातील गायीच्या कासेला सूज आल्यास हे स्तनदाह (मास्टायटिस) रोगाचे लक्षण असू शकते. हा रोग दुधातील जीवाणूंमुळे होतो आणि गायीच्या आरोग्यासाठी गंभीर आहे.

**स्तनदाहाची लक्षणे:**
- कास लाल, उष्ण किंवा सूजलेली होते
- कास वेदनादायक असते
- दूध पाणीसारखे, पिवळे किंवा गुठळ्यांसह बदलते
- गायीला ताप येऊ शकतो किंवा आजारी वाटते

**उपचार:**
१. **नेहमी पशुवैद्यकांचा सल्ला घ्या** - उपचारासाठी तज्ञाची आवश्यकता आहे
२. **थनातील प्रतिजैविक औषधे** - कासेत औषध टाकणे
३. **वेदना कमी करणारी औषधे** किंवा विरोधी-सूज इंजेक्शन
४. **दूषित दूध पूर्णपणे काढा** - रोगग्रस्त दूध गायीच्या शरीरातून काढून टाका
५. **पाण्यात राहू देऊ नका** - गायीला योग्य पाणी आणि आहार द्या

**प्रतिबंधात्मक उपाय:**
- दूध काढण्यापूर्वी हात आणि कास स्वच्छ करा
- दूध काढल्यानंतर थनाग्र औषधी द्रावण वापरा
- गोठे स्वच्छ आणि कोरडे ठेवा
- आजारी जनावरे निरोगी जनावरांपासून वेगळी ठेवा
- नियमितपणे लपृती टेस्ट (CMT) करून लपृती तपासा
- पशुवैद्यकांच्या सल्ल्याने लसीकरण करा
- यंत्राने दूध काढताना यंत्र स्वच्छ ठेवा

**महत्त्वाची सूचना:** गोंदिया जिल्ह्यातील पशुवैद्यकीय अधिकारी आणि सेवा केंद्रांची माहिती मिळवण्यासाठी आपण गोंदिया जिल्हा पशुसंवर्धन कार्यालयाशी संपर्क साधू शकता.

**स्रोत: दूधव्यवस्थापनासाठी शेतकऱ्यांचे जीवनमान समर्थन**",2026-01-30T00:56:19.459872,kenpath/mhv_vistaar_all_mhv_vistaar_all_qwen3-32b_v0.2_v0.2.1,FT Qwen 3 (32B) v0.2.1
f4fa4e2a0f7ce66de8c0caac913c52fa,Scheme,Devanagri,नाशिक मध्ये PMFBY साठी अर्जाची शेवटची तारीख कोणती?,What is the last date for PMFBY application in Nashik?,,"नाशिक मध्ये **प्रधानमंत्री फसल बीमा योजना (PMFBY)** साठी अर्ज करण्याची शेवटची तारीख या योजनेच्या अर्ज प्रक्रियेवर अवलंबून असते. PMFBY अंतर्गत अर्ज www.pmfby.gov.in या पोर्टलवर ऑनलाइन करावा लागतो.

**योजनेची मुख्य माहिती:**

**प्रधानमंत्री फसल बीमा योजना (PMFBY)** ही शेतकऱ्यांना नैसर्गिक आपत्ती, कीड आणि रोगांमुळे पिकाचे नुकसान झाल्यास विमा संरक्षण आणि आर्थिक मदत देणारी योजना आहे.

**अर्ज करण्याची प्रक्रिया:**
- अर्ज www.pmfby.gov.in या पोर्टलवर ऑनलाइन करावा लागतो
- अर्ज करण्याची शेवटची तारीख दरवर्षी जाहीर केली जाते
- अर्ज करण्यासाठी विहित तारखेच्या आत ऑनलाइन अर्ज करणे आवश्यक आहे

**अर्ज करताना आवश्यक कागदपत्रे:**
- आधार कार्ड
- बँक खाते तपशील
- जमीन आणि पीक तपशील
- डिजिटल पीक सर्वेक्षण (ई-पिक पाहणी)
- कृषीस्टॅक क्रमांक

**योजनेचे फायदे:**
- नैसर्गिक आपत्ती, कीड आणि रोगांमुळे पिकाचे नुकसान झाल्यास विमा संरक्षण
- आर्थिक मदत मिळते ज्यामुळे पुढील हंगामासाठी कर्ज क्षमता राखली जाते

**स्रोत: शासकीय योजना माहिती**

आपल्याला अर्ज करण्यासाठी अधिक माहिती हवी आहे का, किंवा अर्ज प्रक्रियेबद्दल मदत हवी आहे का?",2026-01-30T00:56:36.783638,kenpath/mhv_vistaar_all_mhv_vistaar_all_qwen3-32b_v0.2_v0.2.1,FT Qwen 3 (32B) v0.2.1
33be95abae04b17d2399eddac89e48bb,Agri Assistant Contact,Romanized,Amravati bhagatil krushi sahayak kontya seva detat?,What services do agriculture assistants provide in Amravati area?,,"आमरावती जिल्ह्यातील कृषी सहाय्यकांची संपर्क माहिती सध्या उपलब्ध नाही. आपण आपल्या स्थानिक कृषी कार्यालयात किंवा तालुका कृषी कार्यालयात संपर्क साधू शकता. तेथे आपल्याला कृषी सहाय्यकांची माहिती मिळेल आणि ते आपल्याला खालील सेवा देऊ शकतात:

**कृषी सहाय्यक कोणत्या सेवा देतात:**

- शेतीविषयक सल्ला आणि मार्गदर्शन
- शासकीय योजनांची माहिती आणि अर्जाची मदत
- पीक व्यवस्थापन आणि तंत्रज्ञान माहिती
- रोग आणि कीड नियंत्रणाबद्दल मार्गदर्शन
- खते आणि बियाणे यांच्याबद्दल माहिती
- बाजारभाव आणि शेती विषयक इतर मदत

आपल्याला आमरावती जिल्ह्यातील कृषी विज्ञान केंद्र (KVK), मृदा परीक्षण प्रयोगशाळा किंवा इतर कृषी सेवा केंद्रांची माहिती हवी आहे का?

**स्रोत: कृषी संस्थापक निर्देशिका**",2026-01-30T00:56:49.356564,kenpath/mhv_vistaar_all_mhv_vistaar_all_qwen3-32b_v0.2_v0.2.1,FT Qwen 3 (32B) v0.2.1
41af61d83068568ae25c4e9bea510f2c,Advisory,Romanized,Ratnagiri madhe soybean varil thrips chi lakshane kay ahet?,What are the symptoms of thrips on soybean in Ratnagiri?,,"रत्नागिरी जिल्ह्यातील सोयाबीन पिकावरील फुलकिडे (थ्रिप्स) ची ओळख आणि व्यवस्थापनाबद्दल माहिती खालीलप्रमाणे आहे:

**फुलकिडे ओळखण्याची लक्षणे:**

फुलकिडे हे अतिशय लहान, पिवळसर-पांढुरा रंगाचे कीटक आहेत. हे कीटक पानांच्या वरच्या भागावर आढळतात. प्रौढ आणि पिल्ले पाने खरवडून त्यातून निघणारा अन्नरस शोषण करतात. यामुळे पानांच्या वरच्या भागावर पांढरे, पिवळसर ठिपके दिसतात आणि पानांच्या खालच्या बाजूस तांबडे चट्टे पडतात. जास्त प्रादुर्भाव झाल्यास पाने कोमेजतात आणि झाडाची वाढ खुंटते. फुलकिडे शिंबीवर्गीय पिकांच्या फुलोऱ्याच्या अवस्थेत मोठ्या प्रमाणात आढळतात. पाऊस झाल्यानंतर आकाश स्वच्छ झाल्यावर या किडीचा प्रादुर्भाव वाढतो.

**फुलकिडे नियंत्रणासाठी उपाय:**

१. **बियाणे प्रक्रिया:** पेरणीपूर्वी थायमेथोक्झाम ३०% एफएस @ ३ मिली प्रति किलो बियाणे याने बियाणे प्रक्रिया करा.

२. **रासायनिक नियंत्रण:** पेरणीनंतर १५ आणि २० दिवसांनी इमिडाक्लोप्रिड १७.८% एसएल @ १०० मिली प्रति हेक्टर ५०० लिटर पाण्यात मिसळून फवारणी करा (२ मिली/१० लिटर पाणी).

३. **कीटकनाशके:** फुलकिड्यांच्या नियंत्रणासाठी लॅम्ब्डा सायहॅलोथ्रिन ५% ईसी @ ६ मिली प्रति १० लिटर पाणी किंवा फिप्रोनिल ८० डब्ल्यूजी @ १.५ ग्रॅम प्रति १० लिटर पाणी फवारणी करता येते.

**पुढील आठवड्याचा हवामान अंदाज:**

रत्नागिरी जिल्ह्यात पुढील ५ दिवस कोरडे आणि स्वच्छ हवामान राहण्याची शक्यता आहे. किमान तापमान २२-२३ अंश सेल्सिअस आणि कमाल तापमान २८-३० अंश सेल्सिअस राहील. पाऊस नाही. हवामान अनुकूल असल्याने फवारणी करण्यासाठी योग्य वेळ आहे.

**स्रोत: डॉ. पंजाबराव देशमुख कृषी विद्यापीठ, महात्मा फुले कृषी विद्यापीठ कृषी दर्शनी**

आपल्या सोयाबीन पिकावर फुलकिड्यांचा प्रादुर्भाव किती आहे? आपण फवारणी करण्याचा विचार करत आहात का?",2026-01-30T00:57:05.165222,kenpath/mhv_vistaar_all_mhv_vistaar_all_qwen3-32b_v0.2_v0.2.1,FT Qwen 3 (32B) v0.2.1
c2ddc33243f8ab26611731dcc9c45fc7,Weather Forecast,Romanized,Sangli jilhyat maize kadhanisathi havaman yogya aahe ka?,Is the weather suitable for maize harvesting in Sangli district?,,सांगली जिल्ह्यासाठी हवामान अंदाज सध्या उपलब्ध नाही. आपल्याला जवळच्या इतर बाजारांचे हवामान तपासायचे आहे का किंवा दुसऱ्या शेतीविषयक प्रश्नाबद्दल मदत हवी आहे का?,2026-01-30T00:56:48.529894,kenpath/mhv_vistaar_all_mhv_vistaar_all_qwen3-32b_v0.2_v0.2.1,FT Qwen 3 (32B) v0.2.1
426e3c80b04b85cda58706a6a2ff55fe,Mandi Price,Devanagri,सांगली बाजारात ज्वारी चे दर वाढतायत का?,Are the rates of sorghum increasing in Sangli market?,,"सांगली बाजारात ज्वारी (शालू) चे सध्याचे दर **₹4,200 ते ₹6,500 प्रति क्विंटल** आहेत, तर सरासरी दर **₹5,350 प्रति क्विंटल** आहेत.

**सध्याच्या बाजारभावाची स्थिती:**

सांगली बाजारात ज्वारीचे दर स्थिर आहेत. गेल्या काही आठवड्यांत दरात मोठा चढ-उतार दिसत नाही. सध्याचे दर ₹5,350 प्रति क्विंटल आहेत, जे गेल्या आठवड्यातील दरांपेक्षा बदललेले नाहीत.

**शेतकऱ्यांसाठी सल्ला:**

- जर आपल्याला तातडीने पैशांची गरज नसेल तर ज्वारी योग्य ठिकाणी साठवून ठेवणे योग्य ठरेल.
- बाजारातील दर वाढण्याची अपेक्षा ठेवून थोडा वेळ थांबू शकता.
- जर लगेच विक्री करायची असेल तर सध्याचे दर योग्य आहेत.

**स्रोत: बाजारभाव**

आपल्याला ज्वारी साठवणुकीसाठी जवळच्या गोदामांची माहिती हवी आहे का, किंवा इतर कोणत्या पिकाचे बाजारभाव तपासायचे आहेत?",2026-01-30T00:57:14.354477,kenpath/mhv_vistaar_all_mhv_vistaar_all_qwen3-32b_v0.2_v0.2.1,FT Qwen 3 (32B) v0.2.1
ce7b91147ce3172c60812822199777d0,Warehouse,Devanagri,सिंधुदुर्ग जिल्ह्यात CWC गोदाम उपलब्ध आहे का?,Is CWC warehouse available in Sindhudurg district?,,"सिंधुदुर्ग जिल्ह्यासाठी CWC गोदाम किंवा इतर कृषी सेवा माहिती उपलब्ध नाही. आपल्याला जवळच्या दुसऱ्या ठिकाणासाठी माहिती पाहायची आहे का? किंवा आपण स्थानिक कृषी कार्यालयात संपर्क साधून अधिक माहिती मिळवू शकता.

**स्रोत: कृषी सेवा माहिती**",2026-01-30T00:57:17.902429,kenpath/mhv_vistaar_all_mhv_vistaar_all_qwen3-32b_v0.2_v0.2.1,FT Qwen 3 (32B) v0.2.1
a00147a9fe9149305df6473d95464a76,Soil Lab,Devanagri,नागपूर मध्ये घरपोच नमुना संकलन सुविधा देणारी प्रयोगशाळा शोधा.,Find laboratory providing home sample collection in Nagpur.,,"नागपूर जिल्ह्यात घरपोच नमुना संकलन सुविधा देणाऱ्या मृदा परीक्षण प्रयोगशाळांची माहिती खालीलप्रमाणे आहे:

**१. मृदा परीक्षण प्रयोगशाळा, नागपूर**
- **पत्ता:** जिल्हा मृदा सर्वेक्षण व मृदा परीक्षण प्रयोगशाळा, कृषी महाविद्यालय परिसर, अमरावती रोड, नागपूर
- **अंतर:** १ किमी
- **संपर्क व्यक्ती:** श्रीमती राजश्री पवार
- **फोन:** 9834907679

**२. मृदा परीक्षण प्रयोगशाळा, भंडारा**
- **पत्ता:** जिल्हा मृदा सर्वेक्षण व मृदा परीक्षण अधिकारी, भंडारा जिल्हा न्यायालयासमोर, सिव्हिल लाइन्स, भंडारा
- **अंतर:** ५९ किमी
- **संपर्क व्यक्ती:** श्रीमती वृषाली जी. देशमुख
- **फोन:** 9423192166

**३. मृदा परीक्षण प्रयोगशाळा, वर्धा**
- **पत्ता:** जिल्हा मृदा सर्वेक्षण व मृदा परीक्षण अधिकारी, शासकीय आयटीआय महाविद्यालयामागे, म्हाडा कॉलनी, वर्धा
- **अंतर:** ६७ किमी
- **संपर्क व्यक्ती:** श्री. एस.टी. सालुंखे
- **फोन:** 9604808131

**४. मृदा परीक्षण प्रयोगशाळा, गोंदिया**
- **पत्ता:** जिल्हा मृदा सर्वेक्षण व मृदा परीक्षण प्रयोगशाळा, करंजा पोलीस मुख्यालयाजवळ, करंजा, गोंदिया
- **अंतर:** ६७ किमी
- **संपर्क व्यक्ती:** श्री. ए.एम. रामटेके
- **फोन:** 9404309589

**५. मृदा परीक्षण प्रयोगशाळा, यवतमाळ**
- **पत्ता:** जिल्हा मृदा सर्वेक्षण व मृदा परीक्षण अधिकारी, गार्डन रोड, धामणगाव रोड, यवतमाळ
- **अंतर:** १३० किमी
- **संपर्क व्यक्ती:** श्री. विनोद बी. चव्हाण
- **फोन:** 9284222125

या प्रयोगशाळांमध्ये आपल्या शेतातील मातीचे नमुने घेऊन जाऊन तपासणी करू शकता. जवळच्या नागपूर येथील प्रयोगशाळा फक्त १ किमी अंतरावर आहे. आपल्या जवळच्या प्रयोगशाळेशी संपर्क साधून नमुना संकलन सुविधेबद्दल अधिक माहिती घ्या.

**स्रोत: कृषी सेवा माहिती**

आपल्याला मृदा तपासणीच्या प्रक्रियेबद्दल किंवा त्यातील कोणत्या विशिष्ट तपासण्यांबद्दल माहिती हवी आहे का?",2026-01-30T00:57:55.439278,kenpath/mhv_vistaar_all_mhv_vistaar_all_qwen3-32b_v0.2_v0.2.1,FT Qwen 3 (32B) v0.2.1
e568a7f2525a234c42307f246a870b2c,Soil Lab,Devanagri,"परभणी जिल्ह्यात नत्र, स्फुरद, पालाश तपासणी कुठे होते?",Where is NPK testing done in Parbhani district?,,"परभणी जिल्ह्यातील जमिनीची नत्र, स्फुरद, पालाश तपासणीसाठी माती परीक्षण प्रयोगशाळा सध्या उपलब्ध नाही.

आपल्याला जवळच्या इतर ठिकाणांमध्ये माती परीक्षण सेवा तपासायची आहे का? तसेच, आपल्या स्थानिक कृषी कार्यालयात संपर्क साधून माती परीक्षण प्रयोगशाळेची माहिती मिळवू शकता.

**स्रोत: कृषी सेवा माहिती**",2026-01-30T00:57:43.567521,kenpath/mhv_vistaar_all_mhv_vistaar_all_qwen3-32b_v0.2_v0.2.1,FT Qwen 3 (32B) v0.2.1
52425ff12a42b9b475af814fefadeab0,Soil Lab,Devanagri,अमरावती मध्ये खाजगी माती परीक्षण केंद्र आहे का?,Is there a private soil testing center in Amravati?,,"मला अमरावती येथे माती परीक्षण प्रयोगशाळा (सोइल लॅब) बद्दल माहिती सध्या उपलब्ध नाही. आपल्याला जवळच्या इतर ठिकाणासाठी माती परीक्षण केंद्रांची माहिती पाहायची आहे का?

**स्रोत: कृषी सेवा माहिती**",2026-01-30T00:57:59.195168,kenpath/mhv_vistaar_all_mhv_vistaar_all_qwen3-32b_v0.2_v0.2.1,FT Qwen 3 (32B) v0.2.1
030ba6a03c5753aae63bb03a46f4a4d9,Mandi Price,Devanagri,पालघर बाजारात सूर्यफूल ला जास्तीत जास्त दर किती मिळतोय?,What is the maximum rate for sunflower in Palghar market?,,पालघर बाजारासाठी सूर्यफूल चे बाजारभाव सध्या उपलब्ध नाहीत. आपल्याला जवळच्या इतर बाजारांमध्ये सूर्यफूल चे दर तपासायचे आहेत का?,2026-01-30T00:58:09.563043,kenpath/mhv_vistaar_all_mhv_vistaar_all_qwen3-32b_v0.2_v0.2.1,FT Qwen 3 (32B) v0.2.1
203be47beba163166637e34af3233a37,Weather Forecast,Devanagri,भंडारा जिल्ह्यात पुढचे काही दिवस कोरडे हवामान राहील का?,Will the weather remain dry for the next few days in Bhandara district?,,मला भंडारा जिल्ह्यासाठी पुढच्या काही दिवसांचे हवामान अंदाज सध्या उपलब्ध नाही. आपल्याला जवळच्या दुसऱ्या जिल्ह्यासाठी हवामान माहिती पाहायची आहे का?,2026-01-30T00:58:20.458713,kenpath/mhv_vistaar_all_mhv_vistaar_all_qwen3-32b_v0.2_v0.2.1,FT Qwen 3 (32B) v0.2.1
e37f0cd0001a634f723cc3c3677739a7,Warehouse,Devanagri,लातूर जिल्ह्यात गोदामाचे भाडे दर किती आहेत?,What are the warehouse rental rates in Latur district?,,"मला लातूर जिल्ह्यासाठी गोदामाची माहिती सध्या उपलब्ध नाही. आपल्याला जवळच्या दुसऱ्या ठिकाणासाठी गोदाम सेवा माहिती पाहायची आहे का? किंवा आपल्या स्थानिक कृषी कार्यालयात संपर्क साधून अधिक माहिती मिळवू शकता.

**स्रोत: कृषी सेवा माहिती**",2026-01-30T00:58:31.565121,kenpath/mhv_vistaar_all_mhv_vistaar_all_qwen3-32b_v0.2_v0.2.1,FT Qwen 3 (32B) v0.2.1
f1fe91a27329a1185ad34fe2c008c76e,Advisory,Devanagri,अकोला जिल्ह्यात टोमॅटो फुलोऱ्याच्या वेळी काय काळजी घ्यावी?,What care to take during flowering of tomato in Akola district?,,"अकोला जिल्ह्यात टोमॅटोच्या फुलोऱ्याच्या वेळी घेण्याच्या महत्त्वाच्या काळजी खालीलप्रमाणे आहेत:

**पाण्याचे व्यवस्थापन:**
फुलोऱ्याच्या आणि फळ वाढीच्या टप्प्यावर पाण्याचा योग्य वापर करणे अत्यंत महत्त्वाचे आहे. दोन पाण्याच्या आवर्तनांमध्ये लांब कालावधी राहू देऊ नका. अन्यथा फुलगळ किंवा फळांना तडा जाण्याचा धोका वाढतो. रब्बी हंगामात ८-१० दिवसांच्या अंतराने आणि उन्हाळ्यात ६-८ दिवसांच्या अंतराने पाणी द्या. ठिबक सिंचनाचा वापर केल्यास पाणी बचत होते, दर्जेदार फळे मिळतात आणि तणांची संख्या कमी होते.

**फळांच्या वाढीच्या वेळी:**
फुलोऱ्यानंतर १-१.५ महिन्यांनी फळे लागू लागतात. या वेळी फुलोऱ्याच्या वाढीसाठी आणि फळांच्या वाढीसाठी योग्य पाणी व्यवस्थापन करा. या टप्प्यावर पाण्याचा ताण येऊ देऊ नका.

**फळगळ टाळण्यासाठी:**
फुलोऱ्याच्या वेळी आणि फळ वाढीच्या टप्प्यावर नियमित पाणी देणे आवश्यक आहे. दोन पाण्याच्या आवर्तनांमध्ये लांब कालावधी राहू देऊ नका, कारण त्यामुळे फुलगळ किंवा फळगळ होऊ शकते.

**मुळांची निगा:**
टोमॅटो लावल्यानंतर अंदाजे १-१.५ महिन्यांनी मातीची बांध फोडून झाडांना माती द्या. यामुळे मुळांना हवा मिळते आणि झाडांची वाढ चांगली होते.

**फळांचे आधार:**
फळे लागू लागल्यावर झाडाचे फांद्या जमिनीला लागतात आणि काही फळे जमिनीला लागतात. यामुळे किडी आणि रोगांचा प्रादुर्भाव होतो आणि फळे खराब होतात. त्यामुळे वेळेवर झाडांना आधार द्या.

**तण नियंत्रण:**
टोमॅटो पिकासाठी ३-४ वेळा डवरणे करून शेत तणमुक्त ठेवा. तणांची वाढ रोखल्यास पिकाच्या वाढीस मदत होते.

**स्रोत: डॉ. पंजाबराव देशमुख कृषी विद्यापीठ, एमपीकेव्ही कृषी दर्शनी**

आपल्याला टोमॅटोच्या फुलोऱ्याच्या वेळी कोणत्या विशिष्ट समस्यांबद्दल अधिक माहिती हवी आहे का? किंवा टोमॅटोच्या रोग आणि किड नियंत्रणाबद्दल माहिती हवी आहे का?",2026-01-30T00:59:08.849730,kenpath/mhv_vistaar_all_mhv_vistaar_all_qwen3-32b_v0.2_v0.2.1,FT Qwen 3 (32B) v0.2.1
