Crop,Season,Region,Category,Prompt
Soyabean,Kharif,VNMKV Parbhani,Land Preparation (Timing + Practice),"I am a farmer in region of VNMKV Parbhani growing Soyabean in Kharif, what should I do for Land Preparation (Timing + Practice)"
Cotton (Lint),Kharif,VNMKV Parbhani,Land Preparation (Timing + Practice),"I am a farmer in region of VNMKV Parbhani growing Cotton (Lint) in Kharif, what should I do for Land Preparation (Timing + Practice)"
Rice,Kharif,VNMKV Parbhani,Land Preparation (Timing + Practice),"I am a farmer in region of VNMKV Parbhani growing Rice in Kharif, what should I do for Land Preparation (Timing + Practice)"
Tur,Kharif,VNMKV Parbhani,Land Preparation (Timing + Practice),"I am a farmer in region of VNMKV Parbhani growing Tur in Kharif, what should I do for Land Preparation (Timing + Practice)"
Sugarcane,Kharif,VNMKV Parbhani,Land Preparation (Timing + Practice),"I am a farmer in region of VNMKV Parbhani growing Sugarcane in Kharif, what should I do for Land Preparation (Timing + Practice)"
Maize,Kharif,VNMKV Parbhani,Land Preparation (Timing + Practice),"I am a farmer in region of VNMKV Parbhani growing Maize in Kharif, what should I do for Land Preparation (Timing + Practice)"
Bajra,Kharif,VNMKV Parbhani,Land Preparation (Timing + Practice),"I am a farmer in region of VNMKV Parbhani growing Bajra in Kharif, what should I do for Land Preparation (Timing + Practice)"
Udid,Kharif,VNMKV Parbhani,Land Preparation (Timing + Practice),"I am a farmer in region of VNMKV Parbhani growing Udid in Kharif, what should I do for Land Preparation (Timing + Practice)"
Moong,Kharif,VNMKV Parbhani,Land Preparation (Timing + Practice),"I am a farmer in region of VNMKV Parbhani growing Moong in Kharif, what should I do for Land Preparation (Timing + Practice)"
Groundnut,Kharif,VNMKV Parbhani,Land Preparation (Timing + Practice),"I am a farmer in region of VNMKV Parbhani growing Groundnut in Kharif, what should I do for Land Preparation (Timing + Practice)"
Jowar,Kharif,VNMKV Parbhani,Land Preparation (Timing + Practice),"I am a farmer in region of VNMKV Parbhani growing Jowar in Kharif, what should I do for Land Preparation (Timing + Practice)"
Ragi,Kharif,VNMKV Parbhani,Land Preparation (Timing + Practice),"I am a farmer in region of VNMKV Parbhani growing Ragi in Kharif, what should I do for Land Preparation (Timing + Practice)"
Nigerseed,Kharif,VNMKV Parbhani,Land Preparation (Timing + Practice),"I am a farmer in region of VNMKV Parbhani growing Nigerseed in Kharif, what should I do for Land Preparation (Timing + Practice)"
Sesamum,Kharif,VNMKV Parbhani,Land Preparation (Timing + Practice),"I am a farmer in region of VNMKV Parbhani growing Sesamum in Kharif, what should I do for Land Preparation (Timing + Practice)"
Sunflower,Kharif,VNMKV Parbhani,Land Preparation (Timing + Practice),"I am a farmer in region of VNMKV Parbhani growing Sunflower in Kharif, what should I do for Land Preparation (Timing + Practice)"
Onion,Kharif,VNMKV Parbhani,Land Preparation (Timing + Practice),"I am a farmer in region of VNMKV Parbhani growing Onion in Kharif, what should I do for Land Preparation (Timing + Practice)"
Tomato,Kharif,VNMKV Parbhani,Land Preparation (Timing + Practice),"I am a farmer in region of VNMKV Parbhani growing Tomato in Kharif, what should I do for Land Preparation (Timing + Practice)"
Green Chilly,Kharif,VNMKV Parbhani,Land Preparation (Timing + Practice),"I am a farmer in region of VNMKV Parbhani growing Green Chilly in Kharif, what should I do for Land Preparation (Timing + Practice)"
Gram,Rabi,VNMKV Parbhani,Land Preparation (Timing + Practice),"I am a farmer in region of VNMKV Parbhani growing Gram in Rabi, what should I do for Land Preparation (Timing + Practice)"
Jowar,Rabi,VNMKV Parbhani,Land Preparation (Timing + Practice),"I am a farmer in region of VNMKV Parbhani growing Jowar in Rabi, what should I do for Land Preparation (Timing + Practice)"
Wheat,Rabi,VNMKV Parbhani,Land Preparation (Timing + Practice),"I am a farmer in region of VNMKV Parbhani growing Wheat in Rabi, what should I do for Land Preparation (Timing + Practice)"
Maize,Rabi,VNMKV Parbhani,Land Preparation (Timing + Practice),"I am a farmer in region of VNMKV Parbhani growing Maize in Rabi, what should I do for Land Preparation (Timing + Practice)"
Safflower,Rabi,VNMKV Parbhani,Land Preparation (Timing + Practice),"I am a farmer in region of VNMKV Parbhani growing Safflower in Rabi, what should I do for Land Preparation (Timing + Practice)"
Mustard,Rabi,VNMKV Parbhani,Land Preparation (Timing + Practice),"I am a farmer in region of VNMKV Parbhani growing Mustard in Rabi, what should I do for Land Preparation (Timing + Practice)"
Linseed,Rabi,VNMKV Parbhani,Land Preparation (Timing + Practice),"I am a farmer in region of VNMKV Parbhani growing Linseed in Rabi, what should I do for Land Preparation (Timing + Practice)"
Sunflower,Rabi,VNMKV Parbhani,Land Preparation (Timing + Practice),"I am a farmer in region of VNMKV Parbhani growing Sunflower in Rabi, what should I do for Land Preparation (Timing + Practice)"
Sesame,Rabi,VNMKV Parbhani,Land Preparation (Timing + Practice),"I am a farmer in region of VNMKV Parbhani growing Sesame in Rabi, what should I do for Land Preparation (Timing + Practice)"
Onion,Rabi,VNMKV Parbhani,Land Preparation (Timing + Practice),"I am a farmer in region of VNMKV Parbhani growing Onion in Rabi, what should I do for Land Preparation (Timing + Practice)"
Tomato,Rabi,VNMKV Parbhani,Land Preparation (Timing + Practice),"I am a farmer in region of VNMKV Parbhani growing Tomato in Rabi, what should I do for Land Preparation (Timing + Practice)"
Green Chilly,Rabi,VNMKV Parbhani,Land Preparation (Timing + Practice),"I am a farmer in region of VNMKV Parbhani growing Green Chilly in Rabi, what should I do for Land Preparation (Timing + Practice)"
Mango,,VNMKV Parbhani,Land Preparation (Timing + Practice),"I am a farmer in region of VNMKV Parbhani growing Mango in , what should I do for Land Preparation (Timing + Practice)"
Orange ,,VNMKV Parbhani,Land Preparation (Timing + Practice),"I am a farmer in region of VNMKV Parbhani growing Orange  in , what should I do for Land Preparation (Timing + Practice)"
Grapes,,VNMKV Parbhani,Land Preparation (Timing + Practice),"I am a farmer in region of VNMKV Parbhani growing Grapes in , what should I do for Land Preparation (Timing + Practice)"
Banana,,VNMKV Parbhani,Land Preparation (Timing + Practice),"I am a farmer in region of VNMKV Parbhani growing Banana in , what should I do for Land Preparation (Timing + Practice)"
Pomegranate,,VNMKV Parbhani,Land Preparation (Timing + Practice),"I am a farmer in region of VNMKV Parbhani growing Pomegranate in , what should I do for Land Preparation (Timing + Practice)"
Mosambi,,VNMKV Parbhani,Land Preparation (Timing + Practice),"I am a farmer in region of VNMKV Parbhani growing Mosambi in , what should I do for Land Preparation (Timing + Practice)"
Soyabean,Kharif,VNMKV Parbhani,Sowing (Seed Variety & Practice),"I am a farmer in region of VNMKV Parbhani growing Soyabean in Kharif, what should I do for Sowing (Seed Variety & Practice)"
Cotton (Lint),Kharif,VNMKV Parbhani,Sowing (Seed Variety & Practice),"I am a farmer in region of VNMKV Parbhani growing Cotton (Lint) in Kharif, what should I do for Sowing (Seed Variety & Practice)"
Rice,Kharif,VNMKV Parbhani,Sowing (Seed Variety & Practice),"I am a farmer in region of VNMKV Parbhani growing Rice in Kharif, what should I do for Sowing (Seed Variety & Practice)"
Tur,Kharif,VNMKV Parbhani,Sowing (Seed Variety & Practice),"I am a farmer in region of VNMKV Parbhani growing Tur in Kharif, what should I do for Sowing (Seed Variety & Practice)"
Sugarcane,Kharif,VNMKV Parbhani,Sowing (Seed Variety & Practice),"I am a farmer in region of VNMKV Parbhani growing Sugarcane in Kharif, what should I do for Sowing (Seed Variety & Practice)"
Maize,Kharif,VNMKV Parbhani,Sowing (Seed Variety & Practice),"I am a farmer in region of VNMKV Parbhani growing Maize in Kharif, what should I do for Sowing (Seed Variety & Practice)"
Bajra,Kharif,VNMKV Parbhani,Sowing (Seed Variety & Practice),"I am a farmer in region of VNMKV Parbhani growing Bajra in Kharif, what should I do for Sowing (Seed Variety & Practice)"
Udid,Kharif,VNMKV Parbhani,Sowing (Seed Variety & Practice),"I am a farmer in region of VNMKV Parbhani growing Udid in Kharif, what should I do for Sowing (Seed Variety & Practice)"
Moong,Kharif,VNMKV Parbhani,Sowing (Seed Variety & Practice),"I am a farmer in region of VNMKV Parbhani growing Moong in Kharif, what should I do for Sowing (Seed Variety & Practice)"
Groundnut,Kharif,VNMKV Parbhani,Sowing (Seed Variety & Practice),"I am a farmer in region of VNMKV Parbhani growing Groundnut in Kharif, what should I do for Sowing (Seed Variety & Practice)"
Jowar,Kharif,VNMKV Parbhani,Sowing (Seed Variety & Practice),"I am a farmer in region of VNMKV Parbhani growing Jowar in Kharif, what should I do for Sowing (Seed Variety & Practice)"
Ragi,Kharif,VNMKV Parbhani,Sowing (Seed Variety & Practice),"I am a farmer in region of VNMKV Parbhani growing Ragi in Kharif, what should I do for Sowing (Seed Variety & Practice)"
Nigerseed,Kharif,VNMKV Parbhani,Sowing (Seed Variety & Practice),"I am a farmer in region of VNMKV Parbhani growing Nigerseed in Kharif, what should I do for Sowing (Seed Variety & Practice)"
Sesamum,Kharif,VNMKV Parbhani,Sowing (Seed Variety & Practice),"I am a farmer in region of VNMKV Parbhani growing Sesamum in Kharif, what should I do for Sowing (Seed Variety & Practice)"
Sunflower,Kharif,VNMKV Parbhani,Sowing (Seed Variety & Practice),"I am a farmer in region of VNMKV Parbhani growing Sunflower in Kharif, what should I do for Sowing (Seed Variety & Practice)"
Onion,Kharif,VNMKV Parbhani,Sowing (Seed Variety & Practice),"I am a farmer in region of VNMKV Parbhani growing Onion in Kharif, what should I do for Sowing (Seed Variety & Practice)"
Tomato,Kharif,VNMKV Parbhani,Sowing (Seed Variety & Practice),"I am a farmer in region of VNMKV Parbhani growing Tomato in Kharif, what should I do for Sowing (Seed Variety & Practice)"
Green Chilly,Kharif,VNMKV Parbhani,Sowing (Seed Variety & Practice),"I am a farmer in region of VNMKV Parbhani growing Green Chilly in Kharif, what should I do for Sowing (Seed Variety & Practice)"
Gram,Rabi,VNMKV Parbhani,Sowing (Seed Variety & Practice),"I am a farmer in region of VNMKV Parbhani growing Gram in Rabi, what should I do for Sowing (Seed Variety & Practice)"
Jowar,Rabi,VNMKV Parbhani,Sowing (Seed Variety & Practice),"I am a farmer in region of VNMKV Parbhani growing Jowar in Rabi, what should I do for Sowing (Seed Variety & Practice)"
Wheat,Rabi,VNMKV Parbhani,Sowing (Seed Variety & Practice),"I am a farmer in region of VNMKV Parbhani growing Wheat in Rabi, what should I do for Sowing (Seed Variety & Practice)"
Maize,Rabi,VNMKV Parbhani,Sowing (Seed Variety & Practice),"I am a farmer in region of VNMKV Parbhani growing Maize in Rabi, what should I do for Sowing (Seed Variety & Practice)"
Safflower,Rabi,VNMKV Parbhani,Sowing (Seed Variety & Practice),"I am a farmer in region of VNMKV Parbhani growing Safflower in Rabi, what should I do for Sowing (Seed Variety & Practice)"
Mustard,Rabi,VNMKV Parbhani,Sowing (Seed Variety & Practice),"I am a farmer in region of VNMKV Parbhani growing Mustard in Rabi, what should I do for Sowing (Seed Variety & Practice)"
Linseed,Rabi,VNMKV Parbhani,Sowing (Seed Variety & Practice),"I am a farmer in region of VNMKV Parbhani growing Linseed in Rabi, what should I do for Sowing (Seed Variety & Practice)"
Sunflower,Rabi,VNMKV Parbhani,Sowing (Seed Variety & Practice),"I am a farmer in region of VNMKV Parbhani growing Sunflower in Rabi, what should I do for Sowing (Seed Variety & Practice)"
Sesame,Rabi,VNMKV Parbhani,Sowing (Seed Variety & Practice),"I am a farmer in region of VNMKV Parbhani growing Sesame in Rabi, what should I do for Sowing (Seed Variety & Practice)"
Onion,Rabi,VNMKV Parbhani,Sowing (Seed Variety & Practice),"I am a farmer in region of VNMKV Parbhani growing Onion in Rabi, what should I do for Sowing (Seed Variety & Practice)"
Tomato,Rabi,VNMKV Parbhani,Sowing (Seed Variety & Practice),"I am a farmer in region of VNMKV Parbhani growing Tomato in Rabi, what should I do for Sowing (Seed Variety & Practice)"
Green Chilly,Rabi,VNMKV Parbhani,Sowing (Seed Variety & Practice),"I am a farmer in region of VNMKV Parbhani growing Green Chilly in Rabi, what should I do for Sowing (Seed Variety & Practice)"
Mango,,VNMKV Parbhani,Sowing (Seed Variety & Practice),"I am a farmer in region of VNMKV Parbhani growing Mango in , what should I do for Sowing (Seed Variety & Practice)"
Orange ,,VNMKV Parbhani,Sowing (Seed Variety & Practice),"I am a farmer in region of VNMKV Parbhani growing Orange  in , what should I do for Sowing (Seed Variety & Practice)"
Grapes,,VNMKV Parbhani,Sowing (Seed Variety & Practice),"I am a farmer in region of VNMKV Parbhani growing Grapes in , what should I do for Sowing (Seed Variety & Practice)"
Banana,,VNMKV Parbhani,Sowing (Seed Variety & Practice),"I am a farmer in region of VNMKV Parbhani growing Banana in , what should I do for Sowing (Seed Variety & Practice)"
Pomegranate,,VNMKV Parbhani,Sowing (Seed Variety & Practice),"I am a farmer in region of VNMKV Parbhani growing Pomegranate in , what should I do for Sowing (Seed Variety & Practice)"
Mosambi,,VNMKV Parbhani,Sowing (Seed Variety & Practice),"I am a farmer in region of VNMKV Parbhani growing Mosambi in , what should I do for Sowing (Seed Variety & Practice)"
Soyabean,Kharif,VNMKV Parbhani,"Pest & Disease Management
(Preventive)","I am a farmer in region of VNMKV Parbhanigrowing Kharif in Soyabean, what should i do for seed treatment & preventive measure for pest & diseases"
Cotton (Lint),Kharif,VNMKV Parbhani,"Pest & Disease Management
(Preventive)","I am a farmer in region of VNMKV Parbhanigrowing Kharif in Cotton (Lint), what should i do for seed treatment & preventive measure for pest & diseases"
Rice,Kharif,VNMKV Parbhani,"Pest & Disease Management
(Preventive)","I am a farmer in region of VNMKV Parbhanigrowing Kharif in Rice, what should i do for seed treatment & preventive measure for pest & diseases"
Tur,Kharif,VNMKV Parbhani,"Pest & Disease Management
(Preventive)","I am a farmer in region of VNMKV Parbhanigrowing Kharif in Tur, what should i do for seed treatment & preventive measure for pest & diseases"
Sugarcane,Kharif,VNMKV Parbhani,"Pest & Disease Management
(Preventive)","I am a farmer in region of VNMKV Parbhanigrowing Kharif in Sugarcane, what should i do for seed treatment & preventive measure for pest & diseases"
Maize,Kharif,VNMKV Parbhani,"Pest & Disease Management
(Preventive)","I am a farmer in region of VNMKV Parbhanigrowing Kharif in Maize, what should i do for seed treatment & preventive measure for pest & diseases"
Bajra,Kharif,VNMKV Parbhani,"Pest & Disease Management
(Preventive)","I am a farmer in region of VNMKV Parbhanigrowing Kharif in Bajra, what should i do for seed treatment & preventive measure for pest & diseases"
Udid,Kharif,VNMKV Parbhani,"Pest & Disease Management
(Preventive)","I am a farmer in region of VNMKV Parbhanigrowing Kharif in Udid, what should i do for seed treatment & preventive measure for pest & diseases"
Moong,Kharif,VNMKV Parbhani,"Pest & Disease Management
(Preventive)","I am a farmer in region of VNMKV Parbhanigrowing Kharif in Moong, what should i do for seed treatment & preventive measure for pest & diseases"
Groundnut,Kharif,VNMKV Parbhani,"Pest & Disease Management
(Preventive)","I am a farmer in region of VNMKV Parbhanigrowing Kharif in Groundnut, what should i do for seed treatment & preventive measure for pest & diseases"
Jowar,Kharif,VNMKV Parbhani,"Pest & Disease Management
(Preventive)","I am a farmer in region of VNMKV Parbhanigrowing Kharif in Jowar, what should i do for seed treatment & preventive measure for pest & diseases"
Ragi,Kharif,VNMKV Parbhani,"Pest & Disease Management
(Preventive)","I am a farmer in region of VNMKV Parbhanigrowing Kharif in Ragi, what should i do for seed treatment & preventive measure for pest & diseases"
Nigerseed,Kharif,VNMKV Parbhani,"Pest & Disease Management
(Preventive)","I am a farmer in region of VNMKV Parbhanigrowing Kharif in Nigerseed, what should i do for seed treatment & preventive measure for pest & diseases"
Sesamum,Kharif,VNMKV Parbhani,"Pest & Disease Management
(Preventive)","I am a farmer in region of VNMKV Parbhanigrowing Kharif in Sesamum, what should i do for seed treatment & preventive measure for pest & diseases"
Sunflower,Kharif,VNMKV Parbhani,"Pest & Disease Management
(Preventive)","I am a farmer in region of VNMKV Parbhanigrowing Kharif in Sunflower, what should i do for seed treatment & preventive measure for pest & diseases"
Onion,Kharif,VNMKV Parbhani,"Pest & Disease Management
(Preventive)","I am a farmer in region of VNMKV Parbhanigrowing Kharif in Onion, what should i do for seed treatment & preventive measure for pest & diseases"
Tomato,Kharif,VNMKV Parbhani,"Pest & Disease Management
(Preventive)","I am a farmer in region of VNMKV Parbhanigrowing Kharif in Tomato, what should i do for seed treatment & preventive measure for pest & diseases"
Green Chilly,Kharif,VNMKV Parbhani,"Pest & Disease Management
(Preventive)","I am a farmer in region of VNMKV Parbhanigrowing Kharif in Green Chilly, what should i do for seed treatment & preventive measure for pest & diseases"
Gram,Rabi,VNMKV Parbhani,"Pest & Disease Management
(Preventive)","I am a farmer in region of VNMKV Parbhanigrowing Rabi in Gram, what should i do for seed treatment & preventive measure for pest & diseases"
Jowar,Rabi,VNMKV Parbhani,"Pest & Disease Management
(Preventive)","I am a farmer in region of VNMKV Parbhanigrowing Rabi in Jowar, what should i do for seed treatment & preventive measure for pest & diseases"
Wheat,Rabi,VNMKV Parbhani,"Pest & Disease Management
(Preventive)","I am a farmer in region of VNMKV Parbhanigrowing Rabi in Wheat, what should i do for seed treatment & preventive measure for pest & diseases"
Maize,Rabi,VNMKV Parbhani,"Pest & Disease Management
(Preventive)","I am a farmer in region of VNMKV Parbhanigrowing Rabi in Maize, what should i do for seed treatment & preventive measure for pest & diseases"
Safflower,Rabi,VNMKV Parbhani,"Pest & Disease Management
(Preventive)","I am a farmer in region of VNMKV Parbhanigrowing Rabi in Safflower, what should i do for seed treatment & preventive measure for pest & diseases"
Mustard,Rabi,VNMKV Parbhani,"Pest & Disease Management
(Preventive)","I am a farmer in region of VNMKV Parbhanigrowing Rabi in Mustard, what should i do for seed treatment & preventive measure for pest & diseases"
Linseed,Rabi,VNMKV Parbhani,"Pest & Disease Management
(Preventive)","I am a farmer in region of VNMKV Parbhanigrowing Rabi in Linseed, what should i do for seed treatment & preventive measure for pest & diseases"
Sunflower,Rabi,VNMKV Parbhani,"Pest & Disease Management
(Preventive)","I am a farmer in region of VNMKV Parbhanigrowing Rabi in Sunflower, what should i do for seed treatment & preventive measure for pest & diseases"
Sesame,Rabi,VNMKV Parbhani,"Pest & Disease Management
(Preventive)","I am a farmer in region of VNMKV Parbhanigrowing Rabi in Sesame, what should i do for seed treatment & preventive measure for pest & diseases"
Onion,Rabi,VNMKV Parbhani,"Pest & Disease Management
(Preventive)","I am a farmer in region of VNMKV Parbhanigrowing Rabi in Onion, what should i do for seed treatment & preventive measure for pest & diseases"
Tomato,Rabi,VNMKV Parbhani,"Pest & Disease Management
(Preventive)","I am a farmer in region of VNMKV Parbhanigrowing Rabi in Tomato, what should i do for seed treatment & preventive measure for pest & diseases"
Green Chilly,Rabi,VNMKV Parbhani,"Pest & Disease Management
(Preventive)","I am a farmer in region of VNMKV Parbhanigrowing Rabi in Green Chilly, what should i do for seed treatment & preventive measure for pest & diseases"
Mango,,VNMKV Parbhani,"Pest & Disease Management
(Preventive)","I am a farmer in region of VNMKV Parbhanigrowing  in Mango, what should i do for seed treatment & preventive measure for pest & diseases"
Orange ,,VNMKV Parbhani,"Pest & Disease Management
(Preventive)","I am a farmer in region of VNMKV Parbhanigrowing  in Orange , what should i do for seed treatment & preventive measure for pest & diseases"
Grapes,,VNMKV Parbhani,"Pest & Disease Management
(Preventive)","I am a farmer in region of VNMKV Parbhanigrowing  in Grapes, what should i do for seed treatment & preventive measure for pest & diseases"
Banana,,VNMKV Parbhani,"Pest & Disease Management
(Preventive)","I am a farmer in region of VNMKV Parbhanigrowing  in Banana, what should i do for seed treatment & preventive measure for pest & diseases"
Pomegranate,,VNMKV Parbhani,"Pest & Disease Management
(Preventive)","I am a farmer in region of VNMKV Parbhanigrowing  in Pomegranate, what should i do for seed treatment & preventive measure for pest & diseases"
Mosambi,,VNMKV Parbhani,"Pest & Disease Management
(Preventive)","I am a farmer in region of VNMKV Parbhanigrowing  in Mosambi, what should i do for seed treatment & preventive measure for pest & diseases"
Soyabean,Kharif,VNMKV Parbhani,Weed Management,"I am a farmer in region of VNMKV Parbhani growing Soyabean in Kharif, what should I do for Weed Management"
Cotton (Lint),Kharif,VNMKV Parbhani,Weed Management,"I am a farmer in region of VNMKV Parbhani growing Cotton (Lint) in Kharif, what should I do for Weed Management"
Rice,Kharif,VNMKV Parbhani,Weed Management,"I am a farmer in region of VNMKV Parbhani growing Rice in Kharif, what should I do for Weed Management"
Tur,Kharif,VNMKV Parbhani,Weed Management,"I am a farmer in region of VNMKV Parbhani growing Tur in Kharif, what should I do for Weed Management"
Sugarcane,Kharif,VNMKV Parbhani,Weed Management,"I am a farmer in region of VNMKV Parbhani growing Sugarcane in Kharif, what should I do for Weed Management"
Maize,Kharif,VNMKV Parbhani,Weed Management,"I am a farmer in region of VNMKV Parbhani growing Maize in Kharif, what should I do for Weed Management"
Bajra,Kharif,VNMKV Parbhani,Weed Management,"I am a farmer in region of VNMKV Parbhani growing Bajra in Kharif, what should I do for Weed Management"
Udid,Kharif,VNMKV Parbhani,Weed Management,"I am a farmer in region of VNMKV Parbhani growing Udid in Kharif, what should I do for Weed Management"
Moong,Kharif,VNMKV Parbhani,Weed Management,"I am a farmer in region of VNMKV Parbhani growing Moong in Kharif, what should I do for Weed Management"
Groundnut,Kharif,VNMKV Parbhani,Weed Management,"I am a farmer in region of VNMKV Parbhani growing Groundnut in Kharif, what should I do for Weed Management"
Jowar,Kharif,VNMKV Parbhani,Weed Management,"I am a farmer in region of VNMKV Parbhani growing Jowar in Kharif, what should I do for Weed Management"
Ragi,Kharif,VNMKV Parbhani,Weed Management,"I am a farmer in region of VNMKV Parbhani growing Ragi in Kharif, what should I do for Weed Management"
Nigerseed,Kharif,VNMKV Parbhani,Weed Management,"I am a farmer in region of VNMKV Parbhani growing Nigerseed in Kharif, what should I do for Weed Management"
Sesamum,Kharif,VNMKV Parbhani,Weed Management,"I am a farmer in region of VNMKV Parbhani growing Sesamum in Kharif, what should I do for Weed Management"
Sunflower,Kharif,VNMKV Parbhani,Weed Management,"I am a farmer in region of VNMKV Parbhani growing Sunflower in Kharif, what should I do for Weed Management"
Onion,Kharif,VNMKV Parbhani,Weed Management,"I am a farmer in region of VNMKV Parbhani growing Onion in Kharif, what should I do for Weed Management"
Tomato,Kharif,VNMKV Parbhani,Weed Management,"I am a farmer in region of VNMKV Parbhani growing Tomato in Kharif, what should I do for Weed Management"
Green Chilly,Kharif,VNMKV Parbhani,Weed Management,"I am a farmer in region of VNMKV Parbhani growing Green Chilly in Kharif, what should I do for Weed Management"
Gram,Rabi,VNMKV Parbhani,Weed Management,"I am a farmer in region of VNMKV Parbhani growing Gram in Rabi, what should I do for Weed Management"
Jowar,Rabi,VNMKV Parbhani,Weed Management,"I am a farmer in region of VNMKV Parbhani growing Jowar in Rabi, what should I do for Weed Management"
Wheat,Rabi,VNMKV Parbhani,Weed Management,"I am a farmer in region of VNMKV Parbhani growing Wheat in Rabi, what should I do for Weed Management"
Maize,Rabi,VNMKV Parbhani,Weed Management,"I am a farmer in region of VNMKV Parbhani growing Maize in Rabi, what should I do for Weed Management"
Safflower,Rabi,VNMKV Parbhani,Weed Management,"I am a farmer in region of VNMKV Parbhani growing Safflower in Rabi, what should I do for Weed Management"
Mustard,Rabi,VNMKV Parbhani,Weed Management,"I am a farmer in region of VNMKV Parbhani growing Mustard in Rabi, what should I do for Weed Management"
Linseed,Rabi,VNMKV Parbhani,Weed Management,"I am a farmer in region of VNMKV Parbhani growing Linseed in Rabi, what should I do for Weed Management"
Sunflower,Rabi,VNMKV Parbhani,Weed Management,"I am a farmer in region of VNMKV Parbhani growing Sunflower in Rabi, what should I do for Weed Management"
Sesame,Rabi,VNMKV Parbhani,Weed Management,"I am a farmer in region of VNMKV Parbhani growing Sesame in Rabi, what should I do for Weed Management"
Onion,Rabi,VNMKV Parbhani,Weed Management,"I am a farmer in region of VNMKV Parbhani growing Onion in Rabi, what should I do for Weed Management"
Tomato,Rabi,VNMKV Parbhani,Weed Management,"I am a farmer in region of VNMKV Parbhani growing Tomato in Rabi, what should I do for Weed Management"
Green Chilly,Rabi,VNMKV Parbhani,Weed Management,"I am a farmer in region of VNMKV Parbhani growing Green Chilly in Rabi, what should I do for Weed Management"
Mango,,VNMKV Parbhani,Weed Management,"I am a farmer in region of VNMKV Parbhani growing Mango in , what should I do for Weed Management"
Orange ,,VNMKV Parbhani,Weed Management,"I am a farmer in region of VNMKV Parbhani growing Orange  in , what should I do for Weed Management"
Grapes,,VNMKV Parbhani,Weed Management,"I am a farmer in region of VNMKV Parbhani growing Grapes in , what should I do for Weed Management"
Banana,,VNMKV Parbhani,Weed Management,"I am a farmer in region of VNMKV Parbhani growing Banana in , what should I do for Weed Management"
Pomegranate,,VNMKV Parbhani,Weed Management,"I am a farmer in region of VNMKV Parbhani growing Pomegranate in , what should I do for Weed Management"
Mosambi,,VNMKV Parbhani,Weed Management,"I am a farmer in region of VNMKV Parbhani growing Mosambi in , what should I do for Weed Management"
Soyabean,Kharif,VNMKV Parbhani,"Fertiliser 
(Basal Application)","I am a farmer in region of VNMKV Parbhani growing Kharif in Soyabean, what fertiliser, dosage & quantity should i apply for basal application"
Cotton (Lint),Kharif,VNMKV Parbhani,"Fertiliser 
(Basal Application)","I am a farmer in region of VNMKV Parbhani growing Kharif in Cotton (Lint), what fertiliser, dosage & quantity should i apply for basal application"
Rice,Kharif,VNMKV Parbhani,"Fertiliser 
(Basal Application)","I am a farmer in region of VNMKV Parbhani growing Kharif in Rice, what fertiliser, dosage & quantity should i apply for basal application"
Tur,Kharif,VNMKV Parbhani,"Fertiliser 
(Basal Application)","I am a farmer in region of VNMKV Parbhani growing Kharif in Tur, what fertiliser, dosage & quantity should i apply for basal application"
Sugarcane,Kharif,VNMKV Parbhani,"Fertiliser 
(Basal Application)","I am a farmer in region of VNMKV Parbhani growing Kharif in Sugarcane, what fertiliser, dosage & quantity should i apply for basal application"
Maize,Kharif,VNMKV Parbhani,"Fertiliser 
(Basal Application)","I am a farmer in region of VNMKV Parbhani growing Kharif in Maize, what fertiliser, dosage & quantity should i apply for basal application"
Bajra,Kharif,VNMKV Parbhani,"Fertiliser 
(Basal Application)","I am a farmer in region of VNMKV Parbhani growing Kharif in Bajra, what fertiliser, dosage & quantity should i apply for basal application"
Udid,Kharif,VNMKV Parbhani,"Fertiliser 
(Basal Application)","I am a farmer in region of VNMKV Parbhani growing Kharif in Udid, what fertiliser, dosage & quantity should i apply for basal application"
Moong,Kharif,VNMKV Parbhani,"Fertiliser 
(Basal Application)","I am a farmer in region of VNMKV Parbhani growing Kharif in Moong, what fertiliser, dosage & quantity should i apply for basal application"
Groundnut,Kharif,VNMKV Parbhani,"Fertiliser 
(Basal Application)","I am a farmer in region of VNMKV Parbhani growing Kharif in Groundnut, what fertiliser, dosage & quantity should i apply for basal application"
Jowar,Kharif,VNMKV Parbhani,"Fertiliser 
(Basal Application)","I am a farmer in region of VNMKV Parbhani growing Kharif in Jowar, what fertiliser, dosage & quantity should i apply for basal application"
Ragi,Kharif,VNMKV Parbhani,"Fertiliser 
(Basal Application)","I am a farmer in region of VNMKV Parbhani growing Kharif in Ragi, what fertiliser, dosage & quantity should i apply for basal application"
Nigerseed,Kharif,VNMKV Parbhani,"Fertiliser 
(Basal Application)","I am a farmer in region of VNMKV Parbhani growing Kharif in Nigerseed, what fertiliser, dosage & quantity should i apply for basal application"
Sesamum,Kharif,VNMKV Parbhani,"Fertiliser 
(Basal Application)","I am a farmer in region of VNMKV Parbhani growing Kharif in Sesamum, what fertiliser, dosage & quantity should i apply for basal application"
Sunflower,Kharif,VNMKV Parbhani,"Fertiliser 
(Basal Application)","I am a farmer in region of VNMKV Parbhani growing Kharif in Sunflower, what fertiliser, dosage & quantity should i apply for basal application"
Onion,Kharif,VNMKV Parbhani,"Fertiliser 
(Basal Application)","I am a farmer in region of VNMKV Parbhani growing Kharif in Onion, what fertiliser, dosage & quantity should i apply for basal application"
Tomato,Kharif,VNMKV Parbhani,"Fertiliser 
(Basal Application)","I am a farmer in region of VNMKV Parbhani growing Kharif in Tomato, what fertiliser, dosage & quantity should i apply for basal application"
Green Chilly,Kharif,VNMKV Parbhani,"Fertiliser 
(Basal Application)","I am a farmer in region of VNMKV Parbhani growing Kharif in Green Chilly, what fertiliser, dosage & quantity should i apply for basal application"
Gram,Rabi,VNMKV Parbhani,"Fertiliser 
(Basal Application)","I am a farmer in region of VNMKV Parbhani growing Rabi in Gram, what fertiliser, dosage & quantity should i apply for basal application"
Jowar,Rabi,VNMKV Parbhani,"Fertiliser 
(Basal Application)","I am a farmer in region of VNMKV Parbhani growing Rabi in Jowar, what fertiliser, dosage & quantity should i apply for basal application"
Wheat,Rabi,VNMKV Parbhani,"Fertiliser 
(Basal Application)","I am a farmer in region of VNMKV Parbhani growing Rabi in Wheat, what fertiliser, dosage & quantity should i apply for basal application"
Maize,Rabi,VNMKV Parbhani,"Fertiliser 
(Basal Application)","I am a farmer in region of VNMKV Parbhani growing Rabi in Maize, what fertiliser, dosage & quantity should i apply for basal application"
Safflower,Rabi,VNMKV Parbhani,"Fertiliser 
(Basal Application)","I am a farmer in region of VNMKV Parbhani growing Rabi in Safflower, what fertiliser, dosage & quantity should i apply for basal application"
Mustard,Rabi,VNMKV Parbhani,"Fertiliser 
(Basal Application)","I am a farmer in region of VNMKV Parbhani growing Rabi in Mustard, what fertiliser, dosage & quantity should i apply for basal application"
Linseed,Rabi,VNMKV Parbhani,"Fertiliser 
(Basal Application)","I am a farmer in region of VNMKV Parbhani growing Rabi in Linseed, what fertiliser, dosage & quantity should i apply for basal application"
Sunflower,Rabi,VNMKV Parbhani,"Fertiliser 
(Basal Application)","I am a farmer in region of VNMKV Parbhani growing Rabi in Sunflower, what fertiliser, dosage & quantity should i apply for basal application"
Sesame,Rabi,VNMKV Parbhani,"Fertiliser 
(Basal Application)","I am a farmer in region of VNMKV Parbhani growing Rabi in Sesame, what fertiliser, dosage & quantity should i apply for basal application"
Onion,Rabi,VNMKV Parbhani,"Fertiliser 
(Basal Application)","I am a farmer in region of VNMKV Parbhani growing Rabi in Onion, what fertiliser, dosage & quantity should i apply for basal application"
Tomato,Rabi,VNMKV Parbhani,"Fertiliser 
(Basal Application)","I am a farmer in region of VNMKV Parbhani growing Rabi in Tomato, what fertiliser, dosage & quantity should i apply for basal application"
Green Chilly,Rabi,VNMKV Parbhani,"Fertiliser 
(Basal Application)","I am a farmer in region of VNMKV Parbhani growing Rabi in Green Chilly, what fertiliser, dosage & quantity should i apply for basal application"
Mango,,VNMKV Parbhani,"Fertiliser 
(Basal Application)","I am a farmer in region of VNMKV Parbhani growing  in Mango, what fertiliser, dosage & quantity should i apply for basal application"
Orange ,,VNMKV Parbhani,"Fertiliser 
(Basal Application)","I am a farmer in region of VNMKV Parbhani growing  in Orange , what fertiliser, dosage & quantity should i apply for basal application"
Grapes,,VNMKV Parbhani,"Fertiliser 
(Basal Application)","I am a farmer in region of VNMKV Parbhani growing  in Grapes, what fertiliser, dosage & quantity should i apply for basal application"
Banana,,VNMKV Parbhani,"Fertiliser 
(Basal Application)","I am a farmer in region of VNMKV Parbhani growing  in Banana, what fertiliser, dosage & quantity should i apply for basal application"
Pomegranate,,VNMKV Parbhani,"Fertiliser 
(Basal Application)","I am a farmer in region of VNMKV Parbhani growing  in Pomegranate, what fertiliser, dosage & quantity should i apply for basal application"
Mosambi,,VNMKV Parbhani,"Fertiliser 
(Basal Application)","I am a farmer in region of VNMKV Parbhani growing  in Mosambi, what fertiliser, dosage & quantity should i apply for basal application"
Soyabean,Kharif,VNMKV Parbhani,"Fertiliser 
(Top Dressing)","I am a farmer in region of VNMKV Parbhani growing Kharif in Soyabean, what fertiliser, dosage & quantity should i apply for top dressing"
Cotton (Lint),Kharif,VNMKV Parbhani,"Fertiliser 
(Top Dressing)","I am a farmer in region of VNMKV Parbhani growing Kharif in Cotton (Lint), what fertiliser, dosage & quantity should i apply for top dressing"
Rice,Kharif,VNMKV Parbhani,"Fertiliser 
(Top Dressing)","I am a farmer in region of VNMKV Parbhani growing Kharif in Rice, what fertiliser, dosage & quantity should i apply for top dressing"
Tur,Kharif,VNMKV Parbhani,"Fertiliser 
(Top Dressing)","I am a farmer in region of VNMKV Parbhani growing Kharif in Tur, what fertiliser, dosage & quantity should i apply for top dressing"
Sugarcane,Kharif,VNMKV Parbhani,"Fertiliser 
(Top Dressing)","I am a farmer in region of VNMKV Parbhani growing Kharif in Sugarcane, what fertiliser, dosage & quantity should i apply for top dressing"
Maize,Kharif,VNMKV Parbhani,"Fertiliser 
(Top Dressing)","I am a farmer in region of VNMKV Parbhani growing Kharif in Maize, what fertiliser, dosage & quantity should i apply for top dressing"
Bajra,Kharif,VNMKV Parbhani,"Fertiliser 
(Top Dressing)","I am a farmer in region of VNMKV Parbhani growing Kharif in Bajra, what fertiliser, dosage & quantity should i apply for top dressing"
Udid,Kharif,VNMKV Parbhani,"Fertiliser 
(Top Dressing)","I am a farmer in region of VNMKV Parbhani growing Kharif in Udid, what fertiliser, dosage & quantity should i apply for top dressing"
Moong,Kharif,VNMKV Parbhani,"Fertiliser 
(Top Dressing)","I am a farmer in region of VNMKV Parbhani growing Kharif in Moong, what fertiliser, dosage & quantity should i apply for top dressing"
Groundnut,Kharif,VNMKV Parbhani,"Fertiliser 
(Top Dressing)","I am a farmer in region of VNMKV Parbhani growing Kharif in Groundnut, what fertiliser, dosage & quantity should i apply for top dressing"
Jowar,Kharif,VNMKV Parbhani,"Fertiliser 
(Top Dressing)","I am a farmer in region of VNMKV Parbhani growing Kharif in Jowar, what fertiliser, dosage & quantity should i apply for top dressing"
Ragi,Kharif,VNMKV Parbhani,"Fertiliser 
(Top Dressing)","I am a farmer in region of VNMKV Parbhani growing Kharif in Ragi, what fertiliser, dosage & quantity should i apply for top dressing"
Nigerseed,Kharif,VNMKV Parbhani,"Fertiliser 
(Top Dressing)","I am a farmer in region of VNMKV Parbhani growing Kharif in Nigerseed, what fertiliser, dosage & quantity should i apply for top dressing"
Sesamum,Kharif,VNMKV Parbhani,"Fertiliser 
(Top Dressing)","I am a farmer in region of VNMKV Parbhani growing Kharif in Sesamum, what fertiliser, dosage & quantity should i apply for top dressing"
Sunflower,Kharif,VNMKV Parbhani,"Fertiliser 
(Top Dressing)","I am a farmer in region of VNMKV Parbhani growing Kharif in Sunflower, what fertiliser, dosage & quantity should i apply for top dressing"
Onion,Kharif,VNMKV Parbhani,"Fertiliser 
(Top Dressing)","I am a farmer in region of VNMKV Parbhani growing Kharif in Onion, what fertiliser, dosage & quantity should i apply for top dressing"
Tomato,Kharif,VNMKV Parbhani,"Fertiliser 
(Top Dressing)","I am a farmer in region of VNMKV Parbhani growing Kharif in Tomato, what fertiliser, dosage & quantity should i apply for top dressing"
Green Chilly,Kharif,VNMKV Parbhani,"Fertiliser 
(Top Dressing)","I am a farmer in region of VNMKV Parbhani growing Kharif in Green Chilly, what fertiliser, dosage & quantity should i apply for top dressing"
Gram,Rabi,VNMKV Parbhani,"Fertiliser 
(Top Dressing)","I am a farmer in region of VNMKV Parbhani growing Rabi in Gram, what fertiliser, dosage & quantity should i apply for top dressing"
Jowar,Rabi,VNMKV Parbhani,"Fertiliser 
(Top Dressing)","I am a farmer in region of VNMKV Parbhani growing Rabi in Jowar, what fertiliser, dosage & quantity should i apply for top dressing"
Wheat,Rabi,VNMKV Parbhani,"Fertiliser 
(Top Dressing)","I am a farmer in region of VNMKV Parbhani growing Rabi in Wheat, what fertiliser, dosage & quantity should i apply for top dressing"
Maize,Rabi,VNMKV Parbhani,"Fertiliser 
(Top Dressing)","I am a farmer in region of VNMKV Parbhani growing Rabi in Maize, what fertiliser, dosage & quantity should i apply for top dressing"
Safflower,Rabi,VNMKV Parbhani,"Fertiliser 
(Top Dressing)","I am a farmer in region of VNMKV Parbhani growing Rabi in Safflower, what fertiliser, dosage & quantity should i apply for top dressing"
Mustard,Rabi,VNMKV Parbhani,"Fertiliser 
(Top Dressing)","I am a farmer in region of VNMKV Parbhani growing Rabi in Mustard, what fertiliser, dosage & quantity should i apply for top dressing"
Linseed,Rabi,VNMKV Parbhani,"Fertiliser 
(Top Dressing)","I am a farmer in region of VNMKV Parbhani growing Rabi in Linseed, what fertiliser, dosage & quantity should i apply for top dressing"
Sunflower,Rabi,VNMKV Parbhani,"Fertiliser 
(Top Dressing)","I am a farmer in region of VNMKV Parbhani growing Rabi in Sunflower, what fertiliser, dosage & quantity should i apply for top dressing"
Sesame,Rabi,VNMKV Parbhani,"Fertiliser 
(Top Dressing)","I am a farmer in region of VNMKV Parbhani growing Rabi in Sesame, what fertiliser, dosage & quantity should i apply for top dressing"
Onion,Rabi,VNMKV Parbhani,"Fertiliser 
(Top Dressing)","I am a farmer in region of VNMKV Parbhani growing Rabi in Onion, what fertiliser, dosage & quantity should i apply for top dressing"
Tomato,Rabi,VNMKV Parbhani,"Fertiliser 
(Top Dressing)","I am a farmer in region of VNMKV Parbhani growing Rabi in Tomato, what fertiliser, dosage & quantity should i apply for top dressing"
Green Chilly,Rabi,VNMKV Parbhani,"Fertiliser 
(Top Dressing)","I am a farmer in region of VNMKV Parbhani growing Rabi in Green Chilly, what fertiliser, dosage & quantity should i apply for top dressing"
Mango,,VNMKV Parbhani,"Fertiliser 
(Top Dressing)","I am a farmer in region of VNMKV Parbhani growing  in Mango, what fertiliser, dosage & quantity should i apply for top dressing"
Orange ,,VNMKV Parbhani,"Fertiliser 
(Top Dressing)","I am a farmer in region of VNMKV Parbhani growing  in Orange , what fertiliser, dosage & quantity should i apply for top dressing"
Grapes,,VNMKV Parbhani,"Fertiliser 
(Top Dressing)","I am a farmer in region of VNMKV Parbhani growing  in Grapes, what fertiliser, dosage & quantity should i apply for top dressing"
Banana,,VNMKV Parbhani,"Fertiliser 
(Top Dressing)","I am a farmer in region of VNMKV Parbhani growing  in Banana, what fertiliser, dosage & quantity should i apply for top dressing"
Pomegranate,,VNMKV Parbhani,"Fertiliser 
(Top Dressing)","I am a farmer in region of VNMKV Parbhani growing  in Pomegranate, what fertiliser, dosage & quantity should i apply for top dressing"
Mosambi,,VNMKV Parbhani,"Fertiliser 
(Top Dressing)","I am a farmer in region of VNMKV Parbhani growing  in Mosambi, what fertiliser, dosage & quantity should i apply for top dressing"
Soyabean,Kharif,VNMKV Parbhani,"Pest & Disease Management
(Remedial)","I am a farmer in region of VNMKV Parbhani growing Kharif in Soyabean, what pests & diseases can occur, what are the symptoms & remedial measures"
Cotton (Lint),Kharif,VNMKV Parbhani,"Pest & Disease Management
(Remedial)","I am a farmer in region of VNMKV Parbhani growing Kharif in Cotton (Lint), what pests & diseases can occur, what are the symptoms & remedial measures"
Rice,Kharif,VNMKV Parbhani,"Pest & Disease Management
(Remedial)","I am a farmer in region of VNMKV Parbhani growing Kharif in Rice, what pests & diseases can occur, what are the symptoms & remedial measures"
Tur,Kharif,VNMKV Parbhani,"Pest & Disease Management
(Remedial)","I am a farmer in region of VNMKV Parbhani growing Kharif in Tur, what pests & diseases can occur, what are the symptoms & remedial measures"
Sugarcane,Kharif,VNMKV Parbhani,"Pest & Disease Management
(Remedial)","I am a farmer in region of VNMKV Parbhani growing Kharif in Sugarcane, what pests & diseases can occur, what are the symptoms & remedial measures"
Maize,Kharif,VNMKV Parbhani,"Pest & Disease Management
(Remedial)","I am a farmer in region of VNMKV Parbhani growing Kharif in Maize, what pests & diseases can occur, what are the symptoms & remedial measures"
Bajra,Kharif,VNMKV Parbhani,"Pest & Disease Management
(Remedial)","I am a farmer in region of VNMKV Parbhani growing Kharif in Bajra, what pests & diseases can occur, what are the symptoms & remedial measures"
Udid,Kharif,VNMKV Parbhani,"Pest & Disease Management
(Remedial)","I am a farmer in region of VNMKV Parbhani growing Kharif in Udid, what pests & diseases can occur, what are the symptoms & remedial measures"
Moong,Kharif,VNMKV Parbhani,"Pest & Disease Management
(Remedial)","I am a farmer in region of VNMKV Parbhani growing Kharif in Moong, what pests & diseases can occur, what are the symptoms & remedial measures"
Groundnut,Kharif,VNMKV Parbhani,"Pest & Disease Management
(Remedial)","I am a farmer in region of VNMKV Parbhani growing Kharif in Groundnut, what pests & diseases can occur, what are the symptoms & remedial measures"
Jowar,Kharif,VNMKV Parbhani,"Pest & Disease Management
(Remedial)","I am a farmer in region of VNMKV Parbhani growing Kharif in Jowar, what pests & diseases can occur, what are the symptoms & remedial measures"
Ragi,Kharif,VNMKV Parbhani,"Pest & Disease Management
(Remedial)","I am a farmer in region of VNMKV Parbhani growing Kharif in Ragi, what pests & diseases can occur, what are the symptoms & remedial measures"
Nigerseed,Kharif,VNMKV Parbhani,"Pest & Disease Management
(Remedial)","I am a farmer in region of VNMKV Parbhani growing Kharif in Nigerseed, what pests & diseases can occur, what are the symptoms & remedial measures"
Sesamum,Kharif,VNMKV Parbhani,"Pest & Disease Management
(Remedial)","I am a farmer in region of VNMKV Parbhani growing Kharif in Sesamum, what pests & diseases can occur, what are the symptoms & remedial measures"
Sunflower,Kharif,VNMKV Parbhani,"Pest & Disease Management
(Remedial)","I am a farmer in region of VNMKV Parbhani growing Kharif in Sunflower, what pests & diseases can occur, what are the symptoms & remedial measures"
Onion,Kharif,VNMKV Parbhani,"Pest & Disease Management
(Remedial)","I am a farmer in region of VNMKV Parbhani growing Kharif in Onion, what pests & diseases can occur, what are the symptoms & remedial measures"
Tomato,Kharif,VNMKV Parbhani,"Pest & Disease Management
(Remedial)","I am a farmer in region of VNMKV Parbhani growing Kharif in Tomato, what pests & diseases can occur, what are the symptoms & remedial measures"
Green Chilly,Kharif,VNMKV Parbhani,"Pest & Disease Management
(Remedial)","I am a farmer in region of VNMKV Parbhani growing Kharif in Green Chilly, what pests & diseases can occur, what are the symptoms & remedial measures"
Gram,Rabi,VNMKV Parbhani,"Pest & Disease Management
(Remedial)","I am a farmer in region of VNMKV Parbhani growing Rabi in Gram, what pests & diseases can occur, what are the symptoms & remedial measures"
Jowar,Rabi,VNMKV Parbhani,"Pest & Disease Management
(Remedial)","I am a farmer in region of VNMKV Parbhani growing Rabi in Jowar, what pests & diseases can occur, what are the symptoms & remedial measures"
Wheat,Rabi,VNMKV Parbhani,"Pest & Disease Management
(Remedial)","I am a farmer in region of VNMKV Parbhani growing Rabi in Wheat, what pests & diseases can occur, what are the symptoms & remedial measures"
Maize,Rabi,VNMKV Parbhani,"Pest & Disease Management
(Remedial)","I am a farmer in region of VNMKV Parbhani growing Rabi in Maize, what pests & diseases can occur, what are the symptoms & remedial measures"
Safflower,Rabi,VNMKV Parbhani,"Pest & Disease Management
(Remedial)","I am a farmer in region of VNMKV Parbhani growing Rabi in Safflower, what pests & diseases can occur, what are the symptoms & remedial measures"
Mustard,Rabi,VNMKV Parbhani,"Pest & Disease Management
(Remedial)","I am a farmer in region of VNMKV Parbhani growing Rabi in Mustard, what pests & diseases can occur, what are the symptoms & remedial measures"
Linseed,Rabi,VNMKV Parbhani,"Pest & Disease Management
(Remedial)","I am a farmer in region of VNMKV Parbhani growing Rabi in Linseed, what pests & diseases can occur, what are the symptoms & remedial measures"
Sunflower,Rabi,VNMKV Parbhani,"Pest & Disease Management
(Remedial)","I am a farmer in region of VNMKV Parbhani growing Rabi in Sunflower, what pests & diseases can occur, what are the symptoms & remedial measures"
Sesame,Rabi,VNMKV Parbhani,"Pest & Disease Management
(Remedial)","I am a farmer in region of VNMKV Parbhani growing Rabi in Sesame, what pests & diseases can occur, what are the symptoms & remedial measures"
Onion,Rabi,VNMKV Parbhani,"Pest & Disease Management
(Remedial)","I am a farmer in region of VNMKV Parbhani growing Rabi in Onion, what pests & diseases can occur, what are the symptoms & remedial measures"
Tomato,Rabi,VNMKV Parbhani,"Pest & Disease Management
(Remedial)","I am a farmer in region of VNMKV Parbhani growing Rabi in Tomato, what pests & diseases can occur, what are the symptoms & remedial measures"
Green Chilly,Rabi,VNMKV Parbhani,"Pest & Disease Management
(Remedial)","I am a farmer in region of VNMKV Parbhani growing Rabi in Green Chilly, what pests & diseases can occur, what are the symptoms & remedial measures"
Mango,,VNMKV Parbhani,"Pest & Disease Management
(Remedial)","I am a farmer in region of VNMKV Parbhani growing  in Mango, what pests & diseases can occur, what are the symptoms & remedial measures"
Orange ,,VNMKV Parbhani,"Pest & Disease Management
(Remedial)","I am a farmer in region of VNMKV Parbhani growing  in Orange , what pests & diseases can occur, what are the symptoms & remedial measures"
Grapes,,VNMKV Parbhani,"Pest & Disease Management
(Remedial)","I am a farmer in region of VNMKV Parbhani growing  in Grapes, what pests & diseases can occur, what are the symptoms & remedial measures"
Banana,,VNMKV Parbhani,"Pest & Disease Management
(Remedial)","I am a farmer in region of VNMKV Parbhani growing  in Banana, what pests & diseases can occur, what are the symptoms & remedial measures"
Pomegranate,,VNMKV Parbhani,"Pest & Disease Management
(Remedial)","I am a farmer in region of VNMKV Parbhani growing  in Pomegranate, what pests & diseases can occur, what are the symptoms & remedial measures"
Mosambi,,VNMKV Parbhani,"Pest & Disease Management
(Remedial)","I am a farmer in region of VNMKV Parbhani growing  in Mosambi, what pests & diseases can occur, what are the symptoms & remedial measures"
Soyabean,Kharif,VNMKV Parbhani,Post Harvest - Storage Management,"I am a farmer in region of VNMKV Parbhani growing Soyabean in Kharif, what should I do for Post Harvest - Storage Management"
Cotton (Lint),Kharif,VNMKV Parbhani,Post Harvest - Storage Management,"I am a farmer in region of VNMKV Parbhani growing Cotton (Lint) in Kharif, what should I do for Post Harvest - Storage Management"
Rice,Kharif,VNMKV Parbhani,Post Harvest - Storage Management,"I am a farmer in region of VNMKV Parbhani growing Rice in Kharif, what should I do for Post Harvest - Storage Management"
Tur,Kharif,VNMKV Parbhani,Post Harvest - Storage Management,"I am a farmer in region of VNMKV Parbhani growing Tur in Kharif, what should I do for Post Harvest - Storage Management"
Sugarcane,Kharif,VNMKV Parbhani,Post Harvest - Storage Management,"I am a farmer in region of VNMKV Parbhani growing Sugarcane in Kharif, what should I do for Post Harvest - Storage Management"
Maize,Kharif,VNMKV Parbhani,Post Harvest - Storage Management,"I am a farmer in region of VNMKV Parbhani growing Maize in Kharif, what should I do for Post Harvest - Storage Management"
Bajra,Kharif,VNMKV Parbhani,Post Harvest - Storage Management,"I am a farmer in region of VNMKV Parbhani growing Bajra in Kharif, what should I do for Post Harvest - Storage Management"
Udid,Kharif,VNMKV Parbhani,Post Harvest - Storage Management,"I am a farmer in region of VNMKV Parbhani growing Udid in Kharif, what should I do for Post Harvest - Storage Management"
Moong,Kharif,VNMKV Parbhani,Post Harvest - Storage Management,"I am a farmer in region of VNMKV Parbhani growing Moong in Kharif, what should I do for Post Harvest - Storage Management"
Groundnut,Kharif,VNMKV Parbhani,Post Harvest - Storage Management,"I am a farmer in region of VNMKV Parbhani growing Groundnut in Kharif, what should I do for Post Harvest - Storage Management"
Jowar,Kharif,VNMKV Parbhani,Post Harvest - Storage Management,"I am a farmer in region of VNMKV Parbhani growing Jowar in Kharif, what should I do for Post Harvest - Storage Management"
Ragi,Kharif,VNMKV Parbhani,Post Harvest - Storage Management,"I am a farmer in region of VNMKV Parbhani growing Ragi in Kharif, what should I do for Post Harvest - Storage Management"
Nigerseed,Kharif,VNMKV Parbhani,Post Harvest - Storage Management,"I am a farmer in region of VNMKV Parbhani growing Nigerseed in Kharif, what should I do for Post Harvest - Storage Management"
Sesamum,Kharif,VNMKV Parbhani,Post Harvest - Storage Management,"I am a farmer in region of VNMKV Parbhani growing Sesamum in Kharif, what should I do for Post Harvest - Storage Management"
Sunflower,Kharif,VNMKV Parbhani,Post Harvest - Storage Management,"I am a farmer in region of VNMKV Parbhani growing Sunflower in Kharif, what should I do for Post Harvest - Storage Management"
Onion,Kharif,VNMKV Parbhani,Post Harvest - Storage Management,"I am a farmer in region of VNMKV Parbhani growing Onion in Kharif, what should I do for Post Harvest - Storage Management"
Tomato,Kharif,VNMKV Parbhani,Post Harvest - Storage Management,"I am a farmer in region of VNMKV Parbhani growing Tomato in Kharif, what should I do for Post Harvest - Storage Management"
Green Chilly,Kharif,VNMKV Parbhani,Post Harvest - Storage Management,"I am a farmer in region of VNMKV Parbhani growing Green Chilly in Kharif, what should I do for Post Harvest - Storage Management"
Gram,Rabi,VNMKV Parbhani,Post Harvest - Storage Management,"I am a farmer in region of VNMKV Parbhani growing Gram in Rabi, what should I do for Post Harvest - Storage Management"
Jowar,Rabi,VNMKV Parbhani,Post Harvest - Storage Management,"I am a farmer in region of VNMKV Parbhani growing Jowar in Rabi, what should I do for Post Harvest - Storage Management"
Wheat,Rabi,VNMKV Parbhani,Post Harvest - Storage Management,"I am a farmer in region of VNMKV Parbhani growing Wheat in Rabi, what should I do for Post Harvest - Storage Management"
Maize,Rabi,VNMKV Parbhani,Post Harvest - Storage Management,"I am a farmer in region of VNMKV Parbhani growing Maize in Rabi, what should I do for Post Harvest - Storage Management"
Safflower,Rabi,VNMKV Parbhani,Post Harvest - Storage Management,"I am a farmer in region of VNMKV Parbhani growing Safflower in Rabi, what should I do for Post Harvest - Storage Management"
Mustard,Rabi,VNMKV Parbhani,Post Harvest - Storage Management,"I am a farmer in region of VNMKV Parbhani growing Mustard in Rabi, what should I do for Post Harvest - Storage Management"
Linseed,Rabi,VNMKV Parbhani,Post Harvest - Storage Management,"I am a farmer in region of VNMKV Parbhani growing Linseed in Rabi, what should I do for Post Harvest - Storage Management"
Sunflower,Rabi,VNMKV Parbhani,Post Harvest - Storage Management,"I am a farmer in region of VNMKV Parbhani growing Sunflower in Rabi, what should I do for Post Harvest - Storage Management"
Sesame,Rabi,VNMKV Parbhani,Post Harvest - Storage Management,"I am a farmer in region of VNMKV Parbhani growing Sesame in Rabi, what should I do for Post Harvest - Storage Management"
Onion,Rabi,VNMKV Parbhani,Post Harvest - Storage Management,"I am a farmer in region of VNMKV Parbhani growing Onion in Rabi, what should I do for Post Harvest - Storage Management"
Tomato,Rabi,VNMKV Parbhani,Post Harvest - Storage Management,"I am a farmer in region of VNMKV Parbhani growing Tomato in Rabi, what should I do for Post Harvest - Storage Management"
Green Chilly,Rabi,VNMKV Parbhani,Post Harvest - Storage Management,"I am a farmer in region of VNMKV Parbhani growing Green Chilly in Rabi, what should I do for Post Harvest - Storage Management"
Mango,,VNMKV Parbhani,Post Harvest - Storage Management,"I am a farmer in region of VNMKV Parbhani growing Mango in , what should I do for Post Harvest - Storage Management"
Orange ,,VNMKV Parbhani,Post Harvest - Storage Management,"I am a farmer in region of VNMKV Parbhani growing Orange  in , what should I do for Post Harvest - Storage Management"
Grapes,,VNMKV Parbhani,Post Harvest - Storage Management,"I am a farmer in region of VNMKV Parbhani growing Grapes in , what should I do for Post Harvest - Storage Management"
Banana,,VNMKV Parbhani,Post Harvest - Storage Management,"I am a farmer in region of VNMKV Parbhani growing Banana in , what should I do for Post Harvest - Storage Management"
Pomegranate,,VNMKV Parbhani,Post Harvest - Storage Management,"I am a farmer in region of VNMKV Parbhani growing Pomegranate in , what should I do for Post Harvest - Storage Management"
Mosambi,,VNMKV Parbhani,Post Harvest - Storage Management,"I am a farmer in region of VNMKV Parbhani growing Mosambi in , what should I do for Post Harvest - Storage Management"
Soyabean,Kharif,BSKKV Dapoli,Land Preparation (Timing + Practice),"I am a farmer in region of BSKKV Dapoli growing Soyabean in Kharif, what should I do for Land Preparation (Timing + Practice)"
Cotton (Lint),Kharif,BSKKV Dapoli,Land Preparation (Timing + Practice),"I am a farmer in region of BSKKV Dapoli growing Cotton (Lint) in Kharif, what should I do for Land Preparation (Timing + Practice)"
Rice,Kharif,BSKKV Dapoli,Land Preparation (Timing + Practice),"I am a farmer in region of BSKKV Dapoli growing Rice in Kharif, what should I do for Land Preparation (Timing + Practice)"
Tur,Kharif,BSKKV Dapoli,Land Preparation (Timing + Practice),"I am a farmer in region of BSKKV Dapoli growing Tur in Kharif, what should I do for Land Preparation (Timing + Practice)"
Sugarcane,Kharif,BSKKV Dapoli,Land Preparation (Timing + Practice),"I am a farmer in region of BSKKV Dapoli growing Sugarcane in Kharif, what should I do for Land Preparation (Timing + Practice)"
Maize,Kharif,BSKKV Dapoli,Land Preparation (Timing + Practice),"I am a farmer in region of BSKKV Dapoli growing Maize in Kharif, what should I do for Land Preparation (Timing + Practice)"
Bajra,Kharif,BSKKV Dapoli,Land Preparation (Timing + Practice),"I am a farmer in region of BSKKV Dapoli growing Bajra in Kharif, what should I do for Land Preparation (Timing + Practice)"
Udid,Kharif,BSKKV Dapoli,Land Preparation (Timing + Practice),"I am a farmer in region of BSKKV Dapoli growing Udid in Kharif, what should I do for Land Preparation (Timing + Practice)"
Moong,Kharif,BSKKV Dapoli,Land Preparation (Timing + Practice),"I am a farmer in region of BSKKV Dapoli growing Moong in Kharif, what should I do for Land Preparation (Timing + Practice)"
Groundnut,Kharif,BSKKV Dapoli,Land Preparation (Timing + Practice),"I am a farmer in region of BSKKV Dapoli growing Groundnut in Kharif, what should I do for Land Preparation (Timing + Practice)"
Jowar,Kharif,BSKKV Dapoli,Land Preparation (Timing + Practice),"I am a farmer in region of BSKKV Dapoli growing Jowar in Kharif, what should I do for Land Preparation (Timing + Practice)"
Ragi,Kharif,BSKKV Dapoli,Land Preparation (Timing + Practice),"I am a farmer in region of BSKKV Dapoli growing Ragi in Kharif, what should I do for Land Preparation (Timing + Practice)"
Nigerseed,Kharif,BSKKV Dapoli,Land Preparation (Timing + Practice),"I am a farmer in region of BSKKV Dapoli growing Nigerseed in Kharif, what should I do for Land Preparation (Timing + Practice)"
Sesamum,Kharif,BSKKV Dapoli,Land Preparation (Timing + Practice),"I am a farmer in region of BSKKV Dapoli growing Sesamum in Kharif, what should I do for Land Preparation (Timing + Practice)"
Sunflower,Kharif,BSKKV Dapoli,Land Preparation (Timing + Practice),"I am a farmer in region of BSKKV Dapoli growing Sunflower in Kharif, what should I do for Land Preparation (Timing + Practice)"
Onion,Kharif,BSKKV Dapoli,Land Preparation (Timing + Practice),"I am a farmer in region of BSKKV Dapoli growing Onion in Kharif, what should I do for Land Preparation (Timing + Practice)"
Tomato,Kharif,BSKKV Dapoli,Land Preparation (Timing + Practice),"I am a farmer in region of BSKKV Dapoli growing Tomato in Kharif, what should I do for Land Preparation (Timing + Practice)"
Green Chilly,Kharif,BSKKV Dapoli,Land Preparation (Timing + Practice),"I am a farmer in region of BSKKV Dapoli growing Green Chilly in Kharif, what should I do for Land Preparation (Timing + Practice)"
Gram,Rabi,BSKKV Dapoli,Land Preparation (Timing + Practice),"I am a farmer in region of BSKKV Dapoli growing Gram in Rabi, what should I do for Land Preparation (Timing + Practice)"
Jowar,Rabi,BSKKV Dapoli,Land Preparation (Timing + Practice),"I am a farmer in region of BSKKV Dapoli growing Jowar in Rabi, what should I do for Land Preparation (Timing + Practice)"
Wheat,Rabi,BSKKV Dapoli,Land Preparation (Timing + Practice),"I am a farmer in region of BSKKV Dapoli growing Wheat in Rabi, what should I do for Land Preparation (Timing + Practice)"
Maize,Rabi,BSKKV Dapoli,Land Preparation (Timing + Practice),"I am a farmer in region of BSKKV Dapoli growing Maize in Rabi, what should I do for Land Preparation (Timing + Practice)"
Safflower,Rabi,BSKKV Dapoli,Land Preparation (Timing + Practice),"I am a farmer in region of BSKKV Dapoli growing Safflower in Rabi, what should I do for Land Preparation (Timing + Practice)"
Mustard,Rabi,BSKKV Dapoli,Land Preparation (Timing + Practice),"I am a farmer in region of BSKKV Dapoli growing Mustard in Rabi, what should I do for Land Preparation (Timing + Practice)"
Linseed,Rabi,BSKKV Dapoli,Land Preparation (Timing + Practice),"I am a farmer in region of BSKKV Dapoli growing Linseed in Rabi, what should I do for Land Preparation (Timing + Practice)"
Sunflower,Rabi,BSKKV Dapoli,Land Preparation (Timing + Practice),"I am a farmer in region of BSKKV Dapoli growing Sunflower in Rabi, what should I do for Land Preparation (Timing + Practice)"
Sesame,Rabi,BSKKV Dapoli,Land Preparation (Timing + Practice),"I am a farmer in region of BSKKV Dapoli growing Sesame in Rabi, what should I do for Land Preparation (Timing + Practice)"
Onion,Rabi,BSKKV Dapoli,Land Preparation (Timing + Practice),"I am a farmer in region of BSKKV Dapoli growing Onion in Rabi, what should I do for Land Preparation (Timing + Practice)"
Tomato,Rabi,BSKKV Dapoli,Land Preparation (Timing + Practice),"I am a farmer in region of BSKKV Dapoli growing Tomato in Rabi, what should I do for Land Preparation (Timing + Practice)"
Green Chilly,Rabi,BSKKV Dapoli,Land Preparation (Timing + Practice),"I am a farmer in region of BSKKV Dapoli growing Green Chilly in Rabi, what should I do for Land Preparation (Timing + Practice)"
Mango,,BSKKV Dapoli,Land Preparation (Timing + Practice),"I am a farmer in region of BSKKV Dapoli growing Mango in , what should I do for Land Preparation (Timing + Practice)"
Orange ,,BSKKV Dapoli,Land Preparation (Timing + Practice),"I am a farmer in region of BSKKV Dapoli growing Orange  in , what should I do for Land Preparation (Timing + Practice)"
Grapes,,BSKKV Dapoli,Land Preparation (Timing + Practice),"I am a farmer in region of BSKKV Dapoli growing Grapes in , what should I do for Land Preparation (Timing + Practice)"
Banana,,BSKKV Dapoli,Land Preparation (Timing + Practice),"I am a farmer in region of BSKKV Dapoli growing Banana in , what should I do for Land Preparation (Timing + Practice)"
Pomegranate,,BSKKV Dapoli,Land Preparation (Timing + Practice),"I am a farmer in region of BSKKV Dapoli growing Pomegranate in , what should I do for Land Preparation (Timing + Practice)"
Mosambi,,BSKKV Dapoli,Land Preparation (Timing + Practice),"I am a farmer in region of BSKKV Dapoli growing Mosambi in , what should I do for Land Preparation (Timing + Practice)"
Soyabean,Kharif,BSKKV Dapoli,Sowing (Seed Variety & Practice),"I am a farmer in region of BSKKV Dapoli growing Soyabean in Kharif, what should I do for Sowing (Seed Variety & Practice)"
Cotton (Lint),Kharif,BSKKV Dapoli,Sowing (Seed Variety & Practice),"I am a farmer in region of BSKKV Dapoli growing Cotton (Lint) in Kharif, what should I do for Sowing (Seed Variety & Practice)"
Rice,Kharif,BSKKV Dapoli,Sowing (Seed Variety & Practice),"I am a farmer in region of BSKKV Dapoli growing Rice in Kharif, what should I do for Sowing (Seed Variety & Practice)"
Tur,Kharif,BSKKV Dapoli,Sowing (Seed Variety & Practice),"I am a farmer in region of BSKKV Dapoli growing Tur in Kharif, what should I do for Sowing (Seed Variety & Practice)"
Sugarcane,Kharif,BSKKV Dapoli,Sowing (Seed Variety & Practice),"I am a farmer in region of BSKKV Dapoli growing Sugarcane in Kharif, what should I do for Sowing (Seed Variety & Practice)"
Maize,Kharif,BSKKV Dapoli,Sowing (Seed Variety & Practice),"I am a farmer in region of BSKKV Dapoli growing Maize in Kharif, what should I do for Sowing (Seed Variety & Practice)"
Bajra,Kharif,BSKKV Dapoli,Sowing (Seed Variety & Practice),"I am a farmer in region of BSKKV Dapoli growing Bajra in Kharif, what should I do for Sowing (Seed Variety & Practice)"
Udid,Kharif,BSKKV Dapoli,Sowing (Seed Variety & Practice),"I am a farmer in region of BSKKV Dapoli growing Udid in Kharif, what should I do for Sowing (Seed Variety & Practice)"
Moong,Kharif,BSKKV Dapoli,Sowing (Seed Variety & Practice),"I am a farmer in region of BSKKV Dapoli growing Moong in Kharif, what should I do for Sowing (Seed Variety & Practice)"
Groundnut,Kharif,BSKKV Dapoli,Sowing (Seed Variety & Practice),"I am a farmer in region of BSKKV Dapoli growing Groundnut in Kharif, what should I do for Sowing (Seed Variety & Practice)"
Jowar,Kharif,BSKKV Dapoli,Sowing (Seed Variety & Practice),"I am a farmer in region of BSKKV Dapoli growing Jowar in Kharif, what should I do for Sowing (Seed Variety & Practice)"
Ragi,Kharif,BSKKV Dapoli,Sowing (Seed Variety & Practice),"I am a farmer in region of BSKKV Dapoli growing Ragi in Kharif, what should I do for Sowing (Seed Variety & Practice)"
Nigerseed,Kharif,BSKKV Dapoli,Sowing (Seed Variety & Practice),"I am a farmer in region of BSKKV Dapoli growing Nigerseed in Kharif, what should I do for Sowing (Seed Variety & Practice)"
Sesamum,Kharif,BSKKV Dapoli,Sowing (Seed Variety & Practice),"I am a farmer in region of BSKKV Dapoli growing Sesamum in Kharif, what should I do for Sowing (Seed Variety & Practice)"
Sunflower,Kharif,BSKKV Dapoli,Sowing (Seed Variety & Practice),"I am a farmer in region of BSKKV Dapoli growing Sunflower in Kharif, what should I do for Sowing (Seed Variety & Practice)"
Onion,Kharif,BSKKV Dapoli,Sowing (Seed Variety & Practice),"I am a farmer in region of BSKKV Dapoli growing Onion in Kharif, what should I do for Sowing (Seed Variety & Practice)"
Tomato,Kharif,BSKKV Dapoli,Sowing (Seed Variety & Practice),"I am a farmer in region of BSKKV Dapoli growing Tomato in Kharif, what should I do for Sowing (Seed Variety & Practice)"
Green Chilly,Kharif,BSKKV Dapoli,Sowing (Seed Variety & Practice),"I am a farmer in region of BSKKV Dapoli growing Green Chilly in Kharif, what should I do for Sowing (Seed Variety & Practice)"
Gram,Rabi,BSKKV Dapoli,Sowing (Seed Variety & Practice),"I am a farmer in region of BSKKV Dapoli growing Gram in Rabi, what should I do for Sowing (Seed Variety & Practice)"
Jowar,Rabi,BSKKV Dapoli,Sowing (Seed Variety & Practice),"I am a farmer in region of BSKKV Dapoli growing Jowar in Rabi, what should I do for Sowing (Seed Variety & Practice)"
Wheat,Rabi,BSKKV Dapoli,Sowing (Seed Variety & Practice),"I am a farmer in region of BSKKV Dapoli growing Wheat in Rabi, what should I do for Sowing (Seed Variety & Practice)"
Maize,Rabi,BSKKV Dapoli,Sowing (Seed Variety & Practice),"I am a farmer in region of BSKKV Dapoli growing Maize in Rabi, what should I do for Sowing (Seed Variety & Practice)"
Safflower,Rabi,BSKKV Dapoli,Sowing (Seed Variety & Practice),"I am a farmer in region of BSKKV Dapoli growing Safflower in Rabi, what should I do for Sowing (Seed Variety & Practice)"
Mustard,Rabi,BSKKV Dapoli,Sowing (Seed Variety & Practice),"I am a farmer in region of BSKKV Dapoli growing Mustard in Rabi, what should I do for Sowing (Seed Variety & Practice)"
Linseed,Rabi,BSKKV Dapoli,Sowing (Seed Variety & Practice),"I am a farmer in region of BSKKV Dapoli growing Linseed in Rabi, what should I do for Sowing (Seed Variety & Practice)"
Sunflower,Rabi,BSKKV Dapoli,Sowing (Seed Variety & Practice),"I am a farmer in region of BSKKV Dapoli growing Sunflower in Rabi, what should I do for Sowing (Seed Variety & Practice)"
Sesame,Rabi,BSKKV Dapoli,Sowing (Seed Variety & Practice),"I am a farmer in region of BSKKV Dapoli growing Sesame in Rabi, what should I do for Sowing (Seed Variety & Practice)"
Onion,Rabi,BSKKV Dapoli,Sowing (Seed Variety & Practice),"I am a farmer in region of BSKKV Dapoli growing Onion in Rabi, what should I do for Sowing (Seed Variety & Practice)"
Tomato,Rabi,BSKKV Dapoli,Sowing (Seed Variety & Practice),"I am a farmer in region of BSKKV Dapoli growing Tomato in Rabi, what should I do for Sowing (Seed Variety & Practice)"
Green Chilly,Rabi,BSKKV Dapoli,Sowing (Seed Variety & Practice),"I am a farmer in region of BSKKV Dapoli growing Green Chilly in Rabi, what should I do for Sowing (Seed Variety & Practice)"
Mango,,BSKKV Dapoli,Sowing (Seed Variety & Practice),"I am a farmer in region of BSKKV Dapoli growing Mango in , what should I do for Sowing (Seed Variety & Practice)"
Orange ,,BSKKV Dapoli,Sowing (Seed Variety & Practice),"I am a farmer in region of BSKKV Dapoli growing Orange  in , what should I do for Sowing (Seed Variety & Practice)"
Grapes,,BSKKV Dapoli,Sowing (Seed Variety & Practice),"I am a farmer in region of BSKKV Dapoli growing Grapes in , what should I do for Sowing (Seed Variety & Practice)"
Banana,,BSKKV Dapoli,Sowing (Seed Variety & Practice),"I am a farmer in region of BSKKV Dapoli growing Banana in , what should I do for Sowing (Seed Variety & Practice)"
Pomegranate,,BSKKV Dapoli,Sowing (Seed Variety & Practice),"I am a farmer in region of BSKKV Dapoli growing Pomegranate in , what should I do for Sowing (Seed Variety & Practice)"
Mosambi,,BSKKV Dapoli,Sowing (Seed Variety & Practice),"I am a farmer in region of BSKKV Dapoli growing Mosambi in , what should I do for Sowing (Seed Variety & Practice)"
Soyabean,Kharif,BSKKV Dapoli,"Pest & Disease Management
(Preventive)","I am a farmer in region of BSKKV Dapoligrowing Kharif in Soyabean, what should i do for seed treatment & preventive measure for pest & diseases"
Cotton (Lint),Kharif,BSKKV Dapoli,"Pest & Disease Management
(Preventive)","I am a farmer in region of BSKKV Dapoligrowing Kharif in Cotton (Lint), what should i do for seed treatment & preventive measure for pest & diseases"
Rice,Kharif,BSKKV Dapoli,"Pest & Disease Management
(Preventive)","I am a farmer in region of BSKKV Dapoligrowing Kharif in Rice, what should i do for seed treatment & preventive measure for pest & diseases"
Tur,Kharif,BSKKV Dapoli,"Pest & Disease Management
(Preventive)","I am a farmer in region of BSKKV Dapoligrowing Kharif in Tur, what should i do for seed treatment & preventive measure for pest & diseases"
Sugarcane,Kharif,BSKKV Dapoli,"Pest & Disease Management
(Preventive)","I am a farmer in region of BSKKV Dapoligrowing Kharif in Sugarcane, what should i do for seed treatment & preventive measure for pest & diseases"
Maize,Kharif,BSKKV Dapoli,"Pest & Disease Management
(Preventive)","I am a farmer in region of BSKKV Dapoligrowing Kharif in Maize, what should i do for seed treatment & preventive measure for pest & diseases"
Bajra,Kharif,BSKKV Dapoli,"Pest & Disease Management
(Preventive)","I am a farmer in region of BSKKV Dapoligrowing Kharif in Bajra, what should i do for seed treatment & preventive measure for pest & diseases"
Udid,Kharif,BSKKV Dapoli,"Pest & Disease Management
(Preventive)","I am a farmer in region of BSKKV Dapoligrowing Kharif in Udid, what should i do for seed treatment & preventive measure for pest & diseases"
Moong,Kharif,BSKKV Dapoli,"Pest & Disease Management
(Preventive)","I am a farmer in region of BSKKV Dapoligrowing Kharif in Moong, what should i do for seed treatment & preventive measure for pest & diseases"
Groundnut,Kharif,BSKKV Dapoli,"Pest & Disease Management
(Preventive)","I am a farmer in region of BSKKV Dapoligrowing Kharif in Groundnut, what should i do for seed treatment & preventive measure for pest & diseases"
Jowar,Kharif,BSKKV Dapoli,"Pest & Disease Management
(Preventive)","I am a farmer in region of BSKKV Dapoligrowing Kharif in Jowar, what should i do for seed treatment & preventive measure for pest & diseases"
Ragi,Kharif,BSKKV Dapoli,"Pest & Disease Management
(Preventive)","I am a farmer in region of BSKKV Dapoligrowing Kharif in Ragi, what should i do for seed treatment & preventive measure for pest & diseases"
Nigerseed,Kharif,BSKKV Dapoli,"Pest & Disease Management
(Preventive)","I am a farmer in region of BSKKV Dapoligrowing Kharif in Nigerseed, what should i do for seed treatment & preventive measure for pest & diseases"
Sesamum,Kharif,BSKKV Dapoli,"Pest & Disease Management
(Preventive)","I am a farmer in region of BSKKV Dapoligrowing Kharif in Sesamum, what should i do for seed treatment & preventive measure for pest & diseases"
Sunflower,Kharif,BSKKV Dapoli,"Pest & Disease Management
(Preventive)","I am a farmer in region of BSKKV Dapoligrowing Kharif in Sunflower, what should i do for seed treatment & preventive measure for pest & diseases"
Onion,Kharif,BSKKV Dapoli,"Pest & Disease Management
(Preventive)","I am a farmer in region of BSKKV Dapoligrowing Kharif in Onion, what should i do for seed treatment & preventive measure for pest & diseases"
Tomato,Kharif,BSKKV Dapoli,"Pest & Disease Management
(Preventive)","I am a farmer in region of BSKKV Dapoligrowing Kharif in Tomato, what should i do for seed treatment & preventive measure for pest & diseases"
Green Chilly,Kharif,BSKKV Dapoli,"Pest & Disease Management
(Preventive)","I am a farmer in region of BSKKV Dapoligrowing Kharif in Green Chilly, what should i do for seed treatment & preventive measure for pest & diseases"
Gram,Rabi,BSKKV Dapoli,"Pest & Disease Management
(Preventive)","I am a farmer in region of BSKKV Dapoligrowing Rabi in Gram, what should i do for seed treatment & preventive measure for pest & diseases"
Jowar,Rabi,BSKKV Dapoli,"Pest & Disease Management
(Preventive)","I am a farmer in region of BSKKV Dapoligrowing Rabi in Jowar, what should i do for seed treatment & preventive measure for pest & diseases"
Wheat,Rabi,BSKKV Dapoli,"Pest & Disease Management
(Preventive)","I am a farmer in region of BSKKV Dapoligrowing Rabi in Wheat, what should i do for seed treatment & preventive measure for pest & diseases"
Maize,Rabi,BSKKV Dapoli,"Pest & Disease Management
(Preventive)","I am a farmer in region of BSKKV Dapoligrowing Rabi in Maize, what should i do for seed treatment & preventive measure for pest & diseases"
Safflower,Rabi,BSKKV Dapoli,"Pest & Disease Management
(Preventive)","I am a farmer in region of BSKKV Dapoligrowing Rabi in Safflower, what should i do for seed treatment & preventive measure for pest & diseases"
Mustard,Rabi,BSKKV Dapoli,"Pest & Disease Management
(Preventive)","I am a farmer in region of BSKKV Dapoligrowing Rabi in Mustard, what should i do for seed treatment & preventive measure for pest & diseases"
Linseed,Rabi,BSKKV Dapoli,"Pest & Disease Management
(Preventive)","I am a farmer in region of BSKKV Dapoligrowing Rabi in Linseed, what should i do for seed treatment & preventive measure for pest & diseases"
Sunflower,Rabi,BSKKV Dapoli,"Pest & Disease Management
(Preventive)","I am a farmer in region of BSKKV Dapoligrowing Rabi in Sunflower, what should i do for seed treatment & preventive measure for pest & diseases"
Sesame,Rabi,BSKKV Dapoli,"Pest & Disease Management
(Preventive)","I am a farmer in region of BSKKV Dapoligrowing Rabi in Sesame, what should i do for seed treatment & preventive measure for pest & diseases"
Onion,Rabi,BSKKV Dapoli,"Pest & Disease Management
(Preventive)","I am a farmer in region of BSKKV Dapoligrowing Rabi in Onion, what should i do for seed treatment & preventive measure for pest & diseases"
Tomato,Rabi,BSKKV Dapoli,"Pest & Disease Management
(Preventive)","I am a farmer in region of BSKKV Dapoligrowing Rabi in Tomato, what should i do for seed treatment & preventive measure for pest & diseases"
Green Chilly,Rabi,BSKKV Dapoli,"Pest & Disease Management
(Preventive)","I am a farmer in region of BSKKV Dapoligrowing Rabi in Green Chilly, what should i do for seed treatment & preventive measure for pest & diseases"
Mango,,BSKKV Dapoli,"Pest & Disease Management
(Preventive)","I am a farmer in region of BSKKV Dapoligrowing  in Mango, what should i do for seed treatment & preventive measure for pest & diseases"
Orange ,,BSKKV Dapoli,"Pest & Disease Management
(Preventive)","I am a farmer in region of BSKKV Dapoligrowing  in Orange , what should i do for seed treatment & preventive measure for pest & diseases"
Grapes,,BSKKV Dapoli,"Pest & Disease Management
(Preventive)","I am a farmer in region of BSKKV Dapoligrowing  in Grapes, what should i do for seed treatment & preventive measure for pest & diseases"
Banana,,BSKKV Dapoli,"Pest & Disease Management
(Preventive)","I am a farmer in region of BSKKV Dapoligrowing  in Banana, what should i do for seed treatment & preventive measure for pest & diseases"
Pomegranate,,BSKKV Dapoli,"Pest & Disease Management
(Preventive)","I am a farmer in region of BSKKV Dapoligrowing  in Pomegranate, what should i do for seed treatment & preventive measure for pest & diseases"
Mosambi,,BSKKV Dapoli,"Pest & Disease Management
(Preventive)","I am a farmer in region of BSKKV Dapoligrowing  in Mosambi, what should i do for seed treatment & preventive measure for pest & diseases"
Soyabean,Kharif,BSKKV Dapoli,Weed Management,"I am a farmer in region of BSKKV Dapoli growing Soyabean in Kharif, what should I do for Weed Management"
Cotton (Lint),Kharif,BSKKV Dapoli,Weed Management,"I am a farmer in region of BSKKV Dapoli growing Cotton (Lint) in Kharif, what should I do for Weed Management"
Rice,Kharif,BSKKV Dapoli,Weed Management,"I am a farmer in region of BSKKV Dapoli growing Rice in Kharif, what should I do for Weed Management"
Tur,Kharif,BSKKV Dapoli,Weed Management,"I am a farmer in region of BSKKV Dapoli growing Tur in Kharif, what should I do for Weed Management"
Sugarcane,Kharif,BSKKV Dapoli,Weed Management,"I am a farmer in region of BSKKV Dapoli growing Sugarcane in Kharif, what should I do for Weed Management"
Maize,Kharif,BSKKV Dapoli,Weed Management,"I am a farmer in region of BSKKV Dapoli growing Maize in Kharif, what should I do for Weed Management"
Bajra,Kharif,BSKKV Dapoli,Weed Management,"I am a farmer in region of BSKKV Dapoli growing Bajra in Kharif, what should I do for Weed Management"
Udid,Kharif,BSKKV Dapoli,Weed Management,"I am a farmer in region of BSKKV Dapoli growing Udid in Kharif, what should I do for Weed Management"
Moong,Kharif,BSKKV Dapoli,Weed Management,"I am a farmer in region of BSKKV Dapoli growing Moong in Kharif, what should I do for Weed Management"
Groundnut,Kharif,BSKKV Dapoli,Weed Management,"I am a farmer in region of BSKKV Dapoli growing Groundnut in Kharif, what should I do for Weed Management"
Jowar,Kharif,BSKKV Dapoli,Weed Management,"I am a farmer in region of BSKKV Dapoli growing Jowar in Kharif, what should I do for Weed Management"
Ragi,Kharif,BSKKV Dapoli,Weed Management,"I am a farmer in region of BSKKV Dapoli growing Ragi in Kharif, what should I do for Weed Management"
Nigerseed,Kharif,BSKKV Dapoli,Weed Management,"I am a farmer in region of BSKKV Dapoli growing Nigerseed in Kharif, what should I do for Weed Management"
Sesamum,Kharif,BSKKV Dapoli,Weed Management,"I am a farmer in region of BSKKV Dapoli growing Sesamum in Kharif, what should I do for Weed Management"
Sunflower,Kharif,BSKKV Dapoli,Weed Management,"I am a farmer in region of BSKKV Dapoli growing Sunflower in Kharif, what should I do for Weed Management"
Onion,Kharif,BSKKV Dapoli,Weed Management,"I am a farmer in region of BSKKV Dapoli growing Onion in Kharif, what should I do for Weed Management"
Tomato,Kharif,BSKKV Dapoli,Weed Management,"I am a farmer in region of BSKKV Dapoli growing Tomato in Kharif, what should I do for Weed Management"
Green Chilly,Kharif,BSKKV Dapoli,Weed Management,"I am a farmer in region of BSKKV Dapoli growing Green Chilly in Kharif, what should I do for Weed Management"
Gram,Rabi,BSKKV Dapoli,Weed Management,"I am a farmer in region of BSKKV Dapoli growing Gram in Rabi, what should I do for Weed Management"
Jowar,Rabi,BSKKV Dapoli,Weed Management,"I am a farmer in region of BSKKV Dapoli growing Jowar in Rabi, what should I do for Weed Management"
Wheat,Rabi,BSKKV Dapoli,Weed Management,"I am a farmer in region of BSKKV Dapoli growing Wheat in Rabi, what should I do for Weed Management"
Maize,Rabi,BSKKV Dapoli,Weed Management,"I am a farmer in region of BSKKV Dapoli growing Maize in Rabi, what should I do for Weed Management"
Safflower,Rabi,BSKKV Dapoli,Weed Management,"I am a farmer in region of BSKKV Dapoli growing Safflower in Rabi, what should I do for Weed Management"
Mustard,Rabi,BSKKV Dapoli,Weed Management,"I am a farmer in region of BSKKV Dapoli growing Mustard in Rabi, what should I do for Weed Management"
Linseed,Rabi,BSKKV Dapoli,Weed Management,"I am a farmer in region of BSKKV Dapoli growing Linseed in Rabi, what should I do for Weed Management"
Sunflower,Rabi,BSKKV Dapoli,Weed Management,"I am a farmer in region of BSKKV Dapoli growing Sunflower in Rabi, what should I do for Weed Management"
Sesame,Rabi,BSKKV Dapoli,Weed Management,"I am a farmer in region of BSKKV Dapoli growing Sesame in Rabi, what should I do for Weed Management"
Onion,Rabi,BSKKV Dapoli,Weed Management,"I am a farmer in region of BSKKV Dapoli growing Onion in Rabi, what should I do for Weed Management"
Tomato,Rabi,BSKKV Dapoli,Weed Management,"I am a farmer in region of BSKKV Dapoli growing Tomato in Rabi, what should I do for Weed Management"
Green Chilly,Rabi,BSKKV Dapoli,Weed Management,"I am a farmer in region of BSKKV Dapoli growing Green Chilly in Rabi, what should I do for Weed Management"
Mango,,BSKKV Dapoli,Weed Management,"I am a farmer in region of BSKKV Dapoli growing Mango in , what should I do for Weed Management"
Orange ,,BSKKV Dapoli,Weed Management,"I am a farmer in region of BSKKV Dapoli growing Orange  in , what should I do for Weed Management"
Grapes,,BSKKV Dapoli,Weed Management,"I am a farmer in region of BSKKV Dapoli growing Grapes in , what should I do for Weed Management"
Banana,,BSKKV Dapoli,Weed Management,"I am a farmer in region of BSKKV Dapoli growing Banana in , what should I do for Weed Management"
Pomegranate,,BSKKV Dapoli,Weed Management,"I am a farmer in region of BSKKV Dapoli growing Pomegranate in , what should I do for Weed Management"
Mosambi,,BSKKV Dapoli,Weed Management,"I am a farmer in region of BSKKV Dapoli growing Mosambi in , what should I do for Weed Management"
Soyabean,Kharif,BSKKV Dapoli,"Fertiliser 
(Basal Application)","I am a farmer in region of BSKKV Dapoli growing Kharif in Soyabean, what fertiliser, dosage & quantity should i apply for basal application"
Cotton (Lint),Kharif,BSKKV Dapoli,"Fertiliser 
(Basal Application)","I am a farmer in region of BSKKV Dapoli growing Kharif in Cotton (Lint), what fertiliser, dosage & quantity should i apply for basal application"
Rice,Kharif,BSKKV Dapoli,"Fertiliser 
(Basal Application)","I am a farmer in region of BSKKV Dapoli growing Kharif in Rice, what fertiliser, dosage & quantity should i apply for basal application"
Tur,Kharif,BSKKV Dapoli,"Fertiliser 
(Basal Application)","I am a farmer in region of BSKKV Dapoli growing Kharif in Tur, what fertiliser, dosage & quantity should i apply for basal application"
Sugarcane,Kharif,BSKKV Dapoli,"Fertiliser 
(Basal Application)","I am a farmer in region of BSKKV Dapoli growing Kharif in Sugarcane, what fertiliser, dosage & quantity should i apply for basal application"
Maize,Kharif,BSKKV Dapoli,"Fertiliser 
(Basal Application)","I am a farmer in region of BSKKV Dapoli growing Kharif in Maize, what fertiliser, dosage & quantity should i apply for basal application"
Bajra,Kharif,BSKKV Dapoli,"Fertiliser 
(Basal Application)","I am a farmer in region of BSKKV Dapoli growing Kharif in Bajra, what fertiliser, dosage & quantity should i apply for basal application"
Udid,Kharif,BSKKV Dapoli,"Fertiliser 
(Basal Application)","I am a farmer in region of BSKKV Dapoli growing Kharif in Udid, what fertiliser, dosage & quantity should i apply for basal application"
Moong,Kharif,BSKKV Dapoli,"Fertiliser 
(Basal Application)","I am a farmer in region of BSKKV Dapoli growing Kharif in Moong, what fertiliser, dosage & quantity should i apply for basal application"
Groundnut,Kharif,BSKKV Dapoli,"Fertiliser 
(Basal Application)","I am a farmer in region of BSKKV Dapoli growing Kharif in Groundnut, what fertiliser, dosage & quantity should i apply for basal application"
Jowar,Kharif,BSKKV Dapoli,"Fertiliser 
(Basal Application)","I am a farmer in region of BSKKV Dapoli growing Kharif in Jowar, what fertiliser, dosage & quantity should i apply for basal application"
Ragi,Kharif,BSKKV Dapoli,"Fertiliser 
(Basal Application)","I am a farmer in region of BSKKV Dapoli growing Kharif in Ragi, what fertiliser, dosage & quantity should i apply for basal application"
Nigerseed,Kharif,BSKKV Dapoli,"Fertiliser 
(Basal Application)","I am a farmer in region of BSKKV Dapoli growing Kharif in Nigerseed, what fertiliser, dosage & quantity should i apply for basal application"
Sesamum,Kharif,BSKKV Dapoli,"Fertiliser 
(Basal Application)","I am a farmer in region of BSKKV Dapoli growing Kharif in Sesamum, what fertiliser, dosage & quantity should i apply for basal application"
Sunflower,Kharif,BSKKV Dapoli,"Fertiliser 
(Basal Application)","I am a farmer in region of BSKKV Dapoli growing Kharif in Sunflower, what fertiliser, dosage & quantity should i apply for basal application"
Onion,Kharif,BSKKV Dapoli,"Fertiliser 
(Basal Application)","I am a farmer in region of BSKKV Dapoli growing Kharif in Onion, what fertiliser, dosage & quantity should i apply for basal application"
Tomato,Kharif,BSKKV Dapoli,"Fertiliser 
(Basal Application)","I am a farmer in region of BSKKV Dapoli growing Kharif in Tomato, what fertiliser, dosage & quantity should i apply for basal application"
Green Chilly,Kharif,BSKKV Dapoli,"Fertiliser 
(Basal Application)","I am a farmer in region of BSKKV Dapoli growing Kharif in Green Chilly, what fertiliser, dosage & quantity should i apply for basal application"
Gram,Rabi,BSKKV Dapoli,"Fertiliser 
(Basal Application)","I am a farmer in region of BSKKV Dapoli growing Rabi in Gram, what fertiliser, dosage & quantity should i apply for basal application"
Jowar,Rabi,BSKKV Dapoli,"Fertiliser 
(Basal Application)","I am a farmer in region of BSKKV Dapoli growing Rabi in Jowar, what fertiliser, dosage & quantity should i apply for basal application"
Wheat,Rabi,BSKKV Dapoli,"Fertiliser 
(Basal Application)","I am a farmer in region of BSKKV Dapoli growing Rabi in Wheat, what fertiliser, dosage & quantity should i apply for basal application"
Maize,Rabi,BSKKV Dapoli,"Fertiliser 
(Basal Application)","I am a farmer in region of BSKKV Dapoli growing Rabi in Maize, what fertiliser, dosage & quantity should i apply for basal application"
Safflower,Rabi,BSKKV Dapoli,"Fertiliser 
(Basal Application)","I am a farmer in region of BSKKV Dapoli growing Rabi in Safflower, what fertiliser, dosage & quantity should i apply for basal application"
Mustard,Rabi,BSKKV Dapoli,"Fertiliser 
(Basal Application)","I am a farmer in region of BSKKV Dapoli growing Rabi in Mustard, what fertiliser, dosage & quantity should i apply for basal application"
Linseed,Rabi,BSKKV Dapoli,"Fertiliser 
(Basal Application)","I am a farmer in region of BSKKV Dapoli growing Rabi in Linseed, what fertiliser, dosage & quantity should i apply for basal application"
Sunflower,Rabi,BSKKV Dapoli,"Fertiliser 
(Basal Application)","I am a farmer in region of BSKKV Dapoli growing Rabi in Sunflower, what fertiliser, dosage & quantity should i apply for basal application"
Sesame,Rabi,BSKKV Dapoli,"Fertiliser 
(Basal Application)","I am a farmer in region of BSKKV Dapoli growing Rabi in Sesame, what fertiliser, dosage & quantity should i apply for basal application"
Onion,Rabi,BSKKV Dapoli,"Fertiliser 
(Basal Application)","I am a farmer in region of BSKKV Dapoli growing Rabi in Onion, what fertiliser, dosage & quantity should i apply for basal application"
Tomato,Rabi,BSKKV Dapoli,"Fertiliser 
(Basal Application)","I am a farmer in region of BSKKV Dapoli growing Rabi in Tomato, what fertiliser, dosage & quantity should i apply for basal application"
Green Chilly,Rabi,BSKKV Dapoli,"Fertiliser 
(Basal Application)","I am a farmer in region of BSKKV Dapoli growing Rabi in Green Chilly, what fertiliser, dosage & quantity should i apply for basal application"
Mango,,BSKKV Dapoli,"Fertiliser 
(Basal Application)","I am a farmer in region of BSKKV Dapoli growing  in Mango, what fertiliser, dosage & quantity should i apply for basal application"
Orange ,,BSKKV Dapoli,"Fertiliser 
(Basal Application)","I am a farmer in region of BSKKV Dapoli growing  in Orange , what fertiliser, dosage & quantity should i apply for basal application"
Grapes,,BSKKV Dapoli,"Fertiliser 
(Basal Application)","I am a farmer in region of BSKKV Dapoli growing  in Grapes, what fertiliser, dosage & quantity should i apply for basal application"
Banana,,BSKKV Dapoli,"Fertiliser 
(Basal Application)","I am a farmer in region of BSKKV Dapoli growing  in Banana, what fertiliser, dosage & quantity should i apply for basal application"
Pomegranate,,BSKKV Dapoli,"Fertiliser 
(Basal Application)","I am a farmer in region of BSKKV Dapoli growing  in Pomegranate, what fertiliser, dosage & quantity should i apply for basal application"
Mosambi,,BSKKV Dapoli,"Fertiliser 
(Basal Application)","I am a farmer in region of BSKKV Dapoli growing  in Mosambi, what fertiliser, dosage & quantity should i apply for basal application"
Soyabean,Kharif,BSKKV Dapoli,"Fertiliser 
(Top Dressing)","I am a farmer in region of BSKKV Dapoli growing Kharif in Soyabean, what fertiliser, dosage & quantity should i apply for top dressing"
Cotton (Lint),Kharif,BSKKV Dapoli,"Fertiliser 
(Top Dressing)","I am a farmer in region of BSKKV Dapoli growing Kharif in Cotton (Lint), what fertiliser, dosage & quantity should i apply for top dressing"
Rice,Kharif,BSKKV Dapoli,"Fertiliser 
(Top Dressing)","I am a farmer in region of BSKKV Dapoli growing Kharif in Rice, what fertiliser, dosage & quantity should i apply for top dressing"
Tur,Kharif,BSKKV Dapoli,"Fertiliser 
(Top Dressing)","I am a farmer in region of BSKKV Dapoli growing Kharif in Tur, what fertiliser, dosage & quantity should i apply for top dressing"
Sugarcane,Kharif,BSKKV Dapoli,"Fertiliser 
(Top Dressing)","I am a farmer in region of BSKKV Dapoli growing Kharif in Sugarcane, what fertiliser, dosage & quantity should i apply for top dressing"
Maize,Kharif,BSKKV Dapoli,"Fertiliser 
(Top Dressing)","I am a farmer in region of BSKKV Dapoli growing Kharif in Maize, what fertiliser, dosage & quantity should i apply for top dressing"
Bajra,Kharif,BSKKV Dapoli,"Fertiliser 
(Top Dressing)","I am a farmer in region of BSKKV Dapoli growing Kharif in Bajra, what fertiliser, dosage & quantity should i apply for top dressing"
Udid,Kharif,BSKKV Dapoli,"Fertiliser 
(Top Dressing)","I am a farmer in region of BSKKV Dapoli growing Kharif in Udid, what fertiliser, dosage & quantity should i apply for top dressing"
Moong,Kharif,BSKKV Dapoli,"Fertiliser 
(Top Dressing)","I am a farmer in region of BSKKV Dapoli growing Kharif in Moong, what fertiliser, dosage & quantity should i apply for top dressing"
Groundnut,Kharif,BSKKV Dapoli,"Fertiliser 
(Top Dressing)","I am a farmer in region of BSKKV Dapoli growing Kharif in Groundnut, what fertiliser, dosage & quantity should i apply for top dressing"
Jowar,Kharif,BSKKV Dapoli,"Fertiliser 
(Top Dressing)","I am a farmer in region of BSKKV Dapoli growing Kharif in Jowar, what fertiliser, dosage & quantity should i apply for top dressing"
Ragi,Kharif,BSKKV Dapoli,"Fertiliser 
(Top Dressing)","I am a farmer in region of BSKKV Dapoli growing Kharif in Ragi, what fertiliser, dosage & quantity should i apply for top dressing"
Nigerseed,Kharif,BSKKV Dapoli,"Fertiliser 
(Top Dressing)","I am a farmer in region of BSKKV Dapoli growing Kharif in Nigerseed, what fertiliser, dosage & quantity should i apply for top dressing"
Sesamum,Kharif,BSKKV Dapoli,"Fertiliser 
(Top Dressing)","I am a farmer in region of BSKKV Dapoli growing Kharif in Sesamum, what fertiliser, dosage & quantity should i apply for top dressing"
Sunflower,Kharif,BSKKV Dapoli,"Fertiliser 
(Top Dressing)","I am a farmer in region of BSKKV Dapoli growing Kharif in Sunflower, what fertiliser, dosage & quantity should i apply for top dressing"
Onion,Kharif,BSKKV Dapoli,"Fertiliser 
(Top Dressing)","I am a farmer in region of BSKKV Dapoli growing Kharif in Onion, what fertiliser, dosage & quantity should i apply for top dressing"
Tomato,Kharif,BSKKV Dapoli,"Fertiliser 
(Top Dressing)","I am a farmer in region of BSKKV Dapoli growing Kharif in Tomato, what fertiliser, dosage & quantity should i apply for top dressing"
Green Chilly,Kharif,BSKKV Dapoli,"Fertiliser 
(Top Dressing)","I am a farmer in region of BSKKV Dapoli growing Kharif in Green Chilly, what fertiliser, dosage & quantity should i apply for top dressing"
Gram,Rabi,BSKKV Dapoli,"Fertiliser 
(Top Dressing)","I am a farmer in region of BSKKV Dapoli growing Rabi in Gram, what fertiliser, dosage & quantity should i apply for top dressing"
Jowar,Rabi,BSKKV Dapoli,"Fertiliser 
(Top Dressing)","I am a farmer in region of BSKKV Dapoli growing Rabi in Jowar, what fertiliser, dosage & quantity should i apply for top dressing"
Wheat,Rabi,BSKKV Dapoli,"Fertiliser 
(Top Dressing)","I am a farmer in region of BSKKV Dapoli growing Rabi in Wheat, what fertiliser, dosage & quantity should i apply for top dressing"
Maize,Rabi,BSKKV Dapoli,"Fertiliser 
(Top Dressing)","I am a farmer in region of BSKKV Dapoli growing Rabi in Maize, what fertiliser, dosage & quantity should i apply for top dressing"
Safflower,Rabi,BSKKV Dapoli,"Fertiliser 
(Top Dressing)","I am a farmer in region of BSKKV Dapoli growing Rabi in Safflower, what fertiliser, dosage & quantity should i apply for top dressing"
Mustard,Rabi,BSKKV Dapoli,"Fertiliser 
(Top Dressing)","I am a farmer in region of BSKKV Dapoli growing Rabi in Mustard, what fertiliser, dosage & quantity should i apply for top dressing"
Linseed,Rabi,BSKKV Dapoli,"Fertiliser 
(Top Dressing)","I am a farmer in region of BSKKV Dapoli growing Rabi in Linseed, what fertiliser, dosage & quantity should i apply for top dressing"
Sunflower,Rabi,BSKKV Dapoli,"Fertiliser 
(Top Dressing)","I am a farmer in region of BSKKV Dapoli growing Rabi in Sunflower, what fertiliser, dosage & quantity should i apply for top dressing"
Sesame,Rabi,BSKKV Dapoli,"Fertiliser 
(Top Dressing)","I am a farmer in region of BSKKV Dapoli growing Rabi in Sesame, what fertiliser, dosage & quantity should i apply for top dressing"
Onion,Rabi,BSKKV Dapoli,"Fertiliser 
(Top Dressing)","I am a farmer in region of BSKKV Dapoli growing Rabi in Onion, what fertiliser, dosage & quantity should i apply for top dressing"
Tomato,Rabi,BSKKV Dapoli,"Fertiliser 
(Top Dressing)","I am a farmer in region of BSKKV Dapoli growing Rabi in Tomato, what fertiliser, dosage & quantity should i apply for top dressing"
Green Chilly,Rabi,BSKKV Dapoli,"Fertiliser 
(Top Dressing)","I am a farmer in region of BSKKV Dapoli growing Rabi in Green Chilly, what fertiliser, dosage & quantity should i apply for top dressing"
Mango,,BSKKV Dapoli,"Fertiliser 
(Top Dressing)","I am a farmer in region of BSKKV Dapoli growing  in Mango, what fertiliser, dosage & quantity should i apply for top dressing"
Orange ,,BSKKV Dapoli,"Fertiliser 
(Top Dressing)","I am a farmer in region of BSKKV Dapoli growing  in Orange , what fertiliser, dosage & quantity should i apply for top dressing"
Grapes,,BSKKV Dapoli,"Fertiliser 
(Top Dressing)","I am a farmer in region of BSKKV Dapoli growing  in Grapes, what fertiliser, dosage & quantity should i apply for top dressing"
Banana,,BSKKV Dapoli,"Fertiliser 
(Top Dressing)","I am a farmer in region of BSKKV Dapoli growing  in Banana, what fertiliser, dosage & quantity should i apply for top dressing"
Pomegranate,,BSKKV Dapoli,"Fertiliser 
(Top Dressing)","I am a farmer in region of BSKKV Dapoli growing  in Pomegranate, what fertiliser, dosage & quantity should i apply for top dressing"
Mosambi,,BSKKV Dapoli,"Fertiliser 
(Top Dressing)","I am a farmer in region of BSKKV Dapoli growing  in Mosambi, what fertiliser, dosage & quantity should i apply for top dressing"
Soyabean,Kharif,BSKKV Dapoli,"Pest & Disease Management
(Remedial)","I am a farmer in region of BSKKV Dapoli growing Kharif in Soyabean, what pests & diseases can occur, what are the symptoms & remedial measures"
Cotton (Lint),Kharif,BSKKV Dapoli,"Pest & Disease Management
(Remedial)","I am a farmer in region of BSKKV Dapoli growing Kharif in Cotton (Lint), what pests & diseases can occur, what are the symptoms & remedial measures"
Rice,Kharif,BSKKV Dapoli,"Pest & Disease Management
(Remedial)","I am a farmer in region of BSKKV Dapoli growing Kharif in Rice, what pests & diseases can occur, what are the symptoms & remedial measures"
Tur,Kharif,BSKKV Dapoli,"Pest & Disease Management
(Remedial)","I am a farmer in region of BSKKV Dapoli growing Kharif in Tur, what pests & diseases can occur, what are the symptoms & remedial measures"
Sugarcane,Kharif,BSKKV Dapoli,"Pest & Disease Management
(Remedial)","I am a farmer in region of BSKKV Dapoli growing Kharif in Sugarcane, what pests & diseases can occur, what are the symptoms & remedial measures"
Maize,Kharif,BSKKV Dapoli,"Pest & Disease Management
(Remedial)","I am a farmer in region of BSKKV Dapoli growing Kharif in Maize, what pests & diseases can occur, what are the symptoms & remedial measures"
Bajra,Kharif,BSKKV Dapoli,"Pest & Disease Management
(Remedial)","I am a farmer in region of BSKKV Dapoli growing Kharif in Bajra, what pests & diseases can occur, what are the symptoms & remedial measures"
Udid,Kharif,BSKKV Dapoli,"Pest & Disease Management
(Remedial)","I am a farmer in region of BSKKV Dapoli growing Kharif in Udid, what pests & diseases can occur, what are the symptoms & remedial measures"
Moong,Kharif,BSKKV Dapoli,"Pest & Disease Management
(Remedial)","I am a farmer in region of BSKKV Dapoli growing Kharif in Moong, what pests & diseases can occur, what are the symptoms & remedial measures"
Groundnut,Kharif,BSKKV Dapoli,"Pest & Disease Management
(Remedial)","I am a farmer in region of BSKKV Dapoli growing Kharif in Groundnut, what pests & diseases can occur, what are the symptoms & remedial measures"
Jowar,Kharif,BSKKV Dapoli,"Pest & Disease Management
(Remedial)","I am a farmer in region of BSKKV Dapoli growing Kharif in Jowar, what pests & diseases can occur, what are the symptoms & remedial measures"
Ragi,Kharif,BSKKV Dapoli,"Pest & Disease Management
(Remedial)","I am a farmer in region of BSKKV Dapoli growing Kharif in Ragi, what pests & diseases can occur, what are the symptoms & remedial measures"
Nigerseed,Kharif,BSKKV Dapoli,"Pest & Disease Management
(Remedial)","I am a farmer in region of BSKKV Dapoli growing Kharif in Nigerseed, what pests & diseases can occur, what are the symptoms & remedial measures"
Sesamum,Kharif,BSKKV Dapoli,"Pest & Disease Management
(Remedial)","I am a farmer in region of BSKKV Dapoli growing Kharif in Sesamum, what pests & diseases can occur, what are the symptoms & remedial measures"
Sunflower,Kharif,BSKKV Dapoli,"Pest & Disease Management
(Remedial)","I am a farmer in region of BSKKV Dapoli growing Kharif in Sunflower, what pests & diseases can occur, what are the symptoms & remedial measures"
Onion,Kharif,BSKKV Dapoli,"Pest & Disease Management
(Remedial)","I am a farmer in region of BSKKV Dapoli growing Kharif in Onion, what pests & diseases can occur, what are the symptoms & remedial measures"
Tomato,Kharif,BSKKV Dapoli,"Pest & Disease Management
(Remedial)","I am a farmer in region of BSKKV Dapoli growing Kharif in Tomato, what pests & diseases can occur, what are the symptoms & remedial measures"
Green Chilly,Kharif,BSKKV Dapoli,"Pest & Disease Management
(Remedial)","I am a farmer in region of BSKKV Dapoli growing Kharif in Green Chilly, what pests & diseases can occur, what are the symptoms & remedial measures"
Gram,Rabi,BSKKV Dapoli,"Pest & Disease Management
(Remedial)","I am a farmer in region of BSKKV Dapoli growing Rabi in Gram, what pests & diseases can occur, what are the symptoms & remedial measures"
Jowar,Rabi,BSKKV Dapoli,"Pest & Disease Management
(Remedial)","I am a farmer in region of BSKKV Dapoli growing Rabi in Jowar, what pests & diseases can occur, what are the symptoms & remedial measures"
Wheat,Rabi,BSKKV Dapoli,"Pest & Disease Management
(Remedial)","I am a farmer in region of BSKKV Dapoli growing Rabi in Wheat, what pests & diseases can occur, what are the symptoms & remedial measures"
Maize,Rabi,BSKKV Dapoli,"Pest & Disease Management
(Remedial)","I am a farmer in region of BSKKV Dapoli growing Rabi in Maize, what pests & diseases can occur, what are the symptoms & remedial measures"
Safflower,Rabi,BSKKV Dapoli,"Pest & Disease Management
(Remedial)","I am a farmer in region of BSKKV Dapoli growing Rabi in Safflower, what pests & diseases can occur, what are the symptoms & remedial measures"
Mustard,Rabi,BSKKV Dapoli,"Pest & Disease Management
(Remedial)","I am a farmer in region of BSKKV Dapoli growing Rabi in Mustard, what pests & diseases can occur, what are the symptoms & remedial measures"
Linseed,Rabi,BSKKV Dapoli,"Pest & Disease Management
(Remedial)","I am a farmer in region of BSKKV Dapoli growing Rabi in Linseed, what pests & diseases can occur, what are the symptoms & remedial measures"
Sunflower,Rabi,BSKKV Dapoli,"Pest & Disease Management
(Remedial)","I am a farmer in region of BSKKV Dapoli growing Rabi in Sunflower, what pests & diseases can occur, what are the symptoms & remedial measures"
Sesame,Rabi,BSKKV Dapoli,"Pest & Disease Management
(Remedial)","I am a farmer in region of BSKKV Dapoli growing Rabi in Sesame, what pests & diseases can occur, what are the symptoms & remedial measures"
Onion,Rabi,BSKKV Dapoli,"Pest & Disease Management
(Remedial)","I am a farmer in region of BSKKV Dapoli growing Rabi in Onion, what pests & diseases can occur, what are the symptoms & remedial measures"
Tomato,Rabi,BSKKV Dapoli,"Pest & Disease Management
(Remedial)","I am a farmer in region of BSKKV Dapoli growing Rabi in Tomato, what pests & diseases can occur, what are the symptoms & remedial measures"
Green Chilly,Rabi,BSKKV Dapoli,"Pest & Disease Management
(Remedial)","I am a farmer in region of BSKKV Dapoli growing Rabi in Green Chilly, what pests & diseases can occur, what are the symptoms & remedial measures"
Mango,,BSKKV Dapoli,"Pest & Disease Management
(Remedial)","I am a farmer in region of BSKKV Dapoli growing  in Mango, what pests & diseases can occur, what are the symptoms & remedial measures"
Orange ,,BSKKV Dapoli,"Pest & Disease Management
(Remedial)","I am a farmer in region of BSKKV Dapoli growing  in Orange , what pests & diseases can occur, what are the symptoms & remedial measures"
Grapes,,BSKKV Dapoli,"Pest & Disease Management
(Remedial)","I am a farmer in region of BSKKV Dapoli growing  in Grapes, what pests & diseases can occur, what are the symptoms & remedial measures"
Banana,,BSKKV Dapoli,"Pest & Disease Management
(Remedial)","I am a farmer in region of BSKKV Dapoli growing  in Banana, what pests & diseases can occur, what are the symptoms & remedial measures"
Pomegranate,,BSKKV Dapoli,"Pest & Disease Management
(Remedial)","I am a farmer in region of BSKKV Dapoli growing  in Pomegranate, what pests & diseases can occur, what are the symptoms & remedial measures"
Mosambi,,BSKKV Dapoli,"Pest & Disease Management
(Remedial)","I am a farmer in region of BSKKV Dapoli growing  in Mosambi, what pests & diseases can occur, what are the symptoms & remedial measures"
Soyabean,Kharif,BSKKV Dapoli,Post Harvest - Storage Management,"I am a farmer in region of BSKKV Dapoli growing Soyabean in Kharif, what should I do for Post Harvest - Storage Management"
Cotton (Lint),Kharif,BSKKV Dapoli,Post Harvest - Storage Management,"I am a farmer in region of BSKKV Dapoli growing Cotton (Lint) in Kharif, what should I do for Post Harvest - Storage Management"
Rice,Kharif,BSKKV Dapoli,Post Harvest - Storage Management,"I am a farmer in region of BSKKV Dapoli growing Rice in Kharif, what should I do for Post Harvest - Storage Management"
Tur,Kharif,BSKKV Dapoli,Post Harvest - Storage Management,"I am a farmer in region of BSKKV Dapoli growing Tur in Kharif, what should I do for Post Harvest - Storage Management"
Sugarcane,Kharif,BSKKV Dapoli,Post Harvest - Storage Management,"I am a farmer in region of BSKKV Dapoli growing Sugarcane in Kharif, what should I do for Post Harvest - Storage Management"
Maize,Kharif,BSKKV Dapoli,Post Harvest - Storage Management,"I am a farmer in region of BSKKV Dapoli growing Maize in Kharif, what should I do for Post Harvest - Storage Management"
Bajra,Kharif,BSKKV Dapoli,Post Harvest - Storage Management,"I am a farmer in region of BSKKV Dapoli growing Bajra in Kharif, what should I do for Post Harvest - Storage Management"
Udid,Kharif,BSKKV Dapoli,Post Harvest - Storage Management,"I am a farmer in region of BSKKV Dapoli growing Udid in Kharif, what should I do for Post Harvest - Storage Management"
Moong,Kharif,BSKKV Dapoli,Post Harvest - Storage Management,"I am a farmer in region of BSKKV Dapoli growing Moong in Kharif, what should I do for Post Harvest - Storage Management"
Groundnut,Kharif,BSKKV Dapoli,Post Harvest - Storage Management,"I am a farmer in region of BSKKV Dapoli growing Groundnut in Kharif, what should I do for Post Harvest - Storage Management"
Jowar,Kharif,BSKKV Dapoli,Post Harvest - Storage Management,"I am a farmer in region of BSKKV Dapoli growing Jowar in Kharif, what should I do for Post Harvest - Storage Management"
Ragi,Kharif,BSKKV Dapoli,Post Harvest - Storage Management,"I am a farmer in region of BSKKV Dapoli growing Ragi in Kharif, what should I do for Post Harvest - Storage Management"
Nigerseed,Kharif,BSKKV Dapoli,Post Harvest - Storage Management,"I am a farmer in region of BSKKV Dapoli growing Nigerseed in Kharif, what should I do for Post Harvest - Storage Management"
Sesamum,Kharif,BSKKV Dapoli,Post Harvest - Storage Management,"I am a farmer in region of BSKKV Dapoli growing Sesamum in Kharif, what should I do for Post Harvest - Storage Management"
Sunflower,Kharif,BSKKV Dapoli,Post Harvest - Storage Management,"I am a farmer in region of BSKKV Dapoli growing Sunflower in Kharif, what should I do for Post Harvest - Storage Management"
Onion,Kharif,BSKKV Dapoli,Post Harvest - Storage Management,"I am a farmer in region of BSKKV Dapoli growing Onion in Kharif, what should I do for Post Harvest - Storage Management"
Tomato,Kharif,BSKKV Dapoli,Post Harvest - Storage Management,"I am a farmer in region of BSKKV Dapoli growing Tomato in Kharif, what should I do for Post Harvest - Storage Management"
Green Chilly,Kharif,BSKKV Dapoli,Post Harvest - Storage Management,"I am a farmer in region of BSKKV Dapoli growing Green Chilly in Kharif, what should I do for Post Harvest - Storage Management"
Gram,Rabi,BSKKV Dapoli,Post Harvest - Storage Management,"I am a farmer in region of BSKKV Dapoli growing Gram in Rabi, what should I do for Post Harvest - Storage Management"
Jowar,Rabi,BSKKV Dapoli,Post Harvest - Storage Management,"I am a farmer in region of BSKKV Dapoli growing Jowar in Rabi, what should I do for Post Harvest - Storage Management"
Wheat,Rabi,BSKKV Dapoli,Post Harvest - Storage Management,"I am a farmer in region of BSKKV Dapoli growing Wheat in Rabi, what should I do for Post Harvest - Storage Management"
Maize,Rabi,BSKKV Dapoli,Post Harvest - Storage Management,"I am a farmer in region of BSKKV Dapoli growing Maize in Rabi, what should I do for Post Harvest - Storage Management"
Safflower,Rabi,BSKKV Dapoli,Post Harvest - Storage Management,"I am a farmer in region of BSKKV Dapoli growing Safflower in Rabi, what should I do for Post Harvest - Storage Management"
Mustard,Rabi,BSKKV Dapoli,Post Harvest - Storage Management,"I am a farmer in region of BSKKV Dapoli growing Mustard in Rabi, what should I do for Post Harvest - Storage Management"
Linseed,Rabi,BSKKV Dapoli,Post Harvest - Storage Management,"I am a farmer in region of BSKKV Dapoli growing Linseed in Rabi, what should I do for Post Harvest - Storage Management"
Sunflower,Rabi,BSKKV Dapoli,Post Harvest - Storage Management,"I am a farmer in region of BSKKV Dapoli growing Sunflower in Rabi, what should I do for Post Harvest - Storage Management"
Sesame,Rabi,BSKKV Dapoli,Post Harvest - Storage Management,"I am a farmer in region of BSKKV Dapoli growing Sesame in Rabi, what should I do for Post Harvest - Storage Management"
Onion,Rabi,BSKKV Dapoli,Post Harvest - Storage Management,"I am a farmer in region of BSKKV Dapoli growing Onion in Rabi, what should I do for Post Harvest - Storage Management"
Tomato,Rabi,BSKKV Dapoli,Post Harvest - Storage Management,"I am a farmer in region of BSKKV Dapoli growing Tomato in Rabi, what should I do for Post Harvest - Storage Management"
Green Chilly,Rabi,BSKKV Dapoli,Post Harvest - Storage Management,"I am a farmer in region of BSKKV Dapoli growing Green Chilly in Rabi, what should I do for Post Harvest - Storage Management"
Mango,,BSKKV Dapoli,Post Harvest - Storage Management,"I am a farmer in region of BSKKV Dapoli growing Mango in , what should I do for Post Harvest - Storage Management"
Orange ,,BSKKV Dapoli,Post Harvest - Storage Management,"I am a farmer in region of BSKKV Dapoli growing Orange  in , what should I do for Post Harvest - Storage Management"
Grapes,,BSKKV Dapoli,Post Harvest - Storage Management,"I am a farmer in region of BSKKV Dapoli growing Grapes in , what should I do for Post Harvest - Storage Management"
Banana,,BSKKV Dapoli,Post Harvest - Storage Management,"I am a farmer in region of BSKKV Dapoli growing Banana in , what should I do for Post Harvest - Storage Management"
Pomegranate,,BSKKV Dapoli,Post Harvest - Storage Management,"I am a farmer in region of BSKKV Dapoli growing Pomegranate in , what should I do for Post Harvest - Storage Management"
Mosambi,,BSKKV Dapoli,Post Harvest - Storage Management,"I am a farmer in region of BSKKV Dapoli growing Mosambi in , what should I do for Post Harvest - Storage Management"
Soyabean,Kharif,PDKV Akola,Land Preparation (Timing + Practice),"I am a farmer in region of PDKV Akola growing Soyabean in Kharif, what should I do for Land Preparation (Timing + Practice)"
Cotton (Lint),Kharif,PDKV Akola,Land Preparation (Timing + Practice),"I am a farmer in region of PDKV Akola growing Cotton (Lint) in Kharif, what should I do for Land Preparation (Timing + Practice)"
Rice,Kharif,PDKV Akola,Land Preparation (Timing + Practice),"I am a farmer in region of PDKV Akola growing Rice in Kharif, what should I do for Land Preparation (Timing + Practice)"
Tur,Kharif,PDKV Akola,Land Preparation (Timing + Practice),"I am a farmer in region of PDKV Akola growing Tur in Kharif, what should I do for Land Preparation (Timing + Practice)"
Sugarcane,Kharif,PDKV Akola,Land Preparation (Timing + Practice),"I am a farmer in region of PDKV Akola growing Sugarcane in Kharif, what should I do for Land Preparation (Timing + Practice)"
Maize,Kharif,PDKV Akola,Land Preparation (Timing + Practice),"I am a farmer in region of PDKV Akola growing Maize in Kharif, what should I do for Land Preparation (Timing + Practice)"
Bajra,Kharif,PDKV Akola,Land Preparation (Timing + Practice),"I am a farmer in region of PDKV Akola growing Bajra in Kharif, what should I do for Land Preparation (Timing + Practice)"
Udid,Kharif,PDKV Akola,Land Preparation (Timing + Practice),"I am a farmer in region of PDKV Akola growing Udid in Kharif, what should I do for Land Preparation (Timing + Practice)"
Moong,Kharif,PDKV Akola,Land Preparation (Timing + Practice),"I am a farmer in region of PDKV Akola growing Moong in Kharif, what should I do for Land Preparation (Timing + Practice)"
Groundnut,Kharif,PDKV Akola,Land Preparation (Timing + Practice),"I am a farmer in region of PDKV Akola growing Groundnut in Kharif, what should I do for Land Preparation (Timing + Practice)"
Jowar,Kharif,PDKV Akola,Land Preparation (Timing + Practice),"I am a farmer in region of PDKV Akola growing Jowar in Kharif, what should I do for Land Preparation (Timing + Practice)"
Ragi,Kharif,PDKV Akola,Land Preparation (Timing + Practice),"I am a farmer in region of PDKV Akola growing Ragi in Kharif, what should I do for Land Preparation (Timing + Practice)"
Nigerseed,Kharif,PDKV Akola,Land Preparation (Timing + Practice),"I am a farmer in region of PDKV Akola growing Nigerseed in Kharif, what should I do for Land Preparation (Timing + Practice)"
Sesamum,Kharif,PDKV Akola,Land Preparation (Timing + Practice),"I am a farmer in region of PDKV Akola growing Sesamum in Kharif, what should I do for Land Preparation (Timing + Practice)"
Sunflower,Kharif,PDKV Akola,Land Preparation (Timing + Practice),"I am a farmer in region of PDKV Akola growing Sunflower in Kharif, what should I do for Land Preparation (Timing + Practice)"
Onion,Kharif,PDKV Akola,Land Preparation (Timing + Practice),"I am a farmer in region of PDKV Akola growing Onion in Kharif, what should I do for Land Preparation (Timing + Practice)"
Tomato,Kharif,PDKV Akola,Land Preparation (Timing + Practice),"I am a farmer in region of PDKV Akola growing Tomato in Kharif, what should I do for Land Preparation (Timing + Practice)"
Green Chilly,Kharif,PDKV Akola,Land Preparation (Timing + Practice),"I am a farmer in region of PDKV Akola growing Green Chilly in Kharif, what should I do for Land Preparation (Timing + Practice)"
Gram,Rabi,PDKV Akola,Land Preparation (Timing + Practice),"I am a farmer in region of PDKV Akola growing Gram in Rabi, what should I do for Land Preparation (Timing + Practice)"
Jowar,Rabi,PDKV Akola,Land Preparation (Timing + Practice),"I am a farmer in region of PDKV Akola growing Jowar in Rabi, what should I do for Land Preparation (Timing + Practice)"
Wheat,Rabi,PDKV Akola,Land Preparation (Timing + Practice),"I am a farmer in region of PDKV Akola growing Wheat in Rabi, what should I do for Land Preparation (Timing + Practice)"
Maize,Rabi,PDKV Akola,Land Preparation (Timing + Practice),"I am a farmer in region of PDKV Akola growing Maize in Rabi, what should I do for Land Preparation (Timing + Practice)"
Safflower,Rabi,PDKV Akola,Land Preparation (Timing + Practice),"I am a farmer in region of PDKV Akola growing Safflower in Rabi, what should I do for Land Preparation (Timing + Practice)"
Mustard,Rabi,PDKV Akola,Land Preparation (Timing + Practice),"I am a farmer in region of PDKV Akola growing Mustard in Rabi, what should I do for Land Preparation (Timing + Practice)"
Linseed,Rabi,PDKV Akola,Land Preparation (Timing + Practice),"I am a farmer in region of PDKV Akola growing Linseed in Rabi, what should I do for Land Preparation (Timing + Practice)"
Sunflower,Rabi,PDKV Akola,Land Preparation (Timing + Practice),"I am a farmer in region of PDKV Akola growing Sunflower in Rabi, what should I do for Land Preparation (Timing + Practice)"
Sesame,Rabi,PDKV Akola,Land Preparation (Timing + Practice),"I am a farmer in region of PDKV Akola growing Sesame in Rabi, what should I do for Land Preparation (Timing + Practice)"
Onion,Rabi,PDKV Akola,Land Preparation (Timing + Practice),"I am a farmer in region of PDKV Akola growing Onion in Rabi, what should I do for Land Preparation (Timing + Practice)"
Tomato,Rabi,PDKV Akola,Land Preparation (Timing + Practice),"I am a farmer in region of PDKV Akola growing Tomato in Rabi, what should I do for Land Preparation (Timing + Practice)"
Green Chilly,Rabi,PDKV Akola,Land Preparation (Timing + Practice),"I am a farmer in region of PDKV Akola growing Green Chilly in Rabi, what should I do for Land Preparation (Timing + Practice)"
Mango,,PDKV Akola,Land Preparation (Timing + Practice),"I am a farmer in region of PDKV Akola growing Mango in , what should I do for Land Preparation (Timing + Practice)"
Orange ,,PDKV Akola,Land Preparation (Timing + Practice),"I am a farmer in region of PDKV Akola growing Orange  in , what should I do for Land Preparation (Timing + Practice)"
Grapes,,PDKV Akola,Land Preparation (Timing + Practice),"I am a farmer in region of PDKV Akola growing Grapes in , what should I do for Land Preparation (Timing + Practice)"
Banana,,PDKV Akola,Land Preparation (Timing + Practice),"I am a farmer in region of PDKV Akola growing Banana in , what should I do for Land Preparation (Timing + Practice)"
Pomegranate,,PDKV Akola,Land Preparation (Timing + Practice),"I am a farmer in region of PDKV Akola growing Pomegranate in , what should I do for Land Preparation (Timing + Practice)"
Mosambi,,PDKV Akola,Land Preparation (Timing + Practice),"I am a farmer in region of PDKV Akola growing Mosambi in , what should I do for Land Preparation (Timing + Practice)"
Soyabean,Kharif,PDKV Akola,Sowing (Seed Variety & Practice),"I am a farmer in region of PDKV Akola growing Soyabean in Kharif, what should I do for Sowing (Seed Variety & Practice)"
Cotton (Lint),Kharif,PDKV Akola,Sowing (Seed Variety & Practice),"I am a farmer in region of PDKV Akola growing Cotton (Lint) in Kharif, what should I do for Sowing (Seed Variety & Practice)"
Rice,Kharif,PDKV Akola,Sowing (Seed Variety & Practice),"I am a farmer in region of PDKV Akola growing Rice in Kharif, what should I do for Sowing (Seed Variety & Practice)"
Tur,Kharif,PDKV Akola,Sowing (Seed Variety & Practice),"I am a farmer in region of PDKV Akola growing Tur in Kharif, what should I do for Sowing (Seed Variety & Practice)"
Sugarcane,Kharif,PDKV Akola,Sowing (Seed Variety & Practice),"I am a farmer in region of PDKV Akola growing Sugarcane in Kharif, what should I do for Sowing (Seed Variety & Practice)"
Maize,Kharif,PDKV Akola,Sowing (Seed Variety & Practice),"I am a farmer in region of PDKV Akola growing Maize in Kharif, what should I do for Sowing (Seed Variety & Practice)"
Bajra,Kharif,PDKV Akola,Sowing (Seed Variety & Practice),"I am a farmer in region of PDKV Akola growing Bajra in Kharif, what should I do for Sowing (Seed Variety & Practice)"
Udid,Kharif,PDKV Akola,Sowing (Seed Variety & Practice),"I am a farmer in region of PDKV Akola growing Udid in Kharif, what should I do for Sowing (Seed Variety & Practice)"
Moong,Kharif,PDKV Akola,Sowing (Seed Variety & Practice),"I am a farmer in region of PDKV Akola growing Moong in Kharif, what should I do for Sowing (Seed Variety & Practice)"
Groundnut,Kharif,PDKV Akola,Sowing (Seed Variety & Practice),"I am a farmer in region of PDKV Akola growing Groundnut in Kharif, what should I do for Sowing (Seed Variety & Practice)"
Jowar,Kharif,PDKV Akola,Sowing (Seed Variety & Practice),"I am a farmer in region of PDKV Akola growing Jowar in Kharif, what should I do for Sowing (Seed Variety & Practice)"
Ragi,Kharif,PDKV Akola,Sowing (Seed Variety & Practice),"I am a farmer in region of PDKV Akola growing Ragi in Kharif, what should I do for Sowing (Seed Variety & Practice)"
Nigerseed,Kharif,PDKV Akola,Sowing (Seed Variety & Practice),"I am a farmer in region of PDKV Akola growing Nigerseed in Kharif, what should I do for Sowing (Seed Variety & Practice)"
Sesamum,Kharif,PDKV Akola,Sowing (Seed Variety & Practice),"I am a farmer in region of PDKV Akola growing Sesamum in Kharif, what should I do for Sowing (Seed Variety & Practice)"
Sunflower,Kharif,PDKV Akola,Sowing (Seed Variety & Practice),"I am a farmer in region of PDKV Akola growing Sunflower in Kharif, what should I do for Sowing (Seed Variety & Practice)"
Onion,Kharif,PDKV Akola,Sowing (Seed Variety & Practice),"I am a farmer in region of PDKV Akola growing Onion in Kharif, what should I do for Sowing (Seed Variety & Practice)"
Tomato,Kharif,PDKV Akola,Sowing (Seed Variety & Practice),"I am a farmer in region of PDKV Akola growing Tomato in Kharif, what should I do for Sowing (Seed Variety & Practice)"
Green Chilly,Kharif,PDKV Akola,Sowing (Seed Variety & Practice),"I am a farmer in region of PDKV Akola growing Green Chilly in Kharif, what should I do for Sowing (Seed Variety & Practice)"
Gram,Rabi,PDKV Akola,Sowing (Seed Variety & Practice),"I am a farmer in region of PDKV Akola growing Gram in Rabi, what should I do for Sowing (Seed Variety & Practice)"
Jowar,Rabi,PDKV Akola,Sowing (Seed Variety & Practice),"I am a farmer in region of PDKV Akola growing Jowar in Rabi, what should I do for Sowing (Seed Variety & Practice)"
Wheat,Rabi,PDKV Akola,Sowing (Seed Variety & Practice),"I am a farmer in region of PDKV Akola growing Wheat in Rabi, what should I do for Sowing (Seed Variety & Practice)"
Maize,Rabi,PDKV Akola,Sowing (Seed Variety & Practice),"I am a farmer in region of PDKV Akola growing Maize in Rabi, what should I do for Sowing (Seed Variety & Practice)"
Safflower,Rabi,PDKV Akola,Sowing (Seed Variety & Practice),"I am a farmer in region of PDKV Akola growing Safflower in Rabi, what should I do for Sowing (Seed Variety & Practice)"
Mustard,Rabi,PDKV Akola,Sowing (Seed Variety & Practice),"I am a farmer in region of PDKV Akola growing Mustard in Rabi, what should I do for Sowing (Seed Variety & Practice)"
Linseed,Rabi,PDKV Akola,Sowing (Seed Variety & Practice),"I am a farmer in region of PDKV Akola growing Linseed in Rabi, what should I do for Sowing (Seed Variety & Practice)"
Sunflower,Rabi,PDKV Akola,Sowing (Seed Variety & Practice),"I am a farmer in region of PDKV Akola growing Sunflower in Rabi, what should I do for Sowing (Seed Variety & Practice)"
Sesame,Rabi,PDKV Akola,Sowing (Seed Variety & Practice),"I am a farmer in region of PDKV Akola growing Sesame in Rabi, what should I do for Sowing (Seed Variety & Practice)"
Onion,Rabi,PDKV Akola,Sowing (Seed Variety & Practice),"I am a farmer in region of PDKV Akola growing Onion in Rabi, what should I do for Sowing (Seed Variety & Practice)"
Tomato,Rabi,PDKV Akola,Sowing (Seed Variety & Practice),"I am a farmer in region of PDKV Akola growing Tomato in Rabi, what should I do for Sowing (Seed Variety & Practice)"
Green Chilly,Rabi,PDKV Akola,Sowing (Seed Variety & Practice),"I am a farmer in region of PDKV Akola growing Green Chilly in Rabi, what should I do for Sowing (Seed Variety & Practice)"
Mango,,PDKV Akola,Sowing (Seed Variety & Practice),"I am a farmer in region of PDKV Akola growing Mango in , what should I do for Sowing (Seed Variety & Practice)"
Orange ,,PDKV Akola,Sowing (Seed Variety & Practice),"I am a farmer in region of PDKV Akola growing Orange  in , what should I do for Sowing (Seed Variety & Practice)"
Grapes,,PDKV Akola,Sowing (Seed Variety & Practice),"I am a farmer in region of PDKV Akola growing Grapes in , what should I do for Sowing (Seed Variety & Practice)"
Banana,,PDKV Akola,Sowing (Seed Variety & Practice),"I am a farmer in region of PDKV Akola growing Banana in , what should I do for Sowing (Seed Variety & Practice)"
Pomegranate,,PDKV Akola,Sowing (Seed Variety & Practice),"I am a farmer in region of PDKV Akola growing Pomegranate in , what should I do for Sowing (Seed Variety & Practice)"
Mosambi,,PDKV Akola,Sowing (Seed Variety & Practice),"I am a farmer in region of PDKV Akola growing Mosambi in , what should I do for Sowing (Seed Variety & Practice)"
Soyabean,Kharif,PDKV Akola,"Pest & Disease Management
(Preventive)","I am a farmer in region of PDKV Akolagrowing Kharif in Soyabean, what should i do for seed treatment & preventive measure for pest & diseases"
Cotton (Lint),Kharif,PDKV Akola,"Pest & Disease Management
(Preventive)","I am a farmer in region of PDKV Akolagrowing Kharif in Cotton (Lint), what should i do for seed treatment & preventive measure for pest & diseases"
Rice,Kharif,PDKV Akola,"Pest & Disease Management
(Preventive)","I am a farmer in region of PDKV Akolagrowing Kharif in Rice, what should i do for seed treatment & preventive measure for pest & diseases"
Tur,Kharif,PDKV Akola,"Pest & Disease Management
(Preventive)","I am a farmer in region of PDKV Akolagrowing Kharif in Tur, what should i do for seed treatment & preventive measure for pest & diseases"
Sugarcane,Kharif,PDKV Akola,"Pest & Disease Management
(Preventive)","I am a farmer in region of PDKV Akolagrowing Kharif in Sugarcane, what should i do for seed treatment & preventive measure for pest & diseases"
Maize,Kharif,PDKV Akola,"Pest & Disease Management
(Preventive)","I am a farmer in region of PDKV Akolagrowing Kharif in Maize, what should i do for seed treatment & preventive measure for pest & diseases"
Bajra,Kharif,PDKV Akola,"Pest & Disease Management
(Preventive)","I am a farmer in region of PDKV Akolagrowing Kharif in Bajra, what should i do for seed treatment & preventive measure for pest & diseases"
Udid,Kharif,PDKV Akola,"Pest & Disease Management
(Preventive)","I am a farmer in region of PDKV Akolagrowing Kharif in Udid, what should i do for seed treatment & preventive measure for pest & diseases"
Moong,Kharif,PDKV Akola,"Pest & Disease Management
(Preventive)","I am a farmer in region of PDKV Akolagrowing Kharif in Moong, what should i do for seed treatment & preventive measure for pest & diseases"
Groundnut,Kharif,PDKV Akola,"Pest & Disease Management
(Preventive)","I am a farmer in region of PDKV Akolagrowing Kharif in Groundnut, what should i do for seed treatment & preventive measure for pest & diseases"
Jowar,Kharif,PDKV Akola,"Pest & Disease Management
(Preventive)","I am a farmer in region of PDKV Akolagrowing Kharif in Jowar, what should i do for seed treatment & preventive measure for pest & diseases"
Ragi,Kharif,PDKV Akola,"Pest & Disease Management
(Preventive)","I am a farmer in region of PDKV Akolagrowing Kharif in Ragi, what should i do for seed treatment & preventive measure for pest & diseases"
Nigerseed,Kharif,PDKV Akola,"Pest & Disease Management
(Preventive)","I am a farmer in region of PDKV Akolagrowing Kharif in Nigerseed, what should i do for seed treatment & preventive measure for pest & diseases"
Sesamum,Kharif,PDKV Akola,"Pest & Disease Management
(Preventive)","I am a farmer in region of PDKV Akolagrowing Kharif in Sesamum, what should i do for seed treatment & preventive measure for pest & diseases"
Sunflower,Kharif,PDKV Akola,"Pest & Disease Management
(Preventive)","I am a farmer in region of PDKV Akolagrowing Kharif in Sunflower, what should i do for seed treatment & preventive measure for pest & diseases"
Onion,Kharif,PDKV Akola,"Pest & Disease Management
(Preventive)","I am a farmer in region of PDKV Akolagrowing Kharif in Onion, what should i do for seed treatment & preventive measure for pest & diseases"
Tomato,Kharif,PDKV Akola,"Pest & Disease Management
(Preventive)","I am a farmer in region of PDKV Akolagrowing Kharif in Tomato, what should i do for seed treatment & preventive measure for pest & diseases"
Green Chilly,Kharif,PDKV Akola,"Pest & Disease Management
(Preventive)","I am a farmer in region of PDKV Akolagrowing Kharif in Green Chilly, what should i do for seed treatment & preventive measure for pest & diseases"
Gram,Rabi,PDKV Akola,"Pest & Disease Management
(Preventive)","I am a farmer in region of PDKV Akolagrowing Rabi in Gram, what should i do for seed treatment & preventive measure for pest & diseases"
Jowar,Rabi,PDKV Akola,"Pest & Disease Management
(Preventive)","I am a farmer in region of PDKV Akolagrowing Rabi in Jowar, what should i do for seed treatment & preventive measure for pest & diseases"
Wheat,Rabi,PDKV Akola,"Pest & Disease Management
(Preventive)","I am a farmer in region of PDKV Akolagrowing Rabi in Wheat, what should i do for seed treatment & preventive measure for pest & diseases"
Maize,Rabi,PDKV Akola,"Pest & Disease Management
(Preventive)","I am a farmer in region of PDKV Akolagrowing Rabi in Maize, what should i do for seed treatment & preventive measure for pest & diseases"
Safflower,Rabi,PDKV Akola,"Pest & Disease Management
(Preventive)","I am a farmer in region of PDKV Akolagrowing Rabi in Safflower, what should i do for seed treatment & preventive measure for pest & diseases"
Mustard,Rabi,PDKV Akola,"Pest & Disease Management
(Preventive)","I am a farmer in region of PDKV Akolagrowing Rabi in Mustard, what should i do for seed treatment & preventive measure for pest & diseases"
Linseed,Rabi,PDKV Akola,"Pest & Disease Management
(Preventive)","I am a farmer in region of PDKV Akolagrowing Rabi in Linseed, what should i do for seed treatment & preventive measure for pest & diseases"
Sunflower,Rabi,PDKV Akola,"Pest & Disease Management
(Preventive)","I am a farmer in region of PDKV Akolagrowing Rabi in Sunflower, what should i do for seed treatment & preventive measure for pest & diseases"
Sesame,Rabi,PDKV Akola,"Pest & Disease Management
(Preventive)","I am a farmer in region of PDKV Akolagrowing Rabi in Sesame, what should i do for seed treatment & preventive measure for pest & diseases"
Onion,Rabi,PDKV Akola,"Pest & Disease Management
(Preventive)","I am a farmer in region of PDKV Akolagrowing Rabi in Onion, what should i do for seed treatment & preventive measure for pest & diseases"
Tomato,Rabi,PDKV Akola,"Pest & Disease Management
(Preventive)","I am a farmer in region of PDKV Akolagrowing Rabi in Tomato, what should i do for seed treatment & preventive measure for pest & diseases"
Green Chilly,Rabi,PDKV Akola,"Pest & Disease Management
(Preventive)","I am a farmer in region of PDKV Akolagrowing Rabi in Green Chilly, what should i do for seed treatment & preventive measure for pest & diseases"
Mango,,PDKV Akola,"Pest & Disease Management
(Preventive)","I am a farmer in region of PDKV Akolagrowing  in Mango, what should i do for seed treatment & preventive measure for pest & diseases"
Orange ,,PDKV Akola,"Pest & Disease Management
(Preventive)","I am a farmer in region of PDKV Akolagrowing  in Orange , what should i do for seed treatment & preventive measure for pest & diseases"
Grapes,,PDKV Akola,"Pest & Disease Management
(Preventive)","I am a farmer in region of PDKV Akolagrowing  in Grapes, what should i do for seed treatment & preventive measure for pest & diseases"
Banana,,PDKV Akola,"Pest & Disease Management
(Preventive)","I am a farmer in region of PDKV Akolagrowing  in Banana, what should i do for seed treatment & preventive measure for pest & diseases"
Pomegranate,,PDKV Akola,"Pest & Disease Management
(Preventive)","I am a farmer in region of PDKV Akolagrowing  in Pomegranate, what should i do for seed treatment & preventive measure for pest & diseases"
Mosambi,,PDKV Akola,"Pest & Disease Management
(Preventive)","I am a farmer in region of PDKV Akolagrowing  in Mosambi, what should i do for seed treatment & preventive measure for pest & diseases"
Soyabean,Kharif,PDKV Akola,Weed Management,"I am a farmer in region of PDKV Akola growing Soyabean in Kharif, what should I do for Weed Management"
Cotton (Lint),Kharif,PDKV Akola,Weed Management,"I am a farmer in region of PDKV Akola growing Cotton (Lint) in Kharif, what should I do for Weed Management"
Rice,Kharif,PDKV Akola,Weed Management,"I am a farmer in region of PDKV Akola growing Rice in Kharif, what should I do for Weed Management"
Tur,Kharif,PDKV Akola,Weed Management,"I am a farmer in region of PDKV Akola growing Tur in Kharif, what should I do for Weed Management"
Sugarcane,Kharif,PDKV Akola,Weed Management,"I am a farmer in region of PDKV Akola growing Sugarcane in Kharif, what should I do for Weed Management"
Maize,Kharif,PDKV Akola,Weed Management,"I am a farmer in region of PDKV Akola growing Maize in Kharif, what should I do for Weed Management"
Bajra,Kharif,PDKV Akola,Weed Management,"I am a farmer in region of PDKV Akola growing Bajra in Kharif, what should I do for Weed Management"
Udid,Kharif,PDKV Akola,Weed Management,"I am a farmer in region of PDKV Akola growing Udid in Kharif, what should I do for Weed Management"
Moong,Kharif,PDKV Akola,Weed Management,"I am a farmer in region of PDKV Akola growing Moong in Kharif, what should I do for Weed Management"
Groundnut,Kharif,PDKV Akola,Weed Management,"I am a farmer in region of PDKV Akola growing Groundnut in Kharif, what should I do for Weed Management"
Jowar,Kharif,PDKV Akola,Weed Management,"I am a farmer in region of PDKV Akola growing Jowar in Kharif, what should I do for Weed Management"
Ragi,Kharif,PDKV Akola,Weed Management,"I am a farmer in region of PDKV Akola growing Ragi in Kharif, what should I do for Weed Management"
Nigerseed,Kharif,PDKV Akola,Weed Management,"I am a farmer in region of PDKV Akola growing Nigerseed in Kharif, what should I do for Weed Management"
Sesamum,Kharif,PDKV Akola,Weed Management,"I am a farmer in region of PDKV Akola growing Sesamum in Kharif, what should I do for Weed Management"
Sunflower,Kharif,PDKV Akola,Weed Management,"I am a farmer in region of PDKV Akola growing Sunflower in Kharif, what should I do for Weed Management"
Onion,Kharif,PDKV Akola,Weed Management,"I am a farmer in region of PDKV Akola growing Onion in Kharif, what should I do for Weed Management"
Tomato,Kharif,PDKV Akola,Weed Management,"I am a farmer in region of PDKV Akola growing Tomato in Kharif, what should I do for Weed Management"
Green Chilly,Kharif,PDKV Akola,Weed Management,"I am a farmer in region of PDKV Akola growing Green Chilly in Kharif, what should I do for Weed Management"
Gram,Rabi,PDKV Akola,Weed Management,"I am a farmer in region of PDKV Akola growing Gram in Rabi, what should I do for Weed Management"
Jowar,Rabi,PDKV Akola,Weed Management,"I am a farmer in region of PDKV Akola growing Jowar in Rabi, what should I do for Weed Management"
Wheat,Rabi,PDKV Akola,Weed Management,"I am a farmer in region of PDKV Akola growing Wheat in Rabi, what should I do for Weed Management"
Maize,Rabi,PDKV Akola,Weed Management,"I am a farmer in region of PDKV Akola growing Maize in Rabi, what should I do for Weed Management"
Safflower,Rabi,PDKV Akola,Weed Management,"I am a farmer in region of PDKV Akola growing Safflower in Rabi, what should I do for Weed Management"
Mustard,Rabi,PDKV Akola,Weed Management,"I am a farmer in region of PDKV Akola growing Mustard in Rabi, what should I do for Weed Management"
Linseed,Rabi,PDKV Akola,Weed Management,"I am a farmer in region of PDKV Akola growing Linseed in Rabi, what should I do for Weed Management"
Sunflower,Rabi,PDKV Akola,Weed Management,"I am a farmer in region of PDKV Akola growing Sunflower in Rabi, what should I do for Weed Management"
Sesame,Rabi,PDKV Akola,Weed Management,"I am a farmer in region of PDKV Akola growing Sesame in Rabi, what should I do for Weed Management"
Onion,Rabi,PDKV Akola,Weed Management,"I am a farmer in region of PDKV Akola growing Onion in Rabi, what should I do for Weed Management"
Tomato,Rabi,PDKV Akola,Weed Management,"I am a farmer in region of PDKV Akola growing Tomato in Rabi, what should I do for Weed Management"
Green Chilly,Rabi,PDKV Akola,Weed Management,"I am a farmer in region of PDKV Akola growing Green Chilly in Rabi, what should I do for Weed Management"
Mango,,PDKV Akola,Weed Management,"I am a farmer in region of PDKV Akola growing Mango in , what should I do for Weed Management"
Orange ,,PDKV Akola,Weed Management,"I am a farmer in region of PDKV Akola growing Orange  in , what should I do for Weed Management"
Grapes,,PDKV Akola,Weed Management,"I am a farmer in region of PDKV Akola growing Grapes in , what should I do for Weed Management"
Banana,,PDKV Akola,Weed Management,"I am a farmer in region of PDKV Akola growing Banana in , what should I do for Weed Management"
Pomegranate,,PDKV Akola,Weed Management,"I am a farmer in region of PDKV Akola growing Pomegranate in , what should I do for Weed Management"
Mosambi,,PDKV Akola,Weed Management,"I am a farmer in region of PDKV Akola growing Mosambi in , what should I do for Weed Management"
Soyabean,Kharif,PDKV Akola,"Fertiliser 
(Basal Application)","I am a farmer in region of PDKV Akola growing Kharif in Soyabean, what fertiliser, dosage & quantity should i apply for basal application"
Cotton (Lint),Kharif,PDKV Akola,"Fertiliser 
(Basal Application)","I am a farmer in region of PDKV Akola growing Kharif in Cotton (Lint), what fertiliser, dosage & quantity should i apply for basal application"
Rice,Kharif,PDKV Akola,"Fertiliser 
(Basal Application)","I am a farmer in region of PDKV Akola growing Kharif in Rice, what fertiliser, dosage & quantity should i apply for basal application"
Tur,Kharif,PDKV Akola,"Fertiliser 
(Basal Application)","I am a farmer in region of PDKV Akola growing Kharif in Tur, what fertiliser, dosage & quantity should i apply for basal application"
Sugarcane,Kharif,PDKV Akola,"Fertiliser 
(Basal Application)","I am a farmer in region of PDKV Akola growing Kharif in Sugarcane, what fertiliser, dosage & quantity should i apply for basal application"
Maize,Kharif,PDKV Akola,"Fertiliser 
(Basal Application)","I am a farmer in region of PDKV Akola growing Kharif in Maize, what fertiliser, dosage & quantity should i apply for basal application"
Bajra,Kharif,PDKV Akola,"Fertiliser 
(Basal Application)","I am a farmer in region of PDKV Akola growing Kharif in Bajra, what fertiliser, dosage & quantity should i apply for basal application"
Udid,Kharif,PDKV Akola,"Fertiliser 
(Basal Application)","I am a farmer in region of PDKV Akola growing Kharif in Udid, what fertiliser, dosage & quantity should i apply for basal application"
Moong,Kharif,PDKV Akola,"Fertiliser 
(Basal Application)","I am a farmer in region of PDKV Akola growing Kharif in Moong, what fertiliser, dosage & quantity should i apply for basal application"
Groundnut,Kharif,PDKV Akola,"Fertiliser 
(Basal Application)","I am a farmer in region of PDKV Akola growing Kharif in Groundnut, what fertiliser, dosage & quantity should i apply for basal application"
Jowar,Kharif,PDKV Akola,"Fertiliser 
(Basal Application)","I am a farmer in region of PDKV Akola growing Kharif in Jowar, what fertiliser, dosage & quantity should i apply for basal application"
Ragi,Kharif,PDKV Akola,"Fertiliser 
(Basal Application)","I am a farmer in region of PDKV Akola growing Kharif in Ragi, what fertiliser, dosage & quantity should i apply for basal application"
Nigerseed,Kharif,PDKV Akola,"Fertiliser 
(Basal Application)","I am a farmer in region of PDKV Akola growing Kharif in Nigerseed, what fertiliser, dosage & quantity should i apply for basal application"
Sesamum,Kharif,PDKV Akola,"Fertiliser 
(Basal Application)","I am a farmer in region of PDKV Akola growing Kharif in Sesamum, what fertiliser, dosage & quantity should i apply for basal application"
Sunflower,Kharif,PDKV Akola,"Fertiliser 
(Basal Application)","I am a farmer in region of PDKV Akola growing Kharif in Sunflower, what fertiliser, dosage & quantity should i apply for basal application"
Onion,Kharif,PDKV Akola,"Fertiliser 
(Basal Application)","I am a farmer in region of PDKV Akola growing Kharif in Onion, what fertiliser, dosage & quantity should i apply for basal application"
Tomato,Kharif,PDKV Akola,"Fertiliser 
(Basal Application)","I am a farmer in region of PDKV Akola growing Kharif in Tomato, what fertiliser, dosage & quantity should i apply for basal application"
Green Chilly,Kharif,PDKV Akola,"Fertiliser 
(Basal Application)","I am a farmer in region of PDKV Akola growing Kharif in Green Chilly, what fertiliser, dosage & quantity should i apply for basal application"
Gram,Rabi,PDKV Akola,"Fertiliser 
(Basal Application)","I am a farmer in region of PDKV Akola growing Rabi in Gram, what fertiliser, dosage & quantity should i apply for basal application"
Jowar,Rabi,PDKV Akola,"Fertiliser 
(Basal Application)","I am a farmer in region of PDKV Akola growing Rabi in Jowar, what fertiliser, dosage & quantity should i apply for basal application"
Wheat,Rabi,PDKV Akola,"Fertiliser 
(Basal Application)","I am a farmer in region of PDKV Akola growing Rabi in Wheat, what fertiliser, dosage & quantity should i apply for basal application"
Maize,Rabi,PDKV Akola,"Fertiliser 
(Basal Application)","I am a farmer in region of PDKV Akola growing Rabi in Maize, what fertiliser, dosage & quantity should i apply for basal application"
Safflower,Rabi,PDKV Akola,"Fertiliser 
(Basal Application)","I am a farmer in region of PDKV Akola growing Rabi in Safflower, what fertiliser, dosage & quantity should i apply for basal application"
Mustard,Rabi,PDKV Akola,"Fertiliser 
(Basal Application)","I am a farmer in region of PDKV Akola growing Rabi in Mustard, what fertiliser, dosage & quantity should i apply for basal application"
Linseed,Rabi,PDKV Akola,"Fertiliser 
(Basal Application)","I am a farmer in region of PDKV Akola growing Rabi in Linseed, what fertiliser, dosage & quantity should i apply for basal application"
Sunflower,Rabi,PDKV Akola,"Fertiliser 
(Basal Application)","I am a farmer in region of PDKV Akola growing Rabi in Sunflower, what fertiliser, dosage & quantity should i apply for basal application"
Sesame,Rabi,PDKV Akola,"Fertiliser 
(Basal Application)","I am a farmer in region of PDKV Akola growing Rabi in Sesame, what fertiliser, dosage & quantity should i apply for basal application"
Onion,Rabi,PDKV Akola,"Fertiliser 
(Basal Application)","I am a farmer in region of PDKV Akola growing Rabi in Onion, what fertiliser, dosage & quantity should i apply for basal application"
Tomato,Rabi,PDKV Akola,"Fertiliser 
(Basal Application)","I am a farmer in region of PDKV Akola growing Rabi in Tomato, what fertiliser, dosage & quantity should i apply for basal application"
Green Chilly,Rabi,PDKV Akola,"Fertiliser 
(Basal Application)","I am a farmer in region of PDKV Akola growing Rabi in Green Chilly, what fertiliser, dosage & quantity should i apply for basal application"
Mango,,PDKV Akola,"Fertiliser 
(Basal Application)","I am a farmer in region of PDKV Akola growing  in Mango, what fertiliser, dosage & quantity should i apply for basal application"
Orange ,,PDKV Akola,"Fertiliser 
(Basal Application)","I am a farmer in region of PDKV Akola growing  in Orange , what fertiliser, dosage & quantity should i apply for basal application"
Grapes,,PDKV Akola,"Fertiliser 
(Basal Application)","I am a farmer in region of PDKV Akola growing  in Grapes, what fertiliser, dosage & quantity should i apply for basal application"
Banana,,PDKV Akola,"Fertiliser 
(Basal Application)","I am a farmer in region of PDKV Akola growing  in Banana, what fertiliser, dosage & quantity should i apply for basal application"
Pomegranate,,PDKV Akola,"Fertiliser 
(Basal Application)","I am a farmer in region of PDKV Akola growing  in Pomegranate, what fertiliser, dosage & quantity should i apply for basal application"
Mosambi,,PDKV Akola,"Fertiliser 
(Basal Application)","I am a farmer in region of PDKV Akola growing  in Mosambi, what fertiliser, dosage & quantity should i apply for basal application"
Soyabean,Kharif,PDKV Akola,"Fertiliser 
(Top Dressing)","I am a farmer in region of PDKV Akola growing Kharif in Soyabean, what fertiliser, dosage & quantity should i apply for top dressing"
Cotton (Lint),Kharif,PDKV Akola,"Fertiliser 
(Top Dressing)","I am a farmer in region of PDKV Akola growing Kharif in Cotton (Lint), what fertiliser, dosage & quantity should i apply for top dressing"
Rice,Kharif,PDKV Akola,"Fertiliser 
(Top Dressing)","I am a farmer in region of PDKV Akola growing Kharif in Rice, what fertiliser, dosage & quantity should i apply for top dressing"
Tur,Kharif,PDKV Akola,"Fertiliser 
(Top Dressing)","I am a farmer in region of PDKV Akola growing Kharif in Tur, what fertiliser, dosage & quantity should i apply for top dressing"
Sugarcane,Kharif,PDKV Akola,"Fertiliser 
(Top Dressing)","I am a farmer in region of PDKV Akola growing Kharif in Sugarcane, what fertiliser, dosage & quantity should i apply for top dressing"
Maize,Kharif,PDKV Akola,"Fertiliser 
(Top Dressing)","I am a farmer in region of PDKV Akola growing Kharif in Maize, what fertiliser, dosage & quantity should i apply for top dressing"
Bajra,Kharif,PDKV Akola,"Fertiliser 
(Top Dressing)","I am a farmer in region of PDKV Akola growing Kharif in Bajra, what fertiliser, dosage & quantity should i apply for top dressing"
Udid,Kharif,PDKV Akola,"Fertiliser 
(Top Dressing)","I am a farmer in region of PDKV Akola growing Kharif in Udid, what fertiliser, dosage & quantity should i apply for top dressing"
Moong,Kharif,PDKV Akola,"Fertiliser 
(Top Dressing)","I am a farmer in region of PDKV Akola growing Kharif in Moong, what fertiliser, dosage & quantity should i apply for top dressing"
Groundnut,Kharif,PDKV Akola,"Fertiliser 
(Top Dressing)","I am a farmer in region of PDKV Akola growing Kharif in Groundnut, what fertiliser, dosage & quantity should i apply for top dressing"
Jowar,Kharif,PDKV Akola,"Fertiliser 
(Top Dressing)","I am a farmer in region of PDKV Akola growing Kharif in Jowar, what fertiliser, dosage & quantity should i apply for top dressing"
Ragi,Kharif,PDKV Akola,"Fertiliser 
(Top Dressing)","I am a farmer in region of PDKV Akola growing Kharif in Ragi, what fertiliser, dosage & quantity should i apply for top dressing"
Nigerseed,Kharif,PDKV Akola,"Fertiliser 
(Top Dressing)","I am a farmer in region of PDKV Akola growing Kharif in Nigerseed, what fertiliser, dosage & quantity should i apply for top dressing"
Sesamum,Kharif,PDKV Akola,"Fertiliser 
(Top Dressing)","I am a farmer in region of PDKV Akola growing Kharif in Sesamum, what fertiliser, dosage & quantity should i apply for top dressing"
Sunflower,Kharif,PDKV Akola,"Fertiliser 
(Top Dressing)","I am a farmer in region of PDKV Akola growing Kharif in Sunflower, what fertiliser, dosage & quantity should i apply for top dressing"
Onion,Kharif,PDKV Akola,"Fertiliser 
(Top Dressing)","I am a farmer in region of PDKV Akola growing Kharif in Onion, what fertiliser, dosage & quantity should i apply for top dressing"
Tomato,Kharif,PDKV Akola,"Fertiliser 
(Top Dressing)","I am a farmer in region of PDKV Akola growing Kharif in Tomato, what fertiliser, dosage & quantity should i apply for top dressing"
Green Chilly,Kharif,PDKV Akola,"Fertiliser 
(Top Dressing)","I am a farmer in region of PDKV Akola growing Kharif in Green Chilly, what fertiliser, dosage & quantity should i apply for top dressing"
Gram,Rabi,PDKV Akola,"Fertiliser 
(Top Dressing)","I am a farmer in region of PDKV Akola growing Rabi in Gram, what fertiliser, dosage & quantity should i apply for top dressing"
Jowar,Rabi,PDKV Akola,"Fertiliser 
(Top Dressing)","I am a farmer in region of PDKV Akola growing Rabi in Jowar, what fertiliser, dosage & quantity should i apply for top dressing"
Wheat,Rabi,PDKV Akola,"Fertiliser 
(Top Dressing)","I am a farmer in region of PDKV Akola growing Rabi in Wheat, what fertiliser, dosage & quantity should i apply for top dressing"
Maize,Rabi,PDKV Akola,"Fertiliser 
(Top Dressing)","I am a farmer in region of PDKV Akola growing Rabi in Maize, what fertiliser, dosage & quantity should i apply for top dressing"
Safflower,Rabi,PDKV Akola,"Fertiliser 
(Top Dressing)","I am a farmer in region of PDKV Akola growing Rabi in Safflower, what fertiliser, dosage & quantity should i apply for top dressing"
Mustard,Rabi,PDKV Akola,"Fertiliser 
(Top Dressing)","I am a farmer in region of PDKV Akola growing Rabi in Mustard, what fertiliser, dosage & quantity should i apply for top dressing"
Linseed,Rabi,PDKV Akola,"Fertiliser 
(Top Dressing)","I am a farmer in region of PDKV Akola growing Rabi in Linseed, what fertiliser, dosage & quantity should i apply for top dressing"
Sunflower,Rabi,PDKV Akola,"Fertiliser 
(Top Dressing)","I am a farmer in region of PDKV Akola growing Rabi in Sunflower, what fertiliser, dosage & quantity should i apply for top dressing"
Sesame,Rabi,PDKV Akola,"Fertiliser 
(Top Dressing)","I am a farmer in region of PDKV Akola growing Rabi in Sesame, what fertiliser, dosage & quantity should i apply for top dressing"
Onion,Rabi,PDKV Akola,"Fertiliser 
(Top Dressing)","I am a farmer in region of PDKV Akola growing Rabi in Onion, what fertiliser, dosage & quantity should i apply for top dressing"
Tomato,Rabi,PDKV Akola,"Fertiliser 
(Top Dressing)","I am a farmer in region of PDKV Akola growing Rabi in Tomato, what fertiliser, dosage & quantity should i apply for top dressing"
Green Chilly,Rabi,PDKV Akola,"Fertiliser 
(Top Dressing)","I am a farmer in region of PDKV Akola growing Rabi in Green Chilly, what fertiliser, dosage & quantity should i apply for top dressing"
Mango,,PDKV Akola,"Fertiliser 
(Top Dressing)","I am a farmer in region of PDKV Akola growing  in Mango, what fertiliser, dosage & quantity should i apply for top dressing"
Orange ,,PDKV Akola,"Fertiliser 
(Top Dressing)","I am a farmer in region of PDKV Akola growing  in Orange , what fertiliser, dosage & quantity should i apply for top dressing"
Grapes,,PDKV Akola,"Fertiliser 
(Top Dressing)","I am a farmer in region of PDKV Akola growing  in Grapes, what fertiliser, dosage & quantity should i apply for top dressing"
Banana,,PDKV Akola,"Fertiliser 
(Top Dressing)","I am a farmer in region of PDKV Akola growing  in Banana, what fertiliser, dosage & quantity should i apply for top dressing"
Pomegranate,,PDKV Akola,"Fertiliser 
(Top Dressing)","I am a farmer in region of PDKV Akola growing  in Pomegranate, what fertiliser, dosage & quantity should i apply for top dressing"
Mosambi,,PDKV Akola,"Fertiliser 
(Top Dressing)","I am a farmer in region of PDKV Akola growing  in Mosambi, what fertiliser, dosage & quantity should i apply for top dressing"
Soyabean,Kharif,PDKV Akola,"Pest & Disease Management
(Remedial)","I am a farmer in region of PDKV Akola growing Kharif in Soyabean, what pests & diseases can occur, what are the symptoms & remedial measures"
Cotton (Lint),Kharif,PDKV Akola,"Pest & Disease Management
(Remedial)","I am a farmer in region of PDKV Akola growing Kharif in Cotton (Lint), what pests & diseases can occur, what are the symptoms & remedial measures"
Rice,Kharif,PDKV Akola,"Pest & Disease Management
(Remedial)","I am a farmer in region of PDKV Akola growing Kharif in Rice, what pests & diseases can occur, what are the symptoms & remedial measures"
Tur,Kharif,PDKV Akola,"Pest & Disease Management
(Remedial)","I am a farmer in region of PDKV Akola growing Kharif in Tur, what pests & diseases can occur, what are the symptoms & remedial measures"
Sugarcane,Kharif,PDKV Akola,"Pest & Disease Management
(Remedial)","I am a farmer in region of PDKV Akola growing Kharif in Sugarcane, what pests & diseases can occur, what are the symptoms & remedial measures"
Maize,Kharif,PDKV Akola,"Pest & Disease Management
(Remedial)","I am a farmer in region of PDKV Akola growing Kharif in Maize, what pests & diseases can occur, what are the symptoms & remedial measures"
Bajra,Kharif,PDKV Akola,"Pest & Disease Management
(Remedial)","I am a farmer in region of PDKV Akola growing Kharif in Bajra, what pests & diseases can occur, what are the symptoms & remedial measures"
Udid,Kharif,PDKV Akola,"Pest & Disease Management
(Remedial)","I am a farmer in region of PDKV Akola growing Kharif in Udid, what pests & diseases can occur, what are the symptoms & remedial measures"
Moong,Kharif,PDKV Akola,"Pest & Disease Management
(Remedial)","I am a farmer in region of PDKV Akola growing Kharif in Moong, what pests & diseases can occur, what are the symptoms & remedial measures"
Groundnut,Kharif,PDKV Akola,"Pest & Disease Management
(Remedial)","I am a farmer in region of PDKV Akola growing Kharif in Groundnut, what pests & diseases can occur, what are the symptoms & remedial measures"
Jowar,Kharif,PDKV Akola,"Pest & Disease Management
(Remedial)","I am a farmer in region of PDKV Akola growing Kharif in Jowar, what pests & diseases can occur, what are the symptoms & remedial measures"
Ragi,Kharif,PDKV Akola,"Pest & Disease Management
(Remedial)","I am a farmer in region of PDKV Akola growing Kharif in Ragi, what pests & diseases can occur, what are the symptoms & remedial measures"
Nigerseed,Kharif,PDKV Akola,"Pest & Disease Management
(Remedial)","I am a farmer in region of PDKV Akola growing Kharif in Nigerseed, what pests & diseases can occur, what are the symptoms & remedial measures"
Sesamum,Kharif,PDKV Akola,"Pest & Disease Management
(Remedial)","I am a farmer in region of PDKV Akola growing Kharif in Sesamum, what pests & diseases can occur, what are the symptoms & remedial measures"
Sunflower,Kharif,PDKV Akola,"Pest & Disease Management
(Remedial)","I am a farmer in region of PDKV Akola growing Kharif in Sunflower, what pests & diseases can occur, what are the symptoms & remedial measures"
Onion,Kharif,PDKV Akola,"Pest & Disease Management
(Remedial)","I am a farmer in region of PDKV Akola growing Kharif in Onion, what pests & diseases can occur, what are the symptoms & remedial measures"
Tomato,Kharif,PDKV Akola,"Pest & Disease Management
(Remedial)","I am a farmer in region of PDKV Akola growing Kharif in Tomato, what pests & diseases can occur, what are the symptoms & remedial measures"
Green Chilly,Kharif,PDKV Akola,"Pest & Disease Management
(Remedial)","I am a farmer in region of PDKV Akola growing Kharif in Green Chilly, what pests & diseases can occur, what are the symptoms & remedial measures"
Gram,Rabi,PDKV Akola,"Pest & Disease Management
(Remedial)","I am a farmer in region of PDKV Akola growing Rabi in Gram, what pests & diseases can occur, what are the symptoms & remedial measures"
Jowar,Rabi,PDKV Akola,"Pest & Disease Management
(Remedial)","I am a farmer in region of PDKV Akola growing Rabi in Jowar, what pests & diseases can occur, what are the symptoms & remedial measures"
Wheat,Rabi,PDKV Akola,"Pest & Disease Management
(Remedial)","I am a farmer in region of PDKV Akola growing Rabi in Wheat, what pests & diseases can occur, what are the symptoms & remedial measures"
Maize,Rabi,PDKV Akola,"Pest & Disease Management
(Remedial)","I am a farmer in region of PDKV Akola growing Rabi in Maize, what pests & diseases can occur, what are the symptoms & remedial measures"
Safflower,Rabi,PDKV Akola,"Pest & Disease Management
(Remedial)","I am a farmer in region of PDKV Akola growing Rabi in Safflower, what pests & diseases can occur, what are the symptoms & remedial measures"
Mustard,Rabi,PDKV Akola,"Pest & Disease Management
(Remedial)","I am a farmer in region of PDKV Akola growing Rabi in Mustard, what pests & diseases can occur, what are the symptoms & remedial measures"
Linseed,Rabi,PDKV Akola,"Pest & Disease Management
(Remedial)","I am a farmer in region of PDKV Akola growing Rabi in Linseed, what pests & diseases can occur, what are the symptoms & remedial measures"
Sunflower,Rabi,PDKV Akola,"Pest & Disease Management
(Remedial)","I am a farmer in region of PDKV Akola growing Rabi in Sunflower, what pests & diseases can occur, what are the symptoms & remedial measures"
Sesame,Rabi,PDKV Akola,"Pest & Disease Management
(Remedial)","I am a farmer in region of PDKV Akola growing Rabi in Sesame, what pests & diseases can occur, what are the symptoms & remedial measures"
Onion,Rabi,PDKV Akola,"Pest & Disease Management
(Remedial)","I am a farmer in region of PDKV Akola growing Rabi in Onion, what pests & diseases can occur, what are the symptoms & remedial measures"
Tomato,Rabi,PDKV Akola,"Pest & Disease Management
(Remedial)","I am a farmer in region of PDKV Akola growing Rabi in Tomato, what pests & diseases can occur, what are the symptoms & remedial measures"
Green Chilly,Rabi,PDKV Akola,"Pest & Disease Management
(Remedial)","I am a farmer in region of PDKV Akola growing Rabi in Green Chilly, what pests & diseases can occur, what are the symptoms & remedial measures"
Mango,,PDKV Akola,"Pest & Disease Management
(Remedial)","I am a farmer in region of PDKV Akola growing  in Mango, what pests & diseases can occur, what are the symptoms & remedial measures"
Orange ,,PDKV Akola,"Pest & Disease Management
(Remedial)","I am a farmer in region of PDKV Akola growing  in Orange , what pests & diseases can occur, what are the symptoms & remedial measures"
Grapes,,PDKV Akola,"Pest & Disease Management
(Remedial)","I am a farmer in region of PDKV Akola growing  in Grapes, what pests & diseases can occur, what are the symptoms & remedial measures"
Banana,,PDKV Akola,"Pest & Disease Management
(Remedial)","I am a farmer in region of PDKV Akola growing  in Banana, what pests & diseases can occur, what are the symptoms & remedial measures"
Pomegranate,,PDKV Akola,"Pest & Disease Management
(Remedial)","I am a farmer in region of PDKV Akola growing  in Pomegranate, what pests & diseases can occur, what are the symptoms & remedial measures"
Mosambi,,PDKV Akola,"Pest & Disease Management
(Remedial)","I am a farmer in region of PDKV Akola growing  in Mosambi, what pests & diseases can occur, what are the symptoms & remedial measures"
Soyabean,Kharif,PDKV Akola,Post Harvest - Storage Management,"I am a farmer in region of PDKV Akola growing Soyabean in Kharif, what should I do for Post Harvest - Storage Management"
Cotton (Lint),Kharif,PDKV Akola,Post Harvest - Storage Management,"I am a farmer in region of PDKV Akola growing Cotton (Lint) in Kharif, what should I do for Post Harvest - Storage Management"
Rice,Kharif,PDKV Akola,Post Harvest - Storage Management,"I am a farmer in region of PDKV Akola growing Rice in Kharif, what should I do for Post Harvest - Storage Management"
Tur,Kharif,PDKV Akola,Post Harvest - Storage Management,"I am a farmer in region of PDKV Akola growing Tur in Kharif, what should I do for Post Harvest - Storage Management"
Sugarcane,Kharif,PDKV Akola,Post Harvest - Storage Management,"I am a farmer in region of PDKV Akola growing Sugarcane in Kharif, what should I do for Post Harvest - Storage Management"
Maize,Kharif,PDKV Akola,Post Harvest - Storage Management,"I am a farmer in region of PDKV Akola growing Maize in Kharif, what should I do for Post Harvest - Storage Management"
Bajra,Kharif,PDKV Akola,Post Harvest - Storage Management,"I am a farmer in region of PDKV Akola growing Bajra in Kharif, what should I do for Post Harvest - Storage Management"
Udid,Kharif,PDKV Akola,Post Harvest - Storage Management,"I am a farmer in region of PDKV Akola growing Udid in Kharif, what should I do for Post Harvest - Storage Management"
Moong,Kharif,PDKV Akola,Post Harvest - Storage Management,"I am a farmer in region of PDKV Akola growing Moong in Kharif, what should I do for Post Harvest - Storage Management"
Groundnut,Kharif,PDKV Akola,Post Harvest - Storage Management,"I am a farmer in region of PDKV Akola growing Groundnut in Kharif, what should I do for Post Harvest - Storage Management"
Jowar,Kharif,PDKV Akola,Post Harvest - Storage Management,"I am a farmer in region of PDKV Akola growing Jowar in Kharif, what should I do for Post Harvest - Storage Management"
Ragi,Kharif,PDKV Akola,Post Harvest - Storage Management,"I am a farmer in region of PDKV Akola growing Ragi in Kharif, what should I do for Post Harvest - Storage Management"
Nigerseed,Kharif,PDKV Akola,Post Harvest - Storage Management,"I am a farmer in region of PDKV Akola growing Nigerseed in Kharif, what should I do for Post Harvest - Storage Management"
Sesamum,Kharif,PDKV Akola,Post Harvest - Storage Management,"I am a farmer in region of PDKV Akola growing Sesamum in Kharif, what should I do for Post Harvest - Storage Management"
Sunflower,Kharif,PDKV Akola,Post Harvest - Storage Management,"I am a farmer in region of PDKV Akola growing Sunflower in Kharif, what should I do for Post Harvest - Storage Management"
Onion,Kharif,PDKV Akola,Post Harvest - Storage Management,"I am a farmer in region of PDKV Akola growing Onion in Kharif, what should I do for Post Harvest - Storage Management"
Tomato,Kharif,PDKV Akola,Post Harvest - Storage Management,"I am a farmer in region of PDKV Akola growing Tomato in Kharif, what should I do for Post Harvest - Storage Management"
Green Chilly,Kharif,PDKV Akola,Post Harvest - Storage Management,"I am a farmer in region of PDKV Akola growing Green Chilly in Kharif, what should I do for Post Harvest - Storage Management"
Gram,Rabi,PDKV Akola,Post Harvest - Storage Management,"I am a farmer in region of PDKV Akola growing Gram in Rabi, what should I do for Post Harvest - Storage Management"
Jowar,Rabi,PDKV Akola,Post Harvest - Storage Management,"I am a farmer in region of PDKV Akola growing Jowar in Rabi, what should I do for Post Harvest - Storage Management"
Wheat,Rabi,PDKV Akola,Post Harvest - Storage Management,"I am a farmer in region of PDKV Akola growing Wheat in Rabi, what should I do for Post Harvest - Storage Management"
Maize,Rabi,PDKV Akola,Post Harvest - Storage Management,"I am a farmer in region of PDKV Akola growing Maize in Rabi, what should I do for Post Harvest - Storage Management"
Safflower,Rabi,PDKV Akola,Post Harvest - Storage Management,"I am a farmer in region of PDKV Akola growing Safflower in Rabi, what should I do for Post Harvest - Storage Management"
Mustard,Rabi,PDKV Akola,Post Harvest - Storage Management,"I am a farmer in region of PDKV Akola growing Mustard in Rabi, what should I do for Post Harvest - Storage Management"
Linseed,Rabi,PDKV Akola,Post Harvest - Storage Management,"I am a farmer in region of PDKV Akola growing Linseed in Rabi, what should I do for Post Harvest - Storage Management"
Sunflower,Rabi,PDKV Akola,Post Harvest - Storage Management,"I am a farmer in region of PDKV Akola growing Sunflower in Rabi, what should I do for Post Harvest - Storage Management"
Sesame,Rabi,PDKV Akola,Post Harvest - Storage Management,"I am a farmer in region of PDKV Akola growing Sesame in Rabi, what should I do for Post Harvest - Storage Management"
Onion,Rabi,PDKV Akola,Post Harvest - Storage Management,"I am a farmer in region of PDKV Akola growing Onion in Rabi, what should I do for Post Harvest - Storage Management"
Tomato,Rabi,PDKV Akola,Post Harvest - Storage Management,"I am a farmer in region of PDKV Akola growing Tomato in Rabi, what should I do for Post Harvest - Storage Management"
Green Chilly,Rabi,PDKV Akola,Post Harvest - Storage Management,"I am a farmer in region of PDKV Akola growing Green Chilly in Rabi, what should I do for Post Harvest - Storage Management"
Mango,,PDKV Akola,Post Harvest - Storage Management,"I am a farmer in region of PDKV Akola growing Mango in , what should I do for Post Harvest - Storage Management"
Orange ,,PDKV Akola,Post Harvest - Storage Management,"I am a farmer in region of PDKV Akola growing Orange  in , what should I do for Post Harvest - Storage Management"
Grapes,,PDKV Akola,Post Harvest - Storage Management,"I am a farmer in region of PDKV Akola growing Grapes in , what should I do for Post Harvest - Storage Management"
Banana,,PDKV Akola,Post Harvest - Storage Management,"I am a farmer in region of PDKV Akola growing Banana in , what should I do for Post Harvest - Storage Management"
Pomegranate,,PDKV Akola,Post Harvest - Storage Management,"I am a farmer in region of PDKV Akola growing Pomegranate in , what should I do for Post Harvest - Storage Management"
Mosambi,,PDKV Akola,Post Harvest - Storage Management,"I am a farmer in region of PDKV Akola growing Mosambi in , what should I do for Post Harvest - Storage Management"
Soyabean,Kharif,MPKV Rahuri,Land Preparation (Timing + Practice),"I am a farmer in region of MPKV Rahuri growing Soyabean in Kharif, what should I do for Land Preparation (Timing + Practice)"
Cotton (Lint),Kharif,MPKV Rahuri,Land Preparation (Timing + Practice),"I am a farmer in region of MPKV Rahuri growing Cotton (Lint) in Kharif, what should I do for Land Preparation (Timing + Practice)"
Rice,Kharif,MPKV Rahuri,Land Preparation (Timing + Practice),"I am a farmer in region of MPKV Rahuri growing Rice in Kharif, what should I do for Land Preparation (Timing + Practice)"
Tur,Kharif,MPKV Rahuri,Land Preparation (Timing + Practice),"I am a farmer in region of MPKV Rahuri growing Tur in Kharif, what should I do for Land Preparation (Timing + Practice)"
Sugarcane,Kharif,MPKV Rahuri,Land Preparation (Timing + Practice),"I am a farmer in region of MPKV Rahuri growing Sugarcane in Kharif, what should I do for Land Preparation (Timing + Practice)"
Maize,Kharif,MPKV Rahuri,Land Preparation (Timing + Practice),"I am a farmer in region of MPKV Rahuri growing Maize in Kharif, what should I do for Land Preparation (Timing + Practice)"
Bajra,Kharif,MPKV Rahuri,Land Preparation (Timing + Practice),"I am a farmer in region of MPKV Rahuri growing Bajra in Kharif, what should I do for Land Preparation (Timing + Practice)"
Udid,Kharif,MPKV Rahuri,Land Preparation (Timing + Practice),"I am a farmer in region of MPKV Rahuri growing Udid in Kharif, what should I do for Land Preparation (Timing + Practice)"
Moong,Kharif,MPKV Rahuri,Land Preparation (Timing + Practice),"I am a farmer in region of MPKV Rahuri growing Moong in Kharif, what should I do for Land Preparation (Timing + Practice)"
Groundnut,Kharif,MPKV Rahuri,Land Preparation (Timing + Practice),"I am a farmer in region of MPKV Rahuri growing Groundnut in Kharif, what should I do for Land Preparation (Timing + Practice)"
Jowar,Kharif,MPKV Rahuri,Land Preparation (Timing + Practice),"I am a farmer in region of MPKV Rahuri growing Jowar in Kharif, what should I do for Land Preparation (Timing + Practice)"
Ragi,Kharif,MPKV Rahuri,Land Preparation (Timing + Practice),"I am a farmer in region of MPKV Rahuri growing Ragi in Kharif, what should I do for Land Preparation (Timing + Practice)"
Nigerseed,Kharif,MPKV Rahuri,Land Preparation (Timing + Practice),"I am a farmer in region of MPKV Rahuri growing Nigerseed in Kharif, what should I do for Land Preparation (Timing + Practice)"
Sesamum,Kharif,MPKV Rahuri,Land Preparation (Timing + Practice),"I am a farmer in region of MPKV Rahuri growing Sesamum in Kharif, what should I do for Land Preparation (Timing + Practice)"
Sunflower,Kharif,MPKV Rahuri,Land Preparation (Timing + Practice),"I am a farmer in region of MPKV Rahuri growing Sunflower in Kharif, what should I do for Land Preparation (Timing + Practice)"
Onion,Kharif,MPKV Rahuri,Land Preparation (Timing + Practice),"I am a farmer in region of MPKV Rahuri growing Onion in Kharif, what should I do for Land Preparation (Timing + Practice)"
Tomato,Kharif,MPKV Rahuri,Land Preparation (Timing + Practice),"I am a farmer in region of MPKV Rahuri growing Tomato in Kharif, what should I do for Land Preparation (Timing + Practice)"
Green Chilly,Kharif,MPKV Rahuri,Land Preparation (Timing + Practice),"I am a farmer in region of MPKV Rahuri growing Green Chilly in Kharif, what should I do for Land Preparation (Timing + Practice)"
Gram,Rabi,MPKV Rahuri,Land Preparation (Timing + Practice),"I am a farmer in region of MPKV Rahuri growing Gram in Rabi, what should I do for Land Preparation (Timing + Practice)"
Jowar,Rabi,MPKV Rahuri,Land Preparation (Timing + Practice),"I am a farmer in region of MPKV Rahuri growing Jowar in Rabi, what should I do for Land Preparation (Timing + Practice)"
Wheat,Rabi,MPKV Rahuri,Land Preparation (Timing + Practice),"I am a farmer in region of MPKV Rahuri growing Wheat in Rabi, what should I do for Land Preparation (Timing + Practice)"
Maize,Rabi,MPKV Rahuri,Land Preparation (Timing + Practice),"I am a farmer in region of MPKV Rahuri growing Maize in Rabi, what should I do for Land Preparation (Timing + Practice)"
Safflower,Rabi,MPKV Rahuri,Land Preparation (Timing + Practice),"I am a farmer in region of MPKV Rahuri growing Safflower in Rabi, what should I do for Land Preparation (Timing + Practice)"
Mustard,Rabi,MPKV Rahuri,Land Preparation (Timing + Practice),"I am a farmer in region of MPKV Rahuri growing Mustard in Rabi, what should I do for Land Preparation (Timing + Practice)"
Linseed,Rabi,MPKV Rahuri,Land Preparation (Timing + Practice),"I am a farmer in region of MPKV Rahuri growing Linseed in Rabi, what should I do for Land Preparation (Timing + Practice)"
Sunflower,Rabi,MPKV Rahuri,Land Preparation (Timing + Practice),"I am a farmer in region of MPKV Rahuri growing Sunflower in Rabi, what should I do for Land Preparation (Timing + Practice)"
Sesame,Rabi,MPKV Rahuri,Land Preparation (Timing + Practice),"I am a farmer in region of MPKV Rahuri growing Sesame in Rabi, what should I do for Land Preparation (Timing + Practice)"
Onion,Rabi,MPKV Rahuri,Land Preparation (Timing + Practice),"I am a farmer in region of MPKV Rahuri growing Onion in Rabi, what should I do for Land Preparation (Timing + Practice)"
Tomato,Rabi,MPKV Rahuri,Land Preparation (Timing + Practice),"I am a farmer in region of MPKV Rahuri growing Tomato in Rabi, what should I do for Land Preparation (Timing + Practice)"
Green Chilly,Rabi,MPKV Rahuri,Land Preparation (Timing + Practice),"I am a farmer in region of MPKV Rahuri growing Green Chilly in Rabi, what should I do for Land Preparation (Timing + Practice)"
Mango,,MPKV Rahuri,Land Preparation (Timing + Practice),"I am a farmer in region of MPKV Rahuri growing Mango in , what should I do for Land Preparation (Timing + Practice)"
Orange ,,MPKV Rahuri,Land Preparation (Timing + Practice),"I am a farmer in region of MPKV Rahuri growing Orange  in , what should I do for Land Preparation (Timing + Practice)"
Grapes,,MPKV Rahuri,Land Preparation (Timing + Practice),"I am a farmer in region of MPKV Rahuri growing Grapes in , what should I do for Land Preparation (Timing + Practice)"
Banana,,MPKV Rahuri,Land Preparation (Timing + Practice),"I am a farmer in region of MPKV Rahuri growing Banana in , what should I do for Land Preparation (Timing + Practice)"
Pomegranate,,MPKV Rahuri,Land Preparation (Timing + Practice),"I am a farmer in region of MPKV Rahuri growing Pomegranate in , what should I do for Land Preparation (Timing + Practice)"
Mosambi,,MPKV Rahuri,Land Preparation (Timing + Practice),"I am a farmer in region of MPKV Rahuri growing Mosambi in , what should I do for Land Preparation (Timing + Practice)"
Soyabean,Kharif,MPKV Rahuri,Sowing (Seed Variety & Practice),"I am a farmer in region of MPKV Rahuri growing Soyabean in Kharif, what should I do for Sowing (Seed Variety & Practice)"
Cotton (Lint),Kharif,MPKV Rahuri,Sowing (Seed Variety & Practice),"I am a farmer in region of MPKV Rahuri growing Cotton (Lint) in Kharif, what should I do for Sowing (Seed Variety & Practice)"
Rice,Kharif,MPKV Rahuri,Sowing (Seed Variety & Practice),"I am a farmer in region of MPKV Rahuri growing Rice in Kharif, what should I do for Sowing (Seed Variety & Practice)"
Tur,Kharif,MPKV Rahuri,Sowing (Seed Variety & Practice),"I am a farmer in region of MPKV Rahuri growing Tur in Kharif, what should I do for Sowing (Seed Variety & Practice)"
Sugarcane,Kharif,MPKV Rahuri,Sowing (Seed Variety & Practice),"I am a farmer in region of MPKV Rahuri growing Sugarcane in Kharif, what should I do for Sowing (Seed Variety & Practice)"
Maize,Kharif,MPKV Rahuri,Sowing (Seed Variety & Practice),"I am a farmer in region of MPKV Rahuri growing Maize in Kharif, what should I do for Sowing (Seed Variety & Practice)"
Bajra,Kharif,MPKV Rahuri,Sowing (Seed Variety & Practice),"I am a farmer in region of MPKV Rahuri growing Bajra in Kharif, what should I do for Sowing (Seed Variety & Practice)"
Udid,Kharif,MPKV Rahuri,Sowing (Seed Variety & Practice),"I am a farmer in region of MPKV Rahuri growing Udid in Kharif, what should I do for Sowing (Seed Variety & Practice)"
Moong,Kharif,MPKV Rahuri,Sowing (Seed Variety & Practice),"I am a farmer in region of MPKV Rahuri growing Moong in Kharif, what should I do for Sowing (Seed Variety & Practice)"
Groundnut,Kharif,MPKV Rahuri,Sowing (Seed Variety & Practice),"I am a farmer in region of MPKV Rahuri growing Groundnut in Kharif, what should I do for Sowing (Seed Variety & Practice)"
Jowar,Kharif,MPKV Rahuri,Sowing (Seed Variety & Practice),"I am a farmer in region of MPKV Rahuri growing Jowar in Kharif, what should I do for Sowing (Seed Variety & Practice)"
Ragi,Kharif,MPKV Rahuri,Sowing (Seed Variety & Practice),"I am a farmer in region of MPKV Rahuri growing Ragi in Kharif, what should I do for Sowing (Seed Variety & Practice)"
Nigerseed,Kharif,MPKV Rahuri,Sowing (Seed Variety & Practice),"I am a farmer in region of MPKV Rahuri growing Nigerseed in Kharif, what should I do for Sowing (Seed Variety & Practice)"
Sesamum,Kharif,MPKV Rahuri,Sowing (Seed Variety & Practice),"I am a farmer in region of MPKV Rahuri growing Sesamum in Kharif, what should I do for Sowing (Seed Variety & Practice)"
Sunflower,Kharif,MPKV Rahuri,Sowing (Seed Variety & Practice),"I am a farmer in region of MPKV Rahuri growing Sunflower in Kharif, what should I do for Sowing (Seed Variety & Practice)"
Onion,Kharif,MPKV Rahuri,Sowing (Seed Variety & Practice),"I am a farmer in region of MPKV Rahuri growing Onion in Kharif, what should I do for Sowing (Seed Variety & Practice)"
Tomato,Kharif,MPKV Rahuri,Sowing (Seed Variety & Practice),"I am a farmer in region of MPKV Rahuri growing Tomato in Kharif, what should I do for Sowing (Seed Variety & Practice)"
Green Chilly,Kharif,MPKV Rahuri,Sowing (Seed Variety & Practice),"I am a farmer in region of MPKV Rahuri growing Green Chilly in Kharif, what should I do for Sowing (Seed Variety & Practice)"
Gram,Rabi,MPKV Rahuri,Sowing (Seed Variety & Practice),"I am a farmer in region of MPKV Rahuri growing Gram in Rabi, what should I do for Sowing (Seed Variety & Practice)"
Jowar,Rabi,MPKV Rahuri,Sowing (Seed Variety & Practice),"I am a farmer in region of MPKV Rahuri growing Jowar in Rabi, what should I do for Sowing (Seed Variety & Practice)"
Wheat,Rabi,MPKV Rahuri,Sowing (Seed Variety & Practice),"I am a farmer in region of MPKV Rahuri growing Wheat in Rabi, what should I do for Sowing (Seed Variety & Practice)"
Maize,Rabi,MPKV Rahuri,Sowing (Seed Variety & Practice),"I am a farmer in region of MPKV Rahuri growing Maize in Rabi, what should I do for Sowing (Seed Variety & Practice)"
Safflower,Rabi,MPKV Rahuri,Sowing (Seed Variety & Practice),"I am a farmer in region of MPKV Rahuri growing Safflower in Rabi, what should I do for Sowing (Seed Variety & Practice)"
Mustard,Rabi,MPKV Rahuri,Sowing (Seed Variety & Practice),"I am a farmer in region of MPKV Rahuri growing Mustard in Rabi, what should I do for Sowing (Seed Variety & Practice)"
Linseed,Rabi,MPKV Rahuri,Sowing (Seed Variety & Practice),"I am a farmer in region of MPKV Rahuri growing Linseed in Rabi, what should I do for Sowing (Seed Variety & Practice)"
Sunflower,Rabi,MPKV Rahuri,Sowing (Seed Variety & Practice),"I am a farmer in region of MPKV Rahuri growing Sunflower in Rabi, what should I do for Sowing (Seed Variety & Practice)"
Sesame,Rabi,MPKV Rahuri,Sowing (Seed Variety & Practice),"I am a farmer in region of MPKV Rahuri growing Sesame in Rabi, what should I do for Sowing (Seed Variety & Practice)"
Onion,Rabi,MPKV Rahuri,Sowing (Seed Variety & Practice),"I am a farmer in region of MPKV Rahuri growing Onion in Rabi, what should I do for Sowing (Seed Variety & Practice)"
Tomato,Rabi,MPKV Rahuri,Sowing (Seed Variety & Practice),"I am a farmer in region of MPKV Rahuri growing Tomato in Rabi, what should I do for Sowing (Seed Variety & Practice)"
Green Chilly,Rabi,MPKV Rahuri,Sowing (Seed Variety & Practice),"I am a farmer in region of MPKV Rahuri growing Green Chilly in Rabi, what should I do for Sowing (Seed Variety & Practice)"
Mango,,MPKV Rahuri,Sowing (Seed Variety & Practice),"I am a farmer in region of MPKV Rahuri growing Mango in , what should I do for Sowing (Seed Variety & Practice)"
Orange ,,MPKV Rahuri,Sowing (Seed Variety & Practice),"I am a farmer in region of MPKV Rahuri growing Orange  in , what should I do for Sowing (Seed Variety & Practice)"
Grapes,,MPKV Rahuri,Sowing (Seed Variety & Practice),"I am a farmer in region of MPKV Rahuri growing Grapes in , what should I do for Sowing (Seed Variety & Practice)"
Banana,,MPKV Rahuri,Sowing (Seed Variety & Practice),"I am a farmer in region of MPKV Rahuri growing Banana in , what should I do for Sowing (Seed Variety & Practice)"
Pomegranate,,MPKV Rahuri,Sowing (Seed Variety & Practice),"I am a farmer in region of MPKV Rahuri growing Pomegranate in , what should I do for Sowing (Seed Variety & Practice)"
Mosambi,,MPKV Rahuri,Sowing (Seed Variety & Practice),"I am a farmer in region of MPKV Rahuri growing Mosambi in , what should I do for Sowing (Seed Variety & Practice)"
Soyabean,Kharif,MPKV Rahuri,"Pest & Disease Management
(Preventive)","I am a farmer in region of MPKV Rahurigrowing Kharif in Soyabean, what should i do for seed treatment & preventive measure for pest & diseases"
Cotton (Lint),Kharif,MPKV Rahuri,"Pest & Disease Management
(Preventive)","I am a farmer in region of MPKV Rahurigrowing Kharif in Cotton (Lint), what should i do for seed treatment & preventive measure for pest & diseases"
Rice,Kharif,MPKV Rahuri,"Pest & Disease Management
(Preventive)","I am a farmer in region of MPKV Rahurigrowing Kharif in Rice, what should i do for seed treatment & preventive measure for pest & diseases"
Tur,Kharif,MPKV Rahuri,"Pest & Disease Management
(Preventive)","I am a farmer in region of MPKV Rahurigrowing Kharif in Tur, what should i do for seed treatment & preventive measure for pest & diseases"
Sugarcane,Kharif,MPKV Rahuri,"Pest & Disease Management
(Preventive)","I am a farmer in region of MPKV Rahurigrowing Kharif in Sugarcane, what should i do for seed treatment & preventive measure for pest & diseases"
Maize,Kharif,MPKV Rahuri,"Pest & Disease Management
(Preventive)","I am a farmer in region of MPKV Rahurigrowing Kharif in Maize, what should i do for seed treatment & preventive measure for pest & diseases"
Bajra,Kharif,MPKV Rahuri,"Pest & Disease Management
(Preventive)","I am a farmer in region of MPKV Rahurigrowing Kharif in Bajra, what should i do for seed treatment & preventive measure for pest & diseases"
Udid,Kharif,MPKV Rahuri,"Pest & Disease Management
(Preventive)","I am a farmer in region of MPKV Rahurigrowing Kharif in Udid, what should i do for seed treatment & preventive measure for pest & diseases"
Moong,Kharif,MPKV Rahuri,"Pest & Disease Management
(Preventive)","I am a farmer in region of MPKV Rahurigrowing Kharif in Moong, what should i do for seed treatment & preventive measure for pest & diseases"
Groundnut,Kharif,MPKV Rahuri,"Pest & Disease Management
(Preventive)","I am a farmer in region of MPKV Rahurigrowing Kharif in Groundnut, what should i do for seed treatment & preventive measure for pest & diseases"
Jowar,Kharif,MPKV Rahuri,"Pest & Disease Management
(Preventive)","I am a farmer in region of MPKV Rahurigrowing Kharif in Jowar, what should i do for seed treatment & preventive measure for pest & diseases"
Ragi,Kharif,MPKV Rahuri,"Pest & Disease Management
(Preventive)","I am a farmer in region of MPKV Rahurigrowing Kharif in Ragi, what should i do for seed treatment & preventive measure for pest & diseases"
Nigerseed,Kharif,MPKV Rahuri,"Pest & Disease Management
(Preventive)","I am a farmer in region of MPKV Rahurigrowing Kharif in Nigerseed, what should i do for seed treatment & preventive measure for pest & diseases"
Sesamum,Kharif,MPKV Rahuri,"Pest & Disease Management
(Preventive)","I am a farmer in region of MPKV Rahurigrowing Kharif in Sesamum, what should i do for seed treatment & preventive measure for pest & diseases"
Sunflower,Kharif,MPKV Rahuri,"Pest & Disease Management
(Preventive)","I am a farmer in region of MPKV Rahurigrowing Kharif in Sunflower, what should i do for seed treatment & preventive measure for pest & diseases"
Onion,Kharif,MPKV Rahuri,"Pest & Disease Management
(Preventive)","I am a farmer in region of MPKV Rahurigrowing Kharif in Onion, what should i do for seed treatment & preventive measure for pest & diseases"
Tomato,Kharif,MPKV Rahuri,"Pest & Disease Management
(Preventive)","I am a farmer in region of MPKV Rahurigrowing Kharif in Tomato, what should i do for seed treatment & preventive measure for pest & diseases"
Green Chilly,Kharif,MPKV Rahuri,"Pest & Disease Management
(Preventive)","I am a farmer in region of MPKV Rahurigrowing Kharif in Green Chilly, what should i do for seed treatment & preventive measure for pest & diseases"
Gram,Rabi,MPKV Rahuri,"Pest & Disease Management
(Preventive)","I am a farmer in region of MPKV Rahurigrowing Rabi in Gram, what should i do for seed treatment & preventive measure for pest & diseases"
Jowar,Rabi,MPKV Rahuri,"Pest & Disease Management
(Preventive)","I am a farmer in region of MPKV Rahurigrowing Rabi in Jowar, what should i do for seed treatment & preventive measure for pest & diseases"
Wheat,Rabi,MPKV Rahuri,"Pest & Disease Management
(Preventive)","I am a farmer in region of MPKV Rahurigrowing Rabi in Wheat, what should i do for seed treatment & preventive measure for pest & diseases"
Maize,Rabi,MPKV Rahuri,"Pest & Disease Management
(Preventive)","I am a farmer in region of MPKV Rahurigrowing Rabi in Maize, what should i do for seed treatment & preventive measure for pest & diseases"
Safflower,Rabi,MPKV Rahuri,"Pest & Disease Management
(Preventive)","I am a farmer in region of MPKV Rahurigrowing Rabi in Safflower, what should i do for seed treatment & preventive measure for pest & diseases"
Mustard,Rabi,MPKV Rahuri,"Pest & Disease Management
(Preventive)","I am a farmer in region of MPKV Rahurigrowing Rabi in Mustard, what should i do for seed treatment & preventive measure for pest & diseases"
Linseed,Rabi,MPKV Rahuri,"Pest & Disease Management
(Preventive)","I am a farmer in region of MPKV Rahurigrowing Rabi in Linseed, what should i do for seed treatment & preventive measure for pest & diseases"
Sunflower,Rabi,MPKV Rahuri,"Pest & Disease Management
(Preventive)","I am a farmer in region of MPKV Rahurigrowing Rabi in Sunflower, what should i do for seed treatment & preventive measure for pest & diseases"
Sesame,Rabi,MPKV Rahuri,"Pest & Disease Management
(Preventive)","I am a farmer in region of MPKV Rahurigrowing Rabi in Sesame, what should i do for seed treatment & preventive measure for pest & diseases"
Onion,Rabi,MPKV Rahuri,"Pest & Disease Management
(Preventive)","I am a farmer in region of MPKV Rahurigrowing Rabi in Onion, what should i do for seed treatment & preventive measure for pest & diseases"
Tomato,Rabi,MPKV Rahuri,"Pest & Disease Management
(Preventive)","I am a farmer in region of MPKV Rahurigrowing Rabi in Tomato, what should i do for seed treatment & preventive measure for pest & diseases"
Green Chilly,Rabi,MPKV Rahuri,"Pest & Disease Management
(Preventive)","I am a farmer in region of MPKV Rahurigrowing Rabi in Green Chilly, what should i do for seed treatment & preventive measure for pest & diseases"
Mango,,MPKV Rahuri,"Pest & Disease Management
(Preventive)","I am a farmer in region of MPKV Rahurigrowing  in Mango, what should i do for seed treatment & preventive measure for pest & diseases"
Orange ,,MPKV Rahuri,"Pest & Disease Management
(Preventive)","I am a farmer in region of MPKV Rahurigrowing  in Orange , what should i do for seed treatment & preventive measure for pest & diseases"
Grapes,,MPKV Rahuri,"Pest & Disease Management
(Preventive)","I am a farmer in region of MPKV Rahurigrowing  in Grapes, what should i do for seed treatment & preventive measure for pest & diseases"
Banana,,MPKV Rahuri,"Pest & Disease Management
(Preventive)","I am a farmer in region of MPKV Rahurigrowing  in Banana, what should i do for seed treatment & preventive measure for pest & diseases"
Pomegranate,,MPKV Rahuri,"Pest & Disease Management
(Preventive)","I am a farmer in region of MPKV Rahurigrowing  in Pomegranate, what should i do for seed treatment & preventive measure for pest & diseases"
Mosambi,,MPKV Rahuri,"Pest & Disease Management
(Preventive)","I am a farmer in region of MPKV Rahurigrowing  in Mosambi, what should i do for seed treatment & preventive measure for pest & diseases"
Soyabean,Kharif,MPKV Rahuri,Weed Management,"I am a farmer in region of MPKV Rahuri growing Soyabean in Kharif, what should I do for Weed Management"
Cotton (Lint),Kharif,MPKV Rahuri,Weed Management,"I am a farmer in region of MPKV Rahuri growing Cotton (Lint) in Kharif, what should I do for Weed Management"
Rice,Kharif,MPKV Rahuri,Weed Management,"I am a farmer in region of MPKV Rahuri growing Rice in Kharif, what should I do for Weed Management"
Tur,Kharif,MPKV Rahuri,Weed Management,"I am a farmer in region of MPKV Rahuri growing Tur in Kharif, what should I do for Weed Management"
Sugarcane,Kharif,MPKV Rahuri,Weed Management,"I am a farmer in region of MPKV Rahuri growing Sugarcane in Kharif, what should I do for Weed Management"
Maize,Kharif,MPKV Rahuri,Weed Management,"I am a farmer in region of MPKV Rahuri growing Maize in Kharif, what should I do for Weed Management"
Bajra,Kharif,MPKV Rahuri,Weed Management,"I am a farmer in region of MPKV Rahuri growing Bajra in Kharif, what should I do for Weed Management"
Udid,Kharif,MPKV Rahuri,Weed Management,"I am a farmer in region of MPKV Rahuri growing Udid in Kharif, what should I do for Weed Management"
Moong,Kharif,MPKV Rahuri,Weed Management,"I am a farmer in region of MPKV Rahuri growing Moong in Kharif, what should I do for Weed Management"
Groundnut,Kharif,MPKV Rahuri,Weed Management,"I am a farmer in region of MPKV Rahuri growing Groundnut in Kharif, what should I do for Weed Management"
Jowar,Kharif,MPKV Rahuri,Weed Management,"I am a farmer in region of MPKV Rahuri growing Jowar in Kharif, what should I do for Weed Management"
Ragi,Kharif,MPKV Rahuri,Weed Management,"I am a farmer in region of MPKV Rahuri growing Ragi in Kharif, what should I do for Weed Management"
Nigerseed,Kharif,MPKV Rahuri,Weed Management,"I am a farmer in region of MPKV Rahuri growing Nigerseed in Kharif, what should I do for Weed Management"
Sesamum,Kharif,MPKV Rahuri,Weed Management,"I am a farmer in region of MPKV Rahuri growing Sesamum in Kharif, what should I do for Weed Management"
Sunflower,Kharif,MPKV Rahuri,Weed Management,"I am a farmer in region of MPKV Rahuri growing Sunflower in Kharif, what should I do for Weed Management"
Onion,Kharif,MPKV Rahuri,Weed Management,"I am a farmer in region of MPKV Rahuri growing Onion in Kharif, what should I do for Weed Management"
Tomato,Kharif,MPKV Rahuri,Weed Management,"I am a farmer in region of MPKV Rahuri growing Tomato in Kharif, what should I do for Weed Management"
Green Chilly,Kharif,MPKV Rahuri,Weed Management,"I am a farmer in region of MPKV Rahuri growing Green Chilly in Kharif, what should I do for Weed Management"
Gram,Rabi,MPKV Rahuri,Weed Management,"I am a farmer in region of MPKV Rahuri growing Gram in Rabi, what should I do for Weed Management"
Jowar,Rabi,MPKV Rahuri,Weed Management,"I am a farmer in region of MPKV Rahuri growing Jowar in Rabi, what should I do for Weed Management"
Wheat,Rabi,MPKV Rahuri,Weed Management,"I am a farmer in region of MPKV Rahuri growing Wheat in Rabi, what should I do for Weed Management"
Maize,Rabi,MPKV Rahuri,Weed Management,"I am a farmer in region of MPKV Rahuri growing Maize in Rabi, what should I do for Weed Management"
Safflower,Rabi,MPKV Rahuri,Weed Management,"I am a farmer in region of MPKV Rahuri growing Safflower in Rabi, what should I do for Weed Management"
Mustard,Rabi,MPKV Rahuri,Weed Management,"I am a farmer in region of MPKV Rahuri growing Mustard in Rabi, what should I do for Weed Management"
Linseed,Rabi,MPKV Rahuri,Weed Management,"I am a farmer in region of MPKV Rahuri growing Linseed in Rabi, what should I do for Weed Management"
Sunflower,Rabi,MPKV Rahuri,Weed Management,"I am a farmer in region of MPKV Rahuri growing Sunflower in Rabi, what should I do for Weed Management"
Sesame,Rabi,MPKV Rahuri,Weed Management,"I am a farmer in region of MPKV Rahuri growing Sesame in Rabi, what should I do for Weed Management"
Onion,Rabi,MPKV Rahuri,Weed Management,"I am a farmer in region of MPKV Rahuri growing Onion in Rabi, what should I do for Weed Management"
Tomato,Rabi,MPKV Rahuri,Weed Management,"I am a farmer in region of MPKV Rahuri growing Tomato in Rabi, what should I do for Weed Management"
Green Chilly,Rabi,MPKV Rahuri,Weed Management,"I am a farmer in region of MPKV Rahuri growing Green Chilly in Rabi, what should I do for Weed Management"
Mango,,MPKV Rahuri,Weed Management,"I am a farmer in region of MPKV Rahuri growing Mango in , what should I do for Weed Management"
Orange ,,MPKV Rahuri,Weed Management,"I am a farmer in region of MPKV Rahuri growing Orange  in , what should I do for Weed Management"
Grapes,,MPKV Rahuri,Weed Management,"I am a farmer in region of MPKV Rahuri growing Grapes in , what should I do for Weed Management"
Banana,,MPKV Rahuri,Weed Management,"I am a farmer in region of MPKV Rahuri growing Banana in , what should I do for Weed Management"
Pomegranate,,MPKV Rahuri,Weed Management,"I am a farmer in region of MPKV Rahuri growing Pomegranate in , what should I do for Weed Management"
Mosambi,,MPKV Rahuri,Weed Management,"I am a farmer in region of MPKV Rahuri growing Mosambi in , what should I do for Weed Management"
Soyabean,Kharif,MPKV Rahuri,"Fertiliser 
(Basal Application)","I am a farmer in region of MPKV Rahuri growing Kharif in Soyabean, what fertiliser, dosage & quantity should i apply for basal application"
Cotton (Lint),Kharif,MPKV Rahuri,"Fertiliser 
(Basal Application)","I am a farmer in region of MPKV Rahuri growing Kharif in Cotton (Lint), what fertiliser, dosage & quantity should i apply for basal application"
Rice,Kharif,MPKV Rahuri,"Fertiliser 
(Basal Application)","I am a farmer in region of MPKV Rahuri growing Kharif in Rice, what fertiliser, dosage & quantity should i apply for basal application"
Tur,Kharif,MPKV Rahuri,"Fertiliser 
(Basal Application)","I am a farmer in region of MPKV Rahuri growing Kharif in Tur, what fertiliser, dosage & quantity should i apply for basal application"
Sugarcane,Kharif,MPKV Rahuri,"Fertiliser 
(Basal Application)","I am a farmer in region of MPKV Rahuri growing Kharif in Sugarcane, what fertiliser, dosage & quantity should i apply for basal application"
Maize,Kharif,MPKV Rahuri,"Fertiliser 
(Basal Application)","I am a farmer in region of MPKV Rahuri growing Kharif in Maize, what fertiliser, dosage & quantity should i apply for basal application"
Bajra,Kharif,MPKV Rahuri,"Fertiliser 
(Basal Application)","I am a farmer in region of MPKV Rahuri growing Kharif in Bajra, what fertiliser, dosage & quantity should i apply for basal application"
Udid,Kharif,MPKV Rahuri,"Fertiliser 
(Basal Application)","I am a farmer in region of MPKV Rahuri growing Kharif in Udid, what fertiliser, dosage & quantity should i apply for basal application"
Moong,Kharif,MPKV Rahuri,"Fertiliser 
(Basal Application)","I am a farmer in region of MPKV Rahuri growing Kharif in Moong, what fertiliser, dosage & quantity should i apply for basal application"
Groundnut,Kharif,MPKV Rahuri,"Fertiliser 
(Basal Application)","I am a farmer in region of MPKV Rahuri growing Kharif in Groundnut, what fertiliser, dosage & quantity should i apply for basal application"
Jowar,Kharif,MPKV Rahuri,"Fertiliser 
(Basal Application)","I am a farmer in region of MPKV Rahuri growing Kharif in Jowar, what fertiliser, dosage & quantity should i apply for basal application"
Ragi,Kharif,MPKV Rahuri,"Fertiliser 
(Basal Application)","I am a farmer in region of MPKV Rahuri growing Kharif in Ragi, what fertiliser, dosage & quantity should i apply for basal application"
Nigerseed,Kharif,MPKV Rahuri,"Fertiliser 
(Basal Application)","I am a farmer in region of MPKV Rahuri growing Kharif in Nigerseed, what fertiliser, dosage & quantity should i apply for basal application"
Sesamum,Kharif,MPKV Rahuri,"Fertiliser 
(Basal Application)","I am a farmer in region of MPKV Rahuri growing Kharif in Sesamum, what fertiliser, dosage & quantity should i apply for basal application"
Sunflower,Kharif,MPKV Rahuri,"Fertiliser 
(Basal Application)","I am a farmer in region of MPKV Rahuri growing Kharif in Sunflower, what fertiliser, dosage & quantity should i apply for basal application"
Onion,Kharif,MPKV Rahuri,"Fertiliser 
(Basal Application)","I am a farmer in region of MPKV Rahuri growing Kharif in Onion, what fertiliser, dosage & quantity should i apply for basal application"
Tomato,Kharif,MPKV Rahuri,"Fertiliser 
(Basal Application)","I am a farmer in region of MPKV Rahuri growing Kharif in Tomato, what fertiliser, dosage & quantity should i apply for basal application"
Green Chilly,Kharif,MPKV Rahuri,"Fertiliser 
(Basal Application)","I am a farmer in region of MPKV Rahuri growing Kharif in Green Chilly, what fertiliser, dosage & quantity should i apply for basal application"
Gram,Rabi,MPKV Rahuri,"Fertiliser 
(Basal Application)","I am a farmer in region of MPKV Rahuri growing Rabi in Gram, what fertiliser, dosage & quantity should i apply for basal application"
Jowar,Rabi,MPKV Rahuri,"Fertiliser 
(Basal Application)","I am a farmer in region of MPKV Rahuri growing Rabi in Jowar, what fertiliser, dosage & quantity should i apply for basal application"
Wheat,Rabi,MPKV Rahuri,"Fertiliser 
(Basal Application)","I am a farmer in region of MPKV Rahuri growing Rabi in Wheat, what fertiliser, dosage & quantity should i apply for basal application"
Maize,Rabi,MPKV Rahuri,"Fertiliser 
(Basal Application)","I am a farmer in region of MPKV Rahuri growing Rabi in Maize, what fertiliser, dosage & quantity should i apply for basal application"
Safflower,Rabi,MPKV Rahuri,"Fertiliser 
(Basal Application)","I am a farmer in region of MPKV Rahuri growing Rabi in Safflower, what fertiliser, dosage & quantity should i apply for basal application"
Mustard,Rabi,MPKV Rahuri,"Fertiliser 
(Basal Application)","I am a farmer in region of MPKV Rahuri growing Rabi in Mustard, what fertiliser, dosage & quantity should i apply for basal application"
Linseed,Rabi,MPKV Rahuri,"Fertiliser 
(Basal Application)","I am a farmer in region of MPKV Rahuri growing Rabi in Linseed, what fertiliser, dosage & quantity should i apply for basal application"
Sunflower,Rabi,MPKV Rahuri,"Fertiliser 
(Basal Application)","I am a farmer in region of MPKV Rahuri growing Rabi in Sunflower, what fertiliser, dosage & quantity should i apply for basal application"
Sesame,Rabi,MPKV Rahuri,"Fertiliser 
(Basal Application)","I am a farmer in region of MPKV Rahuri growing Rabi in Sesame, what fertiliser, dosage & quantity should i apply for basal application"
Onion,Rabi,MPKV Rahuri,"Fertiliser 
(Basal Application)","I am a farmer in region of MPKV Rahuri growing Rabi in Onion, what fertiliser, dosage & quantity should i apply for basal application"
Tomato,Rabi,MPKV Rahuri,"Fertiliser 
(Basal Application)","I am a farmer in region of MPKV Rahuri growing Rabi in Tomato, what fertiliser, dosage & quantity should i apply for basal application"
Green Chilly,Rabi,MPKV Rahuri,"Fertiliser 
(Basal Application)","I am a farmer in region of MPKV Rahuri growing Rabi in Green Chilly, what fertiliser, dosage & quantity should i apply for basal application"
Mango,,MPKV Rahuri,"Fertiliser 
(Basal Application)","I am a farmer in region of MPKV Rahuri growing  in Mango, what fertiliser, dosage & quantity should i apply for basal application"
Orange ,,MPKV Rahuri,"Fertiliser 
(Basal Application)","I am a farmer in region of MPKV Rahuri growing  in Orange , what fertiliser, dosage & quantity should i apply for basal application"
Grapes,,MPKV Rahuri,"Fertiliser 
(Basal Application)","I am a farmer in region of MPKV Rahuri growing  in Grapes, what fertiliser, dosage & quantity should i apply for basal application"
Banana,,MPKV Rahuri,"Fertiliser 
(Basal Application)","I am a farmer in region of MPKV Rahuri growing  in Banana, what fertiliser, dosage & quantity should i apply for basal application"
Pomegranate,,MPKV Rahuri,"Fertiliser 
(Basal Application)","I am a farmer in region of MPKV Rahuri growing  in Pomegranate, what fertiliser, dosage & quantity should i apply for basal application"
Mosambi,,MPKV Rahuri,"Fertiliser 
(Basal Application)","I am a farmer in region of MPKV Rahuri growing  in Mosambi, what fertiliser, dosage & quantity should i apply for basal application"
Soyabean,Kharif,MPKV Rahuri,"Fertiliser 
(Top Dressing)","I am a farmer in region of MPKV Rahuri growing Kharif in Soyabean, what fertiliser, dosage & quantity should i apply for top dressing"
Cotton (Lint),Kharif,MPKV Rahuri,"Fertiliser 
(Top Dressing)","I am a farmer in region of MPKV Rahuri growing Kharif in Cotton (Lint), what fertiliser, dosage & quantity should i apply for top dressing"
Rice,Kharif,MPKV Rahuri,"Fertiliser 
(Top Dressing)","I am a farmer in region of MPKV Rahuri growing Kharif in Rice, what fertiliser, dosage & quantity should i apply for top dressing"
Tur,Kharif,MPKV Rahuri,"Fertiliser 
(Top Dressing)","I am a farmer in region of MPKV Rahuri growing Kharif in Tur, what fertiliser, dosage & quantity should i apply for top dressing"
Sugarcane,Kharif,MPKV Rahuri,"Fertiliser 
(Top Dressing)","I am a farmer in region of MPKV Rahuri growing Kharif in Sugarcane, what fertiliser, dosage & quantity should i apply for top dressing"
Maize,Kharif,MPKV Rahuri,"Fertiliser 
(Top Dressing)","I am a farmer in region of MPKV Rahuri growing Kharif in Maize, what fertiliser, dosage & quantity should i apply for top dressing"
Bajra,Kharif,MPKV Rahuri,"Fertiliser 
(Top Dressing)","I am a farmer in region of MPKV Rahuri growing Kharif in Bajra, what fertiliser, dosage & quantity should i apply for top dressing"
Udid,Kharif,MPKV Rahuri,"Fertiliser 
(Top Dressing)","I am a farmer in region of MPKV Rahuri growing Kharif in Udid, what fertiliser, dosage & quantity should i apply for top dressing"
Moong,Kharif,MPKV Rahuri,"Fertiliser 
(Top Dressing)","I am a farmer in region of MPKV Rahuri growing Kharif in Moong, what fertiliser, dosage & quantity should i apply for top dressing"
Groundnut,Kharif,MPKV Rahuri,"Fertiliser 
(Top Dressing)","I am a farmer in region of MPKV Rahuri growing Kharif in Groundnut, what fertiliser, dosage & quantity should i apply for top dressing"
Jowar,Kharif,MPKV Rahuri,"Fertiliser 
(Top Dressing)","I am a farmer in region of MPKV Rahuri growing Kharif in Jowar, what fertiliser, dosage & quantity should i apply for top dressing"
Ragi,Kharif,MPKV Rahuri,"Fertiliser 
(Top Dressing)","I am a farmer in region of MPKV Rahuri growing Kharif in Ragi, what fertiliser, dosage & quantity should i apply for top dressing"
Nigerseed,Kharif,MPKV Rahuri,"Fertiliser 
(Top Dressing)","I am a farmer in region of MPKV Rahuri growing Kharif in Nigerseed, what fertiliser, dosage & quantity should i apply for top dressing"
Sesamum,Kharif,MPKV Rahuri,"Fertiliser 
(Top Dressing)","I am a farmer in region of MPKV Rahuri growing Kharif in Sesamum, what fertiliser, dosage & quantity should i apply for top dressing"
Sunflower,Kharif,MPKV Rahuri,"Fertiliser 
(Top Dressing)","I am a farmer in region of MPKV Rahuri growing Kharif in Sunflower, what fertiliser, dosage & quantity should i apply for top dressing"
Onion,Kharif,MPKV Rahuri,"Fertiliser 
(Top Dressing)","I am a farmer in region of MPKV Rahuri growing Kharif in Onion, what fertiliser, dosage & quantity should i apply for top dressing"
Tomato,Kharif,MPKV Rahuri,"Fertiliser 
(Top Dressing)","I am a farmer in region of MPKV Rahuri growing Kharif in Tomato, what fertiliser, dosage & quantity should i apply for top dressing"
Green Chilly,Kharif,MPKV Rahuri,"Fertiliser 
(Top Dressing)","I am a farmer in region of MPKV Rahuri growing Kharif in Green Chilly, what fertiliser, dosage & quantity should i apply for top dressing"
Gram,Rabi,MPKV Rahuri,"Fertiliser 
(Top Dressing)","I am a farmer in region of MPKV Rahuri growing Rabi in Gram, what fertiliser, dosage & quantity should i apply for top dressing"
Jowar,Rabi,MPKV Rahuri,"Fertiliser 
(Top Dressing)","I am a farmer in region of MPKV Rahuri growing Rabi in Jowar, what fertiliser, dosage & quantity should i apply for top dressing"
Wheat,Rabi,MPKV Rahuri,"Fertiliser 
(Top Dressing)","I am a farmer in region of MPKV Rahuri growing Rabi in Wheat, what fertiliser, dosage & quantity should i apply for top dressing"
Maize,Rabi,MPKV Rahuri,"Fertiliser 
(Top Dressing)","I am a farmer in region of MPKV Rahuri growing Rabi in Maize, what fertiliser, dosage & quantity should i apply for top dressing"
Safflower,Rabi,MPKV Rahuri,"Fertiliser 
(Top Dressing)","I am a farmer in region of MPKV Rahuri growing Rabi in Safflower, what fertiliser, dosage & quantity should i apply for top dressing"
Mustard,Rabi,MPKV Rahuri,"Fertiliser 
(Top Dressing)","I am a farmer in region of MPKV Rahuri growing Rabi in Mustard, what fertiliser, dosage & quantity should i apply for top dressing"
Linseed,Rabi,MPKV Rahuri,"Fertiliser 
(Top Dressing)","I am a farmer in region of MPKV Rahuri growing Rabi in Linseed, what fertiliser, dosage & quantity should i apply for top dressing"
Sunflower,Rabi,MPKV Rahuri,"Fertiliser 
(Top Dressing)","I am a farmer in region of MPKV Rahuri growing Rabi in Sunflower, what fertiliser, dosage & quantity should i apply for top dressing"
Sesame,Rabi,MPKV Rahuri,"Fertiliser 
(Top Dressing)","I am a farmer in region of MPKV Rahuri growing Rabi in Sesame, what fertiliser, dosage & quantity should i apply for top dressing"
Onion,Rabi,MPKV Rahuri,"Fertiliser 
(Top Dressing)","I am a farmer in region of MPKV Rahuri growing Rabi in Onion, what fertiliser, dosage & quantity should i apply for top dressing"
Tomato,Rabi,MPKV Rahuri,"Fertiliser 
(Top Dressing)","I am a farmer in region of MPKV Rahuri growing Rabi in Tomato, what fertiliser, dosage & quantity should i apply for top dressing"
Green Chilly,Rabi,MPKV Rahuri,"Fertiliser 
(Top Dressing)","I am a farmer in region of MPKV Rahuri growing Rabi in Green Chilly, what fertiliser, dosage & quantity should i apply for top dressing"
Mango,,MPKV Rahuri,"Fertiliser 
(Top Dressing)","I am a farmer in region of MPKV Rahuri growing  in Mango, what fertiliser, dosage & quantity should i apply for top dressing"
Orange ,,MPKV Rahuri,"Fertiliser 
(Top Dressing)","I am a farmer in region of MPKV Rahuri growing  in Orange , what fertiliser, dosage & quantity should i apply for top dressing"
Grapes,,MPKV Rahuri,"Fertiliser 
(Top Dressing)","I am a farmer in region of MPKV Rahuri growing  in Grapes, what fertiliser, dosage & quantity should i apply for top dressing"
Banana,,MPKV Rahuri,"Fertiliser 
(Top Dressing)","I am a farmer in region of MPKV Rahuri growing  in Banana, what fertiliser, dosage & quantity should i apply for top dressing"
Pomegranate,,MPKV Rahuri,"Fertiliser 
(Top Dressing)","I am a farmer in region of MPKV Rahuri growing  in Pomegranate, what fertiliser, dosage & quantity should i apply for top dressing"
Mosambi,,MPKV Rahuri,"Fertiliser 
(Top Dressing)","I am a farmer in region of MPKV Rahuri growing  in Mosambi, what fertiliser, dosage & quantity should i apply for top dressing"
Soyabean,Kharif,MPKV Rahuri,"Pest & Disease Management
(Remedial)","I am a farmer in region of MPKV Rahuri growing Kharif in Soyabean, what pests & diseases can occur, what are the symptoms & remedial measures"
Cotton (Lint),Kharif,MPKV Rahuri,"Pest & Disease Management
(Remedial)","I am a farmer in region of MPKV Rahuri growing Kharif in Cotton (Lint), what pests & diseases can occur, what are the symptoms & remedial measures"
Rice,Kharif,MPKV Rahuri,"Pest & Disease Management
(Remedial)","I am a farmer in region of MPKV Rahuri growing Kharif in Rice, what pests & diseases can occur, what are the symptoms & remedial measures"
Tur,Kharif,MPKV Rahuri,"Pest & Disease Management
(Remedial)","I am a farmer in region of MPKV Rahuri growing Kharif in Tur, what pests & diseases can occur, what are the symptoms & remedial measures"
Sugarcane,Kharif,MPKV Rahuri,"Pest & Disease Management
(Remedial)","I am a farmer in region of MPKV Rahuri growing Kharif in Sugarcane, what pests & diseases can occur, what are the symptoms & remedial measures"
Maize,Kharif,MPKV Rahuri,"Pest & Disease Management
(Remedial)","I am a farmer in region of MPKV Rahuri growing Kharif in Maize, what pests & diseases can occur, what are the symptoms & remedial measures"
Bajra,Kharif,MPKV Rahuri,"Pest & Disease Management
(Remedial)","I am a farmer in region of MPKV Rahuri growing Kharif in Bajra, what pests & diseases can occur, what are the symptoms & remedial measures"
Udid,Kharif,MPKV Rahuri,"Pest & Disease Management
(Remedial)","I am a farmer in region of MPKV Rahuri growing Kharif in Udid, what pests & diseases can occur, what are the symptoms & remedial measures"
Moong,Kharif,MPKV Rahuri,"Pest & Disease Management
(Remedial)","I am a farmer in region of MPKV Rahuri growing Kharif in Moong, what pests & diseases can occur, what are the symptoms & remedial measures"
Groundnut,Kharif,MPKV Rahuri,"Pest & Disease Management
(Remedial)","I am a farmer in region of MPKV Rahuri growing Kharif in Groundnut, what pests & diseases can occur, what are the symptoms & remedial measures"
Jowar,Kharif,MPKV Rahuri,"Pest & Disease Management
(Remedial)","I am a farmer in region of MPKV Rahuri growing Kharif in Jowar, what pests & diseases can occur, what are the symptoms & remedial measures"
Ragi,Kharif,MPKV Rahuri,"Pest & Disease Management
(Remedial)","I am a farmer in region of MPKV Rahuri growing Kharif in Ragi, what pests & diseases can occur, what are the symptoms & remedial measures"
Nigerseed,Kharif,MPKV Rahuri,"Pest & Disease Management
(Remedial)","I am a farmer in region of MPKV Rahuri growing Kharif in Nigerseed, what pests & diseases can occur, what are the symptoms & remedial measures"
Sesamum,Kharif,MPKV Rahuri,"Pest & Disease Management
(Remedial)","I am a farmer in region of MPKV Rahuri growing Kharif in Sesamum, what pests & diseases can occur, what are the symptoms & remedial measures"
Sunflower,Kharif,MPKV Rahuri,"Pest & Disease Management
(Remedial)","I am a farmer in region of MPKV Rahuri growing Kharif in Sunflower, what pests & diseases can occur, what are the symptoms & remedial measures"
Onion,Kharif,MPKV Rahuri,"Pest & Disease Management
(Remedial)","I am a farmer in region of MPKV Rahuri growing Kharif in Onion, what pests & diseases can occur, what are the symptoms & remedial measures"
Tomato,Kharif,MPKV Rahuri,"Pest & Disease Management
(Remedial)","I am a farmer in region of MPKV Rahuri growing Kharif in Tomato, what pests & diseases can occur, what are the symptoms & remedial measures"
Green Chilly,Kharif,MPKV Rahuri,"Pest & Disease Management
(Remedial)","I am a farmer in region of MPKV Rahuri growing Kharif in Green Chilly, what pests & diseases can occur, what are the symptoms & remedial measures"
Gram,Rabi,MPKV Rahuri,"Pest & Disease Management
(Remedial)","I am a farmer in region of MPKV Rahuri growing Rabi in Gram, what pests & diseases can occur, what are the symptoms & remedial measures"
Jowar,Rabi,MPKV Rahuri,"Pest & Disease Management
(Remedial)","I am a farmer in region of MPKV Rahuri growing Rabi in Jowar, what pests & diseases can occur, what are the symptoms & remedial measures"
Wheat,Rabi,MPKV Rahuri,"Pest & Disease Management
(Remedial)","I am a farmer in region of MPKV Rahuri growing Rabi in Wheat, what pests & diseases can occur, what are the symptoms & remedial measures"
Maize,Rabi,MPKV Rahuri,"Pest & Disease Management
(Remedial)","I am a farmer in region of MPKV Rahuri growing Rabi in Maize, what pests & diseases can occur, what are the symptoms & remedial measures"
Safflower,Rabi,MPKV Rahuri,"Pest & Disease Management
(Remedial)","I am a farmer in region of MPKV Rahuri growing Rabi in Safflower, what pests & diseases can occur, what are the symptoms & remedial measures"
Mustard,Rabi,MPKV Rahuri,"Pest & Disease Management
(Remedial)","I am a farmer in region of MPKV Rahuri growing Rabi in Mustard, what pests & diseases can occur, what are the symptoms & remedial measures"
Linseed,Rabi,MPKV Rahuri,"Pest & Disease Management
(Remedial)","I am a farmer in region of MPKV Rahuri growing Rabi in Linseed, what pests & diseases can occur, what are the symptoms & remedial measures"
Sunflower,Rabi,MPKV Rahuri,"Pest & Disease Management
(Remedial)","I am a farmer in region of MPKV Rahuri growing Rabi in Sunflower, what pests & diseases can occur, what are the symptoms & remedial measures"
Sesame,Rabi,MPKV Rahuri,"Pest & Disease Management
(Remedial)","I am a farmer in region of MPKV Rahuri growing Rabi in Sesame, what pests & diseases can occur, what are the symptoms & remedial measures"
Onion,Rabi,MPKV Rahuri,"Pest & Disease Management
(Remedial)","I am a farmer in region of MPKV Rahuri growing Rabi in Onion, what pests & diseases can occur, what are the symptoms & remedial measures"
Tomato,Rabi,MPKV Rahuri,"Pest & Disease Management
(Remedial)","I am a farmer in region of MPKV Rahuri growing Rabi in Tomato, what pests & diseases can occur, what are the symptoms & remedial measures"
Green Chilly,Rabi,MPKV Rahuri,"Pest & Disease Management
(Remedial)","I am a farmer in region of MPKV Rahuri growing Rabi in Green Chilly, what pests & diseases can occur, what are the symptoms & remedial measures"
Mango,,MPKV Rahuri,"Pest & Disease Management
(Remedial)","I am a farmer in region of MPKV Rahuri growing  in Mango, what pests & diseases can occur, what are the symptoms & remedial measures"
Orange ,,MPKV Rahuri,"Pest & Disease Management
(Remedial)","I am a farmer in region of MPKV Rahuri growing  in Orange , what pests & diseases can occur, what are the symptoms & remedial measures"
Grapes,,MPKV Rahuri,"Pest & Disease Management
(Remedial)","I am a farmer in region of MPKV Rahuri growing  in Grapes, what pests & diseases can occur, what are the symptoms & remedial measures"
Banana,,MPKV Rahuri,"Pest & Disease Management
(Remedial)","I am a farmer in region of MPKV Rahuri growing  in Banana, what pests & diseases can occur, what are the symptoms & remedial measures"
Pomegranate,,MPKV Rahuri,"Pest & Disease Management
(Remedial)","I am a farmer in region of MPKV Rahuri growing  in Pomegranate, what pests & diseases can occur, what are the symptoms & remedial measures"
Mosambi,,MPKV Rahuri,"Pest & Disease Management
(Remedial)","I am a farmer in region of MPKV Rahuri growing  in Mosambi, what pests & diseases can occur, what are the symptoms & remedial measures"
Soyabean,Kharif,MPKV Rahuri,Post Harvest - Storage Management,"I am a farmer in region of MPKV Rahuri growing Soyabean in Kharif, what should I do for Post Harvest - Storage Management"
Cotton (Lint),Kharif,MPKV Rahuri,Post Harvest - Storage Management,"I am a farmer in region of MPKV Rahuri growing Cotton (Lint) in Kharif, what should I do for Post Harvest - Storage Management"
Rice,Kharif,MPKV Rahuri,Post Harvest - Storage Management,"I am a farmer in region of MPKV Rahuri growing Rice in Kharif, what should I do for Post Harvest - Storage Management"
Tur,Kharif,MPKV Rahuri,Post Harvest - Storage Management,"I am a farmer in region of MPKV Rahuri growing Tur in Kharif, what should I do for Post Harvest - Storage Management"
Sugarcane,Kharif,MPKV Rahuri,Post Harvest - Storage Management,"I am a farmer in region of MPKV Rahuri growing Sugarcane in Kharif, what should I do for Post Harvest - Storage Management"
Maize,Kharif,MPKV Rahuri,Post Harvest - Storage Management,"I am a farmer in region of MPKV Rahuri growing Maize in Kharif, what should I do for Post Harvest - Storage Management"
Bajra,Kharif,MPKV Rahuri,Post Harvest - Storage Management,"I am a farmer in region of MPKV Rahuri growing Bajra in Kharif, what should I do for Post Harvest - Storage Management"
Udid,Kharif,MPKV Rahuri,Post Harvest - Storage Management,"I am a farmer in region of MPKV Rahuri growing Udid in Kharif, what should I do for Post Harvest - Storage Management"
Moong,Kharif,MPKV Rahuri,Post Harvest - Storage Management,"I am a farmer in region of MPKV Rahuri growing Moong in Kharif, what should I do for Post Harvest - Storage Management"
Groundnut,Kharif,MPKV Rahuri,Post Harvest - Storage Management,"I am a farmer in region of MPKV Rahuri growing Groundnut in Kharif, what should I do for Post Harvest - Storage Management"
Jowar,Kharif,MPKV Rahuri,Post Harvest - Storage Management,"I am a farmer in region of MPKV Rahuri growing Jowar in Kharif, what should I do for Post Harvest - Storage Management"
Ragi,Kharif,MPKV Rahuri,Post Harvest - Storage Management,"I am a farmer in region of MPKV Rahuri growing Ragi in Kharif, what should I do for Post Harvest - Storage Management"
Nigerseed,Kharif,MPKV Rahuri,Post Harvest - Storage Management,"I am a farmer in region of MPKV Rahuri growing Nigerseed in Kharif, what should I do for Post Harvest - Storage Management"
Sesamum,Kharif,MPKV Rahuri,Post Harvest - Storage Management,"I am a farmer in region of MPKV Rahuri growing Sesamum in Kharif, what should I do for Post Harvest - Storage Management"
Sunflower,Kharif,MPKV Rahuri,Post Harvest - Storage Management,"I am a farmer in region of MPKV Rahuri growing Sunflower in Kharif, what should I do for Post Harvest - Storage Management"
Onion,Kharif,MPKV Rahuri,Post Harvest - Storage Management,"I am a farmer in region of MPKV Rahuri growing Onion in Kharif, what should I do for Post Harvest - Storage Management"
Tomato,Kharif,MPKV Rahuri,Post Harvest - Storage Management,"I am a farmer in region of MPKV Rahuri growing Tomato in Kharif, what should I do for Post Harvest - Storage Management"
Green Chilly,Kharif,MPKV Rahuri,Post Harvest - Storage Management,"I am a farmer in region of MPKV Rahuri growing Green Chilly in Kharif, what should I do for Post Harvest - Storage Management"
Gram,Rabi,MPKV Rahuri,Post Harvest - Storage Management,"I am a farmer in region of MPKV Rahuri growing Gram in Rabi, what should I do for Post Harvest - Storage Management"
Jowar,Rabi,MPKV Rahuri,Post Harvest - Storage Management,"I am a farmer in region of MPKV Rahuri growing Jowar in Rabi, what should I do for Post Harvest - Storage Management"
Wheat,Rabi,MPKV Rahuri,Post Harvest - Storage Management,"I am a farmer in region of MPKV Rahuri growing Wheat in Rabi, what should I do for Post Harvest - Storage Management"
Maize,Rabi,MPKV Rahuri,Post Harvest - Storage Management,"I am a farmer in region of MPKV Rahuri growing Maize in Rabi, what should I do for Post Harvest - Storage Management"
Safflower,Rabi,MPKV Rahuri,Post Harvest - Storage Management,"I am a farmer in region of MPKV Rahuri growing Safflower in Rabi, what should I do for Post Harvest - Storage Management"
Mustard,Rabi,MPKV Rahuri,Post Harvest - Storage Management,"I am a farmer in region of MPKV Rahuri growing Mustard in Rabi, what should I do for Post Harvest - Storage Management"
Linseed,Rabi,MPKV Rahuri,Post Harvest - Storage Management,"I am a farmer in region of MPKV Rahuri growing Linseed in Rabi, what should I do for Post Harvest - Storage Management"
Sunflower,Rabi,MPKV Rahuri,Post Harvest - Storage Management,"I am a farmer in region of MPKV Rahuri growing Sunflower in Rabi, what should I do for Post Harvest - Storage Management"
Sesame,Rabi,MPKV Rahuri,Post Harvest - Storage Management,"I am a farmer in region of MPKV Rahuri growing Sesame in Rabi, what should I do for Post Harvest - Storage Management"
Onion,Rabi,MPKV Rahuri,Post Harvest - Storage Management,"I am a farmer in region of MPKV Rahuri growing Onion in Rabi, what should I do for Post Harvest - Storage Management"
Tomato,Rabi,MPKV Rahuri,Post Harvest - Storage Management,"I am a farmer in region of MPKV Rahuri growing Tomato in Rabi, what should I do for Post Harvest - Storage Management"
Green Chilly,Rabi,MPKV Rahuri,Post Harvest - Storage Management,"I am a farmer in region of MPKV Rahuri growing Green Chilly in Rabi, what should I do for Post Harvest - Storage Management"
Mango,,MPKV Rahuri,Post Harvest - Storage Management,"I am a farmer in region of MPKV Rahuri growing Mango in , what should I do for Post Harvest - Storage Management"
Orange ,,MPKV Rahuri,Post Harvest - Storage Management,"I am a farmer in region of MPKV Rahuri growing Orange  in , what should I do for Post Harvest - Storage Management"
Grapes,,MPKV Rahuri,Post Harvest - Storage Management,"I am a farmer in region of MPKV Rahuri growing Grapes in , what should I do for Post Harvest - Storage Management"
Banana,,MPKV Rahuri,Post Harvest - Storage Management,"I am a farmer in region of MPKV Rahuri growing Banana in , what should I do for Post Harvest - Storage Management"
Pomegranate,,MPKV Rahuri,Post Harvest - Storage Management,"I am a farmer in region of MPKV Rahuri growing Pomegranate in , what should I do for Post Harvest - Storage Management"
Mosambi,,MPKV Rahuri,Post Harvest - Storage Management,"I am a farmer in region of MPKV Rahuri growing Mosambi in , what should I do for Post Harvest - Storage Management"
