sample_index,row_num,review_category,pipeline,category,question,response_a,response_b,metric_name,score,reason,score_a,reason_a,score_b,reason_b,better_response,better_response_reason,elapsed_seconds,input_tokens,output_tokens,total_tokens,cost_usd
0,4,1.contradictory,chat,1.contradictory,ખસીકરણ (કાસ્ટ્રેશન) માટે યોગ્ય/ચોક્કસ ઉંમર કઈ છે?,"નર બચ્ચાં (બકરીના બચ્ચાં) માટે, બહેરા કરવા માટેનો આદર્શ સમય **3-4 મહિના**નો હોય છે.

આ ઉંમરે બહેરા કરવાથી ઘણા ફાયદા થાય છે, જેમાં નીચેનાનો સમાવેશ થાય છે:
*   **વજન ઝડપથી વધે છે.**
*   અપ્રિય ગંધ દૂર કરીને **માંસની ગુણવત્તામાં સુધારો** થાય છે.

બહેરા કરવાની સામાન્ય પદ્ધતિઓમાં બર્ડીઝો કાસ્ટ્રેટર (જેમાં લોહી પડતું નથી)નો ઉપયોગ કરવો, ઉપરના ભાગમાં ચુસ્ત રબરની વીંટી બાંધવી અથવા સર્જિકલ પદ્ધતિનો ઉપયોગ કરવો વગેરેનો સમાવેશ થાય છે.","ગાય અને ભેંસોમાં નરક્રિયા (કાસ્ટ્રેશન) માટેનો આદર્શ સમય સામાન્ય રીતે ૬ થી ૯ મહિનાની વચ્ચેનો હોય છે. આ ઉંમરે, પ્રાણીઓ ઝડપથી સ્વસ્થ થઈ જાય છે, તેમને ઓછો તણાવ થાય છે અને ગૂંચવણો પણ ઓછી થાય છે. એક વર્ષથી વધુ સમય સુધી નરક્રિયામાં વિલંબ કરવાથી પ્રક્રિયા વધુ મુશ્કેલ બની શકે છે અને સમસ્યાઓનું જોખમ વધી શકે છે. યોગ્ય સમય અને પદ્ધતિ વિશે તમારા સ્થાનિક પશુચિકિત્સકની સલાહ લેવી જરૂરી છે, જે તમારા પ્રાણીઓ માટે યોગ્ય હોય.",grammar_fluency_compare,,"Response B is more grammatically coherent and reads more naturally overall, even if it is a bit technical.",2,"The Gujarati is understandable, but several phrases are unnatural or awkwardly translated, and some terminology feels inconsistent.",3,"The grammar is mostly correct and readable, though the tone is somewhat technical and a few expressions are not fully natural.",response_b,"Response B is more grammatically coherent and reads more naturally overall, even if it is a bit technical.",3.2961,611,114,725,0.00097125
1,13,1.contradictory,chat,1.contradictory,જે ગાય ભેસને માટી ખસવાની તકલીફ હોય તેને ખોરાકમાં શું ધ્યાન રાખવું?,"જે ગાયો અને ભેંસોને પ્રોલેપ્સની સમસ્યા છે, તેમના માટે મુખ્ય આહારનો ધ્યેય એ છે કે તેમને સંતુલિત અને પૌષ્ટિક આહાર આપીને તેમના ઝડપી સ્વસ્થ થવામાં મદદ કરવી. આપવામાં આવેલી માહિતીમાં તાત્કાલિક પશુચિકિત્સાની સારવાર પર ભાર મૂકવામાં આવ્યો છે, પરંતુ અહીં સામાન્ય આહાર અને વ્યવસ્થાપન માર્ગદર્શિકા આપવામાં આવી છે:

*   **સંતુલિત પોષણ:** એકંદર સારવાર યોજનાના ભાગ રૂપે, સંતુલિત અને પૌષ્ટિક આહાર આપો.
*   **જરૂરી પૂરક આહાર:** જે પ્રાણીઓ વધુ ઉત્પાદન આપે છે અને જેઓ સ્વસ્થ થઈ રહ્યા છે, તેમને નીચેના પૂરક આહાર આપવા જોઈએ:
    *   પર્યાપ્ત માત્રામાં **લીલો ચારો** અને **સંકેન્દ્રિત ખોરાક**.
    *   **વિટામિન્સ** અને **ખનિજો** (જેમ કે જીઆઈએસ ગ્રામ મીઠું અને જીઆઈએસ ગ્રામ શકર મિશ્રણ).
*   **કેલ્શિયમ સપોર્ટ:** જો પ્રોલેપ્સ અન્ય પ્રસૂતિની સમસ્યાઓ સાથે સંકળાયેલ હોય, જેમ કે દૂધની તાવ, તો કેલ્શિયમથી ભરપૂર આહાર અને પશુચિકિત્સક દ્વારા આપવામાં આવતા કેલ્શિયમ ઇન્જેક્શન જરૂરી હોઈ શકે છે.

**મહત્વપૂર્ણ ચેતવણી:**
પ્રોલેપ્સ એક તબીબી કટોકટી છે. **જરૂરથી જમા થયેલા ગર્ભાશયને પાછું ધકેલવાનો પ્રયાસ કરશો નહીં**, કારણ કે તેનાથી ગંભીર રક્તસ્ત્રાવ થઈ શકે છે. તમારે તાત્કાલિક પશુચિકિત્સકનો સંપર્ક કરવો જોઈએ જેથી તેઓ યોગ્ય રીતે ગર્ભાશયને ફરીથી યોગ્ય સ્થાને મૂકી શકે અને સારવાર કરી શકે.

પશુચિકિત્સકની રાહ જોતી વખતે:
1. જમા થયેલા ભાગને સ્વચ્છ પ્લાસ્ટિક શીટ અથવા સપાટી પર મૂકો.
2. સ્વચ્છ પાણી અથવા પોટેશિયમ પરમેંગેનેટ દ્રાવણથી તે વિસ્તારને ભીનો રાખો.
3. તે ભાગને ગંદકી, માખીઓ અને પક્ષીઓથી સુરક્ષિત કરો.
4. જો શક્ય હોય, તો પ્રાણીના પાછળના ભાગને થોડો ઊંચો રાખો.","જ્યારે ગાયો અને ભેંસોને માટી ખાવામાં મુશ્કેલી પડે છે, ત્યારે સામાન્ય રીતે એનો અર્થ એ થાય છે કે તેઓ ખનિજ તત્વોની ઉણપ (જેમ કે મીઠું અથવા અન્ય ખનિજો) અથવા તેમના મુખ્ય ખોરાકની ઉપલબ્ધતાના અભાવને કારણે માટી ખાઈ રહી છે. તેમના ખોરાકમાં તમારે નીચેની બાબતો ધ્યાનમાં લેવી જોઈએ:

૧. સ્વચ્છ અને પૂરતા પ્રમાણમાં ઘાસ (લીલો ચારો, સૂકો ચારો) ઉપલબ્ધ થાય તેની ખાતરી કરો.
૨. જરૂરી પોષક તત્વોથી ભરપૂર સંતુલિત ઘન ખોરાક આપો.
૩. સારી ગુણવત્તાવાળા ખનિજ મિશ્રણ અને મીઠાની પટ્ટી આપીને ખનિજોની ઉણપને દૂર કરો, જેથી માટી ખાવાની તૃષ્ણા અટકે.
૪. પાણીની સપ્લાય તપાસો—હંમેશા તાજું અને પૂરતું પાણી ઉપલબ્ધ થાય તેની ખાતરી કરો.
૫. પશુઓને એવા વિસ્તારોમાં ચરાવવા ટાળો જ્યાં દૂષિત અથવા રાસાયણિક રીતે સારવાર કરેલી માટી હોઈ શકે.
૬. પિકા (અસામાન્ય વસ્તુઓ ખાવાની વૃત્તિ)ના ચિહ્નો માટે તપાસ કરો અને જો તે ચાલુ રહે તો પશુચિકિત્સકની સલાહ લો.

ખનિજ અને પોષણની ઉણપને દૂર કરવાથી સામાન્ય રીતે માટી ખાવાની વર્તણૂક ઓછી થાય છે. જો સમસ્યા ચાલુ રહે, તો પશુચિકિત્સક દ્વારા તપાસ કરાવવાની ભલામણ કરવામાં આવે છે, જેથી અન્ય સ્વાસ્થ્ય સમસ્યાઓનું કારણ જાણી શકાય.",grammar_fluency_compare,,"Response B is more natural and fluent overall, with fewer awkward constructions than Response A.",2,"The Gujarati is understandable, but it contains several unnatural phrases and some awkward technical wording, making it feel translated rather than native.",3,"The grammar is mostly correct and readable, though a few phrases are slightly unnatural and the tone is somewhat technical.",response_b,"Response B is more natural and fluent overall, with fewer awkward constructions than Response A.",1.8233,1215,113,1328,0.00141975
2,27,1.contradictory,chat,1.contradictory,10 દિવસના 45 કિ.ગ્રા. વાછરડાંને કૃમિનાશક દવા કેટલા ml અને ક્યારે આપવી?,"આપેલ દસ્તાવેજોના આધારે, વાછરડાને કૃમિનાશક દવા આપવાના સમય અને ડોઝ વિશે જુદા જુદા સૂચનો છે:

**ક્યારે દવા આપવી:**
ઘણા સ્ત્રોતો સૂચવે છે કે કૃમિનાશક દવાની પ્રથમ ડોઝ વાછરડાના જીવનના શરૂઆતના સમયમાં આપવી જોઈએ. ખાસ કરીને:
- કેટલાક માર્ગદર્શિકાઓમાં સૂચવવામાં આવ્યું છે કે તે જન્મના **10 દિવસની અંદર** આપવી જોઈએ (doc-c3c9fec0ddfb, doc-db97f263a81d, doc-39c2d408f8c5).
- અન્ય માર્ગદર્શિકાઓ સૂચવે છે કે પ્રથમ ડોઝ **15 થી 20 દિવસની વચ્ચે** આપવો જોઈએ (doc-ef226cde5062, doc-499aad261964).

**45 કિલો વજનવાળા વાછરડા માટે ડોઝ:**
""પરશ્વપ્રજન"" (અથવા પરશ્વપ્રાપ્ત) નામની દવા માટેના કૃમિનાશક કાર્યક્રમ અનુસાર, ડોઝ **10 કિલો શરીરના વજન દીઠ 4 મિલી** છે.

**45 કિલો** વજનવાળા વાછરડા માટે, ગણતરી કરેલ ડોઝ આ પ્રમાણે હશે:
- $4.5 \text{ (10 કિલોના એકમો)} \times 4 \text{ મિલી} = \mathbf{18 \text{ મિલી}}$

**સારાંશ:**
*   **સમય:** ચોક્કસ માર્ગદર્શિકાના આધારે, તે જન્મના 10 દિવસ પછી અથવા 20 દિવસ સુધીમાં આપી શકાય છે.
*   **ડોઝ:** આશરે **18 મિલી** (પરશ્વપ્રજન માટે 4 મિલી/10 કિલોના દરે).

*નોંધ: તમે જે દવા વાપરી રહ્યા છો તેના ચોક્કસ બ્રાન્ડ માટે, કૃપા કરીને તમારા સ્થાનિક પશુચિકિત્સક અથવા પશુપાલન અધિકારીની સલાહ લો, જેથી તમારા વાછરડા માટે યોગ્ય ડોઝ અને સલામતી સુનિશ્ચિત કરી શકાય.*","બચ્ચાં માટે કૃમિનાશક દવાના ડોઝ અને સમય ઉત્પાદન અને કૃમિના પ્રકાર પર આધાર રાખે છે. સામાન્ય રીતે, જો પશુચિકિત્સક દ્વારા ગંભીર કૃમિની સમસ્યાની પુષ્ટિ ન થાય તો 10 દિવસના બચ્ચાંને કૃમિનાશક દવા આપવાની ભલામણ કરવામાં આવતી નથી. મોટાભાગની પ્રમાણભૂત કૃમિનાશક દવાઓ 3-4 અઠવાડિયા પછી અથવા પશુચિકિત્સકની સલાહ મુજબ આપવામાં આવે છે.

10 દિવસના બચ્ચાંને પશુચિકિત્સકની સલાહ લીધા વિના કોઈપણ કૃમિનાશક દવા આપશો નહીં, કારણ કે ખોટો ડોઝ અથવા ખોટો સમય બચ્ચાના સ્વાસ્થ્યને નુકસાન પહોંચાડી શકે છે. કૃપા કરીને તમારા સ્થાનિક પશુચિકિત્સકનો સંપર્ક કરો અને બચ્ચાની ઉંમર અને વજન માટે યોગ્ય કૃમિનાશક યોજના અને ઉત્પાદન વિશે જાણો.",grammar_fluency_compare,,"Response B reads more naturally and fluently in Gujarati, while Response A is more technical and slightly less natural.",3,"Mostly grammatical and understandable Gujarati, but it sounds somewhat technical and not fully natural in places.",4,"Clear, grammatical, and natural-sounding Gujarati with a friendly, easy-to-understand tone.",response_b,"Response B reads more naturally and fluently in Gujarati, while Response A is more technical and slightly less natural.",1.9155,1000,108,1108,0.001236
3,29,1.contradictory,chat,1.contradictory,કૃમિનાશક દવાની ડોઝ ચૂકી ગઈ હોય તો શું કરવું?,"જો તમારા પશુઓને કૃમિનાશક દવા (એન્ટહેલ્મિન્ટિક) આપવાનું ચૂકી જાઓ છો, તો આગલી દવા 6 થી 7 અઠવાડિયા પછી આપવી જોઈએ.

સામાન્ય રીતે, પશુઓનું સ્વાસ્થ્ય જાળવવા, પાચન સુધારવા અને દૂધનું ઉત્પાદન વધારવા માટે વર્ષમાં બે વાર કૃમિનાશક દવા આપવાની ભલામણ કરવામાં આવે છે—એકવાર ચોમાસા પહેલાં અને એકવાર ચોમાસા પછી. શ્રેષ્ઠ પરિણામો માટે, હંમેશા પશુચિકિત્સકની સલાહ મુજબ કૃમિનાશક દવાઓનો ઉપયોગ કરો.","જો તમે તમારા પાલતુ પ્રાણીને કૃમિનાશક દવા આપવાનું ચૂકી જાઓ છો, તો જેવો તમને યાદ આવે તેવો ચૂકી ગયેલો ડોઝ આપો. પછી, નિયમિત ડોઝ આપવાનું ચાલુ રાખો. એક ડોઝ ચૂકી જવાને કારણે દવાની અસર થોડી ઓછી થઈ શકે છે, પરંતુ આગામી ડોઝ બમણો ન આપો. જો લાંબો સમય વીતી ગયો હોય અથવા તમને ખાતરી ન હોય, તો શ્રેષ્ઠ સલાહ અને શક્ય સમયપત્રક માટે તમારા સ્થાનિક પશુચિકિત્સકની સલાહ લો. વધુ સારી રીતે પશુધન વ્યવસ્થાપન માટે કૃમિનાશક દવા આપવાની તારીખોનો હંમેશા લેખિત રેકોર્ડ રાખો.",grammar_fluency_compare,,"Response A reads more naturally and has better overall fluency, even though both are somewhat technical.",3,"Mostly grammatical and understandable Gujarati, but it sounds somewhat technical and slightly unnatural in places.",2,"The grammar is understandable, but several phrases feel translated and awkward, with less natural flow.",response_a,"Response A reads more naturally and has better overall fluency, even though both are somewhat technical.",1.6149,622,103,725,0.00093
4,42,1.contradictory,chat,1.contradictory,મારી ભેસ ને હડકવા છે તેવું ડોકટરે કહ્યું અમે લોકોએ તેનું દૂધ પીધું હતું તો અમારે રસી લેવી પડે?,"ના, જો તમે રેબીઝથી પીડિત પ્રાણીનું દૂધ પીધું હોય તો રસી લેવાની જરૂર નથી, કારણ કે અત્યાર સુધીમાં દૂધ દ્વારા રેબીઝ ફેલાય છે તેવો કોઈ વિશ્વસનીય અથવા પ્રાયોગિક પુરાવો મળ્યો નથી. તેમ છતાં, રેબીઝથી પીડિત પ્રાણીઓનું દૂધ પીવું સલાહભર્યું નથી.","બ્રુસેલોસિસ એક ઝૂનોટિક રોગ છે, એટલે કે તે પ્રાણીઓથી મનુષ્યોમાં ફેલાય છે, મુખ્યત્વે કાચા અથવા ઉકાળ્યા વગરના દૂધના સેવન દ્વારા અથવા સંક્રમિત પ્રાણીઓ સાથે સીધો સંપર્ક થવાથી. જો તમે અને તમારા પરિવાર દ્વારા બ્રુસેલોસિસથી સંક્રમિત ભેંસનું કાચું અથવા ઉકાળ્યા વગરનું દૂધ પીવામાં આવ્યું હોય, તો ચેપ લાગવાનું જોખમ રહેલું છે.

જો કે, ભારતમાં અથવા મોટાભાગના દેશોમાં બ્રુસેલોસિસ માટે કોઈ નિયમિત માનવ રસી ઉપલબ્ધ નથી. તેના બદલે, નિવારણ પર ધ્યાન કેન્દ્રિત કરવામાં આવે છે:
- કાચા અથવા ઉકાળ્યા વગરના દૂધનું સેવન બંધ કરવું; દૂધ પીતા પહેલાં હંમેશાં ઉકાળો.
- પ્રાણીઓને સંભાળતી વખતે સારી સ્વચ્છતાનું પાલન કરવું.

જો કોઈને લાંબા સમય સુધી તાવ, સાંધામાં દુખાવો, શરીરમાં દુખાવો, નબળાઈ અથવા રાત્રે પરસેવો થવા જેવા લક્ષણો દેખાય, તો કૃપા કરીને તાત્કાલિક ડૉક્ટરની સલાહ લો અને તેમને બ્રુસેલોસિસથી સંક્રમિત પ્રાણી સાથેના સંપર્ક વિશે જણાવો. ડૉક્ટર ચોક્કસ પરીક્ષણો અને સારવારની ભલામણ કરી શકે છે.

હાલમાં, સંક્રમિત થયા પછી મનુષ્યો માટે કોઈ નિવારક રસી આપવામાં આવતી નથી. મૂલ્યાંકન અને જરૂરી સારવાર માટે માનવ આરોગ્યના નિષ્ણાતની તબીબી સલાહ લેવી જરૂરી છે.",grammar_fluency_compare,,"Response A is more natural and fluent in Gujarati, while Response B is correct but reads more like a technical explanation.",4,Grammatically correct Gujarati with natural flow and friendly tone.,3,"Mostly grammatical, but it sounds more technical and less natural/friendly in places.",response_a,"Response A is more natural and fluent in Gujarati, while Response B is correct but reads more like a technical explanation.",1.3555,778,100,878,0.0010335
5,80,1.contradictory,chat,1.contradictory,દુધમાંલોહી આવેતો લીંબુથી ફાયદો થાયકે દવા કરાવવી પડે?,"દૂધમાં લોહી આવવું એ સ્તનના સોજા (માસ્ટાઇટિસ)નું લક્ષણ હોઈ શકે છે, અને પરંપરાગત ઉપાયોમાં લીંબુ અને અન્ય ઘટકોનો ઉપયોગ કરવાની ભલામણ કરવામાં આવે છે.

**દૂધમાં લોહી આવવા માટેનો પરંપરાગત ઉપાય:**
દસ્તાવેજીકૃત પરંપરાગત પ્રથાઓ અનુસાર, તમે નીચે મુજબ કરી શકો છો:
*   **લીંબુ:** પ્રાણીને દરરોજ 2 લીંબુ 3 દિવસ સુધી ખવડાવો.
*   **નીમ અને ગુળ:** 2 મુઠ્ઠી જેટલા મીઠા નીમનાં પાન સાથે ગુળ મિક્સ કરીને દિવસમાં બે વાર પ્રાણીને ખવડાવો જ્યાં સુધી લોહી નીકળવાનું બંધ ન થાય.
*   **સ્તનની સંભાળ:** આ સાથે, એલોવેરા, હળદર, ચૂનો અને લીંબુની પેસ્ટથી સ્તનની માલિશ કરો (દિવસમાં 10 વાર, 5 દિવસ સુધી).

**મહત્વપૂર્ણ નોંધ:**
દૂધમાં લોહી આવવું અને સ્તનમાં સોજો એ ચેપ (માસ્ટાઇટિસ)ના ચિહ્નો છે. આ પરંપરાગત ઉપાયો સૂચવવામાં આવ્યા છે, પરંતુ તબીબી સારવાર (જેમ કે સીધા સ્તનમાં દવા આપવી) વધુ સારા પરિણામો આપી શકે છે.

એવું લાગે છે કે તમારા પ્રાણીને તબીબી સારવારની જરૂર પડી શકે છે. શું તમે પશુચિકિત્સક સાથે આરોગ્ય તપાસ માટે એપોઇન્ટમેન્ટ બુક કરવા માંગો છો?","દૂધમાં લોહી દેખાવું એ સામાન્ય રીતે કોઈ અંતર્ગત સ્વાસ્થ્ય સમસ્યાનું લક્ષણ હોય છે, જેમ કે મેસ્ટાઇટિસ, સ્તન પર ઈજા અથવા રુધિરાભિસરની તૂટફૂટ. લીંબુનો ઉપયોગ કરવાની ભલામણ કરવામાં આવતી નથી અને તે મૂળ કારણની સારવાર કરશે નહીં. સમસ્યાનું નિદાન અને સારવાર કરવા માટે તાત્કાલિક પશુચિકિત્સકની સલાહ લેવી જોઈએ. કોઈપણ ઘરેલું ઉપાય આપવાનું ટાળવું અને પશુચિકિત્સક દ્વારા તપાસ ન થાય ત્યાં સુધી દૂધનો ઉપયોગ માનવ વપરાશ માટે ન કરવો તે શ્રેષ્ઠ છે. શું તમે પશુચિકિત્સા સહાય માટે હેલ્થ કૉલ બુક કરવા માંગો છો?",grammar_fluency_compare,,"Response B reads more naturally and fluently in Gujarati, while Response A feels more technical and less natural.",3,"Grammar is mostly correct and understandable, but it sounds somewhat technical and unnatural in places.",4,"Well-formed Gujarati with natural structure and clear, friendly wording.",response_b,"Response B reads more naturally and fluently in Gujarati, while Response A feels more technical and less natural.",2.2564,844,100,944,0.001083
6,120,1.contradictory,chat,1.contradictory,વિયાણના 3 મહિના પછી ગાયમાં લાલ ડિસ્ચાર્જ કેમ થાય?,"બચ્ચાંને જન્મ આપ્યાના 3 મહિના પછી યોનિમાંથી લાલ રંગનો સ્ત્રાવ નીકળવો એ સામાન્ય હોઈ શકે છે, જે સૂચવે છે કે તમારી ગાયમાં માસિક ચક્ર (એસ્ટ્રસ) ચાલી રહ્યું છે.

પશુચિકિત્સા માર્ગદર્શિકા અનુસાર:
*   **માસિક ચક્ર:** ગાયો અને ભેંસો સામાન્ય રીતે બચ્ચાંને જન્મ આપ્યાના 60 થી 90 દિવસ (લગભગ 2 થી 3 મહિના) પછી ફરીથી માસિક ચક્રમાં આવે છે.
*   **માસિક ચક્રના લક્ષણો:** આ સમય દરમિયાન, યોનિમાર્ગમાં લાલાશ અને સ્પષ્ટ, પારદર્શક, ચીકણો સ્ત્રાવ જોવા મળે છે.
*   **સંવર્ધનનો સમય:** આ લક્ષણો દેખાવા પછી 12 થી 18 કલાકમાં સંવર્ધન અથવા કૃત્રિમ ગર્ભાધાન (AI) કરવાથી ગર્ભ ધારણની શક્યતા વધી જાય છે.

**મહત્વપૂર્ણ નોંધ:** લાલ રંગનો સ્ત્રાવ માસિક ચક્રનું લક્ષણ હોઈ શકે છે, પરંતુ જો સ્ત્રાવમાં દુર્ગંધ આવતી હોય, તેમાં પરુ હોય અથવા ગાય બીમાર લાગે (તાવ, ભૂખ ન લાગવી), તો તે ચેપ હોઈ શકે છે. આવા કિસ્સાઓમાં, કૃપા કરીને તાત્કાલિક પશુચિકિત્સકનો સંપર્ક કરો.

જો તમને લાગે કે તમારા પશુને તબીબી સારવારની જરૂર છે, તો શું તમે હેલ્થ કૉલ બુક કરવા માંગો છો?","ગર્ભાધાન કરાવ્યાના ત્રણ મહિના પછી ગાયમાંથી લાલ રંગનો (રક્તવાહ) સ્ત્રાવ નીકળે તો તે સામાન્ય રીતે ગર્ભપાત અથવા પ્રારંભિક ગર્ભના નુકસાનનો સંકેત હોય છે. ત્રણ મહિનામાં, ગાય ગર્ભાવસ્થાના મધ્ય તબક્કામાં હોવી જોઈએ અને તેમાં માસિક આવવું અથવા યોનિમાંથી અસામાન્ય સ્ત્રાવ થવો જોઈએ નહીં. લાલ સ્ત્રાવનો અર્થ એ થાય છે કે આંતરિક રક્તસ્રાવ થઈ શકે છે અથવા શરીર ગર્ભાશયની અંદરની વસ્તુઓને બહાર કાઢી રહ્યું છે, જેના માટે પશુચિકિત્સકની સારવાર જરૂરી છે.

પશુચિકિત્સક દ્વારા ગાયની તાત્કાલિક તપાસ કરાવવી મહત્વપૂર્ણ છે, કારણ કે તેનાથી ભવિષ્યમાં તેની પ્રજનન ક્ષમતા પર અસર પડી શકે છે અને તે ચેપ અથવા અન્ય પ્રજનન સંબંધિત સમસ્યાઓ સૂચવી શકે છે. હાલમાં, ગાયને સ્વચ્છ અને સૂકી જગ્યાએ રાખો, તેના ખાવાની આદત અને તાપમાન પર નજર રાખો અને તેને તણાવથી દૂર રાખો.

શું તમે પશુચિકિત્સકને તમારી ગાયની તપાસ માટે બોલાવવા માંગો છો?",grammar_fluency_compare,,"Both are similar in grammar quality, but Response A reads slightly more naturally and is a bit closer to a friendly explanatory style.",3,"Mostly grammatical and understandable Gujarati, but it sounds somewhat technical and not fully natural in places.",3,"Grammar is generally correct and readable, but the phrasing is a bit formal/technical and not fully natural for a farmer-friendly tone.",response_a,"Both are similar in grammar quality, but Response A reads slightly more naturally and is a bit closer to a friendly explanatory style.",1.8454,937,119,1056,0.00123825
7,141,1.contradictory,chat,1.contradictory,મારી પાડી ને ડુટો પાક્યો સ તો સુ કરું?,"જ્યારે તમારી ગાય માદા ગરમીમાં હોય, ત્યારે સફળ ગર્ભાધાન માટે સમયસર અને યોગ્ય રીતે સંવર્ધન કરવું એ સૌથી મહત્વપૂર્ણ પગલું છે. તમારે શું કરવું જોઈએ તે અહીં આપેલ છે:

### 1. સંવર્ધન માટેનો સમય (સામાન્ય નિયમો)
સંવર્ધન માટેનો શ્રેષ્ઠ સમય ગરમીના સમયગાળાના અંતિમ ભાગમાં અથવા તે પછી તરતનો છે.
- **સવારની ગરમી:** જો તમે સવારે ગાય માદાને ગરમીમાં હોતી જુઓ છો, તો બપોરે તેનું સંવર્ધન કરો.
- **ઊભી રહીને ગરમી:** જો તે ઊભી રહીને ગરમીમાં હોય, તો બીજા દિવસે બપોરે તેનું સંવર્ધન કરો.
- **ફોલો-અપ:** વધુ સારા પરિણામો માટે પ્રથમ સંવર્ધન પછી 6-10 કલાક પછી બીજું સંવર્ધન કરવું એ સામાન્ય રીતે સૂચવવામાં આવે છે.

### 2. સંવર્ધન માટેની આવશ્યકતાઓ
સંવર્ધન કરતા પહેલાં, ખાતરી કરો કે ગાય માદાએ યોગ્ય પરિપક્વતા પ્રાપ્ત કરી છે:
- **વજન:** ગાય માદાઓનું સામાન્ય રીતે સંવર્ધન ત્યારે કરવું જોઈએ જ્યારે તેનું વજન તેના પુખ્ત વજનના ઓછામાં ઓછા **50% થી 60%** સુધી પહોંચે (લગભગ 250-300 કિલો).
- **ઉંમર:** આ જાતિ પ્રમાણે બદલાય છે, પરંતુ દેશી ગાય માદાઓ સામાન્ય રીતે 2-2.5 વર્ષની ઉંમરે પ્રજનન માટે તૈયાર થાય છે, જ્યારે ક્રોસબ્રેડ ગાય માદાઓ 16-20 મહિનામાં તૈયાર થઈ શકે છે.

### 3. ભલામણ કરેલ પગલાં
ગર્ભાવસ્થાની શ્રેષ્ઠ તક સુનિશ્ચિત કરવા માટે, તમારે **કૃત્રિમ પરાગસંચાર (AI)** નો ઉપયોગ કરવો જોઈએ, જે કોઈ તાલીમ પામેલા વ્યાવસાયિક દ્વારા ઉચ્ચ ગુણવત્તાવાળા શુક્રાણુનો ઉપયોગ કરીને કરવામાં આવે.

**શું તમે કૃત્રિમ પરાગસંચાર (AI) માટે ટેકનિશિયન સાથે એપોઇન્ટમેન્ટ બુક કરવામાં મદદ કરવા માંગો છો?** જો હા, તો કૃપા કરીને જણાવો કે તમારી ગાય માદા **ગાય છે કે ભેંસ**.","ઝાડા થઈ રહેલા બચ્ચા માટે, સૌથી મહત્વપૂર્ણ તાત્કાલિક પગલું એ છે કે શરીરમાંથી પાણી ઘટતું અટકાવવું. બચ્ચાને સ્વચ્છ, તાજું પાણી આપો અને જો ઉપલબ્ધ હોય તો મૌખિક પુનર્જલીકરણ દ્રાવણ આપો. બચ્ચાને સ્વચ્છ અને સૂકી જગ્યાએ રાખો અને તેની પ્રવૃત્તિ અને ખોરાક લેવાનું ધ્યાન રાખો. જો તમને મળમાં લોહી દેખાય, તીવ્ર નબળાઈ, આંખો અંદર ધસી ગયેલી લાગે, પીવાની ના પાડવું અથવા સતત પાણી જેવા ઝાડા થતા હોય, તો આ ગંભીર હોઈ શકે છે.

એવું લાગે છે કે તમારા પ્રાણીને તબીબી સારવારની જરૂર પડી શકે છે. શું તમે હેલ્થ કૉલ બુક કરવા માંગો છો?",grammar_fluency_compare,,"Response A is more grammatically polished and coherent overall, even though it is too technical and not well matched to the user's question.",3,"Grammar is mostly correct and readable, but it sounds overly technical and not fully natural for the farmer's question.",3,"Grammar is generally correct, but it is somewhat unnatural and also mismatched to the question, making it feel less fluent in context.",response_a,"Response A is more grammatically polished and coherent overall, even though it is too technical and not well matched to the user's question.",2.7944,1008,123,1131,0.0013095
8,152,1.contradictory,chat,1.contradictory,બીજદાન કાર્યપછી ૫ -૬ દિવસ પછી સફેદ બગાડ કરે છે ?,"આપેલ દસ્તાવેજોના આધારે, કૃત્રિમ ગર્ભાધાન કરાવ્યા પછી 5-6 દિવસમાં સફેદ પ્રવાહી નીકળવું સામાન્ય છે કે નહીં, તે હું કહી શકતો નથી.

આપેલ દસ્તાવેજોમાં ઉલ્લેખ છે કે ગર્ભાધાન પહેલાં સ્પષ્ટ, સફેદ રંગના સ્ત્રાવનું નીકળવું એ સામાન્ય રીતે **ઉષ્માવસ્થા** (એસ્ટ્રસ) હોવાનો સંકેત છે, પરંતુ તેમાં ગર્ભાધાન કરાવ્યા પછી ખાસ કરીને 5-6 દિવસમાં થતા સામાન્ય અથવા અસામાન્ય સ્ત્રાવ વિશે કોઈ માહિતી નથી.

ગર્ભાધાન પછી થતો સ્ત્રાવ કેટલીકવાર ચેપ અથવા અન્ય ગર્ભાશય સંબંધિત સમસ્યાઓ સૂચવી શકે છે, તેથી હું ભલામણ કરું છું કે તમે ચોક્કસ નિદાન અને સલાહ માટે તમારા સ્થાનિક પશુચિકિત્સક અથવા પશુપાલન અધિકારીનો સંપર્ક કરો.","સામાન્ય રીતે, સફેદ ફૂગ (સ્ક્લેરોટીનિયા સ્ક્લેરોટીઓરમ) ઠંડી, ભેજવાળી અને ભેજવાળા હવામાન જેવી અનુકૂળ પરિસ્થિતિઓ પછી થોડા દિવસોમાં છોડ પર દેખાય છે, પરંતુ તેની હાજરી સીધી રીતે પરાગસ્રાવની પ્રક્રિયા સાથે જોડાયેલી નથી. યોગ્ય પરિસ્થિતિઓ હોય ત્યારે કોઈપણ વૃદ્ધિના તબક્કામાં ચેપ લાગી શકે છે, ખાસ કરીને જ્યારે ફૂલો અથવા યુવાન કઠોળ હોય, કારણ કે ફૂગ ઘણીવાર વૃદ્ધ થતા ફૂલોના ભાગો દ્વારા ચેપ લગાડે છે. જો કે, પરાગસ્રાવ પછી 5-6 દિવસમાં વિકાસ થાય તે એક સાર્વત્રિક નિયમ નથી - તે મોટાભાગે પર્યાવરણીય પરિબળો અને છોડની સંવેદનશીલતા પર આધાર રાખે છે.

સફેદ ફૂગના જોખમને ઘટાડવા માટે, યોગ્ય અંતર જાળવો, ઉપરથી પાણી આપવાનું ટાળો અને ચેપગ્રસ્ત છોડના અવશેષોને દૂર કરો. જો ફૂગનો ફેલાવો થાય અથવા ફૂલો ખીલ્યા પછી તરત જ લક્ષણો દેખાય, તો ફૂગનાશક દવા અથવા અન્ય નિયંત્રણ પદ્ધતિઓ માટે તમારા સ્થાનિક કૃષિ કાર્યાલયનો સંપર્ક કરો.",grammar_fluency_compare,,"Response A is more grammatically natural and coherent, even though it is still somewhat formal.",3,"Mostly grammatical and understandable Gujarati, but it sounds somewhat formal/technical and not fully natural for a farmer-friendly reply.",2,"The Gujarati is understandable in parts, but several phrases feel translated and awkward, with less natural structure overall.",response_a,"Response A is more grammatically natural and coherent, even though it is still somewhat formal.",1.8934,805,111,916,0.00110325
9,153,1.contradictory,chat,1.contradictory,માટી ખસી જવી એટલે શું?,"પશુઓમાં (જેમ કે ગાય અને ભેંસ) પ્રોલેપ્સ ત્યારે થાય છે જ્યારે કોઈ આંતરિક અંગ, મોટે ભાગે ગર્ભાશય અથવા યોનિ, યોનિમાર્ગ દ્વારા શરીરની બહાર નીકળી જાય છે અથવા સરકી જાય છે. આ સ્થિતિને સ્થાનિક રીતે ઘણીવાર *મતી ભાસી જવી* અથવા *દેહ બતાવવી* તરીકે ઓળખવામાં આવે છે.

**મુખ્ય વિગતો:**

*   **પ્રકાર:** તે **સંપૂર્ણ પ્રોલેપ્સ** હોઈ શકે છે, જેમાં આખું ગર્ભાશય ત્યાં સુધી બહાર નીકળી જાય છે જ્યાં સુધી ગર્ભાશયમુખ દેખાતું નથી, અથવા **અપૂર્ણ પ્રોલેપ્સ** હોઈ શકે છે, જેમાં ફક્ત એક ભાગ જ બહાર નીકળે છે.
*   **સમય:** તે મોટાભાગે બચ્ચાંને જન્મ આપતા પહેલાં અથવા પછી થાય છે.
*   **કારણો:** સામાન્ય કારણોમાં કેલ્શિયમની ઉણપ (જેનાથી સ્નાયુઓ નબળા પડે છે), હોર્મોનલ અસંતુલન (ગર્ભાવસ્થા દરમિયાન વધુ પડતું એસ્ટ્રોજન), મુશ્કેલ પ્રસૂતિ અથવા વધુ પડતો તાણ શામેલ છે.
*   **લક્ષણો:** તમને અંગ બહાર નીકળેલું, સોજો આવેલું દેખાશે અને પ્રાણીને તાણ લાગી શકે છે અથવા મળત્યાગ કરવામાં મુશ્કેલી પડી શકે છે.

**તાત્કાલિક ચેતવણી:** પ્રોલેપ્સ એક ગંભીર સ્થિતિ છે જેના કારણે ચેપ, ગંભીર લોહીની ઉણપ અથવા મૂત્રાશય પણ બહાર નીકળી જાય તો મૃત્યુ પણ થઈ શકે છે. **જો તમને શંકા જાય કે તમારા પ્રાણીને પ્રોલેપ્સ થયો છે, તો તાત્કાલિક સારવાર માટે પશુચિકિત્સકનો સંપર્ક કરો.**","જમીનનું ધોવાણ એ એક એવી પ્રક્રિયા છે જેમાં પવન, પાણી અથવા માનવીય પ્રવૃત્તિ જેવી કુદરતી શક્તિઓ દ્વારા જમીનના ઉપરના સ્તરને દૂર કરવામાં આવે છે. આનાથી જમીનની ફળદ્રુપતા ઘટી શકે છે અને મહત્વપૂર્ણ પોષક તત્વો અને કાર્બનિક પદાર્થોને ધોઈ નાખવાથી પાકની ઉપજમાં ઘટાડો થઈ શકે છે. જમીનના ધોવાણને રોકવા માટે, આવરણ પાક વાવવું, મલ્ચનો ઉપયોગ કરવો અને બંધ અથવા ટેરેસ બનાવવી જેવી પદ્ધતિઓનો સામાન્ય રીતે ઉપયોગ કરવામાં આવે છે.",grammar_fluency_compare,,"Response B is more natural and fluent in Gujarati, while Response A is correct but overly technical and less natural.",3,"Grammar is mostly correct and understandable, but the wording is technical and not very natural for a farmer-friendly explanation.",4,"The Gujarati is fluent, grammatically correct, and reads naturally with clear structure.",response_b,"Response B is more natural and fluent in Gujarati, while Response A is correct but overly technical and less natural.",2.8526,832,109,941,0.0011145
10,156,1.contradictory,chat,1.contradictory,વિયાણ બાદ ઠંડી પડી જવાનું કારણ શું?,"મિલ્ક ફીવર (જેને હાયપોકેલ્સેમિયા અથવા પાર્ટુરિયન્ટ પેરેસિસ તરીકે પણ ઓળખવામાં આવે છે) તે બચ્ચાંને જન્મ આપ્યા પછી તરત જ લોહીમાં કેલ્શિયમના સ્તરમાં ઝડપી ઘટાડો થવાને કારણે થાય છે.

તેનાં મુખ્ય કારણો આ પ્રમાણે છે:

*   **કેલ્શિયમની ઉણપ:** ખોરાકમાંથી કેલ્શિયમનું ઓછું સેવન અને કોલોસ્ટ્રમ અને દૂધના ઉત્પાદન દ્વારા કેલ્શિયમનું વધુ પ્રમાણમાં નુકસાન.
*   **કેલ્શિયમને મુક્ત કરવામાં અસમર્થતા:** મોટી અને વધુ દૂધ આપતી ગાયોમાં (ચોથી વાર બચ્ચાંને જન્મ આપતી અને તેનાથી વધુ), હાડકાંમાં ઓછી ઓસ્ટીઓબ્લાસ્ટ કોશિકાઓ હોવાથી, શરીર માટે સંગ્રહિત કેલ્શિયમને લોહીમાં મુક્ત કરવું મુશ્કેલ બને છે.
*   **બચ્ચાંને જન્મ આપતા પહેલાં ખોટી પોષણ પદ્ધતિ:** જો ખેડૂતો બચ્ચાંને જન્મ આપવાના છેલ્લા 15 દિવસમાં વધુ પડતા કેલ્શિયમ સપ્લિમેન્ટ્સ અથવા ખોરાક આપે, તો પેરાથાઇરોઇડ ગ્રંથિ નિષ્ક્રિય થઈ શકે છે. આનાથી બચ્ચાંને જન્મ આપતી વખતે લોહીમાં કેલ્શિયમનું સ્થાનાંતરણ વિલંબિત થાય છે, જેના કારણે આ રોગ થાય છે.
*   **ઝડપી દૂધ દોહણ:** બચ્ચાંને જન્મ આપ્યા પછી તરત જ સંપૂર્ણ દૂધ દોહવું અથવા બધું દૂધ વેચી દેવું પણ આ સ્થિતિને વધારે તીવ્ર બનાવી શકે છે.

જો તમને શંકા જાય કે તમારી પશુને મિલ્ક ફીવર થયો છે, તો કૃપા કરીને તાત્કાલિક સારવાર માટે પશુચિકિત્સકનો સંપર્ક કરો.","ગાયો અથવા ભેંસોમાં કૃત્રિમ ગર્ભાધાન કર્યા પછી, થોડું પ્રવાહી નીકળવું અથવા શરીરના હલકા ફેરફારો જોવા મળી શકે છે, પરંતુ સામાન્ય રીતે કૃત્રિમ ગર્ભાધાનના કારણે સીધી રીતે ""શરદી"" (જેમ કે નાકમાંથી પાણી નીકળવું, ઉધરસ અથવા તાવ) થતી નથી. જો તમારા પશુમાં કૃત્રિમ ગર્ભાધાન પછી તાવ, નાકમાંથી પ્રવાહી નીકળવું અથવા બીમાર હોવાના લક્ષણો દેખાય, તો તે કૃત્રિમ ગર્ભાધાન પ્રક્રિયાને કારણે નહીં, પરંતુ કોઈ અન્ય ચેપ, તણાવ અથવા રોગપ્રતિકારક પ્રતિભાવને કારણે હોઈ શકે છે.

તમારા પશુના સ્વાસ્થ્ય પર નજીકથી નજર રાખો. જો પશુમાં તાવ, ભૂખ ન લાગવી અથવા શ્વસન સંબંધિત સમસ્યાઓ જેવાં કોઈ પણ લક્ષણો દેખાય, તો શક્ય તેટલી વહેલી તકે પશુચિકિત્સકની સલાહ લો, કારણ કે આ માટે તાત્કાલિક સારવારની જરૂર પડી શકે છે.",grammar_fluency_compare,,"Response A is more fluent and grammatically consistent overall, even though it is somewhat technical.",3,"Grammar is mostly correct and understandable, but the wording is somewhat technical and not fully natural in places.",2,"The grammar is understandable but the response is awkward and feels translated, with some unnatural phrasing.",response_a,"Response A is more fluent and grammatically consistent overall, even though it is somewhat technical.",1.9586,964,106,1070,0.0012
11,157,1.contradictory,chat,1.contradictory,વિયાણ બાદ બાવળામાં આરહો હોય તો ગળી/ખાતી આંબલી લગાવી શકાય?,"આપેલ દસ્તાવેજોના આધારે, હું એ કહી શકતો નથી કે શું આમલીની પેસ્ટનો ઉપયોગ સ્તનગ્રંથિના સોજા માટે કરી શકાય છે કે નહીં.

જો કે, બચ્ચાંને જન્મ આપ્યા પછી સ્તનગ્રંથિના સોજા (માસ્ટિટિસ) માટે, દસ્તાવેજોમાં અન્ય પરંપરાગત અને સ્થાનિક પશુચિકિત્સા ઉપાયો સૂચવવામાં આવ્યા છે:

*   **એલોવેરા અને હળદરની પેસ્ટ:** એલોવેરા (250 ગ્રામ), હળદર (50 ગ્રામ) અને લીંબુ (15 ગ્રામ)નું મિશ્રણ કરીને લાલ રંગની પેસ્ટ બનાવો. સ્તનગ્રંથિને સાફ કરો અને દિવસમાં 10 વખત આ મિશ્રણથી માલિશ કરો, આ પ્રક્રિયા 5 દિવસ સુધી કરો. આ ઉપરાંત, પ્રાણીને 3 દિવસ સુધી દરરોજ 2 લીંબુ ખવડાવો.
*   **સબર ડેરીના સ્થાનિક પશુચિકિત્સા ઉત્પાદનો:** *એલો સબર* અને *સબર મિક્સ* નો ઉપયોગ કરીને પેસ્ટ બનાવો અને દિવસમાં ત્રણ વખત (દૂધ દોહ્યા પછી) સ્તનગ્રંથિ પર માલિશ કરો, અને *સબર અમૃત* જેલી જ્યુસ (150 મિલી) અને 3 દિવસ સુધી દરરોજ 2 લીંબુ ખવડાવો.
*   **કફૂરની સારવાર:** જ્યાં સુધી સોજો ઓછો ન થાય ત્યાં સુધી પ્રાણીને સવારે અને સાંજે 2 કફૂરની ગોળીઓ ખવડાવો અને સ્તનગ્રંથિ પર ઠંડુ પાણી છાંટો.

**મહત્વપૂર્ણ:** સ્તનગ્રંથિનો સોજો ગંભીર ચેપનું લક્ષણ હોઈ શકે છે. યોગ્ય નિદાન અને સારવાર માટે પશુચિકિત્સકની સલાહ લેવી ખૂબ જ મહત્વપૂર્ણ છે. જો તમારું પ્રાણી તકલીફમાં હોય, તો શું તમે ઇચ્છો છો કે હું તમારા માટે આરોગ્ય તપાસ માટે એપોઇન્ટમેન્ટ બુક કરું?","જો ગાયમાં યોનિમાર્ગમાંથી પ્રવાહી નીકળે છે, તો કૃત્રિમ ગર્ભાધાન કરાવ્યા પછી તેને ખાવામાં આપવા માટે ખાટી આમલી આપવી એ અંગે કોઈ વૈજ્ઞાનિક પુરાવા કે પશુચિકિત્સકની ભલામણ નથી. કૃત્રિમ ગર્ભાધાન પછી યોનિમાર્ગમાંથી પ્રવાહી નીકળવાના ઘણા કારણો હોઈ શકે છે, જેમ કે ચેપ અથવા બળતરા, અને પ્રવાહીનો રંગ, જથ્થો અને ગંધનું અવલોકન કરવું મહત્વપૂર્ણ છે.

**તમારે શું કરવું જોઈએ:**
- ખાટી આમલી જેવા ઘરેલું ઉપાયો આપશો નહીં, કારણ કે તે પ્રવાહી નીકળવાના કારણની સારવાર અથવા નિવારણ કરતું નથી અને તેનાથી ગાયના પાચનમાં ખલેલ પડી શકે છે.
- ગાયમાં તાવ, ભૂખ ન લાગવી, દુર્ગંધ મારતું અથવા ઘટ્ટ પીળું/લીલું પ્રવાહી નીકળવું અથવા કોઈ અસામાન્ય વર્તન દેખાય છે કે કેમ તેનું અવલોકન કરો.
- જો પ્રવાહીનું પ્રમાણ વધારે હોય, તેમાં રંગ હોય અથવા ગાયને સારું ન લાગતું હોય, તો યોગ્ય નિદાન અને સારવાર માટે તાત્કાલિક પશુચિકિત્સકનો સંપર્ક કરો.

આ સંદર્ભમાં આમલી ખવડાવવી એ કોઈ સ્વીકૃત અથવા સલામત પશુચિકિત્સા પદ્ધતિ નથી. પશુઓમાં પ્રજનન અથવા આરોગ્ય સંબંધિત સમસ્યાઓ માટે હંમેશાં લાયક પશુચિકિત્સકની સલાહ લો.",grammar_fluency_compare,,"Response B is more fluent and natural in Gujarati, with fewer awkward constructions than Response A.",2,"The Gujarati is understandable but reads like a translated medical explanation, with awkward phrasing and unnatural structure in several places.",3,"The Gujarati is mostly grammatical and clearer than A, though it still sounds somewhat formal and not fully natural or friendly.",response_b,"Response B is more fluent and natural in Gujarati, with fewer awkward constructions than Response A.",1.8164,1111,113,1224,0.00134175
12,166,1.contradictory,chat,1.contradictory,શંકર વાછરડીઓ માટે આદર્શ માપદંડ શું છે?,"સંકર જાતિની બકરીઓ માટે આદર્શ પ્રજનન અને શારીરિક માપદંડો નીચે મુજબ છે:

**પ્રજનન સંબંધિત માપદંડો:**
*   **પ્રથમ માસિક ચક્રની ઉંમર:** આશરે 15 મહિના.
*   **પ્રથમ કૃત્રિમ ગર્ભાધાનની ઉંમર:** 18 થી 21 મહિનાની વચ્ચે (કેટલાક રેકોર્ડ્સ સૂચવે છે કે ચોક્કસ સંકર જાતિના આધારે 24 થી 30 મહિના સુધી હોઈ શકે છે).
*   **પ્રથમ કૃત્રિમ ગર્ભાધાન સમયે વજન:** આદર્શ રીતે 240 થી 260 કિલોગ્રામની વચ્ચે.
*   **પ્રથમ બચ્ચાને જન્મ આપવાની ઉંમર:** 18 થી 21 મહિનાની વચ્ચે.
*   **પ્રથમ બચ્ચાને જન્મ આપતી વખતે વજન:** 240 થી 250 કિલોગ્રામ.

**ડેરી પશુઓની પસંદગી માટે સામાન્ય માપદંડો:**
બકરીઓની પસંદગી કરતી વખતે, તમારે નીચેના શારીરિક અને વર્તણૂકીય લક્ષણો પણ જોવા જોઈએ:
*   **દેખાવ:** પશુ કુપોષિત દેખાતું ન હોવું જોઈએ. તેજસ્વી આંખો, સમપ્રમાણ કાન અને સીધો, મજબૂત અને પહોળો પીઠ હોવો જોઈએ.
*   **શરીરનો આકાર:** બાજુથી જોતાં, પશુ ત્રિકોણાકાર (આગળથી સાંકડો અને પાછળથી પહોળો) દેખાતું હોવું જોઈએ.
*   **સ્વભાવ:** શાંત સ્વભાવવાળા પશુ પસંદ કરો, જે સંભાળ અને સફાઈ દરમિયાન સહકાર આપે.","શંકર (સંકર જાતિના) બચ્ચાં માટે આદર્શ ધોરણો આ મુજબ છે:

- જન્મ પછી તરત જ બચ્ચાંને પ્રથમ દૂધ (કોલોસ્ટ્રમ) આપવાનું શરૂ કરો અને નાભિની સ્વચ્છતા સુનિશ્ચિત કરો.
- પાચન સંબંધિત સમસ્યાઓથી બચવા અને સ્થિર વિકાસને પ્રોત્સાહન આપવા માટે દૈનિક દૂધને 10 સમાન ભાગોમાં વહેંચો.
- સંકર જાતિના બચ્ચાં માટે દરરોજ 300-400 ગ્રામ વજન વધારવાનું લક્ષ્ય રાખો.
- પ્રથમ 3 મહિના સુધી દૂધ આપવાનું ચાલુ રાખો, ત્યારબાદ ધીમે ધીમે બચ્ચાં માટેનું શરૂઆતનું ખોરાક/સંકેન્દ્રિત ખોરાક આપવાનું શરૂ કરો, 2 અઠવાડિયાથી લીલો ચારો આપો અને ખનિજ મિશ્રણની માત્રા 25 ગ્રામ (6-12 મહિના) થી વધારીને દરરોજ 50 ગ્રામ કરો.
- વહેલી તકે શ્રેષ્ઠ પ્રજનન ઉંમર સુધી પહોંચવા માટે 16-18 મહિનાની ઉંમરે 250-275 કિલો વજનનું લક્ષ્ય રાખો.
- નિયમિત કૃમિનાશક દવા આપો, વિટામિન-ખનિજ પૂરક આહાર આપો અને સમયસર રસીકરણ કરાવો.
- વધુ સારા સંચાલન માટે જન્મના પ્રથમ 15 દિવસમાં બચ્ચાંના શિંગડા દૂર કરો.
- સ્વચ્છ પાણીની સતત ઉપલબ્ધતા અને લીલા ચારા, સૂકા ચારા અને ખનિજોનું સંતુલિત પ્રમાણ સુનિશ્ચિત કરો.

સારું બચ્ચાં સંચાલન ઝડપી વિકાસ, વહેલી તરુણાવસ્થા, વધુ સારી તંદુરસ્તી અને ભવિષ્યમાં વધુ દૂધ ઉત્પાદનમાં મદદ કરે છે. હંમેશાં સ્થાન અને જાતિ-વિશિષ્ટ સલાહ માટે તમારા સ્થાનિક પશુચિકિત્સકની સલાહ લો.
સ્રોત: કૃષિગોપિયા, અમૂલ ફીડ એન્ડ સપ્લીમેન્ટ્સ બ્રોશર, પ્રમાણભૂત પશુપાલન માર્ગદર્શિકા.",grammar_fluency_compare,,"Response A is slightly more coherent and natural in structure, even though both are similarly technical.",3,"Grammatically correct overall, but it is somewhat technical and not very natural for a farmer-facing answer.",3,"Mostly grammatical and readable, but it sounds more like a translated advisory list than natural Gujarati.",response_a,"Response A is slightly more coherent and natural in structure, even though both are similarly technical.",1.6867,1164,106,1270,0.00135
13,167,1.contradictory,chat,1.contradictory,તબેલાથી ઉકરડો કેટલા અંતરે હોવો જોઈએ,ગૌશાળા અને છાણના સંગ્રહ માટેના વિસ્તાર વચ્ચે ઓછામાં ઓછું 60 ફૂટનું અંતર રાખવું જોઈએ.,"આદર્શ રીતે, ચારાનું કુંડું પશુઓ રાખવાની જગ્યાની નજીક હોવું જોઈએ, સામાન્ય રીતે તે જગ્યાથી 1-2 મીટરના અંતરે હોવું જોઈએ. આનાથી ચારો આપવાનું સરળ બને છે અને પશુઓ તેમજ કામદારો બંને માટે મહેનત ઓછી થાય છે. જો કે, એ વાતનું ધ્યાન રાખો કે પશુઓ આરામથી કુંડા સુધી પહોંચી શકે અને તેને સાફ કરવામાં સરળતા રહે તે માટે પૂરતી જગ્યા હોવી જોઈએ. કુંડાની આસપાસ સારી વેન્ટિલેશન અને પાણી નિકાલની વ્યવસ્થા હોવી પણ મહત્વપૂર્ણ છે, જેથી પાણી ભરાઈ ન રહે અને સ્વચ્છતા જળવાઈ રહે. ચોક્કસ જગ્યા નક્કી કરવા માટે, તમારા શેડની ડિઝાઇન અને પશુઓની સંખ્યાના આધારે સ્થાનિક પશુધન અધિકારીની સલાહ લો.",grammar_fluency_compare,,"Response A is shorter, more natural, and reads more fluently in Gujarati.",4,"Grammatically correct Gujarati, natural and concise, with a friendly tone.",3,"Mostly grammatical, but it sounds more technical and less natural/friendly for a farmer.",response_a,"Response A is shorter, more natural, and reads more fluently in Gujarati.",1.4001,519,97,616,0.00082575
14,168,1.contradictory,chat,1.contradictory,તબેલાની પાછળની ઊંચાઈ કેટલી હોવી જોઈએ,"ગૌશાળાની પાછળની બાજુની ઊંચાઈ **7 ફૂટ** હોવી જોઈએ. સરખામણી માટે, આગળની બાજુની ઊંચાઈ 10 ફૂટ હોવી જોઈએ.","ડેરી પશુઓ માટે ખોરાક આપવાના ટ્રોફ (જેને મેન્જર અથવા બંક પણ કહેવાય છે)ની ઊંચાઈ સામાન્ય રીતે લગભગ 0.4–0.5 મીટર (40–50 સેમી) હોવી જોઈએ, જે જમીનથી એટલી ઊંચાઈ પર હોવી જોઈએ કે જ્યાં પશુ ઊભું રહે. આ ઊંચાઈ પશુઓને ખોરાકમાં પગ મૂકતા અટકાવે છે, ખોરાકની બગાડ ઘટાડે છે અને પશુઓને આરામથી ખોરાક ખાવામાં મદદ કરે છે.

નાના બચ્ચાં અથવા નાના જાતિના પશુઓ માટે, ઊંચાઈ થોડી ઓછી (લગભગ 30 સેમી) રાખી શકાય છે. ભેંસો અથવા મોટા ગાયો માટે, 50 સેમી સુધીની ઊંચાઈ યોગ્ય છે. એ વાતનું ધ્યાન રાખવું જરૂરી છે કે કિનારો તીક્ષ્ણ ન હોવો જોઈએ અને તેનાથી પશુના ગળા અથવા મોંને ઈજા ન થવી જોઈએ.

તમારા પશુના કદ અને વ્યવસ્થાપન પદ્ધતિને અનુરૂપ ચોક્કસ ભલામણો માટે હંમેશા તમારા સ્થાનિક પશુધન અધિકારી અથવા ડેરી એન્જિનિયરની સલાહ લો.",grammar_fluency_compare,,"Response A is shorter, more natural, and better matches the friendly, easy-to-understand style requested.",4,"Grammatically correct Gujarati, natural and easy to understand, with a friendly tone.",3,"Mostly grammatical, but it sounds technical and less natural for a farmer-facing answer.",response_a,"Response A is shorter, more natural, and better matches the friendly, easy-to-understand style requested.",1.7629,622,103,725,0.00093
15,169,1.contradictory,chat,1.contradictory,તબેલામાં ગમાણની ઊંચાઈ કેટલી( પશુ ઉભું રહે એ બાજુથી),"ચારાના ખાનાનો તળિયેનો ભાગ જમીનથી એક ફૂટ ઊંચો હોવો જોઈએ. ડિઝાઇન પ્રમાણે, તે સામાન્ય રીતે 2 ફૂટ પહોળો અને 1.5 ફૂટ ઊંડો હોય છે, અથવા કેટલાક આધુનિક ડિઝાઇનમાં, તે 2.5 ફૂટ પહોળો અને ચારાની બાજુએ 1.5 ફૂટ ઊંચો હોઈ શકે છે.","સ્ટોલ પાર્ટીશનની ભલામણ કરેલ ઊંચાઈ (જ્યાંથી પ્રાણી ઊભું હોય તે બાજુથી માપવામાં આવે છે) સામાન્ય રીતે લગભગ 1 થી 1.2 મીટર (3.3 થી 4 ફૂટ) હોય છે. આ ઊંચાઈ મોટાભાગની પુખ્ત વયની ગાયો અને ભેંસો માટે આરામદાયક હોય છે, જેનાથી પ્રાણી સુરક્ષિત રીતે ઊભું રહી શકે છે અને હલનચલન કરી શકે છે, સાથે જ તે બીજા સ્ટોલમાં કૂદી જતું અટકાવે છે. હંમેશાં એ સુનિશ્ચિત કરો કે ડિઝાઇન મજબૂત અને સરળ હોય, જેથી પ્રાણીઓને ઈજા ન થાય. ચોક્કસ માપ માટે, તમારા સ્થાનિક પશુચિકિત્સક અથવા પશુધન અધિકારીની સલાહ લો, કારણ કે ભલામણો જાતિ અને સુવિધાની ડિઝાઇનના આધારે થોડી અલગ હોઈ શકે છે.",grammar_fluency_compare,,"Response B is more fluent and natural overall, with fewer awkward constructions than Response A.",2,"The Gujarati is understandable, but it reads like a mistranslated answer and does not directly fit the question. Some phrasing is unnatural and the content is off-topic.",3,"The Gujarati is mostly grammatical and readable, though it sounds somewhat technical and not fully natural. It answers the question more clearly than A.",response_b,"Response B is more fluent and natural overall, with fewer awkward constructions than Response A.",1.5662,618,127,745,0.001035
16,193,1.contradictory,chat,1.contradictory,ભેંસની પાડી કેટલા મહિનાની થયા પછી AI કરી શકાય?,"ઉપલબ્ધ દસ્તાવેજોના આધારે, ભેંસની બચ્ચીમાં કૃત્રિમ ગર્ભાધાન (AI) કયા ઉંમરે કરવું જોઈએ તે અંગે વિવિધ ભલામણો છે:

*   એક સ્ત્રોત જણાવે છે કે બચ્ચીને **18–22 મહિનાની ઉંમરે** સંવર્ધન કરી શકાય છે.
*   બીજો સ્ત્રોત ભેંસની બચ્ચીઓમાં **28–33 મહિનાની ઉંમરે** કૃત્રિમ ગર્ભાધાન કરવાની ભલામણ કરે છે.

વધુમાં, એ નોંધવામાં આવ્યું છે કે પરિપક્વતા પ્રાપ્ત કરવા માટે વજન ઉંમર કરતાં વધુ મહત્વનું છે; ભેંસની બચ્ચીઓ સામાન્ય રીતે **225 થી 275 કિલોગ્રામ** વજન પર પહોંચ્યા પછી તરત જ પ્રજનનક્ષમ બને છે.

શ્રેષ્ઠ પરિણામો માટે, ખાતરી કરો કે બચ્ચી માદરમાં છે અને માદરાના ચિહ્નો દેખાવાનું શરૂ થયા પછી **12–18 કલાક**ની અંદર કૃત્રિમ ગર્ભાધાન કરો.","ભ ભેંસમાં કૃત્રિમ ગર્ભાધાન (AI) સામાન્ય રીતે બચ્ચાંને જન્મ આપ્યા પછી ઓછામાં ઓછા 2 થી 3 મહિના (60-90 દિવસ) પછી કરવું જોઈએ, જ્યારે પ્રાણી સ્વસ્થ થઈ જાય, ગર્ભાશયનું સ્વાસ્થ્ય પુનઃસ્થાપિત થાય અને નિયમિત માસિક ચક્ર ફરી શરૂ થાય. ચોક્કસ સમયગાળો ભેંસના સ્વાસ્થ્ય અને દૂધ ઉત્પાદન પર આધાર રાખે છે, પરંતુ પ્રાણીમાં સ્વસ્થ થયા પછી માસિક ચક્રના સ્પષ્ટ સંકેતો દેખાય ત્યારે ગર્ભાધાન કરવું શ્રેષ્ઠ છે.

તમારી ભેંસની ચોક્કસ સ્થિતિ અને સંચાલન અનુસાર યોગ્ય સમય જાણવા માટે હંમેશા તમારા સ્થાનિક પશુચિકિત્સક અથવા AI ટેકનિશિયનની સલાહ લો.",grammar_fluency_compare,,"Response A is more fluent and grammatically natural overall, even though it is still somewhat technical.",3,"Grammar is mostly correct and understandable, but the wording is somewhat technical and not fully natural in Gujarati.",2,"The response has noticeable awkward phrasing and repetition, and parts read like a direct translation rather than natural Gujarati.",response_a,"Response A is more fluent and grammatically natural overall, even though it is still somewhat technical.",1.4893,725,110,835,0.00103875
17,2,1.contradictory,voice,1.contradictory,સુમૂલમાંથી લોન મળે છે કે નહીં?,હા દૂધ ઉત્પાદકો માટે લોન ઉપલબ્ધ છે. ઉદાહરણ તરીકે જો તમારી સરેરાશ દૈનિક દૂધ વેચાણ પચાસ લિટર અથવા તેનાથી વધુ હોય તો તમે દસ લાખ રૂપિયાની લોન મેળવી શકો છો અથવા જો તમારું વેચાણ પચીસ લિટર અથવા તેનાથી વધુ હોય તો તમે પાંચ લાખ રૂપિયાની લોન મેળવી શકો છો. શું આપને કોઈ અન્ય માહિતીની જરૂર છે?,હાલમાં મારી પાસે લોન યોજનાની ચોક્કસ માહિતી નથી અને તે દરેક યુનિયન પ્રમાણે બદલાઈ શકે છે. કૃપા કરીને તમારા ગામની ડેરી સોસાયટી અથવા સુમુલ ઓફિસનો સીધો સંપર્ક કરીને વર્તમાન લોન અથવા નાણાકીય યોજનાઓ વિશે પૂછો.,grammar_fluency_compare,,"Both are grammatically strong, but Response A sounds a bit more natural and friendly in Gujarati.",4,"Grammatically correct Gujarati, natural flow, and friendly tone. It is easy to understand for a farmer.",4,"Grammatically correct Gujarati with clear structure. The tone is polite and understandable, though slightly more formal.",response_a,"Both are grammatically strong, but Response A sounds a bit more natural and friendly in Gujarati.",1.7821,459,111,570,0.00084375
18,4,1.contradictory,voice,1.contradictory,ખસીકરણ (કાસ્ટ્રેશન) માટે યોગ્ય/ચોક્કસ ઉંમર કઈ છે?,નર બકરીના બચ્ચાંને નરક્રિયા કરવા માટે આદર્શ ઉંમર ત્રણથી ચાર મહિનાની હોય છે. આ પદ્ધતિથી પશુનું વજન ઝડપથી વધે છે અને માંસની ગુણવત્તામાં સુધારો થાય છે.,સાંઢના બચ્ચાં માટે ખસીકરણ કરવાનો શ્રેષ્ઠ સમય સામાન્ય રીતે ત્રણથી છ મહિનાની વચ્ચે હોય છે. તે હંમેશાં કોઈ તાલીમ પામેલા પશુચિકિત્સક દ્વારા જ કરાવવું જોઈએ જેથી વાછરડાને યોગ્ય રીતે પીડા નિયંત્રણ મળી રહે અને ચેપ ન લાગે.,grammar_fluency_compare,,"Both are similarly fluent, but Response B reads a bit more naturally and clearly overall.",3,"Grammatically correct and understandable, but the wording is a bit technical and not fully natural in tone.",3,"Grammar is correct and fluent, though it sounds somewhat technical and slightly less natural for a farmer-friendly answer.",response_b,"Both are similarly fluent, but Response B reads a bit more naturally and clearly overall.",1.8635,436,108,544,0.000813
19,54,1.contradictory,voice,1.contradictory,ડેરી ની પાડી / વાછરડી ઉછેર યોજનાની માહિતી આપો?,આ યોજના હેઠળ કૃત્રિમ બીજદાન દ્વારા જન્મેલા અને શુદ્ધ ઓલાદના બુલમાંથી પેદા થયેલા પાડાને જન્મથી લઈને ચોવીસ મહિનાની ઉંમર સુધી દર મહિને પંદર હજાર રૂપિયા આપવામાં આવે છે. આપ આ અને અન્ય પશુઓ માટેની સહાય માટે આઈ ખેડુત પોર્ટલ દ્વારા ઓનલાઈન અરજી કરી શકો છો. શું આપને કોઈ અન્ય માહિતીની જરૂર છે?,હાલમાં મારી પાસે રહેલી માહિતીમાં ડેરીમાં ઉછેરવામાં આવતી વોડકી અથવા વાછરડા માટેની ચોક્કસ યોજનાની વિગતો ઉપલબ્ધ નથી. કૃપા કરીને તમારા ગામની ડેરી સોસાયટી અથવા યુનિયનના કાર્યાલયનો સંપર્ક કરો તેઓ તમને પાત્રતા મળનારી સહાયની રકમ અને અરજી કેવી રીતે કરવી તે જણાવશે.,grammar_fluency_compare,,"Response A sounds a bit more natural and friendly in Gujarati, even though both are similarly correct overall.",3,"Mostly grammatical and understandable Gujarati, with a friendly tone, but some wording is a bit unnatural and the scheme details seem awkwardly phrased.",3,"Grammatically correct overall and easy to understand, but it sounds somewhat formal and slightly unnatural in places.",response_a,"Response A sounds a bit more natural and friendly in Gujarati, even though both are similarly correct overall.",3.5461,481,118,599,0.00089175
20,80,1.contradictory,voice,1.contradictory,દુધમાંલોહી આવેતો લીંબુથી ફાયદો થાયકે દવા કરાવવી પડે?,હા લીંબુ ફાયદાકારક હોઈ શકે છે. આપ સવારે અને સાંજે પશુને બેબે લીંબુ ખવડાવી શકો છો. વધુ સારા પરિણામો માટે તમે દિવસમાં બે વાર લોહી નીકળવાનું બંધ થાય ત્યાં સુધી બે મુઠ્ઠી જેટલાં મીઠા લીમડાનાં પાન અને ગોળની પેસ્ટ ભેળવીને ખવડાવી શકો છો. શું આપને કોઈ અન્ય માહિતીની જરૂર છે?,દૂધમાં લીંબુનો ઉપયોગ કરશો નહીં કારણ કે દૂધમાં લોહી હોવું એ સામાન્ય રીતે આંચળ અથવા બાવલાના રોગો જેમ કે આંચળનો સોજો સૂચવે છે અને તેના માટે યોગ્ય પશુચિકિત્સા સારવારની જરૂર પડે છે. તરત જ પશુચિકિત્સકને બોલાવો અને તે દરમિયાન અસરગ્રસ્ત આંચળમાંથી ધીમેથી દૂધ દોહો અને બાવલું સ્વચ્છ રાખો.,grammar_fluency_compare,,"Response B reads more naturally and fluently in Gujarati, while Response A has a few awkward constructions.",3,"Mostly grammatical and understandable Gujarati, but some phrasing is unnatural and a bit awkward.",4,"Clear, grammatical, and natural Gujarati with a friendly, easy-to-understand tone.",response_b,"Response B reads more naturally and fluently in Gujarati, while Response A has a few awkward constructions.",1.56,518,103,621,0.000852
21,96,1.contradictory,voice,1.contradictory,ગાય ગોળ ગોળ ફરે અને પછી ઝરે/ડિસ્ચાર્જ થાય તો શું કરવું?,વર્તુળોમાં ચાલવું એ કિટોસીસનું લક્ષણ હોઈ શકે છે જ્યારે યોનિમાંથી થતા પ્રવાહીનો સ્ત્રાવ ગર્ભાશયના ચેપ જેવો કે ગર્ભાશયની દીવાલનો સોજો સૂચવી શકે છે. સચોટ નિદાન અને સારવાર માટે કૃપા કરીને તાત્કાલિક પશુચિકિત્સકનો સંપર્ક કરો.,આ ગરમીમાં આવવાનું હોવાની શક્યતા છે તેથી તમારે બીજદાન કાર્યકરને બોલાવવો જોઈએ અને ગાયને લગભગ બાર કલાકની અંદર બીજદાન કરાવવું જોઈએ ત્યારથી તમે પહેલીવાર તેને ગોળ ગોળ ફરતી અને સ્પષ્ટ પ્રવાહી  આવતું જુઓ છો.,grammar_fluency_compare,,"Response A is more grammatically polished and natural, even though it is somewhat technical.",3,"Grammatically correct and understandable, but it sounds technical and a bit clinical rather than friendly.",2,"The sentence is awkward and run-on, with unnatural phrasing and weaker grammar overall.",response_a,"Response A is more grammatically polished and natural, even though it is somewhat technical.",1.8716,459,102,561,0.00080325
22,110,1.contradictory,voice,1.contradictory,ભાષા અંગ્રેજી અને તમિલમાં કરો/બતાવો,નમસ્તે. કૃપા કરીને જણાવો કે તમારા પશુને કઈ સમસ્યા છે.,તમને આપોઆપ તમારી ભાષામાં માહિતી મળી જશે તમારે કંઈપણ બદલવાની જરૂર નથી.,grammar_fluency_compare,,"Response A sounds more natural and friendly, while Response B is correct but a bit awkward in phrasing.",4,"Grammatically correct, natural, and friendly Gujarati.",4,"Grammatically correct Gujarati and easy to understand, though slightly less natural in tone.",response_a,"Response A sounds more natural and friendly, while Response B is correct but a bit awkward in phrasing.",16.3188,342,98,440,0.0006975
23,141,1.contradictory,voice,1.contradictory,મારી પાડી ને ડુટો પાક્યો સ તો સુ કરું?,પશુમાં જ્યારે પહેલીવાર ગરમીમાં આવવાના લક્ષણો દેખાય ત્યાર પછી બારથી અઢાર કલાકની વચ્ચે કૃત્રિમ બીજદાન કરવું જોઈએ. ઉદાહરણ તરીકે જો તે સવારે ગરમીમાં આવે તો સાંજે તેનું કૃત્રિમ ગર્ભાધાન કરો. શું તમને કૃત્રિમ બીજદાન માટે એપોઇન્ટમેન્ટ બુક કરાવવામાં મદદની જરૂર છે?,આનાથી એવું લાગે છે કે આમાં ફોડો થયો છે અથવા ચાંદા પડી છે તેથી જાતે તેને કાપશો નહીં અને તાત્કાલિક પશુચિકિત્સકને બોલાવો. ડોક્ટર આવે ત્યાં સુધી તે જગ્યાને સ્વચ્છ રાખો અને તમે થોડું મીઠું નાખીને ગરમ પાણીમાં પલાળેલા કપડાંથી શેક કરી શકો છો જેનાથી દુખાવામાં રાહત મળશે.,grammar_fluency_compare,,"Both responses are similarly grammatical and fluent, with only minor naturalness issues and no clear winner.",3,"Grammatically correct Gujarati overall, but it sounds somewhat technical and not fully natural for a farmer-facing reply.",3,"Mostly correct Gujarati with clear structure, though it is a bit formal/clinical and not especially conversational.",both,"Both responses are similarly grammatical and fluent, with only minor naturalness issues and no clear winner.",1.8863,481,109,590,0.00085125
24,186,1.contradictory,voice,1.contradictory,ખરીદેલી ગાયના થણ પર વાળ હોય તો શું તે પ્રથમ વિયાણ (ફર્સ્ટ કાલ્વર) હશે?,બાવળા પરના વાળ સામાન્ય રીતે એ વાતનો સંકેત છે કે ગાય પહેલી વાર બચ્ચાને જન્મ આપવાની છે. ચોક્કસ ખાતરી કરવા માટે કૃપા કરીને તેના દાંતની તપાસ કરીને પશુની ઉંમરની ચકાસણી કરો.,ના ફક્ત બાવળા પરના વાળ હોવાથી તે પહેલી વાર બચ્ચાંને જન્મ આપનાર પશુ છે કે નહીં તે ચોક્કસ રીતે કહી શકાય નહીં. બાવલાના કદ અને આંચળના આકાર પર ધ્યાન આપો અને વેચનાર પાસેથી વિયાણના યોગ્ય ઇતિહાસ વિશે પૂછો.,grammar_fluency_compare,,Response A reads more naturally and has better grammar and flow than Response B.,3,"Grammatically correct and understandable, but the wording is a bit unnatural and slightly technical.",2,"Mostly understandable, but several phrases sound translated and less natural in Gujarati.",response_a,Response A reads more naturally and has better grammar and flow than Response B.,1.4668,445,96,541,0.00076575
25,3,2.prod_better,chat,2.prod_better,ભાવફેર (price difference) કેવી રીતે ગણાય છે?,તમે કયા ડેરી સંઘ અથવા સહકારી સંસ્થા વિશે પૂછી રહ્યા છો?,"""ભાવ તફાવત""ની ગણતરી વિશેના તમારા પ્રશ્નનો જવાબ આપવા માટે, કૃપા કરીને તમે કયા પ્રકારના ભાવ તફાવત વિશે પૂછી રહ્યા છો તે સ્પષ્ટ કરો. ઉદાહરણ તરીકે, શું તમે આના વિશે પૂછી રહ્યા છો:

- ડેરી સંઘ/સહકારી સંસ્થા તરફથી થતી તમારી ચુકવણીમાં દૂધના ભાવમાં તફાવત?
- દૂધ, પશુ આહાર અથવા અન્ય વસ્તુઓના બજાર ભાવોમાં તફાવત?
- દૂધ એકત્ર કરવાની સ્લિપમાં ભાવ તફાવતની ગોઠવણ?

જો તમે ચોક્કસ સંદર્ભ (દૂધની ચુકવણી, ઉત્પાદનનું વેચાણ, આહારની ખરીદી વગેરે) અને તમે જે ડેરી સંઘ અથવા સહકારી સંસ્થા સાથે સંકળાયેલા છો તે સ્પષ્ટ કરશો, તો હું ચોક્કસ અને સચોટ જવાબ આપી શકું છું.",grammar_fluency_compare,,"Response A is shorter, clearer, and sounds more natural in Gujarati, while Response B is more verbose and slightly less fluent.",4,"Grammatically correct, natural Gujarati, and friendly in tone.",3,"Mostly correct, but it sounds more technical and less natural/friendly.",response_a,"Response A is shorter, clearer, and sounds more natural in Gujarati, while Response B is more verbose and slightly less fluent.",1.3728,516,101,617,0.0008415
26,11,2.prod_better,chat,2.prod_better,સુપર ફેટ અને બાયપાસ ફેટમાં શું તફાવત છે?,"આપેલ દસ્તાવેજોના આધારે, બાયપાસ ફેટ વિશે અહીં સમજૂતી આપવામાં આવી છે. કૃપા કરીને નોંધ કરો કે દસ્તાવેજોમાં ""સુપર ફેટ"" નામની કોઈ ચોક્કસ વ્યાખ્યા આપવામાં આવી નથી, પરંતુ તે બાયપાસ ફેટ અને ""અમૂલ સુપર ડેન"" જેવા ઉચ્ચ-ફેટવાળા ખોરાક વિશે વિગતવાર માહિતી પ્રદાન કરે છે.

**બાયપાસ ફેટ**
બાયપાસ ફેટ એ રૂમેન-સંરક્ષિત ફેટ છે (સામાન્ય રીતે લાંબી-શૃંખલા ફેટી એસિડ અને કેલ્શિયમ ક્ષારનું મિશ્રણ), જે રૂમેનને ટાળવા અને સીધું નાના આંતરડામાં શોષાય તે માટે બનાવવામાં આવે છે.

*   **તેનો ઉપયોગ શા માટે કરવામાં આવે છે:** રૂમિનેન્ટ્સમાં, જો સામાન્ય તેલ અથવા ફેટ આહારના 4-5% થી વધુ હોય, તો તે રેસાવાળા પદાર્થોને આવરી લે છે અને રૂમેન આથોને અવરોધે છે, જે પ્રાણીના સ્વાસ્થ્યને નુકસાન પહોંચાડે છે. બાયપાસ ફેટ આ પાચન પ્રક્રિયામાં દખલ કર્યા વિના ઉચ્ચ ઊર્જા પ્રદાન કરે છે.
*   **લાભો:**
    *   દૂધનું ઉત્પાદન અને દૂધમાં ચરબીની ટકાવારીમાં વધારો કરે છે.
    *   પરિવર્તન સમયગાળા દરમિયાન કેટોસિસ અને ફેટી લીવર જેવી ચયાપચયની વિકૃતિઓને અટકાવે છે.
    *   ઉચ્ચ ઉત્પાદન આપતા પ્રાણીઓમાં શરીરનું વજન અને સ્થિતિ જાળવવામાં મદદ કરે છે, ખાસ કરીને બચ્ચા પછી.
    *   પ્રજનન કાર્યક્ષમતામાં સુધારો કરે છે અને બચ્ચા વચ્ચેનો સમયગાળો ઘટાડે છે.
*   **કોને તેની જરૂર છે:** તે ખાસ કરીને ઉચ્ચ ઉત્પાદન આપતા પ્રાણીઓ (જે 12-15 લિટરથી વધુ ઉત્પાદન કરે છે) અને ઝડપથી વિકસતા યુવાન પ્રાણીઓ માટે ફાયદાકારક છે.

**""સુપર ફેટ"" વિશે**
""સુપર ફેટ"" ને દસ્તાવેજોમાં કોઈ તકનીકી શ્રેણી તરીકે વ્યાખ્યાયિત કરવામાં આવ્યું નથી, પરંતુ ""અમૂલ સુપર ડેન"" જેવા ઉચ્ચ-પ્રદર્શનવાળા ખોરાક છે, જેમાં ઉચ્ચ દૂધ ઉત્પાદન જાળવવા અને શ્રેષ્ઠ ગાયો અને ભેંસોની રોગપ્રતિકારક શક્તિ સુધારવા માટે બાયપાસ પ્રોટીન અને બાયપાસ ફેટનું સંયોજન હોય છે.

જો તમે કોઈ ચોક્કસ ઉત્પાદન અથવા અન્ય કોઈ શબ્દનો ઉલ્લેખ કરી રહ્યા હો, તો કૃપા કરીને મને જણાવો!","સુપર ફેટ અને બાયપાસ ફેટ બંનેનો ઉપયોગ દૂધાળાં ઢોરના આહારમાં થાય છે, પરંતુ તેમાં કેટલાક મુખ્ય તફાવતો છે:

- સુપર ફેટ એ ઊંચી ઊર્જાવાળા ચરબીયુક્ત પૂરક પદાર્થો માટે વપરાતો સામાન્ય શબ્દ છે, જે ઢોરના ખોરાકમાં ઉમેરવામાં આવે છે. આમાં કોઈપણ પ્રકારના ઘટ્ટ ચરબીયુક્ત સ્ત્રોતનો સમાવેશ થઈ શકે છે, જે સામાન્ય રીતે વનસ્પતિ તેલ અથવા પ્રાણીની ચરબીમાંથી મેળવવામાં આવે છે, અને તેમાં પાચનમાં સરળતા રહે તે માટે કોઈ ખાસ ફેરફાર કરવામાં આવતો નથી.

- બાયપાસ ફેટ (જેને પ્રોટેક્ટેડ ફેટ પણ કહેવામાં આવે છે) ખાસ રીતે પ્રક્રિયા કરવામાં આવે છે, જેથી તે ગાયના રૂમેનમાં (પહેલા પેટમાં) તૂટવાથી બચે. આનાથી ચરબી પાચનતંત્રના નીચેના ભાગમાં પહોંચે છે, જ્યાં તે સીધી રીતે શોષાય છે, અને રૂમેનમાં થતી આથો પ્રક્રિયામાં ખલેલ પહોંચાડ્યા વિના ઊર્જાનું પ્રમાણ વધે છે.

સારાંશમાં, બાયપાસ ફેટ રૂમેનમાં રહેલા સૂક્ષ્મજીવો સાથે દખલ કર્યા વિના, વધુ ઉત્પાદન આપતા ઢોર માટે વધુ કાર્યક્ષમ રીતે ઊર્જા પૂરી પાડે છે, જ્યારે સુપર ફેટ એક સામાન્ય ચરબીયુક્ત પૂરક પદાર્થ છે અને તે સમાન બાયપાસ અસર આપી શકતું નથી. શ્રેષ્ઠ પરિણામો માટે, આ પૂરક પદાર્થો બદલતા પહેલા તમારા પોષણ નિષ્ણાતની સલાહ લો.",grammar_fluency_compare,,"Response B reads more naturally and smoothly in Gujarati, while Response A feels more technical and slightly less natural.",3,"Mostly grammatical and understandable Gujarati, but it sounds somewhat technical and a bit unnatural in places.",4,"Clear, fluent Gujarati with good structure and a friendly explanatory tone.",response_b,"Response B reads more naturally and smoothly in Gujarati, while Response A feels more technical and slightly less natural.",1.6516,1279,101,1380,0.00141375
27,32,2.prod_better,chat,2.prod_better,સીંગડા/શીંગદાણા (groundnut pods) માં જીવડાં/કીડા પડે તો શું કરવું?,"જો મગફળીના કઠોળમાં જીવાત કે ઇયળો દેખાય, તો તે સંભવતઃ **મગફળીના કઠોળમાં ખાનાર ઇયળ** (*Helicoverpa armigera*) દ્વારા થતું નુકસાન છે. આ ઇયળ કઠોળમાં છિદ્ર પાડીને અંદર પ્રવેશે છે અને કઠોળ ભરાવાની પ્રક્રિયા દરમિયાન તેના દાણાને સૂકવી નાખે છે.

આ સમસ્યાને નિયંત્રિત કરવા માટે, તમારે નીચેના પગલાં લેવા જોઈએ:

*   **તાત્કાલિક પગલાં:** ખેતરમાંથી તમામ અસરગ્રસ્ત કઠોળ એકત્રિત કરો અને તેનો નાશ કરો, જેથી ઇયળના બચ્ચા બહાર ન આવી શકે અને વધુ નુકસાન ન કરે (જેમ કે જાળાવાળા કઠોળ).
*   **રાસાયણિક નિયંત્રણ:** વાવણીના 45 થી 50 દિવસ પછી, નીચેનામાંથી કોઈપણ એક દવાનો છંટકાવ કરો:
    *   **મોનોક્રોટોફોસ:** 10 લિટર પાણીમાં 12 મિલી.
    *   **ડાયમેથોએટ 25 ઇસી:** 10 લિટર પાણીમાં 20 મિલી.

વધુમાં, લણણી અને કઠોળ છૂટા પાડતી વખતે, પાકેલા અને સ્વસ્થ કઠોળથી અપાકેલા અથવા જીવાતથી ક્ષતિગ્રસ્ત કઠોળને અલગ કરો.","જો મગફળીના કઠોળમાં જીવાત દેખાય, તો સૌ પ્રથમ અસરગ્રસ્ત અને ખરી ગયેલા બધા કઠોળ એકત્રિત કરીને તેનો નાશ કરો, જેથી જીવાતની સંખ્યા ઘટાડી શકાય. સામાન્ય રીતે કઠોળમાં જોવા મળતી જીવાતો (જેમ કે કઠોળ ખાતી ઇયળો)ને નિયંત્રિત કરવા માટે, તમે લીમડા આધારિત જંતુનાશક (20 મિલી 1% ઇસી અથવા 40 મિલી 0.15% ઇસી) અથવા બેસિલસ થુરિન્જેનેસિસ (10 લિટર પાણીમાં 15 ગ્રામ) નો છંટકાવ કરી શકો છો, જ્યારે જીવાત દેખાવાનું શરૂ થાય. વધુ પ્રમાણમાં જીવાત હોય, તો પ્રોફેનોફોસ 50 ઇસી (15 મિલી), ક્વિનાલ્ફોસ 25 ઇસી (20 મિલી), અથવા ક્લોરાન્ટ્રેનિલીપ્રોલ 20 એસસી (3 મિલી) પ્રતિ 10 લિટર પાણીના પ્રમાણમાં રાસાયણિક જંતુનાશકોનો ઉપયોગ કરી શકાય છે. હંમેશાં 20 છોડનું રેન્ડમ નિરીક્ષણ કરો; જો 5% થી વધુ કઠોળમાં નુકસાન જોવા મળે, તો જંતુનાશકનો છંટકાવ શરૂ કરો અને જરૂર પડે તો 15-20 દિવસના અંતરાલે ફરીથી છંટકાવ કરો.

વધુમાં, ખેતરની સ્વચ્છતા જાળવો, લણણી પછી પાકના અવશેષોનો નાશ કરો અને પુખ્ત વયના જીવાતની વસ્તીને નિયંત્રિત કરવા માટે લાઇટ ટ્રેપનો ઉપયોગ કરો. લણણી અને સંગ્રહ માટે, જીવાતથી ક્ષતિગ્રસ્ત કઠોળને અલગ કરીને ફેંકી દો અને સૂકા કઠોળને 10% થી ઓછી ભેજવાળા રાખો, જેથી વધુ જીવાતની સમસ્યાથી બચી શકાય.

કોઈપણ રાસાયણિક જંતુનાશકનો ઉપયોગ કરતા પહેલાં હંમેશાં સ્થાનિક માર્ગદર્શિકાનું પાલન કરો અને તમારા વિસ્તરણ અધિકારી અથવા સ્થાનિક કૃષિ નિષ્ણાતની સલાહ લો, ખાસ કરીને સલામતી અને લણણી પહેલાંના સમયગાળા વિશે.

સ્રોત: કૃષિગોષ્ઠા માર્ચ 2017, સુવિધા ફેબ્રુઆરી 2010, ખેડૂતો માટે ઉપયોગી પુસ્તકો, આણંદ કૃષિ યુનિવર્સિટી.",grammar_fluency_compare,,"Both are similar in fluency, but Response B reads a bit more smoothly and naturally overall, despite being technical.",3,"Mostly grammatical and understandable Gujarati, but it sounds technical and somewhat unnatural in places.",3,"Grammar is generally correct and readable, though it is very technical and a bit less natural for a farmer-facing answer.",response_b,"Both are similar in fluency, but Response B reads a bit more smoothly and naturally overall, despite being technical.",1.6467,1164,111,1275,0.0013725
28,43,2.prod_better,chat,2.prod_better,લમ્પિ (ગાંઠદાર ચામડી નો રોગ – lsd ) રોગ ની રસી ક્યારે મુકાવવી જોઈએ?,"આપેલ દસ્તાવેજોના આધારે, લમ્પી સ્કિન ડિસીઝ (LSD) રસી માટે અહીં માર્ગદર્શિકા આપવામાં આવી છે:

*   **યોગ્ય પ્રાણીઓ:** **૪ મહિના અને તેથી વધુ ઉંમરની** તમામ ગાયો અને વાછરડા રસીકરણ માટે યોગ્ય છે.
*   **આવર્તન:** આ રોગ સામે વર્ષમાં **બે વાર** રસીકરણ કરાવવાની ભલામણ કરવામાં આવે છે.

સૌથી સચોટ સમય અને તમારા પ્રાણીઓને રક્ષણ મળે તે સુનિશ્ચિત કરવા માટે, કૃપા કરીને તમારા નજીકના સરકારી પશુચિકિત્સા હોસ્પિટલ અથવા તમારી યુનિયનના પશુ આરોગ્ય કેન્દ્રનો સંપર્ક કરો અને વર્તમાન રસીકરણના સમયપત્રક અને માર્ગદર્શન મેળવો.","લમ્પી સ્કિન ડિસીઝ (એલએસડી) માટેનું રસીકરણ આદર્શ રીતે ચોમાસાની શરૂઆત પહેલાં કરાવવું જોઈએ, કારણ કે આ સમય દરમિયાન વાયરસ ફેલાવતા જંતુઓ વધે છે અને એલએસડી ફાટી નીકળવાનું જોખમ વધી જાય છે. ચોમાસા પહેલાં ઓછામાં ઓછા 3-4 અઠવાડિયા પહેલાં તંદુરસ્ત ગાય અને ભેંસનું રસીકરણ કરાવો. સતત સુરક્ષા માટે વાર્ષિક રસીકરણ કરાવવાની ભલામણ કરવામાં આવે છે. તમારા વિસ્તાર માટે શ્રેષ્ઠ રસીકરણનું આયોજન કરવા માટે તમારા સ્થાનિક પશુચિકિત્સક અથવા પશુપાલન અધિકારીની સલાહ લો.",grammar_fluency_compare,,"Both responses are grammatically strong and fluent; neither has clear language errors, so there is no meaningful difference in grammar_fluency.",4,"Grammatically correct Gujarati with natural structure and a friendly, clear tone.",4,"Grammatically correct Gujarati and reads naturally, though slightly more formal/technical.",both,"Both responses are grammatically strong and fluent; neither has clear language errors, so there is no meaningful difference in grammar_fluency.",1.8326,644,106,750,0.00096
29,44,2.prod_better,chat,2.prod_better,વેક્સિન ફેલ્યોર એટલે શું ? અને તે કેવી પરિસ્થિતિમાં થાય ?,"રસી નિષ્ફળ જાય છે, એટલે કે જ્યારે રસી ધાર્યા પ્રમાણે રોગપ્રતિકારક શક્તિ પ્રદાન કરવામાં નિષ્ફળ જાય છે, ત્યારે પ્રાણી તે રોગ માટે સંવેદનશીલ રહે છે જે રોગને અટકાવવા માટે રસી આપવામાં આવી હતી.

રસી નિષ્ફળ જવાના સામાન્ય સંજોગો અને કારણોમાં નીચેનાનો સમાવેશ થાય છે:

*   **ઠંડી સાંકળમાં ખામી:** ઉત્પાદનના સમયથી લઈને રસી આપવા સુધી યોગ્ય તાપમાન જાળવવામાં નિષ્ફળતા, અથવા રસીને વારંવાર ગરમ કરીને ઠંડી કરવામાં આવે.
*   **પ્રાણીનું સ્વાસ્થ્ય અને પોષણ:** નબળા, અપૂરતા ખોરાક લેતા અથવા પરોપજીવીથી પીડિત પ્રાણીઓમાં નબળી રોગપ્રતિકારક શક્તિ.
*   **રસીની ગુણવત્તા અને અસરકારકતા:** નબળી ગુણવત્તાવાળી રસીનો ઉપયોગ અથવા જાતિમાં થતા ફેરફારોને કારણે ઓછી અસરકારકતા (ઉદાહરણ તરીકે, પશુઓમાં થતો મોં અને પગનો રોગ).
*   **અપૂરતી સમૂહ રોગપ્રતિકારક શક્તિ:** જ્યારે જૂથમાં માત્ર થોડા પ્રાણીઓને જ રસી આપવામાં આવે છે, ત્યારે એકંદર સમૂહ રોગપ્રતિકારક શક્તિ રોગને અસરકારક રીતે નિયંત્રિત કરવા માટે ખૂબ ઓછી હોય છે.","વૅક્સિન નિષ્ફળ જવાનો અર્થ એ થાય છે કે પ્રાણીને વૅક્સિન આપવામાં આવ્યા પછી પણ પૂરતી રોગપ્રતિકારક શક્તિ વિકસિત થતી નથી, જેના કારણે તે વૅક્સિન દ્વારા સુરક્ષિત રાખવાના હેતુથી આપવામાં આવેલી બીમારી માટે હજુ પણ સંવેદનશીલ રહે છે.

વૅક્સિન નિષ્ફળ જવાના ઘણા કારણો હોઈ શકે છે:

- વૅક્સિન આપતી વખતે પ્રાણીમાં પહેલેથી જ તે રોગની શરૂઆત થઈ ચૂકી હોય.
- વૅક્સિનનું અયોગ્ય રીતે સંગ્રહ અથવા હેન્ડલિંગ (ઉદાહરણ તરીકે, સૂર્યપ્રકાશ, ગરમી અથવા તેની સમયસીમા પૂરી થઈ જવી).
- ખોટી રીતે વૅક્સિન આપવાની રીત અથવા ડોઝ.
- પ્રાણીની રોગપ્રતિકારક શક્તિ નબળી હોવી, જે તણાવ, કુપોષણ અથવા અન્ય કોઈ બીમારીને કારણે હોઈ શકે છે.
- વૅક્સિન આપવાના સમયની આસપાસ એન્ટિબાયોટિક્સ અથવા બળતરા વિરોધી દવાઓનો ઉપયોગ કરવાથી રોગપ્રતિકારક પ્રતિભાવ દબાઈ શકે છે.
- નાના પ્રાણીઓમાં માતાના શરીરમાં રહેલા એન્ટિબોડીઝ વૅક્સિનના પ્રતિભાવમાં દખલ કરી શકે છે.

વૅક્સિન નિષ્ફળ જવાનું જોખમ ઘટાડવા માટે હંમેશાં ભલામણ કરેલ વૅક્સિનેશન પ્રોગ્રામનું પાલન કરો, વૅક્સિનને કાળજીપૂર્વક હેન્ડલ કરો અને ખાતરી કરો કે વૅક્સિન આપતી વખતે પ્રાણી સ્વસ્થ હોય. તમારા વિસ્તાર માટે યોગ્ય વૅક્સિનેશન પ્રોટોકોલ માટે તમારા સ્થાનિક પશુચિકિત્સકની સલાહ લો.",grammar_fluency_compare,,"Response B sounds more natural and polished in Gujarati, while Response A is slightly more technical and less smooth.",3,"Grammatically correct overall, but it reads a bit technical and less natural in places.",4,"Fluent and natural Gujarati with correct grammar and a friendly, clear tone.",response_b,"Response B sounds more natural and polished in Gujarati, while Response A is slightly more technical and less smooth.",1.9216,1033,103,1136,0.00123825
30,57,2.prod_better,chat,2.prod_better,વાછરડી બધું ખાય છે પણ શરીર વધતું નથી તો શું કરવું?,"જો કોઈ બકરી સારી રીતે ખાય છે પરંતુ તેનું વજન વધતું નથી, તો તે ઘણીવાર એ વાતનો સંકેત છે કે તે ભલે મોટી માત્રામાં ખોરાક ખાય છે, પરંતુ તેને જરૂરી પોષક તત્વો મળતા નથી અથવા તે તેને યોગ્ય રીતે શોષી શકતી નથી.

પશુચિકિત્સા માર્ગદર્શિકાના આધારે, અહીં સંભવિત કારણો અને ભલામણ કરેલ પગલાં આપ્યા છે:

### સંભવિત કારણો
*   **પોષક તત્વોની ઉણપ:** સંતુલિત ખનિજો (જેમ કે કેલ્શિયમ અને ફોસ્ફરસ) અને પ્રોટીનની ઉણપને કારણે, ભલે પ્રાણી ઘણો ખોરાક ખાય, તેમ છતાં તેનું વજન વધતું નથી.
*   **અયોગ્ય સંભાળ:** નબળી શરૂઆતની સંભાળ અથવા બચ્ચાના તબક્કામાં પૂરતા પ્રમાણમાં કોલોસ્ટ્રમ ન મળવાથી બકરીના વિકાસમાં અવરોધ આવી શકે છે.
*   **આંતરિક પરોપજીવી:** કૃમિ બકરી દ્વારા ખાવામાં આવતા ખોરાકમાંથી પોષક તત્વોનું શોષણ કરે છે, જેના કારણે તેનું વજન વધતું નથી.
*   **ચયાપચય અથવા આનુવંશિક પરિબળો:** કેટલાક કિસ્સાઓમાં, આનુવંશિક પરિબળો અથવા ચયાપચયની વિકૃતિઓ શરીર દ્વારા પોષક તત્વોના ઉપયોગને અસર કરી શકે છે.

### ભલામણ કરેલ પગલાં
1.  **સંતુલિત પોષણ આપો:** ખાતરી કરો કે તેને ઉચ્ચ ગુણવત્તાવાળા લીલા ચારા, સૂકા ચારા અને યોગ્ય માત્રામાં ઘન ખોરાકથી બનેલું સંતુલિત આહાર મળી રહ્યું છે.
2.  **ખનિજ પૂરક:** તેની દૈનિક આહારમાં નિયમિતપણે ઉચ્ચ ગુણવત્તાવાળા ખનિજ મિશ્રણનો સમાવેશ કરો, જેથી હાડકાં અને સ્નાયુઓના વિકાસને ટેકો મળી રહે.
3.  **ડિવર્મિંગ:** જો તાજેતરમાં ડિવર્મિંગ કરવામાં આવ્યું ન હોય, તો કોઈપણ આંતરિક પરોપજીવીને દૂર કરવા માટે પશુચિકિત્સકની સલાહ લો અને યોગ્ય દવા આપો.
4.  **પશુચિકિત્સા તપાસ:** કારણ કે વિકાસ સંબંધિત સમસ્યાઓ કેટલીકવાર આંતરિક સ્વાસ્થ્ય સમસ્યાઓ અથવા ચોક્કસ ચેપી રોગો સાથે સંકળાયેલી હોઈ શકે છે, તેથી સચોટ નિદાન માટે પશુચિકિત્સક દ્વારા શારીરિક તપાસ કરાવવી ખૂબ જ મહત્વપૂર્ણ છે.

**શું તમે ઇચ્છો છો કે હું તમારી બકરીની તપાસ માટે પશુચિકિત્સકની મુલાકાત ગોઠવું?**","જો તમારું બચ્ચું સારી રીતે ખાય છે, પરંતુ તેનું વજન વધતું નથી, તો તેના મુખ્ય કારણો સામાન્ય રીતે નબળી ગુણવત્તાવાળું પોષણ, ખનિજ અથવા વિટામિનની ઉણપ અથવા કૃમિનો ઉપદ્રવ હોઈ શકે છે. તમારે શું કરવું જોઈએ તે અહીં આપેલ છે:

1. ખાતરી કરો કે બચ્ચાને પૂરતા પ્રમાણમાં પ્રોટીન (20-22%) અને ચરબી (16-18%) સાથે સંતુલિત આહાર મળી રહ્યો છે, જે સારા સ્ટાર્ટર ફીડ અથવા ગુણવત્તાયુક્ત દૂધના વિકલ્પમાંથી મળી શકે છે. 2 અઠવાડિયા પછી ધીમે ધીમે વ્યાવસાયિક બચ્ચા સ્ટાર્ટર આપવાનું શરૂ કરો અને બચ્ચાના વિકાસ સાથે તેનું પ્રમાણ વધારતા જાઓ.
2. હંમેશા સ્વચ્છ, તાજા પાણીની ઉપલબ્ધતા રાખો અને તંદુરસ્ત વિકાસ અને વજન વધારવા માટે દરરોજ ખનિજ મિશ્રણ અને મીઠાની ગોળીઓ આપો.
3. બચ્ચાને નિયમિતપણે કૃમિનાશક દવા આપો, જે જીવનના 10મા દિવસથી શરૂ કરીને તમારા સ્થાનિક પશુચિકિત્સકની સલાહ મુજબ પુનરાવર્તિત કરો.
4. જો યોગ્ય આહાર અને કૃમિનાશક દવા આપ્યા પછી પણ વિકાસ નબળો રહે, તો રોગો અથવા અન્ય સ્વાસ્થ્ય સમસ્યાઓને નકારી કાઢવા માટે પશુચિકિત્સકની સલાહ લો.

પોષણ વ્યવસ્થાપન અને ખનિજ પૂરક એ બચ્ચાના વજન વધારવા માટે ખૂબ જ મહત્વપૂર્ણ છે. જો તમને પાચન સંબંધિત સમસ્યાઓ (જેમ કે ઝાડા) દેખાય, તો તરત જ તેની સારવાર કરો, કારણ કે તેનાથી પણ વિકાસ પર અસર પડે છે. આહાર અથવા સતત રહેતી સમસ્યાઓ માટે, હંમેશા તમારા સ્થાનિક પશુચિકિત્સકની સલાહ લો અને ચોક્કસ નિદાન અને સારવાર યોજના મેળવો.

સ્રોત: અમૂલ ફીડ એન્ડ સપ્લીમેન્ટ્સ બ્રોશર, doc-db97f263a81d, doc-1b91f43cbf37, doc-e122d31a2a00",grammar_fluency_compare,,"Response B is more fluent and structurally natural overall, while Response A has more noticeable awkwardness and inconsistency.",2,"The Gujarati is understandable, but it has several unnatural and inconsistent parts, including switching from the asked calf to a goat and some translated-sounding phrasing.",3,"The grammar is mostly correct and readable in Gujarati, though it sounds somewhat technical and less natural/friendly in places.",response_b,"Response B is more fluent and structurally natural overall, while Response A has more noticeable awkwardness and inconsistency.",2.4016,1432,126,1558,0.001641
31,58,2.prod_better,chat,2.prod_better,વાછરડી બધું ખાય છે પરંતુ ઉભી થઇ શકતી નથી તો તેના કારણો જણાવો?,"એવું પ્રાણી જે ખાવાનું ચાલુ રાખે છે પરંતુ ઊભું થવામાં અસમર્થ છે, તે ઘણી ગંભીર પરિસ્થિતિઓથી પીડિત હોઈ શકે છે. લક્ષણોના આધારે, અહીં સંભવિત કારણો આપ્યા છે:

*   **મિલ્ક ફીવર (પ્યુર્પેરાલ પેરેસિસ):** આ સામાન્ય રીતે કેલ્શિયમની ઉણપને કારણે થાય છે. પ્રાણી નિસ્તેજ અને નબળું લાગે છે અને ઊભું થવામાં અસમર્થ હોય છે, જો કે તે હંમેશા તરત જ ભૂખ ગુમાવતું નથી.
*   **ડાઉનર કાઉ સિન્ડ્રોમ:** આમાં ચયાપચયની વિકૃતિઓ અથવા પ્રજનન સંબંધિત રોગો (જેમ કે મેટ્રાઇટિસ) શામેલ છે, જેના કારણે પાછળના પગમાં લકવો થાય છે અને ઊભું થવામાં અસમર્થતા આવે છે.
*   **એફેમેરલ ફીવર (થ્રી-ડે સિકનેસ):** આ એક વાયરલ રોગ છે જે જકડાઈ, લંગડાઈ અને ઊભું થવામાં અસમર્થતાનું કારણ બની શકે છે.
*   **અન્ય કારણો:** ચેપને કારણે અથવા પગ/ખૂરને થયેલી શારીરિક ઇજાઓને કારણે ગંભીર લંગડાઈ પણ પ્રાણીને ઊભું થતા અટકાવી શકે છે.

**ચેતવણી:** તમારા વાછરડાને ઊભું થવામાં અસમર્થતા હોવાથી, આ એક ગંભીર આરોગ્ય સમસ્યા છે જેના માટે વધુ ગૂંચવણો અથવા મૃત્યુને રોકવા માટે તાત્કાલિક તબીબી સારવારની જરૂર છે.

એવું લાગે છે કે તમારા પ્રાણીને તબીબી સારવારની જરૂર પડી શકે છે. શું તમે પશુચિકિત્સક સાથે આરોગ્ય તપાસ માટે એપોઇન્ટમેન્ટ બુક કરવા માંગો છો?","સામાન્ય રીતે ખાતું હોય પરંતુ ઊભું રહી શકતું ન હોય તેવા બચ્ચાને નીચેની સમસ્યાઓમાંથી કોઈ એક હોઈ શકે છે:

- પોષક તત્વોની ઉણપને કારણે નબળાઈ (ઉદાહરણ તરીકે, વિટામિન ઇ, સેલેનિયમ અથવા ખનિજોની ઉણપ)
- ચેતા અથવા સ્નાયુમાં ઈજા (જન્મ દરમિયાન અથવા અકસ્માતમાં થયેલી ઈજા)
- સાંધા અથવા હાડકાની સમસ્યાઓ (જેમ કે સાંધાની તકલીફ, ફ્રેક્ચર અથવા જન્મજાત ખામીઓ)
- ચેતા અથવા સ્નાયુને અસર કરતી કેટલીક ચેપ (જેમ કે બોટ્યુલિઝમ અથવા વ્હાઇટ મસલ ડિસીઝ)
- ગંભીર ડિહાઇડ્રેશન અથવા અન્ય કોઈ અંતર્ગત બીમારી

સોજો, દુખાવો, અસામાન્ય મુદ્રા અથવા સ્નાયુમાં ધ્રુજારી છે કે કેમ તે જોવું મહત્વપૂર્ણ છે. ચોક્કસ કારણ જાણવા અને યોગ્ય સારવાર શરૂ કરવા માટે તાત્કાલિક પશુચિકિત્સક દ્વારા તપાસ કરાવવાની ભલામણ કરવામાં આવે છે. બચ્ચાને ઝડપથી સ્વસ્થ કરવા માટે વહેલી તકે સારવાર શરૂ કરવી મહત્વપૂર્ણ છે.",grammar_fluency_compare,,"Response B reads more naturally in Gujarati and is less awkward than Response A, which feels more technical and slightly translated.",3,"Mostly grammatical and understandable, but it sounds somewhat technical and not fully natural in Gujarati.",4,"Grammatically smooth, natural, and easy to understand, with a friendly tone.",response_b,"Response B reads more naturally in Gujarati and is less awkward than Response A, which feels more technical and slightly translated.",1.856,1006,106,1112,0.0012315
32,65,2.prod_better,chat,2.prod_better,ગાયને કયા સમયે દૂધ દોહવું સારું રહે?,"આપેલ દસ્તાવેજોમાં દૂધ દોહવા માટેના ""શ્રેષ્ઠ સમય"" વિશે કોઈ ચોક્કસ માહિતી નથી, પરંતુ તે દૂધ છોડવાની પ્રક્રિયાના સંદર્ભમાં સમયનું મહત્વ જણાવે છે.

શ્રેષ્ઠ દૂધ ઉત્પાદન માટે, દૂધ છોડવાની પ્રક્રિયા શરૂ થયા પછી **8 થી 10 મિનિટ**ની અંદર દૂધ દોહવું જોઈએ, કારણ કે ઓક્સીટોસિન હોર્મોનની અસર (જે દૂધ છોડવામાં મદદ કરે છે) તેટલો સમય જ રહે છે. વધુમાં, વધુ દૂધ આપતી પશુઓ માટે, સમગ્ર દૂધ દોહવાની પ્રક્રિયા આદર્શ રીતે ઝડપથી અને આરામથી **7 થી 8 મિનિટ**માં પૂર્ણ થવી જોઈએ.","સામાન્ય રીતે, ગાયને દૂધ દોવાનો શ્રેષ્ઠ સમય સવારમાં અને સાંજે હોય છે, ખાસ કરીને સવારે 5-7 વાગ્યા અને સાંજે 5-7 વાગ્યાની આસપાસ. દર 12 કલાકે નિયમિત દૂધ દોવાનું ચાલુ રાખવાથી દૂધનું ઉત્પાદન વધે છે અને ગાય સ્વસ્થ રહે છે.",grammar_fluency_compare,,"Response B reads more naturally and directly answers the question in clear, fluent Gujarati, while Response A feels more technical and less natural.",3,"Grammar is mostly correct and understandable, but the wording is somewhat technical and not very natural for a farmer-friendly answer.",4,"The Gujarati is fluent, natural, and grammatically correct, with a friendly and easy-to-understand tone.",response_b,"Response B reads more naturally and directly answers the question in clear, fluent Gujarati, while Response A feels more technical and less natural.",2.8341,547,120,667,0.00095025
33,73,2.prod_better,chat,2.prod_better,મિલ્કિંગ મશીન કઈ કંપનીનું લેવું? (બ્રાન્ડ/મોડલ પસંદગી),"આપેલ દસ્તાવેજોના આધારે, હું તમને કઈ ચોક્કસ કંપની અથવા બ્રાન્ડનું દૂધ દોરવાનું મશીન ખરીદવું જોઈએ તે વિશે કોઈ માહિતી આપી શકતો નથી.

જો કે, મશીન પસંદ કરતી અને સ્થાપિત કરતી વખતે આ દસ્તાવેજો કેટલીક ઉપયોગી માર્ગદર્શિકા પૂરી પાડે છે:
*   **સ્થાપન:** ખાતરી કરો કે મશીન કોઈ **પ્રમાણિત કંપની દ્વારા કુશળ અને લાયક કર્મચારીઓ** દ્વારા સ્થાપિત અને ફીટ કરવામાં આવે, જેથી બધા ભાગો યોગ્ય રીતે મૂકવામાં આવે (જેમ કે, દૂધના પાઇપ માટે યોગ્ય ઢાળ).
*   **તાલીમ:** તમે જે કંપની પસંદ કરો છો, તેણે તમારા દૂધ દોરનારાઓને સાધનસામગ્રી કેવી રીતે ચલાવવી અને તેનું જાળવણી કરવી તે માટે તાલીમ આપવી જોઈએ.
*   **પ્રકારો:** નાનાથી મધ્યમ કદના પશુધન માટે, **બકેટ મિલ્કિંગ સિસ્ટમ** એ સૌથી સરળ અને ઓછી ખર્ચાળ વિકલ્પ તરીકે ઉલ્લેખિત છે.

જો તમે ગુજરાતમાં ઓછામાં ઓછા 3 એકર જમીન અને 30 ગાયો ધરાવતા પ્રગતિશીલ પશુપાલક અથવા દૂધ ઉત્પાદક છો, તો તમે દૂધ દોરવાનું મશીન અથવા સોલર મિલ્કિંગ મશીન ખરીદવા માટે સરકારી સહાય માટે પાત્ર હોઈ શકો છો (ખર્ચના 75% અથવા ₹4,00,000 સુધી).","દૂધ દોરવાનું મશીન પસંદ કરતી વખતે, નીચેના પરિબળોને ધ્યાનમાં લેવું મહત્વપૂર્ણ છે: વિશ્વસનીયતા, વેચાણ પછીની સેવા, સ્પેર પાર્ટ્સની ઉપલબ્ધતા અને તમારા પશુઓની સંખ્યા માટે યોગ્યતા. ભારતમાં ડેરી ખેડૂતો દ્વારા સામાન્ય રીતે ઉપયોગમાં લેવાતા લોકપ્રિય બ્રાન્ડ્સમાં DeLaval, GEA, Interpuls, Surabhi, HMT અને KisanKraft અને Bharat જેવી સ્થાનિક ઉત્પાદક કંપનીઓનો સમાવેશ થાય છે. દરેક પાસે નાના, મધ્યમ અને મોટા પશુઓના ટોળા માટે યોગ્ય મોડેલો છે.

ખરીદી કરતા પહેલા, ખાતરી કરો કે:
- મશીન તમારા પશુઓની સંખ્યા અને પાવર સપ્લાય માટે યોગ્ય છે.
- કંપની સ્થાનિક સેવા અને તકનીકી સહાય પૂરી પાડે છે.
- સ્પેર પાર્ટ્સ સરળતાથી ઉપલબ્ધ છે.
- મશીન સાફ અને જાળવવામાં સરળ છે.

અંતિમ નિર્ણય લેતા પહેલા તકનીકી વિશિષ્ટતાઓ, વોરંટી અને ખેડૂતોના પ્રતિસાદની તુલના કરવી શ્રેષ્ઠ છે. તમારા વિસ્તારના અન્ય ડેરી ખેડૂતો અને તમારી સ્થાનિક અમૂલ સોસાયટી સાથે વાત કરવાથી પણ તમને શ્રેષ્ઠ પસંદગી કરવામાં મદદ મળી શકે છે. તમારા પશુઓની સંખ્યા અને બજેટ માટે વિગતવાર સહાય અથવા ચોક્કસ ભલામણો માટે, કૃપા કરીને તમારી જરૂરિયાતો વિશે વધુ માહિતી આપો.",grammar_fluency_compare,,"Response B sounds more natural and polished in Gujarati, while Response A feels more translated and less native-like.",3,"Mostly grammatically correct Gujarati, but it reads somewhat formal and translated, with a few unnatural phrases.",4,"Fluent, natural Gujarati with correct grammar and a friendly, easy-to-understand tone.",response_b,"Response B sounds more natural and polished in Gujarati, while Response A feels more translated and less native-like.",1.7994,961,108,1069,0.00120675
34,75,2.prod_better,chat,2.prod_better,મિલ્કો સિલ્વર પાવડરનો ઉપયોગ શું છે અને કેવી રીતે કરવો?,"આપેલ દસ્તાવેજોના આધારે હું કહી શકતો નથી. ઉપલબ્ધ માહિતીમાં અમૂલ ફર્ટિ બૂસ્ટ, અમૂલ બોવી પ્લસ અને અમૂલ માસ-પ્રો જેવા અન્ય ઉત્પાદનો વિશે માહિતી છે, પરંતુ તેમાં ""મિલ્કો સિલ્વર પાવડર"" વિશે કોઈ ઉલ્લેખ નથી.","ઉપલબ્ધ દસ્તાવેજોના આધારે, ""મિલ્કો સિલ્વર પાવડર"" વિશે કોઈ ચોક્કસ અથવા અધિકૃત માહિતી નથી—તેના ઉપયોગો, એપ્લિકેશન અથવા દૂધાળા પશુઓ અથવા ખેતી માટે ભલામણ કરેલ ડોઝ વિશે. શક્ય છે કે આ ઉત્પાદન પ્રમાણભૂત સંદર્ભ દસ્તાવેજોમાં વ્યાપકપણે આવરી લેવામાં આવ્યું ન હોય અથવા તે અન્ય નામથી જાણીતું હોય.

જો તમારી પાસે આ દવા અથવા ઉત્પાદન હોય, તો કૃપા કરીને ઉપયોગ કરતા પહેલા તેના લેબલને તપાસો અથવા તમારા સ્થાનિક પશુચિકિત્સક અથવા ડેરી સોસાયટીની સલાહ લો જેથી યોગ્ય માર્ગદર્શન અને ડોઝ મળી રહે અને પશુઓની સલામતી સુનિશ્ચિત કરી શકાય. કોઈપણ પશુ દવા માટે, હંમેશાં લાયક વ્યાવસાયિકની સલાહ લેવાનું પસંદ કરો.

આપેલ દસ્તાવેજોના આધારે હું જાણતો નથી.",grammar_fluency_compare,,"Response A is more concise and natural in Gujarati, while Response B is grammatically fine but less fluent and more technical.",4,Grammatically correct Gujarati with natural structure; concise and clear.,3,"Mostly correct Gujarati, but it is a bit verbose and reads more technical/formal than natural.",response_a,"Response A is more concise and natural in Gujarati, while Response B is grammatically fine but less fluent and more technical.",2.1831,589,105,694,0.00091425
35,83,2.prod_better,chat,2.prod_better,ઓછા પશુઓમાં વધારે દૂધ આવે એવી કઈ ઓલાદ છે કે જેને હું ઉછેરું?,"ઓછી સંખ્યામાં પશુઓમાંથી વધુ દૂધ મેળવવા માટે, સૌથી અસરકારક અભિગમ એ છે કે તમારા પશુઓના આનુવંશિક ગુણવત્તાને સુધારવા માટે **વ્યવસ્થિત અને આયોજિત પ્રજનન** પર ધ્યાન કેન્દ્રિત કરવું.

દસ્તાવેજીકૃત પ્રજનન પદ્ધતિઓના આધારે, તમે પ્રતિ પેઢી દૂધના ઉત્પાદનમાં નોંધપાત્ર વધારો કરી શકો છો:
*   **સંકર પ્રજનન:** તેનાથી પ્રતિ પેઢી દૂધના ઉત્પાદનમાં **50-100% સુધીનો વધારો** થઈ શકે છે.
*   **પસંદગીયુક્ત પ્રજનન:** તેનાથી પ્રતિ પેઢી **20-30% સુધીનો વધારો** થઈ શકે છે.
*   **આનુવંશિક પસંદગી:** તેનાથી અનેક પેઢીઓમાં **100%+ સુધીનો વધારો** થઈ શકે છે.

**સફળતા માટે વ્યવહારુ ટિપ્સ:**
1.  **ઉત્તમ બળદની પસંદગી કરો:** એવા બળદનો ઉપયોગ કરો કે જેમનામાં ઉચ્ચ દૂધ ઉત્પાદન, મજબૂત રોગ પ્રતિકારક ક્ષમતા અને ચકાસાયેલ આરોગ્ય રેકોર્ડ હોય.
2.  **સંતુલિત પોષણ:** ઉચ્ચ ઉત્પાદન આપતા પશુઓની ચયાપચયની ક્રિયા વધુ હોય છે. તેમના પ્રજનન કાર્યક્ષમતાને સુધારવા અને તેમની આનુવંશિક સંભાવનાને મહત્તમ બનાવવા માટે તેમને સંતુલિત આહાર આપો.
3.  **તાપમાન વ્યવસ્થાપન:** ઉચ્ચ ઉત્પાદન આપતા પશુઓ ગરમી પ્રત્યે વધુ સંવેદનશીલ હોય છે. ગરમ હવામાન દરમિયાન દૂધનું ઉત્પાદન ઘટતું અટકાવવા માટે કુલર, પંખા અથવા છાંયડાવાળા વૃક્ષોનો ઉપયોગ કરો.

આ ઉચ્ચ ઉત્પાદન આપતા આનુવંશિક લક્ષણો પર ધ્યાન કેન્દ્રિત કરીને અને વ્યાવસાયિક સંભાળ પૂરી પાડીને, તમે એક નાનું, વધુ નફાકારક પશુધન બનાવી શકો છો જે વધુ દૂધનું ઉત્પાદન કરે છે. તમારા સ્થાનિક વિસ્તાર માટે યોગ્ય ચોક્કસ જાતિની ભલામણો માટે, હું તમારા સ્થાનિક પશુચિકિત્સક અથવા પશુપાલન અધિકારીની સલાહ લેવાની ભલામણ કરું છું.","હોલસ્ટેઇન ફ્રિસિયન ગાયો તેમની ઉચ્ચ દૂધ ઉત્પાદન ક્ષમતા માટે જાણીતી છે, ખાસ કરીને જ્યારે તેમની સંખ્યા ઓછી હોય. જર્સી ગાયો પણ સારું દૂધ આપે છે અને તેમાં થોડી વધારે ચરબી હોય છે, પરંતુ એકંદરે, હોલસ્ટેઇન ફ્રિસિયન ગાયો ઓછી સંખ્યામાં હોવા છતાં વધુ દૂધનું ઉત્પાદન કરે છે.

ભૈંસોમાં, મુર્રા જાતિનું ભૈંસ ભારતમાં સૌથી વધુ દૂધ ઉત્પાદન માટે જાણીતું છે.

શ્રેષ્ઠ પસંદગી તમારા સ્થાનિક પરિસ્થિતિઓ, ચારાની ઉપલબ્ધતા અને તમે વધુ દૂધ (હોલસ્ટેઇન ફ્રિસિયન) કે વધુ ચરબીયુક્ત દૂધ (જર્સી, સાહીવાલ અથવા મુર્રા ભૈંસ) પસંદ કરો છો તેના પર આધાર રાખે છે. તમારા વિસ્તાર અને સંસાધનોને અનુરૂપ ભલામણો માટે તમારા સ્થાનિક ડેરી વિસ્તરણ અધિકારી અથવા પશુચિકિત્સકની સલાહ લો.",grammar_fluency_compare,,"Response B is more direct and natural for the question, while Response A is overly technical and less conversational.",3,"Grammar is mostly correct and understandable, but it sounds formal and technical rather than natural or farmer-friendly.",3,"The Gujarati is generally grammatical and clear, though a few phrases feel slightly unnatural and translated.",response_b,"Response B is more direct and natural for the question, while Response A is overly technical and less conversational.",1.8982,1076,108,1184,0.001293
36,87,2.prod_better,chat,2.prod_better,જૂ (lice) માટે દેશી/ઘરગથ્થુ દવા/ઉપાય શું?,"જૂ અને અન્ય બાહ્ય પરોપજીવીઓને નિયંત્રિત કરવાના મહત્વનો ઉલ્લેખ દસ્તાવેજોમાં કરવામાં આવ્યો છે, પરંતુ તેમાં જૂની સારવાર માટે કોઈ ચોક્કસ પરંપરાગત ઘરેલું ઉપાયનો ઉલ્લેખ નથી.

જો કે, સામાન્ય બાહ્ય પરોપજીવીઓ અને ત્વચાના ચેપ માટે નીચેના પરંપરાગત ઉપાયોનો ઉલ્લેખ કરવામાં આવ્યો છે:

*   **નીમ અને હળદરની પેસ્ટ:** નીમનાં પાન અને હળદરને સરખા પ્રમાણમાં પીસીને પેસ્ટ બનાવો અને તેને અસરગ્રસ્ત ભાગ પર 2-3 દિવસ માટે લગાવો. આનો ઉપયોગ જંતુનાશક તરીકે સોજો ઘટાડવા અને ચેપ દૂર કરવા માટે થાય છે.
*   **ઔષધીય સ્નાન:** કેટલાક રેકોર્ડ સૂચવે છે કે નીમ, તુલસી, ધમાસા, લસણ અને હળદરના પાન ઉકાળીને બનાવેલા પાણીથી પ્રાણીઓને દિવસમાં બે વાર નવડાવવું જોઈએ, જે અમુક બાહ્ય સમસ્યાઓ માટે ઉપયોગી છે.

**સામાન્ય નિવારણ માટેની ટિપ્સ:**
*   પ્રાણીઓના રહેઠાણના સ્થળોને સ્વચ્છ રાખો અને પરોપજીવીઓથી મુક્ત રાખો.
*   ચેપગ્રસ્ત પ્રાણીઓને અલગ રાખો જેથી ચેપ અન્ય પ્રાણીઓમાં ફેલાય નહીં.
*   નિયમિતપણે આશ્રયસ્થાનોને જંતુમુક્ત કરો.

જૂ નોંધપાત્ર બળતરા અને પ્રાણીના સ્વાસ્થ્યને અસર કરી શકે છે, તેથી હું વૈજ્ઞાનિક રીતે ચકાસાયેલ સારવાર અને ચોક્કસ ડોઝ માટે તમારા સ્થાનિક પશુચિકિત્સક અથવા પશુપાલન અધિકારીની સલાહ લેવાની ભલામણ કરું છું.","પશુઓમાં જીવડાને નિયંત્રિત કરવા માટે સ્થાનિક અથવા ઘરેલું ઉપાયોનો ઉપયોગ કરીને નીચેની પદ્ધતિઓ સામાન્ય રીતે સૂચવવામાં આવે છે:

1. **નીમ પાણીથી સ્નાન:** નીમનાં પાંદડાને પાણીમાં ઉકાળો અને ઠંડુ થયા પછી તે પાણીથી પશુને નવડાવો. આ જીવડા અને અન્ય બાહ્ય પરજીવીઓને દૂર કરવામાં મદદ કરે છે.
2. **આવાસને જંતુમુક્ત કરો:** પશુઓના આલમનું નિયમિતપણે સફાઈ કરો અને જંતુમુક્ત કરો. તમે લીંબુ અને સોડા રાખનું મિશ્રણ (લગભગ 20 કિલો લીંબુ અને 1 કિલો સોડા રાખ) ફ્લોર પર છાંટી શકો છો, અથવા મીઠું અને લીંબુ છાંટી શકો છો.
3. **સૂકી ઘાસ અથવા ઘાસચારો બાળો:** પશુઓના આલમમાં જીવડાની વસ્તીને નિયંત્રિત કરવામાં મદદ કરવા માટે સૂકું ઘાસ અથવા ઘાસચારો બાળો.
4. **સ્વચ્છતા જાળવો:** પથારીને સૂકી રાખો અને નિયમિતપણે છાણ દૂર કરો. પશુઓને વારંવાર નવડાવો, ખાસ કરીને ગરમ મહિનાઓમાં.
5. **પીડિત પશુઓને અલગ રાખો** જેથી જીવડાનો ફેલાવો અટકાવી શકાય.

ગંભીર ચેપ માટે, પશુચિકિત્સક દ્વારા મંજૂર કરાયેલ જંતુનાશક સ્પ્રે (જેમ કે સાયપરમેથ્રિન, ડેબટેમેગ્નાઇન અથવા ફ્લુમેથ્રિન) જરૂરી હોઈ શકે છે. ફક્ત લેબલ પર આપેલી સૂચના મુજબ જ મિશ્રણ કરો (ઉદાહરણ તરીકે, ઘણા વ્યાપારી ઉત્પાદનો માટે 3 મિલી પ્રતિ લિટર પાણી).

કેરોસીન અથવા અન્ય તીવ્ર રસાયણો જેવા ઘરેલું ઉપાયોનો સીધો ઉપયોગ પશુઓ પર કરશો નહીં, કારણ કે તેનાથી તેમની ત્વચાને નુકસાન થઈ શકે છે.

જો સમસ્યા ચાલુ રહે અથવા પશુની ત્વચા પર કોઈ નવું ઉત્પાદન અજમાવતા પહેલાં હંમેશા પશુચિકિત્સકની સલાહ લો.

સ્રોત: અમૂલ ફીડ બ્રોશર, પશુપાલન માર્ગદર્શિકા",grammar_fluency_compare,,"Response B reads slightly more naturally and directly for a farmer, even though both are somewhat technical.",3,"Mostly grammatical and understandable, but it sounds formal and technical rather than natural or friendly.",3,"Generally correct Gujarati, but some phrases are awkward or translated-sounding, and the tone is a bit technical.",response_b,"Response B reads slightly more naturally and directly for a farmer, even though both are somewhat technical.",1.5428,1222,107,1329,0.001398
37,89,2.prod_better,chat,2.prod_better,ભેંસના આંચળ/થણ પર વધીયો/ગાંઠ/વાર્ટ હોય તો શું કરવું?,"ભ ભેંસના સ્તનો પર થતી વૃદ્ધિ, ગઠ્ઠો અથવા मस्સા સામાન્ય રીતે વાયરસને કારણે થાય છે અને તે માંસાત્મક ગઠ્ઠા અથવા પીંછા જેવા દેખાઈ શકે છે.

**મહત્વપૂર્ણ માહિતી અને સારવાર:**
*   **સામાન્ય કાળજી:** મોટાભાગના કિસ્સાઓમાં સારવારની જરૂર નથી, કારણ કે મોટાભાગના मस्સા સમય જતાં આપોઆપ અદૃશ્ય થઈ જાય છે.
*   **દૂર કરવું:** સર્જિકલ રીતે દૂર કરવું શક્ય છે, પરંતુ તેનાથી मस्સા ફરીથી આવી શકે છે. તે ફક્ત પરિપક્વ થયેલા मस्સા પર જ કરવું જોઈએ, કારણ કે વહેલા દૂર કરવાથી વાયરસ ફેલાઈ શકે છે અને વધુ વૃદ્ધિને ઉત્તેજન મળી શકે છે.
*   **મોટા मस्સા:** મોટા, દાંડી જેવા (પેડંક્યુલેટેડ) मस्સાને તેની પાયાની આસપાસ દોરી બાંધીને દૂર કરી શકાય છે, જેનાથી मस्સો સુકાઈ જાય છે અને એક મહિનામાં ખરી જાય છે.
*   **નિવારણ:** વાયરસના ફેલાવાને ઘટાડવા માટે, સ્વચ્છ આલમારી જાળવો અને માખી નિયંત્રણ કરો, કારણ કે માખીઓ દ્વારા વાયરસ ફેલાય છે.

એવું લાગે છે કે તમારા પ્રાણીને તબીબી સારવારની જરૂર પડી શકે છે. શું તમે વધુ સલાહ અને વ્યાવસાયિક સારવાર માટે પશુચિકિત્સક સાથે આરોગ્ય તપાસ માટે એપોઇન્ટમેન્ટ બુક કરવા માંગો છો?","ભ ભેંસના સ્તન અથવા સ્તનગ્રંથિ પર સોજો, ગઠ્ઠો અથવા मस्સા થવાના ઘણા કારણો હોઈ શકે છે, જેમ કે સ્તનની સોજો (માસ્ટાઇટિસ), વાયરલ/ફંગલ ચેપ, ઇજાઓ અથવા વૃદ્ધિ (જેમ કે પેપિલોમા/મસ્સા).

- જો સોજો નરમ હોય અને તેમાં ગરમી અને દુખાવો હોય, તો તે માસ્ટાઇટિસ હોઈ શકે છે - દૂધ અસામાન્ય થઈ શકે છે.
- સખત, ખરબચડી વૃદ્ધિ મસ્સા અથવા પેપિલોમા હોઈ શકે છે, જે વાયરલ હોઈ શકે છે અને ઘણીવાર કોબીજ જેવા ગઠ્ઠા તરીકે દેખાય છે.
- અચાનક, ઝડપથી વધતો અથવા દુખાવો કરતો ગઠ્ઠો ફોલ્લી અથવા અન્ય ચેપ સૂચવી શકે છે.

તાત્કાલિક પગલાં:
1. ચેપને ફેલાતો અટકાવવા માટે પ્રાણીને અલગ રાખો.
2. અસરગ્રસ્ત વિસ્તારને જોરથી દૂહશો નહીં અથવા દબાવશો નહીં.
3. સ્તન અને સ્તનગ્રંથિને સ્વચ્છ, હુંફાળા પાણીથી હળવેથી ધોઈ લો.
4. તાવ, દુખાવો અથવા ગઠ્ઠામાંથી પરુ/સ્ત્રાવ માટે તપાસ કરો.

ગઠ્ઠાને કાપો/ખોલો અથવા ઘરેલું ઉપાયોનો ઉપયોગ કરશો નહીં - આ સમસ્યાને વધુ વણસી શકે છે.

ચોક્કસપણે, સ્તનની તંદુરસ્તી દૂધ અને પ્રાણીની સુખાકારી બંનેને અસર કરે છે, તેથી હું યોગ્ય સારવાર નક્કી કરવા માટે તાત્કાલિક પશુચિકિત્સકની તપાસ કરાવવાની ભલામણ કરું છું.

શું તમે તમારા ભેંસની તપાસ માટે પશુચિકિત્સકની મુલાકાત ગોઠવવા માંગો છો?",grammar_fluency_compare,,"Response B reads more naturally and has fewer grammar issues, even though it is still somewhat technical.",2,"The Gujarati is understandable but has multiple unnatural and translated-sounding phrases, plus some mixed-language words and awkward structure.",3,"Mostly grammatically correct and clearer than A, though still somewhat technical and not fully natural in tone.",response_b,"Response B reads more naturally and has fewer grammar issues, even though it is still somewhat technical.",1.7943,1098,111,1209,0.001323
38,102,2.prod_better,chat,2.prod_better,મારી વિગત/પ્રોફાઇલ બતાવો,"તમારો મોબાઇલ નંબર અનેક પ્રોફાઇલ સાથે જોડાયેલો છે, તેથી કૃપા કરીને જણાવશો કે તમે કઈ પ્રોફાઇલ જોવા માંગો છો?

તમારા નંબર સાથે જોડાયેલા નામ આ પ્રમાણે છે:
૧. મિતા માઝી-૩૧૧૫-૬૬
૨. હિરા માઝી-૩૧૧૫-૧૦૦
૩. નમિતા રે-૩૧૧૫-૧૨૫
૪. રોશન્ટેસ્ટ રાજકોટ","તમારી નોંધાયેલ ખેડૂત પ્રોફાઇલ્સ આ મુજબ છે:

1. નામ: મિતા માઝી-3115-66
   મોબાઇલ નંબર: 1111111111
   ખેડૂત કોડ: 000066
   સમાજ: ટેસ્ટ સ્માર્ટ સ્ટેશન 9530
   જિલ્લો: અમદાવાદ, ગુજરાત
   કુલ પશુઓ: 0

2. નામ: હિરા માઝી-3115-100
   મોબાઇલ નંબર: 1111111111
   ખેડૂત કોડ: 000100
   સમાજ: ટેસ્ટ સ્માર્ટ સ્ટેશન 9530
   જિલ્લો: અમદાવાદ, ગુજરાત
   કુલ પશુઓ: 0

3. નામ: નમિતા રે-3115-125
   મોબાઇલ નંબર: 1111111111
   ખેડૂત કોડ: 000125
   સમાજ: ટેસ્ટ સ્માર્ટ સ્ટેશન 9530
   જિલ્લો: અમદાવાદ, ગુજરાત
   કુલ પશુઓ: 0

4. નામ: રોશાનટેસ્ટ રાજકોટ
   મોબાઇલ નંબર: 1111111111
   ખેડૂત કોડ: 0059
   સમાજ: રોશન
   જિલ્લો: અમદાવાદ, ગુજરાત
   કુલ પશુઓ: 0

હાલમાં કોઈપણ ખેડૂત પ્રોફાઇલમાં કોઈ પણ પશુ નોંધાયેલ નથી. જો તમને કોઈ ચોક્કસ ખાતા વિશે વધુ માહિતી જોઈતી હોય અથવા પશુઓની નોંધણી કરાવવી હોય, તો કૃપા કરીને જણાવો.",grammar_fluency_compare,,"Response A is shorter and more natural for the user’s request, while Response B is more verbose and technical, making it feel less friendly.",3,"Grammatically correct and understandable, but the phrasing is a bit formal and list-like rather than fully natural or friendly.",3,"Mostly grammatically correct and fluent, but it sounds technical and overly detailed, with some unnatural phrasing for a simple profile request.",response_a,"Response A is shorter and more natural for the user’s request, while Response B is more verbose and technical, making it feel less friendly.",8.3451,714,128,842,0.0011115
39,116,2.prod_better,chat,2.prod_better,AI પછી 3-4 દિવસ સુધી જાડું/ઘાટું ડિસ્ચાર્જ થાય તો શું કરવું?,"કૃત્રિમ ગર્ભાધાન (AI) પછી ઘણા દિવસો સુધી જાડો સ્ત્રાવ થવો એ ગર્ભાશયના ચેપ અથવા અન્ય પ્રજનન સંબંધિત સમસ્યાઓનું લક્ષણ હોઈ શકે છે. થોડો સ્ત્રાવ સામાન્ય હોઈ શકે છે, પરંતુ લાંબા સમય સુધી જાડો સ્ત્રાવ થતો હોય તો વ્યાવસાયિક તબીબી સહાયની જરૂર છે.

એવું લાગે છે કે તમારા પ્રાણીને તબીબી સારવારની જરૂર પડી શકે છે. શું તમે પશુચિકિત્સક સાથે આરોગ્ય તપાસ માટે એપોઇન્ટમેન્ટ બુક કરવા માંગો છો?","જો ગાય અથવા ભેંસમાં કૃત્રિમ ગર્ભાધાન (AI) પછી 3-4 દિવસ સુધી જાડી અથવા પાતળી યોનિમાંથી સ્ત્રાવ થતો રહે, તો તે ગર્ભાશયના ચેપ (મેટ્રાઇટિસ અથવા એન્ડોમેટ્રાઇટિસ)નું લક્ષણ હોઈ શકે છે. આ સ્થિતિ ગર્ભ ધારવાની શક્યતા ઘટાડી શકે છે અને પ્રાણીના સ્વાસ્થ્યને અસર કરી શકે છે.

ભલામણ કરેલ પગલાં:

1. જો સ્ત્રાવમાં દુર્ગંધ આવતી હોય, તો ચેપને ફેલાતો અટકાવવા માટે પ્રાણીને અલગ રાખો.
2. સારી સ્વચ્છતા જાળવો - દરરોજ સ્વચ્છ પાણીથી પ્રાણીના પાછળના ભાગને સાફ કરો.
3. જ્યાં સુધી સ્ત્રાવ બંધ ન થાય ત્યાં સુધી બીજું ગર્ભાધાન કરશો નહીં.
4. યોગ્ય તપાસ અને સારવાર માટે શક્ય તેટલી વહેલી તકે પશુચિકિત્સકની સલાહ લો. એન્ટિબાયોટિક અથવા ગર્ભાશયની સારવારની જરૂર પડી શકે છે.

પ્રાણીની ભૂખ, તાપમાન અને દૂધનું ઉત્પાદનનું નિરીક્ષણ કરો. જો પ્રાણીમાં તાવ, ઓછું ખોરાક લેવું અથવા નિસ્તેજતા જેવા રોગના લક્ષણો દેખાય, તો તેને તાત્કાલિક ગણો.

શું તમે તમારા પ્રાણીની તપાસ માટે પશુચિકિત્સકની મુલાકાત ગોઠવવા માંગો છો?",grammar_fluency_compare,,"Response B is more complete and reads slightly more naturally overall, even though both are similarly strong grammatically.",3,"Grammatically correct overall, but some phrasing feels slightly formal/translated and less natural for a farmer-friendly tone.",3,"Mostly correct and clear, but it sounds a bit technical and some expressions are not fully natural in Gujarati.",response_b,"Response B is more complete and reads slightly more naturally overall, even though both are similarly strong grammatically.",1.5704,769,115,884,0.00109425
40,121,2.prod_better,chat,2.prod_better,અમારા વિસ્તાર પ્રમાણે હવે કઈ ખેતી કરવી?,"તમને કઈ ખેતી કરવી જોઈએ તે અંગે શ્રેષ્ઠ સલાહ આપવા માટે, તમારે કયા પ્રોફાઇલ વિશે પૂછી રહ્યા છો તે જાણવું જરૂરી છે, કારણ કે તમારી પાસે અનેક પ્રોફાઇલ છે.

તમારી પ્રોફાઇલ મુજબ, તમારું ક્ષેત્ર **અમદાવાદ, ગુજરાત** છે. હાલમાં **મે મહિનાનો મધ્ય ભાગ** હોવાથી, આ સામાન્ય રીતે **ખરીફ (વરસાદી) ઋતુ** માટે તૈયારી કરવાનો સમય છે.

તમારી જમીન અને પાણીની ઉપલબ્ધતાને આધારે, તમે નીચેના વિકલ્પો વિચારી શકો છો:

- **ચારો પાક:** તમારા પશુઓ માટે વધુ ઉત્પાદન આપતા લીલા ચારાના પાકનું વાવેતર કરો.
- **ખેતર પાક:** કપાસ, મગફળી અથવા મકાઈ જેવા પાકો માટે જમીનની તૈયારી કરો, જે તમારા પ્રદેશમાં સામાન્ય છે.

શું તમે અમદાવાદ વિસ્તાર માટે આ ઋતુમાં ચોક્કસ પાકની ભલામણો અથવા ચારાના વ્યવસ્થાપન માટેની ટિપ્સ શોધવા માંગો છો?","અમદાવાદ, ગુજરાતમાં, મે મહિનામાં, તમે તમારા વિસ્તાર માટે કૃષિ ભલામણો અનુસાર નીચેની પાક વાવી શકો છો:

- **મગ (લીલા ચણા):** ગુજરાત મગ-4, આણંદ મગ-પી અથવા ગુજરાત મગ-6 જેવી ટૂંકા ગાળાની જાતો એપ્રિલ-મે મહિનામાં વાવવા માટે યોગ્ય છે.
- **મકાઈ (મીઠી મકાઈ અથવા ચારાવાળી મકાઈ):** ચારા અને અનાજ બંને હેતુઓ માટે યોગ્ય.
- **બાજરી (શેવારી):** દુષ્કાળ પ્રતિરોધક અને સૂકા અથવા સિંચાઈવાળા વિસ્તારો માટે યોગ્ય.
- **કોથમીર, ગુવાર અથવા લીલા ખાતરવાળા પાક જેવા આંતરપાક** જમીનની ફળદ્રુપતા વધારવા માટે ઉગાડી શકાય છે.
- જો સિંચાઈ ઉપલબ્ધ હોય તો **ઉનાળામાં પાપડી** અથવા વધુ માંગવાળી શાકભાજી જેમ કે કાકડી અને તોરઈનું પણ વાવેતર કરી શકાય છે.

પાકની પસંદગી કર્યા પછી, હંમેશાં વધુ ઉત્પાદન આપતી અને રોગ પ્રતિરોધક જાતો પસંદ કરો અને વાવતા પહેલાં બીજની સારવાર કરો. શ્રેષ્ઠ પરિણામો માટે તમારી જમીનના પ્રકાર અને સિંચાઈની સુવિધા અનુસાર વાવેતર અને ઇનપુટ્સનું આયોજન કરો.

શું તમે તમારી જમીનના પ્રકાર માટે વધુ ચોક્કસ સલાહ અથવા આ પાકોમાંથી કોઈપણ માટે પાક વ્યવસ્થાપન ટિપ્સ મેળવવા માંગો છો?
(સ્ત્રોત: આણંદ કૃષિ યુનિવર્સિટી, કૃષિગોપિયા, કૃષિ વિજ્ઞાન)",grammar_fluency_compare,,"Both are similar in fluency, but Response B reads slightly more smoothly and naturally overall.",3,"Mostly grammatical and understandable Gujarati, but some phrasing feels unnatural and slightly translated.",3,"Generally correct Gujarati with clear structure, though it sounds a bit technical and not fully natural in places.",response_b,"Both are similar in fluency, but Response B reads slightly more smoothly and naturally overall.",1.5962,895,85,980,0.00105375
41,123,2.prod_better,chat,2.prod_better,ધાનેરા શહેર/આસપાસના ગામોમાં શંકર ગાય વેચવા/ખરીદવા માટે માહિતી જોઈએ (કોણ વેચે છે?).,"આપેલ દસ્તાવેજોના આધારે હું કહી શકતો નથી. મારી પાસે રીઅલ-ટાઇમ પશુ બજારો, વ્યક્તિગત ખરીદદારો/વેચાણકર્તાઓની યાદી અથવા ધનેરા શહેર અને તેની આસપાસના ગામો માટેની સ્થાનિક વેપાર ડિરેક્ટરીની માહિતી ઉપલબ્ધ નથી. હું ભલામણ કરું છું કે તમે તમારા સ્થાનિક ગામના પશુ બજાર (મંડી)માં તપાસ કરો અથવા ઉપલબ્ધ શંકર ગાયો વિશે માહિતી માટે તમારા સ્થાનિક સમાજનો સંપર્ક કરો.","હાલમાં, મારી પાસે ધનેરા શહેર અથવા નજીકના ગામોમાં શંકર ગાયો માટેના વાસ્તવિક સમયના પશુ બજારની યાદીઓ અથવા વેચાણકર્તાઓના નામ ઉપલબ્ધ નથી. તમારા વિસ્તારમાં શંકર ગાયો ખરીદવા અથવા વેચવા માટે, નીચેના વ્યવહારુ પગલાં અજમાવો:

1. તમારા નજીકના સ્થાનિક ડેરી સોસાયટી અથવા અમૂલ કલેક્શન સેન્ટરનો સંપર્ક કરો—તેમની પાસે ઘણીવાર એવા ખેડૂતો વિશે માહિતી હોય છે જેઓ ગાયો વેચી રહ્યા છે, જેમાં શંકર જાતિની ગાયોનો પણ સમાવેશ થાય છે.
2. ધનેરા અને આસપાસના વિસ્તારોમાં સ્થાનિક પશુ બજારો (પશુ મેળો) ની મુલાકાત લો; આ ખરીદદારો અને વેચાણકર્તાઓને શોધવા માટે સારી જગ્યાઓ છે.
3. ઉપલબ્ધ પ્રાણીઓ વિશે માહિતી મેળવવા માટે પશુ દવાખાના અથવા સ્થાનિક પશુપાલન અધિકારીઓનો સંપર્ક કરો.
4. તમારા પ્રદેશમાં લોકપ્રિય કૃષિ/પશુધન ટ્રેડિંગ એપ્લિકેશન્સ અથવા વેબસાઇટ્સનો ઉપયોગ કરો.

કોઈપણ પ્રાણી ખરીદતા પહેલાં હંમેશાં તેના સ્વાસ્થ્ય રેકોર્ડ અને રસીકરણની સ્થિતિ ચકાસો. જો તમને ગાય ખરીદતા પહેલાં શું તપાસવું જોઈએ તે વિશે કોઈ ટીપ્સ જોઈતી હોય, તો મને જણાવો!",grammar_fluency_compare,,"Response B reads more naturally and smoothly in Gujarati, with better structure and a friendlier style.",3,"Mostly grammatical and understandable Gujarati, but some phrasing feels slightly translated and formal rather than fully natural.",4,"Grammatically correct, fluent, and natural-sounding Gujarati with a friendly, helpful tone.",response_b,"Response B reads more naturally and smoothly in Gujarati, with better structure and a friendlier style.",2.0985,737,107,844,0.00103425
42,125,2.prod_better,chat,2.prod_better,પશુને મીઠું અને સોડા દરરોજ આપવું જોઈએ કે નહીં? આપવું હોય તો ક્યારે અને કેટલું આપવું?,"હા, પાચન સુધારવા અને એકંદર આરોગ્ય જાળવવા માટે સામાન્ય રીતે પશુઓને દરરોજ મીઠું અને બેકિંગ સોડા આપવું જોઈએ.

**માત્રા અને આપવાની રીત:**
*   **મીઠું:** દરરોજ **25 થી 30 ગ્રામ** સામાન્ય મીઠું આપો. તેને ખોરાક પર છાંટી શકાય છે અથવા અનાજ સાથે મિક્સ કરી શકાય છે.
*   **બેકિંગ સોડા:** દરેક પ્રાણીને દરરોજ **50 ગ્રામ** બેકિંગ સોડા આપો.

**મહત્વપૂર્ણ અપવાદો અને સાવચેતીઓ:**
*   **સૂકી પશુઓ:** જે ગાયો અથવા ભેંસો દુધ ન આપતી હોય, તેમના માટે **મીઠાની માત્રા ઓછી કરો**, કારણ કે વધુ મીઠું ખાવાથી શરીરમાં પાણી જમા થઈ શકે છે અને સ્તનમાં સોજો (એડીમા) આવી શકે છે.
*   **બચ્ચાં પેદા થાય તે પહેલાં:** બચ્ચાં પેદા થાય ત્યાં સુધી સોડા અથવા તેના જેવા પદાર્થો આપવાનું ટાળો.
*   **ગરમીની અસર:** ગરમ હવામાન દરમિયાન, ઠંડા પીવાના પાણીમાં થોડું મીઠું ઉમેરવું ફાયદાકારક હોઈ શકે છે.

શ્રેષ્ઠ પરિણામો માટે, ખાતરી કરો કે આ એક સંતુલિત આહારનો ભાગ છે જેમાં ઉચ્ચ ગુણવત્તાવાળા લીલા અને સૂકા ચારો તેમજ પૌષ્ટિક ઘન ખોરાક અને ખનિજ મિશ્રણનો સમાવેશ થાય છે.","મીઠું (સોડિયમ ક્લોરાઇડ) એક આવશ્યક ખનિજ છે અને તે તમામ પશુઓને દરરોજ આપવું જોઈએ, કારણ કે તે પાચનમાં મદદ કરે છે, પ્રવાહીનું સંતુલન જાળવે છે અને ખોરાક ખાવાની પ્રેરણા આપે છે. પુખ્ત વયના પશુઓ (ગાયો અથવા ભેંસો) માટે, સામાન્ય રીતે દરરોજ પ્રતિ પશુ આશરે 30-50 ગ્રામ મીઠું આપવાની ભલામણ કરવામાં આવે છે, પરંતુ ચોક્કસ માત્રા આહાર અને આબોહવા સાથે બદલાઈ શકે છે. તમે મીઠુંને કુલ ખોરાકમાં ભેળવીને અથવા તેને મીઠાના બ્લોકના રૂપમાં આપી શકો છો. હંમેશાં સ્વચ્છ પીવાના પાણીની ઉપલબ્ધતા સુનિશ્ચિત કરો.

સોડા (સામાન્ય રીતે સોડિયમ બાયકાર્બોનેટનો ઉલ્લેખ કરે છે) તમામ પશુઓ માટે દરરોજ આપવાની જરૂર નથી. તે સામાન્ય રીતે ત્યારે આપવામાં આવે છે જ્યારે પાચનની સમસ્યાઓ હોય, જેમ કે એસિડોસિસ - ખાસ કરીને જ્યારે પશુઓ વધુ અનાજવાળો ખોરાક ખાય છે. તમામ દૂધાળા પશુઓ માટે નિયમિત દૈનિક ઉપયોગ જરૂરી નથી. જો પશુચિકિત્સક અથવા પોષણ નિષ્ણાત દ્વારા સલાહ આપવામાં આવે (દા.ત., રુમેન એસિડોસિસના કિસ્સામાં), તો સોડાને દરરોજ પ્રતિ પુખ્ત પશુ આશરે 50-100 ગ્રામ ખોરાકમાં ભેળવીને આપી શકાય છે. ભલામણ કરેલ માત્રાથી વધુ ન આપો, કારણ કે વધુ માત્રામાં આપવાથી અસંતુલન થઈ શકે છે.

તમારા પશુઓ માટે ખનિજ પૂરક આહારમાં નોંધપાત્ર ફેરફાર કરતા પહેલાં હંમેશાં તમારા સ્થાનિક પશુચિકિત્સક અથવા પશુ પોષણ નિષ્ણાતની સલાહ લો. વધુ પડતો ઉપયોગ હાનિકારક હોઈ શકે છે.",grammar_fluency_compare,,"Both responses are similarly grammatical and fluent overall, with no clear advantage in grammar quality.",3,"Grammar is mostly correct and understandable, but the wording is somewhat stiff and technical in places, so it does not sound fully natural or friendly.",3,"The Gujarati is grammatically sound overall, but it reads like a formal translated explanation with some technical phrasing rather than a natural farmer-friendly response.",both,"Both responses are similarly grammatical and fluent overall, with no clear advantage in grammar quality.",4.0192,1105,122,1227,0.00137775
43,126,2.prod_better,chat,2.prod_better,સાગર બુસ્ટર+ વિશે વિગતવાર માહિતી આપો (ઉપયોગ/ફાયદા/ડોઝ વગેરે).,"આપેલ દસ્તાવેજોના આધારે હું કહી શકતો નથી. શોધ પરિણામોમાં સાગર જસ્ટર મિનરલ મિક્સર પાવડર અને અમૂલ મિલ્ક-ઓ-ગોલ્ડ જેવા અન્ય ઉત્પાદનો વિશે માહિતી છે, પરંતુ સાગર બૂસ્ટર+ વિશે કોઈ ઉલ્લેખ નથી.","મને ઉપલબ્ધ દસ્તાવેજોમાં સાગર બૂસ્ટર+ વિશે કોઈ ચોક્કસ અથવા વિગતવાર માહિતી મળી નથી (જેમ કે તેની રચના, ઉપયોગ, ફાયદા અથવા ડોઝ). એ શક્ય છે કે આ ઉત્પાદન વર્તમાન પશુચિકિત્સા/કૃષિ સાહિત્યમાં આવરી લેવામાં આવ્યું નથી જેની હું તપાસ કરી રહ્યો હતો.

ચોક્કસ ડોઝ અને ફાયદાઓ માટે, કૃપા કરીને સાગર બૂસ્ટર+ ના પેકેજિંગ લેબલનો સંદર્ભ લો અથવા તમારા સ્થાનિક પશુચિકિત્સક અથવા ફીડ સપ્લાયરની સલાહ લો. જો તમારી પાસે ઉત્પાદનનું ચિત્ર અથવા વધુ વિગતો હોય, તો હું તમને વધુ સારી રીતે માર્ગદર્શન આપી શકું છું.

આપેલ દસ્તાવેજોના આધારે, હું જાણતો નથી.",grammar_fluency_compare,,"Response B is more complete and reads slightly more naturally overall, despite being somewhat formal.",3,"Grammatically correct and understandable Gujarati, but the phrasing is somewhat stiff and not very friendly or natural.",3,"Mostly correct Gujarati with clear structure, but it sounds a bit formal/technical and the final sentence is slightly awkward.",response_b,"Response B is more complete and reads slightly more naturally overall, despite being somewhat formal.",1.8608,561,111,672,0.00092025
44,129,2.prod_better,chat,2.prod_better,દેસી (સ્થાનિક) કુતરા નો વિકાસ/ગ્રોથ માટે માર્ગદર્શન,"હું ફક્ત કૃષિ, પશુપાલન અને ડેરી ઉદ્યોગ સંબંધિત પ્રશ્નોમાં જ મદદ કરી શકું છું.","દેશી (સ્થાનિક) કૂતરાંના સ્વસ્થ વિકાસ અને વૃદ્ધિને પ્રોત્સાહન આપવા માટે, આ મુખ્ય મુદ્દાઓ પર ધ્યાન કેન્દ્રિત કરો:

1. પોષણ: ગુણવત્તાયુક્ત કોમર્શિયલ ડોગ ફૂડ અથવા માંસ, ચોખા, શાકભાજી અને ઇંડા ધરાવતું હોમમેઇડ ખોરાક આપીને સંતુલિત આહાર પ્રદાન કરો. હંમેશાં તાજું, સ્વચ્છ પાણી ઉપલબ્ધ રાખો.
2. રસીકરણ અને કૃમિનાશક દવા: નિયમિત રસીકરણનું સમયપત્રક અનુસરો (રેબીઝ, પાર્વોવાયરસ, ડિસ્ટેમ્પર વગેરે) અને 6 મહિનાની ઉંમર સુધી દર 3-4 અઠવાડિયે અને પછી દર 3 મહિને બચ્ચાંને કૃમિનાશક દવા આપો.
3. આશ્રય અને સ્વચ્છતા: ગરમી/વરસાદથી રક્ષણ આપો, સૂવાના સ્થળોને સ્વચ્છ રાખો અને નિયમિતપણે ટિક્સ/ફ્લીસ માટે તપાસ કરો.
4. સામાજિકતા: તેમને વહેલી તકે લોકો, અવાજો અને અન્ય પ્રાણીઓ સાથે પરિચય કરાવો, જેથી ડર ઓછો થાય અને સારી વર્તણૂકને પ્રોત્સાહન મળે.
5. કસરત: શારીરિક અને માનસિક સુખાકારી માટે દરરોજ ચાલવા અને રમવા જેવી કસરત આપો.
6. પશુચિકિત્સા સંભાળ: નિયમિતપણે આરોગ્ય તપાસ માટે પશુચિકિત્સકની સલાહ લો અને ભૂખ ન લાગવી, ઉલટી અથવા સુસ્તી જેવા કોઈપણ રોગના લક્ષણો દેખાય તો તાત્કાલિક સારવાર કરાવો.

ખોરાક, રસીકરણ યોજનાઓ અથવા સારવાર વિશે વિશિષ્ટ સલાહ માટે, તમારા સ્થાનિક પશુચિકિત્સકની સલાહ લો.",grammar_fluency_compare,,"Both are grammatically strong, but Response B is more relevant to the user's question and still reads naturally in Gujarati.",4,"Grammatically correct, natural Gujarati, and concise with a friendly tone.",4,Grammatically correct and well-structured Gujarati; slightly technical but still natural and clear.,response_b,"Both are grammatically strong, but Response B is more relevant to the user's question and still reads naturally in Gujarati.",1.4728,760,105,865,0.0010425
45,137,2.prod_better,chat,2.prod_better,મારા પશુને ભૂલથી એકજ દિવસમાં બે વાર રસી મુકાય તો નુકસાન થાય?,"આપેલ દસ્તાવેજોના આધારે, હું એ નથી કહી શકતો કે એક જ દિવસમાં આકસ્મિક રીતે બે વાર રસી આપવાથી કોઈ ચોક્કસ નુકસાન થાય છે કે નહીં.

જો કે, દસ્તાવેજોમાં ભાર મૂકવામાં આવ્યો છે કે ઉત્પાદકની સૂચનાઓ અનુસાર ડોઝ અને રસી આપવાની રીતનું સખતપણે પાલન કરવું જોઈએ અને રસીઓ ફક્ત પશુચિકિત્સકની દેખરેખ હેઠળ જ આપવી જોઈએ. વિવિધ રસીઓ (જીવંત વિરુદ્ધ નિષ્ક્રિય) અને વિવિધ રોગોની સલામતી પ્રોફાઇલ અલગ હોવાથી, હું તમને ભારપૂર્વક ભલામણ કરું છું કે તમે **તમારા સ્થાનિક પશુચિકિત્સકનો તાત્કાલિક સંપર્ક કરો** અને ઘટનાની જાણ કરો અને વપરાયેલી રસી માટે ચોક્કસ માર્ગદર્શન મેળવો.","અજાણતામાં એક જ દિવસમાં કોઈ પ્રાણીને એક જ રસી બે વાર આપવાથી સામાન્ય રીતે ગંભીર નુકસાન થતું નથી, પરંતુ રસી મૂક્યાના સ્થળે સોજો આવવો, થોડો તાવ આવવો અથવા કામચલાઉ આળસ જેવા હળવા આડઅસરો થઈ શકે છે. દુર્લભ કિસ્સાઓમાં, રસીના પ્રકાર અને પ્રાણીના સ્વાસ્થ્યના આધારે વધુ ગંભીર પ્રતિક્રિયાઓ પણ થઈ શકે છે. કોઈપણ અસામાન્ય લક્ષણો માટે તમારા પ્રાણીનું નજીકથી નિરીક્ષણ કરવું અને જો તમને કંઈપણ ચિંતાજનક લાગે અથવા પ્રાણીને રસી પ્રત્યે તીવ્ર પ્રતિક્રિયાનો ઇતિહાસ હોય, તો સ્થાનિક પશુચિકિત્સકની સલાહ લેવી શ્રેષ્ઠ છે. ભવિષ્યમાં આવી ભૂલો ટાળવા માટે હંમેશાં રસીના યોગ્ય રેકોર્ડ રાખવાનો પ્રયાસ કરો.",grammar_fluency_compare,,"Response B reads more naturally and smoothly in Gujarati, while Response A feels more formal and less conversational.",3,"Grammatically correct overall, but it sounds somewhat formal and technical rather than fully natural and friendly.",4,"Fluent, natural Gujarati with correct grammar and a friendly, easy-to-understand tone.",response_b,"Response B reads more naturally and smoothly in Gujarati, while Response A feels more formal and less conversational.",1.5347,704,107,811,0.0010095
46,140,2.prod_better,chat,2.prod_better,મારી ગાયને દિવેલાના પાનાં ખવડાયા ને મેનો ચઢ્યો છે તો કરાય?,"એવું લાગે છે કે તમારા પાલતુ પ્રાણીને તબીબી સારવારની જરૂર પડી શકે છે. શું તમે હેલ્થ કૉલ બુક કરવા માંગો છો?

ઝેરી છોડના કારણે પ્રાણીઓને ગંભીર નુકસાન થઈ શકે છે અને તાત્કાલિક વ્યાવસાયિક મદદની જરૂર પડે છે. આપેલ દસ્તાવેજોના આધારે, હું દિવેલાના ઝેર માટેની ચોક્કસ સારવાર જાણતો નથી, તેથી તમારા ગાયને બચાવવા માટે યોગ્ય ડોઝ અને તબીબી સારવાર માટે **તમારા નજીકના પશુચિકિત્સકનો તાત્કાલિક સંપર્ક કરવો** ખૂબ જ મહત્વપૂર્ણ છે.","દિવાલા (ડેટુરા) નામનું છોડ પશુઓ માટે ઝેરી છે, અને તે ખાવાથી તાવ, ન્યુરોલોજીકલ લક્ષણો અને જીવલેણ ગૂંચવણો જેવી ગંભીર સ્વાસ્થ્ય સમસ્યાઓ થઈ શકે છે. તમારી ગાયએ દિવાલાના પાંદડા ખાધા છે અને તેને તાવ આવ્યો છે, તેથી આ એક તબીબી કટોકટી હોઈ શકે છે.

એવું લાગે છે કે તમારા પશુને તબીબી સારવારની જરૂર પડી શકે છે. શું તમે હેલ્થ કૉલ બુક કરવા માંગો છો?",grammar_fluency_compare,,"Response B is more fluent and coherent overall, even though it still sounds somewhat translated.",3,"Mostly grammatical and understandable, but some phrasing is unnatural and a bit technical/cold.",3,"Grammar is mostly correct, but several phrases sound translated and not fully natural in Gujarati.",response_b,"Response B is more fluent and coherent overall, even though it still sounds somewhat translated.",1.4435,577,101,678,0.00088725
47,145,2.prod_better,chat,2.prod_better,રસી આપ્યા પસી બધ પશુઓ બીમાર થાય છે તો રસીકરણ કરાવાય?,"સામાન્ય રીતે, રસીકરણ એ તમારા પશુઓને જીવલેણ રોગોથી બચાવવાનો સૌથી અસરકારક માર્ગ છે, અને તે ભલામણ મુજબ થવું જોઈએ.

એ નોંધવું મહત્વપૂર્ણ છે કે રસીકરણ પછી કેટલાક પ્રાણીઓમાં ટૂંકા ગાળાના આડઅસર જોવા મળી શકે છે, જેમ કે:
*   **હળવો તાવ**
*   **દૂધના ઉત્પાદનમાં કામચલાઉ ઘટાડો** (દૂધ આપતા પ્રાણીઓમાં)
*   **ઇન્જેક્શનના સ્થળે સોજો અથવા ગઠ્ઠો**

આ આડઅસરો સામાન્ય રીતે ટૂંકા સમય માટે જ રહે છે, લગભગ બેથી ત્રણ દિવસ, અને તે ચિંતાનું કારણ નથી. તેનાથી વિપરીત, વાસ્તવિક રોગો કાયમી દૂધની ખોટ અથવા જીવલેણ પણ બની શકે છે.

**મહત્વપૂર્ણ સાવચેતીઓ:**
*   **ફક્ત તંદુરસ્ત પ્રાણીઓ:** રસી ફક્ત એવા પ્રાણીઓને જ આપવી જોઈએ જે પહેલેથી જ સારી તંદુરસ્તીમાં હોય. **રોગગ્રસ્ત પ્રાણીઓને રસી આપવી જોઈએ નહીં.**
*   **નિરીક્ષણ:** રસી હંમેશા પશુચિકિત્સકની દેખરેખ અને સલાહ હેઠળ જ આપવી જોઈએ.
*   **યોગ્ય સંગ્રહ:** અયોગ્ય સંગ્રહ અથવા રસી આપવાથી આડઅસર થઈ શકે છે, તેથી રસીને યોગ્ય તાપમાને રાખવી જોઈએ.

જો તમારા પ્રાણીઓમાં રસી આપ્યા પછી ગંભીર લક્ષણો દેખાય છે, તો કૃપા કરીને કારણ જાણવા માટે તાત્કાલિક પશુચિકિત્સકની સલાહ લો.","જો બધાં પ્રાણીઓમાં રસીકરણ પછી માંદગીના લક્ષણો દેખાય, તો આ સામાન્ય નથી. રસીકરણ પછી થોડો તાવ અથવા ઇન્જેક્શનના સ્થળે સોજો જેવી સામાન્ય અને હળવી પ્રતિક્રિયાઓ ક્યારેક થઈ શકે છે, પરંતુ ગંભીર અથવા વ્યાપક માંદગી અસામાન્ય છે અને તે અયોગ્ય રસી સંગ્રહ, સમાપ્ત થઈ ગયેલી/ખરાબ બેચની રસીનો ઉપયોગ અથવા ખોટી રીતે રસી આપવા જેવી સમસ્યાઓ સૂચવી શકે છે.

તે ખૂબ જ મહત્વપૂર્ણ છે:
- તાત્કાલિક વધુ રસીકરણ બંધ કરો.
- કારણની તપાસ કરવા માટે શક્ય તેટલી વહેલી તકે તમારા સ્થાનિક પશુચિકિત્સક અથવા પ્રાણી આરોગ્ય અધિકારીનો સંપર્ક કરો.
- રસીકરણના રેકોર્ડ અને રસીની બોટલ તપાસ માટે રાખો.

પશુચિકિત્સા નિષ્ણાત દ્વારા પરિસ્થિતિની તપાસ ન થાય અને યોગ્ય માર્ગદર્શન ન મળે ત્યાં સુધી ફરીથી રસીકરણ કરશો નહીં. સલાહ વિના રસીકરણનું પુનરાવર્તન કરવું જોખમી હોઈ શકે છે.",grammar_fluency_compare,,"Both are grammatically sound, but Response B is slightly more natural and direct in structure, making it a bit easier to read.",3,"Grammatically correct Gujarati overall, but it reads somewhat formal and technical rather than naturally friendly for a farmer.",3,"Grammar is correct and clear, though the tone is still a bit technical and less conversational than ideal.",response_b,"Both are grammatically sound, but Response B is slightly more natural and direct in structure, making it a bit easier to read.",2.3999,939,117,1056,0.00123075
48,160,2.prod_better,chat,2.prod_better,સાંઢ / પાડામાં પણ બ્રુસેલા રોગ નું રસીકરણ કરાવવું જોઈએ કે નહીં ?,"ના, બ્રુસેલોસિસ માટેનું રસીકરણ ફક્ત માદા બચ્ચાંને જ આપવું જોઈએ, નર બચ્ચાંને નહીં.

માર્ગદર્શિકા અનુસાર, માદા બચ્ચાંને (વાછરડીઓને) **૪ થી ૮ મહિનાની વયે** રસી આપવી જોઈએ. આ રોગ સામે આજીવન રક્ષણ આપવા માટે એક જ ડોઝ પૂરતો છે.","બ્રુસેલા (બ્રુસેલોસિસ) માટેનું રસીકરણ સામાન્ય રીતે માદા બચ્ચાં માટે ભલામણ કરવામાં આવે છે, ખાસ કરીને 4-8 મહિનાની વયની વચ્ચે, જ્યારે તેઓ પ્રજનન માટે યોગ્ય વયમાં પહોંચે તે પહેલાં. બળદ અથવા પ્રજનન માટેના બળદનું રસીકરણ સામાન્ય રીતે કરવામાં આવતું નથી અથવા તેની ભલામણ કરવામાં આવતી નથી, કારણ કે બળદ દૂધ દ્વારા અથવા પ્રજનન સંબંધિત નુકસાન દ્વારા બ્રુસેલાના ચેપ ફેલાવવાનું મુખ્ય સ્ત્રોત નથી.

બળદનું નિયમિત બ્રુસેલા રસીકરણ સામાન્ય રીતે ટાળવામાં આવે છે કારણ કે:
- કેટલાક જીવંત રસીઓથી રસીકરણ કર્યા પછી બળદમાં ઓર્કિટિસ અથવા વંધ્યત્વ જેવી સમસ્યાઓ થઈ શકે છે.
- પ્રજનન માટેના બળદને દૂધના પુરવઠામાં ચેપ ફેલાવનાર તરીકે ગણવામાં આવતા નથી, પરંતુ જો તેઓ પહેલાથી જ સંક્રમિત હોય તો તેઓ વીર્ય દ્વારા જીવાણુ ફેલાવી શકે છે.

જો તમારા વિસ્તારમાં કોઈ કાનૂની અથવા પશુચિકિત્સા નિર્દેશ હોય, તો સ્થાનિક પશુપાલન માર્ગદર્શિકાને અનુસરો અને તમારા પશુચિકિત્સકની સલાહ લો અને તમારા ફાર્મ અથવા પ્રદેશ માટે ચોક્કસ ભલામણો મેળવો.",grammar_fluency_compare,,"Response A is much more natural and fluent in Gujarati, while Response B sounds technical and translated.",4,"Grammatically correct Gujarati, natural and easy to understand, with a friendly tone.",2,"Mostly understandable, but it feels translated and has several unnatural or awkward constructions.",response_a,"Response A is much more natural and fluent in Gujarati, while Response B sounds technical and translated.",2.2568,706,100,806,0.0009795
49,175,2.prod_better,chat,2.prod_better,પશુના બાવલામાં ચારેય આચળનું બંધારણ જુદું જુદું હોય છે?,"ગાય અને ભેંસમાં, સ્તન ચાર ભાગોથી બનેલું હોય છે, અને આ દરેક ભાગ એક **અલગ અને સ્વતંત્ર ભાગ** છે.

તેઓ સ્વતંત્ર હોવાથી, અધૂરું દૂધ દોહવાનું જેવા મુદ્દાઓ એક ચોક્કસ ભાગમાં સ્તનની સોજા (માસ્ટિટિસ) તરફ દોરી શકે છે, અને તેનાથી બાકીના ભાગો પર અસર થવાની જરૂર નથી.","ગાય અથવા ભેંસના સ્તનમાં રહેલા ચારેય ભાગોની રચના સામાન્ય રીતે સમાન હોય છે. દરેક ભાગ સ્વતંત્ર રીતે કાર્ય કરે છે, જેમાં તેનું પોતાનું સ્તનગ્રંથિ, દૂધ ઉત્પન્ન કરતું પેશી અને નળીઓનું માળખું હોય છે. દરેક ભાગ વચ્ચે કુદરતી રીતે વિભાજન હોય છે, તેથી એક ભાગનું દૂધ સામાન્ય રીતે બીજા ભાગના દૂધ સાથે મિશ્ર થતું નથી. જો કે, કેટલીકવાર ઈજા, રોગ અથવા શરીરની રચનાને કારણે નાના માળખાકીય ફેરફારો જોવા મળી શકે છે, પરંતુ સામાન્ય રીતે તંદુરસ્ત પ્રાણીમાં બધા ભાગો માળખાકીય રીતે સમાન હોય છે.",grammar_fluency_compare,,"Both are grammatically sound, but Response B is more complete and reads more smoothly in Gujarati.",3,"Grammatically correct overall, but it sounds a bit technical and less natural/friendly in places.",3,"Grammar is correct and fluent, but the wording is somewhat technical and formal rather than warmly natural.",response_b,"Both are grammatically sound, but Response B is more complete and reads more smoothly in Gujarati.",1.6722,564,107,671,0.0009045
50,176,2.prod_better,chat,2.prod_better,બળદમાં કાંધ આવવાના કારણો?,"આપેલ દસ્તાવેજોમાં ""યોક સોર્સ"" (yoke sores) વિશે સ્પષ્ટપણે ઉલ્લેખ નથી, પરંતુ તે બળદના ખભા અને ત્વચાને થતી ઇજાઓના નજીકના કારણોને પ્રકાશિત કરે છે, જેનાથી સમાન સમસ્યાઓ થાય છે.

બળદમાં ઘર્ષણ સંબંધિત ઇજાઓ અને ખભાની સમસ્યાઓના મુખ્ય કારણોમાં નીચેનાનો સમાવેશ થાય છે:

*   **અયોગ્ય ફિટિંગ:** જો જોડીમાં રહેલા બળદો પર યોક યોગ્ય રીતે ફિટ ન હોય.
*   **પૂરતા પેડિંગનો અભાવ:** જો ખભાના ભાગમાં પૂરતું પેડિંગ ન હોય, તો તેનાથી પ્રાણીની ત્વચા સાથે ઘર્ષણ થાય છે.
*   **વધુ પડતો ભાર:** પ્રાણી માટે ખૂબ જ ભારે ભાર ખેંચવો.
*   **અયોગ્ય કામનો સમય:** ખેડણ કર્યા પછી તરત જ પ્રાણીને કામ કરાવવું.

આ પરિબળો ઘર્ષણથી થતી ઘા અથવા તો ખભાના સ્થાનાંતરણ તરફ દોરી શકે છે. આ સમસ્યાઓને રોકવા માટે, યોક યોગ્ય રીતે ફિટ છે અને ઘર્ષણ ઘટાડવા માટે પૂરતું પેડિંગ છે તેની ખાતરી કરો.","બળદના ખભામાં સોજો આવવાના ઘણા સંભવિત કારણો હોઈ શકે છે. તેનાં સૌથી સામાન્ય કારણોમાં નીચેનાનો સમાવેશ થાય છે:

૧. વધુ પડતું કામ કરવાથી, ભારે ભાર ઉપાડવાથી અથવા ખોટી રીતે જોડણી કરેલા જુવાને કારણે સ્નાયુમાં ખેંચાણ અથવા ઈજા થવી.
૨. ઈજા અથવા ચેપને કારણે ગંઠાઈ જવું.
૩. જુવાના કારણે વારંવાર ઘર્ષણ અથવા દબાણના બિંદુઓને લીધે સ્થાનિક સોજો આવવો.
૪. પરોપજીવી ચેપ (જેમ કે જીવાત) થવાથી બળતરા અને સોજો આવવો.
૫. પડી જવા અથવા કોઈ સખત વસ્તુ સાથે અથડાવાથી આઘાત લાગવો.
૬. કેટલાક કિસ્સાઓમાં, ચેપ અથવા સાંધાની સમસ્યાઓ, જેમ કે સંધિવા, પણ સોજોનું કારણ બની શકે છે.

જો સોજો વધતો જાય, ગરમ લાગે, દુખાવો થતો હોય અથવા બળદ કામ કરવામાં અથવા યોગ્ય રીતે ચાલવામાં અસમર્થ હોય, તો તપાસ અને યોગ્ય સારવાર માટે પશુચિકિત્સકનો સંપર્ક કરો. વહેલી તકે સારવાર કરવાથી ગૂંચવણો અટકાવી શકાય છે અને ઝડપી સ્વસ્થ થવામાં મદદ મળે છે.",grammar_fluency_compare,,"Response B is more fluent and natural overall, with fewer translation-like awkward constructions than Response A.",2,"The Gujarati reads like a translated explanation and includes awkward phrasing and mixed technical terms, though it is still understandable.",3,"The Gujarati is mostly grammatical and clearer than A, but it still sounds somewhat technical and not fully natural.",response_b,"Response B is more fluent and natural overall, with fewer translation-like awkward constructions than Response A.",2.0123,867,112,979,0.00115425
51,180,2.prod_better,chat,2.prod_better,હડકાયું કૂતરું કરડે તો પ્રાથમિક સારવાર શું?,હું ખેડૂતોને કૃષિ અને પશુપાલન સંબંધિત સલાહ અને માર્ગદર્શન આપવા માટે બનાવવામાં આવ્યો છું. હું મનુષ્યો અથવા પાલતુ પ્રાણીઓ માટે તબીબી સહાય સંબંધિત સલાહ આપી શકતો નથી. કૃપા કરીને તાત્કાલિક કોઈ ડોક્ટર અથવા પશુચિકિત્સા ક્લિનિકનો સંપર્ક કરો.,"જો કોઈ શંકાસ્પદ રેબીઝગ્રસ્ત કૂતરાએ કરડ્યું હોય, તો તરત જ ઘાને ઓછામાં ઓછા 15 મિનિટ સુધી સાબુ અને વહેતા પાણીથી સારી રીતે ધોઈને ચેપનું જોખમ ઘટાડો. ઘા પર ચુસ્ત પાટો બાંધશો નહીં. સાફ કર્યા પછી, જો ઉપલબ્ધ હોય તો આયોડિન અથવા આલ્કોહોલ જેવું એન્ટિસેપ્ટિક લગાવો. રેબીઝના રસીકરણ અને વધુ સારવાર માટે શક્ય તેટલી વહેલી તકે તબીબી સહાય મેળવો. સારવાર ન કરવામાં આવે તો રેબીઝ જીવલેણ બની શકે છે, તેથી તાત્કાલિક તબીબી સારવાર ખૂબ જ મહત્વપૂર્ણ છે.",grammar_fluency_compare,,"Both are grammatically strong, but Response B is more directly relevant and reads more naturally as practical advice.",4,"Grammatically correct Gujarati with natural structure and clear, polite tone.",4,"Grammatically correct Gujarati, fluent and natural overall, though slightly more technical.",response_b,"Both are grammatically strong, but Response B is more directly relevant and reads more naturally as practical advice.",2.1363,542,100,642,0.0008565
52,186,2.prod_better,chat,2.prod_better,ખરીદેલી ગાયના થણ પર વાળ હોય તો શું તે પ્રથમ વિયાણ (ફર્સ્ટ કાલ્વર) હશે?,"આપેલ દસ્તાવેજોના આધારે, એવું કોઈ ઉલ્લેખ નથી કે સ્તન પરના વાળ એ કોઈ ચોક્કસ સંકેત છે કે ગાય પહેલી વાર બચ્ચાંને જન્મ આપનારી છે.

જો કે, દૂધ આપતી પશુઓની પસંદગી માટેની માર્ગદર્શિકા સૂચવે છે કે ઉચ્ચ ઉત્પાદન આપતા પશુની પસંદગી કરતી વખતે સ્તન પરના વધુ પડતા વાળ અથવા ચરબી ટાળવી જોઈએ. વધુમાં, સામાન્ય વ્યવસ્થાપન સલાહમાં સ્વચ્છતા જાળવવા માટે વાળ કાપીને અને ગંદકી દૂર કરીને સ્તનની સફાઈ કરવાની ભલામણ કરવામાં આવે છે.

ગાય પહેલી વાર બચ્ચાંને જન્મ આપનારી છે કે કેમ તે ચોક્કસ રીતે જાણવા માટે, પશુના રેકોર્ડ, વંશાવળી અથવા પશુચિકિત્સકની તપાસ પર આધાર રાખવો વધુ સારું છે.","જે ગાયના સ્તનમાં વાળ હોય છે, તે ગાય પહેલી વાર બચ્ચાંને જન્મ આપનાર (બકરી) છે કે નહીં, તે નક્કી કરવા માટે તે વિશ્વસનીય માપદંડ નથી. પહેલી વાર બચ્ચાંને જન્મ આપનાર બકરીઓ (જેને હેઇફર પણ કહેવાય છે)ના સ્તન સામાન્ય રીતે નાના અને સખત હોય છે, અને તેના સ્તંભો પણ સારા અને ઓછા ઘસાયેલા દેખાય છે. કેટલીકવાર બકરીઓના સ્તનમાં વૃદ્ધ ગાયોની સરખામણીમાં વધુ ઝીણા વાળ હોઈ શકે છે, પરંતુ આનાથી ગાય કેટલી વાર બચ્ચાંને જન્મ આપી છે તે ચોક્કસ રીતે જાણી શકાતું નથી. કેટલીક વૃદ્ધ ગાયોના સ્તનમાં પણ જાતિ અથવા પર્યાવરણને કારણે વાળ હોઈ શકે છે.

ગાય પહેલી વાર બચ્ચાંને જન્મ આપનાર છે કે નહીં તે તપાસવા માટે:
- નાના, સારી રીતે આકાર પામેલા અને લટકતા ન હોય તેવા સ્તન જુઓ.
- દાંત અને શરીર પર દેખાતા અન્ય નિશાનોથી ગાયની ઉંમરનો અંદાજ લગાવી શકાય છે.
- બકરીઓમાં યોનિ અને પેલ્વિક વિસ્તારની નજીક બચ્ચાંને જન્મ આપવાના નિશાન સામાન્ય રીતે હોતા નથી.

કોઈપણ પશુ ખરીદતી વખતે, વેચનાર પાસેથી તેની માહિતી મેળવવાનો પ્રયાસ કરો અને ચોક્કસ ખાતરી માટે અનુભવી પશુચિકિત્સકની સલાહ લો.",grammar_fluency_compare,,"Response A is more natural and grammatically smoother overall, while Response B has more awkward and inconsistent wording.",3,"Mostly grammatical and understandable Gujarati, but some phrasing feels translated and slightly unnatural.",2,"Contains several unnatural and incorrect word choices, including repeated confusion between cow and goat, making it read more like a translation.",response_a,"Response A is more natural and grammatically smoother overall, while Response B has more awkward and inconsistent wording.",1.9479,837,110,947,0.00112275
53,188,2.prod_better,chat,2.prod_better,ગાય ગાભણ છે છતાં અવાજ કરે છે અને ગરમીના લક્ષણો બતાવે છે—કારણ/ઉપાય?,"સામાન્ય રીતે, ગર્ભવતી ગાયમાં માદામાં હોવાના સ્પષ્ટ લક્ષણો દેખાતા નથી, કારણ કે માદામાં હોવું સામાન્ય રીતે ફક્ત ગર્ભવતી ન હોય તેવી ગાયોમાં જ જોવા મળે છે. ગર્ભવતી ગાયમાં જો જોરથી અવાજ કાઢવા, બેચેની અને અન્ય માદામાં હોવા જેવા લક્ષણો દેખાય, તો તે અન્ય સમસ્યાઓ સાથે મૂંઝવણમાં આવી શકે છે અથવા ગર્ભાવસ્થામાં કોઈ સમસ્યા હોવાનું સૂચવી શકે છે.

આ એક જટિલ પરિસ્થિતિ છે અને તેનાથી ગાય અને બચ્ચાના સ્વાસ્થ્ય પર અસર પડી શકે છે, તેથી હું ભારપૂર્વક ભલામણ કરું છું કે તમે તાત્કાલિક **પશુચિકિત્સકની સલાહ લો** જેથી તેઓ શારીરિક તપાસ કરે અને ગર્ભાવસ્થાની નિદાન (PD) કરીને ગર્ભાવસ્થાની સ્થિતિની ખાતરી કરી શકે.

એવું લાગે છે કે તમારા પશુને તબીબી સારવારની જરૂર પડી શકે છે. શું તમે હેલ્થ કૉલ બુક કરાવવા માંગો છો?","સામાન્ય રીતે, ગર્ભવતી ગાયમાં માદામાં હોવાના લક્ષણો દેખાવા જોઈએ નહીં (જેમ કે બેચેની, બીજા પર ચઢવાનો પ્રયાસ, બીજાને ચઢવા દેવી અથવા અવાજમાં વધારો). જો તમારી ગર્ભવતી ગાયમાં માદામાં હોવાના લક્ષણો દેખાય છે, તો તેના ત્રણ મુખ્ય કારણો હોઈ શકે છે:

૧. ખોટી ગર્ભાવસ્થા અથવા ગર્ભાવસ્થાના પ્રારંભિક નિદાનમાં ભૂલ.
૨. હોર્મોનલ અસંતુલન અથવા આરોગ્ય સંબંધિત સમસ્યાઓ જે માદામાં હોવાના લક્ષણોનું અનુકરણ કરે છે.
૩. ગાયએ ગર્ભ ગુમાવી દીધો હોઈ શકે છે (પ્રારંભિક ગર્ભનો નાશ) અને તે ફરીથી માદામાં આવી ગઈ છે.

તમારે શું કરવું જોઈએ:

- પશુચિકિત્સક દ્વારા મળમૂત્ર માર્ગની તપાસ અથવા અલ્ટ્રાસાઉન્ડનો ઉપયોગ કરીને ગર્ભાવસ્થાની પુષ્ટિ કરો.
- જો ગાય ગર્ભવતી હોવાનું નિદાન થાય છે, પરંતુ હજી પણ માદામાં હોવાના લક્ષણો દેખાય છે, તો પશુચિકિત્સક હોર્મોનલ અથવા પ્રજનન સંબંધિત સમસ્યાઓ માટે તપાસ કરી શકે છે.
- ખાતરી કરો કે તમારી ગાયને પૂરતું પોષણ અને ખનિજ તત્વો મળી રહ્યા છે, કારણ કે પોષક તત્વોની ઉણપ પ્રજનન સ્વાસ્થ્યને અસર કરી શકે છે.

ચોક્કસ નિદાન અને સારવાર યોજના માટે શક્ય તેટલી વહેલી તકે તમારા સ્થાનિક પશુચિકિત્સકની સલાહ લો. વહેલી તકે સારવાર કરવાથી ગૂંચવણો ટાળી શકાય છે અને પ્રજનન ક્ષમતામાં સુધારો કરી શકાય છે.",grammar_fluency_compare,,"Response B is more fluent, better structured, and reads more naturally overall, even though it is still somewhat technical.",2,"The Gujarati is understandable, but several phrases are unnatural or awkwardly translated, and some wording does not read like native Gujarati.",3,"Mostly grammatical and clearer than A, though it still sounds somewhat technical and not fully natural in places.",response_b,"Response B is more fluent, better structured, and reads more naturally overall, even though it is still somewhat technical.",2.9774,950,117,1067,0.001239
54,197,2.prod_better,chat,2.prod_better,પ્રથમ વારમાં વતરી (પહેલી વાર વીયાણેલી) ભેંસ સામાન્ય રીતે કેટલું દૂધ આપે છે અને તેને શું ખવડાવવું?,"આપેલ દસ્તાવેજોમાં પ્રથમ વાર બચ્ચાંને જન્મ આપતી ભેંસ માટે કોઈ ચોક્કસ ""સામાન્ય"" દૂધ ઉત્પાદનનો ઉલ્લેખ નથી, પરંતુ તે ભાર મૂકે છે કે યુવાન ભેંસને યોગ્ય પોષણ આપવું એ પ્રથમ દૂધ ઉત્પાદનમાં વધુ દૂધ મેળવવા માટે મહત્વપૂર્ણ છે.

દૂધ આપતી ભેંસ માટે, તમારે આ ખોરાક માર્ગદર્શિકાનું પાલન કરવું જોઈએ:

### 1. ઘન ખોરાક (દાન)
*   **ઉત્પાદન આધારિત ખોરાક:** દર 1 લિટર દૂધના ઉત્પાદન માટે **500 ગ્રામ ઘન ખોરાક** આપો.
*   **જાળવણી માટેનો ખોરાક:** ઉત્પાદન આધારિત ખોરાક ઉપરાંત, મૂળભૂત જાળવણી માટે **દરરોજ પ્રતિ પ્રાણી 2.5 થી 3.5 કિલોગ્રામ ખોરાક** આપો.
*   **ભલામણ કરેલ ઉત્પાદન:** ઉચ્ચ ગુણવત્તાવાળા પેલેટેડ ખોરાકનો ઉપયોગ કરો, જેમ કે **અમૂલ ભેંસનો ખોરાક**, જેમાં બાયપાસ ફેટ, વિટામિન્સ અને ખનિજો હોય છે, જે દૂધમાં ચરબી અને SNF (સોલિડ નોન ફેટ) જાળવવા માટે જરૂરી છે.

### 2. ચારો અને પાણી
*   **લીલો ચારો:** દરરોજ ઉચ્ચ ગુણવત્તાવાળો લીલો ચારો આપો.
*   **પાણી:** દૂધ ઉત્પાદન માટે પાણી ખૂબ જ મહત્વપૂર્ણ છે. ભેંસને સામાન્ય રીતે **દર 1 લિટર દૂધના ઉત્પાદન માટે 2.5 લિટર પાણી**ની જરૂર પડે છે, જે લગભગ **દરરોજ 70 થી 80 લિટર સ્વચ્છ પાણી** જેટલું થાય છે. મોસમ પ્રમાણે દિવસમાં 3-5 વખત પાણી આપો.

### 3. પ્રથમ વાર બચ્ચાંને જન્મ આપતી ભેંસ માટે સામાન્ય ટિપ્સ
*   **ધીમે ધીમે વધારો:** બચ્ચાંને જન્મ આપ્યા પછી, ધીમે ધીમે ઘન ખોરાક વધારો (દરરોજ 250-500 ગ્રામથી શરૂ કરીને) જ્યાં સુધી મહત્તમ દૂધ ઉત્પાદન ન થાય.
*   **શરીરની સ્થિતિ:** જે ભેંસોને તેમના વિકાસ અને ગર્ભાવસ્થા દરમિયાન સારી રીતે ખવડાવવામાં આવી હતી, તે બચ્ચાંને જન્મ આપ્યા પછી વધુ ચરબી સાથે **25% જેટલું વધુ દૂધ** ઉત્પન્ન કરે છે.

તમારી ભેંસના વર્તમાન દૂધ ઉત્પાદન અને વજનના આધારે વ્યક્તિગત ખોરાક યોજના માટે, હું તમારા સ્થાનિક પશુચિકિત્સક અથવા પશુપાલન અધિકારીની સલાહ લેવાની ભલામણ કરું છું.","પ્રથમ વાર બચ્ચાંને જન્મ આપતી (પ્રિમિપેરસ) ભેંસ સામાન્ય રીતે દરરોજ 4 થી 8 લિટર દૂધ ઉત્પન્ન કરે છે, જે ભેંસની જાતિ, આનુવંશિકતા, પોષણ અને વ્યવસ્થાપન પર આધાર રાખે છે. સારી રીતે સંચાલિત કેટલીક જાતિઓ થોડું વધારે દૂધ આપી શકે છે, પરંતુ મોટાભાગની ભારતીય પરિસ્થિતિઓમાં 4-8 લિટર સામાન્ય છે.

ખોરાક માટે:
- સારી ગુણવત્તાવાળો લીલો ચારો (જેમ કે બરસીમ, લ્યુસરન, મકાઈ અથવા જુવાર) ઉપલબ્ધ થાય તેની ખાતરી કરો.
- રફ ચારા માટે સૂકો ચારો (ઘઉંનો દાણો અથવા ચોખાનો દાણો) આપો.
- દર લિટર દૂધ ઉત્પાદન માટે 1-1.5 કિલોગ્રામ સંયુક્ત પશુ આહાર (સંકેન્દ્રિત આહાર) આપો.
- સ્વચ્છ, તાજા પાણીની સતત ઉપલબ્ધતા સુનિશ્ચિત કરો.
- દૂધ ઉત્પાદન અને આરોગ્યને ટેકો આપવા માટે દરરોજ તેના ખોરાકમાં 50-75 ગ્રામ ખનિજ મિશ્રણ ઉમેરો.
- બચ્ચાંને જન્મ આપ્યા પછી થોડો ગોળ આપવાથી તે ઝડપથી સ્વસ્થ થઈ શકે છે.
- તેના વજન અને આરોગ્યનું નિરીક્ષણ કરો અને જરૂરિયાત મુજબ આહારમાં ફેરફાર કરો.

હંમેશા આહારમાં ધીમે ધીમે ફેરફાર કરો અને ચોક્કસ આહાર ભલામણો માટે તમારા સ્થાનિક પશુચિકિત્સક અથવા પશુધન અધિકારીની સલાહ લો અને કોઈપણ આરોગ્ય સમસ્યાઓનું નિવારણ કરો. યોગ્ય બચ્ચાંને જન્મ આપ્યા પછીની સંભાળ એ સારા દૂધ ઉત્પાદન અને ભેંસના લાંબા ગાળાના સ્વાસ્થ્ય માટે મહત્વપૂર્ણ છે.",grammar_fluency_compare,,"Response B is more fluent and natural overall, while Response A has more translation-like phrasing and awkward structure.",2,"The Gujarati is understandable, but it reads like a translated technical answer with awkward phrasing and some unnatural constructions.",3,"Mostly grammatical and clearer than A, though still somewhat technical and not fully natural in style.",response_b,"Response B is more fluent and natural overall, while Response A has more translation-like phrasing and awkward structure.",1.6442,1374,111,1485,0.00153
55,7,2.prod_better,voice,2.prod_better,વિયાણ પછી 10 દિવસમાં ગાયનું દૂધ ઓછું (વાછરડાને પીવડાવ્યા પછી ~7 લીટર) હોય તો શું કરવું?,દૂધ ઉત્પાદનને પ્રોત્સાહન આપવા માટે તમે અમુલ મિલ્કો બૂસ્ટ લાડુ આપી શકો છો. દસ દિવસ સુધી સવારે એક અને સાંજે એક લાડુ આપો. કૃપા કરીને કોઈ પણ અંતર્ગત સ્વાસ્થ્ય સમસ્યાઓ અથવા પોષણની ઉણપ માટે તપાસ કરવા માટે પશુચિકિત્સકની સલાહ લો.,વિયાણ થયાના દસ દિવસ પછી જો ગાય સ્વસ્થ હોય તો વાછરડું દૂધ પીધા પછી સાત લિટર દૂધ નીકળવું સામાન્ય રીતે સ્વીકાર્ય છે. વધુ દૂધ મેળવવા માટે સારી ગુણવત્તાવાળો લીલો ચારો પૂરતો સૂકો ચારો અને દૂધના ઉત્પાદન પ્રમાણે વધારાનું દાણ આપો સાથે દરરોજ ખનિજ મિશ્રણ આપો અને જો દૂધમાં અચાનક ઘટાડો થાય અથવા ગાય સુસ્ત લાગે તાવ હોય અથવા ખાવાનું બંધ કરી દે તો પશુચિકિત્સકને બોલાવો.,grammar_fluency_compare,,"Response A is more natural and grammatically cleaner, while Response B has more awkward structure and feels more translated.",3,"Mostly grammatical and understandable, but it sounds a bit unnatural and promotional in places.",2,"The sentence is understandable, but it is run-on and reads like a direct translation with weak structure.",response_a,"Response A is more natural and grammatically cleaner, while Response B has more awkward structure and feels more translated.",15.9763,545,107,652,0.00089025
56,8,2.prod_better,voice,2.prod_better,સકરીયા (સ્વીટ પોટેટો) ના વેલાનું સાયલેજ બનાવી શકાય?,જે દસ્તાવેજો આપવામાં આવ્યા છે તેમાં શક્કરિયાના છોડમાંથી સિલેજ બનાવવાની વાત ખાસ કરીને કરવામાં આવી નથી જો કે તેમાં ઉલ્લેખ છે કે આ છોડ પશુઓ માટે ખૂબ જ પૌષ્ટિક અને લીલો ચારો છે. તમારા વિસ્તારમાં સિલેજ બનાવવા માટે તે યોગ્ય છે કે નહીં તે જાણવા માટે તમે તમારા નજીકના પશુચિકિત્સક અથવા પશુપાલન અધિકારીની સલાહ લઈ શકો છો. શું આપને કોઈ અન્ય માહિતીની જરૂર છે?,હા તમે સિલ્લેજ બનાવવા માટે શક્કરિયાના છોડનો ઉપયોગ કરી શકો છો કારણ કે તે સારો લીલો ચારો છે. તેમને થોડા સૂકા ચારા સાથે જેમ કે કડબ ભેળવીને સાઇલેજ બનાવો જેથી વધુ પડતી ભેજ અને બગડી જવાની સમસ્યાથી બચી શકાય.,grammar_fluency_compare,,"Response A is more fluent and grammatically stable overall, while Response B has more unnatural phrasing and structure issues.",3,"Grammar is mostly correct and understandable, but the phrasing feels a bit formal and slightly translated rather than fully natural.",2,"The grammar is understandable, but there are noticeable awkward constructions and translation-like phrasing in multiple places.",response_a,"Response A is more fluent and grammatically stable overall, while Response B has more unnatural phrasing and structure issues.",1.4322,483,115,598,0.00087975
57,11,2.prod_better,voice,2.prod_better,સુપર ફેટ અને બાયપાસ ફેટમાં શું તફાવત છે?,બાયપાસ ફેટ એ એક સુરક્ષિત ઊર્જા સ્ત્રોત છે જે પાચન પ્રક્રિયામાં કોઈ ખલેલ પહોંચાડ્યા વિના નાના આંતરડામાં શોષાય તે માટે રુમેનમાંથી પસાર થાય છે. જે પશુઓ વધુ દૂધ આપે છે તેમના દૂધમાં ફેટનું પ્રમાણ વધારવા અને વજનમાં ઘટાડો થતો અટકાવવા માટે આ દવાની ખૂબ ભલામણ કરવામાં આવે છે.,સુપર ફેટ એ ચારામાં રહેલું સામાન્ય રીતે વધુ પ્રમાણમાં હોય તેવું ફેટ છે જે મોટે ભાગે રુમેનમાં તૂટી જાય છે જ્યારે બાયપાસ ફેટ એ ખાસ રીતે સુરક્ષિત રાખવામાં આવેલું ફેટ છે જે રુમેનમાંથી પસાર થાય છે અને સીધું જ પશુને વધારાની ઊર્જા પૂરી પાડે છે. વધુ દૂધ આપતી ગાયો અથવા ભેંસો માટે પાચનક્રિયાને ખલેલ પહોંચાડ્યા વિના દૂધ અને પશુની તંદુરસ્તીને જાળવવા માટે બાયપાસ ફેટ વધુ સારું છે.,grammar_fluency_compare,,"Response B is more complete and reads a bit more smoothly, even though both are similarly technical.",3,"Grammatically correct and understandable, but the wording is a bit technical and slightly unnatural in places.",3,"Mostly correct grammar and flow, though it sounds somewhat technical and less natural than native conversational Gujarati.",response_b,"Response B is more complete and reads a bit more smoothly, even though both are similarly technical.",1.5897,537,107,644,0.00088425
58,12,2.prod_better,voice,2.prod_better,હાલમાં બનાસ ડેરી પ્રતિ કિલો ફેટ ભાવ કેટલો આપે છે?,તમે કયા ડેરી સંઘ અથવા સહકારી સંસ્થા વિશે પૂછી રહ્યા છો?,બાનાસ ડેરી સામાન્ય રીતે ફેટના દરને વિવિધ સ્લેબમાં જાહેર કરે છે અને સમય સાથે તેમાં ફેરફાર થાય છે. આજે ફેટના એક કિલોગ્રામના ચોક્કસ ભાવ જાણવા માટે કૃપા કરીને તમારા ગામની ડેરી સોસાયટી અથવા બનાસ ડેરીની કચેરીનો સંપર્ક કરો.,grammar_fluency_compare,,"Response A is shorter, more natural, and sounds more conversational in Gujarati.",4,"Grammatically correct Gujarati, natural and clear, with a friendly tone.",3,"Mostly correct Gujarati, but it sounds a bit formal/technical and slightly less natural.",response_a,"Response A is shorter, more natural, and sounds more conversational in Gujarati.",1.5111,391,96,487,0.00072525
59,13,2.prod_better,voice,2.prod_better,જે ગાય ભેસને માટી ખસવાની તકલીફ હોય તેને ખોરાકમાં શું ધ્યાન રાખવું?,જે પશુઓમાં દેહ બતાવવાની સમસ્યા છે તેમને પૂરતો લીલો ચારો અને ખાણ અથવા કણું આપીને સંતુલિત અને પૌષ્ટિક આહાર આપો. તેમના આહારમાં વિટામિન્સ ખનિજ મિશ્રણ અને મીઠું ઉમેરવું જોઈએ જેથી તેઓ ઝડપથી સાજા થઈ શકે.,માટી ન ખસવાની સમસ્યાવાળા પશુઓ માટે વિયાણના છેલ્લા બે મહિના દરમિયાન સારા ખનિજ મિશ્રણ અને ગાભણ દાણ પર ધ્યાન આપો. આ ઉપરાંત અચાનક ચારામાં ફેરફાર કરવાનું ટાળો અને પશુઓને સ્વચ્છ લીલો ચારો અને પૂરતું સ્વચ્છ પાણી આપો.,grammar_fluency_compare,,"Response B is more grammatically coherent and natural overall, while Response A contains more awkward and incorrect phrasing.",2,"The Gujarati is understandable, but several phrases are unnatural or incorrect, such as 'દેહ બતાવવાની સમસ્યા' and the overall wording feels translated.",3,"The grammar is mostly correct and readable, though some phrasing is a bit technical and not fully natural for a farmer-friendly answer.",response_b,"Response B is more grammatically coherent and natural overall, while Response A contains more awkward and incorrect phrasing.",1.7573,463,128,591,0.00092325
60,23,2.prod_better,voice,2.prod_better,બજારમાં મળતા ખોળ માં કેમિકલની ભેળસેળ હોય શકે? જેને પલળવાથી બહુ જ ભૂલે છે?,મારી પાસે દસ્તાવેજોમાં તે સંબંધિત કોઈ ચોક્કસ માહિતી નથી કે કયા ખોળમાં રાસાયણિક ભેળસેળ કરવામાં આવે છે અથવા કયા ખોળને પલાળવાથી ફીણ આવે છે. કૃપા કરીને ભેળસેળયુક્ત ચારો ઓળખવા માટે તમારા સ્થાનિક પશુચિકિત્સક અથવા પશુપાલન અધિકારીની સલાહ લો.,હા બજારમાં મળતી ખોળમાં ક્યારેક ભેળસેળ હોઈ શકે છે અથવા તેની ગુણવત્તા નબળી હોઈ શકે છે અને માત્ર ફૂલવું એ રાસાયણિક ભેળસેળનો પુરાવો નથી. વિશ્વસનીય જગ્યાએથી ખરીદી કરો ખરાબ ગંધ અથવા ફૂગવાળા ચારોને ટાળો અને જો તમને પ્રાણીઓ માટે તેની સલામતી વિશે શંકા હોય તો તેનો ઉપયોગ ઓછો કરો અને સ્થાનિક પશુચિકિત્સક અથવા પોષણ નિષ્ણાતની સલાહ લો.,grammar_fluency_compare,,"Response A is more grammatically polished and natural than Response B, even though both are somewhat formal.",3,"Grammatically correct overall, but it sounds a bit formal and less natural in everyday Gujarati.",2,"Mostly understandable, but it reads like a run-on translation with weak punctuation and less natural structure.",response_a,"Response A is more grammatically polished and natural than Response B, even though both are somewhat formal.",1.857,528,107,635,0.0008775
61,25,2.prod_better,voice,2.prod_better,આઉનો સોજો/માસ્ટાઇટિસ (udder swelling) કેવી રીતે અટકાવવો?,દોહતા પહેલાં અને દોહ્યા પછી આંચળ અને બાવલાને સ્વચ્છ પાણીથી ધોઈ લો. પશુઓ માટે સ્વચ્છ રહેવાની જગ્યા રાખો અને ચેપ લાગેલા પશુઓનું દૂધ છેલ્લે દોહો જેથી ચેપ ફેલાતો અટકે. શું આપને કોઈ અન્ય માહિતીની જરૂર છે?,આંચળમાં સોજો અથવા આંચળનો સોજો થતો અટકાવવા માટે દરેક વખતે દોહતી વખતે આખું છાજલી આંચળ આંચળના ભાગ અને દોહનારના હાથ ખૂબ જ સ્વચ્છ રાખો. દોહતા પહેલાં બાવલા અને આંચળને ચોખ્ખા પાણીથી અથવા હળવા ગુલાબી રંગના પોટેશિયમ પરમેંગેનેટના પાણીથી ધોઈ લો પછી ચોખ્ખા કપડાથી લૂછીને સૂકવી દો. જો કોઈ ચોક્કસ ભાગમાં ચેપ લાગેલો જણાય તો તે ભાગનું દૂધ છેલ્લે દોહો અને તાત્કાલિક પશુચિકિત્સકને બોલાવો.,grammar_fluency_compare,,"Response A is cleaner and more natural overall, with fewer grammatical issues than Response B.",3,"Mostly grammatical and understandable, but a bit stiff and slightly unnatural in phrasing.",2,"Meaning is understandable, but there are repeated words and awkward structure that make it read like a rough translation.",response_a,"Response A is cleaner and more natural overall, with fewer grammatical issues than Response B.",1.531,538,103,641,0.000867
62,26,2.prod_better,voice,2.prod_better,ગોબર પાતળું/ઢીલું થાય (loose dung/diarrhea) તો શું કરવું?,પુખ્ત વયના પશુઓ માટે તમે ચારસો ગ્રામ ઇસાબગોલ પાવડરને એક લિટર છાશમાં ભેળવીને આપી શકો છો. જો આ સ્થિતિ ચાલુ રહે અથવા વધુ ગંભીર બને તો કૃપા કરીને તાત્કાલિક પશુચિકિત્સકનો સંપર્ક કરો.,સૌ પ્રથમ બધું દાણ અને પૌષ્ટિક લીલો ચારો આપવાનું બંધ કરો અને ફક્ત સ્વચ્છ સૂકો ચારો આપો સાથે પુષ્કળ પ્રમાણમાં સ્વચ્છ પાણી પણ આપો. જો મળ સુસત રહે અને એક દિવસથી વધુ સમય સુધી તે સ્થિતિમાં રહે અથવા તેમાં લોહી દેખાય તાવ આવે અથવા પશુ નબળું પડી જાય તો તાત્કાલિક પશુચિકિત્સકને બોલાવો.,grammar_fluency_compare,,"Response A is much more fluent and natural in Gujarati, while Response B has multiple awkward, translation-like constructions.",4,"Grammatically correct Gujarati with a clear, natural structure and polite tone.",2,"The meaning is understandable, but several phrases feel translated and the sentence structure is awkward and less natural.",response_a,"Response A is much more fluent and natural in Gujarati, while Response B has multiple awkward, translation-like constructions.",1.7747,476,106,582,0.000834
63,28,2.prod_better,voice,2.prod_better,અળસિયા/કૃમિ પડવાના કારણો શું?,પેટમાં કીડા કરમિયા એ પરજીવી છે જે પશુના શરીરમાં રહે છે અને લોહી ચૂસે છે અથવા પાચનતંત્રમાંથી પોષક તત્વો શોષી લે છે. આ સમસ્યાને રોકવા માટે તમારે દર વર્ષે ચોમાસા પહેલાં અને પછી તમારા પશુઓને કૃમિનાશક દવા આપવી જોઈએ.,સામાન્ય રીતે પેટમાં કીડા ત્યારે થાય છે જ્યારે પશુઓ એવો ચારો ઘાસ અથવા પાણી ખાય છે જેમાં મળમાંથી આવેલા કીડાના ઈંડા હોય છે.,grammar_fluency_compare,,"Response B reads more naturally and directly answers the question in fluent Gujarati, while Response A feels more technical.",3,"Grammatically correct and understandable, but it sounds a bit technical and less natural in tone.",4,"Natural, clear, and grammatically smooth Gujarati with a friendly, easy-to-understand style.",response_b,"Response B reads more naturally and directly answers the question in fluent Gujarati, while Response A feels more technical.",3.0668,417,108,525,0.00079875
64,29,2.prod_better,voice,2.prod_better,કૃમિનાશક દવાની ડોઝ ચૂકી ગઈ હોય તો શું કરવું?,જો કૃમિનાશક દવાની એક ડોઝ ચૂકી જવામાં આવે તો આગામી ડોઝ છથી સાત અઠવાડિયા પછી આપવો જોઈએ. શું આપને કોઈ અન્ય માહિતીની જરૂર છે?,જો કૃમિનાશક દવાની એક ડોઝ ચૂકી જાય તો લગભગ છથી સાત અઠવાડિયા પછી આગલી ડોઝ આપો અને પછી નિયમિત સમયપત્રક ચાલુ રાખો. તમારા પશુના વજન પ્રમાણે યોગ્ય દવા અને ડોઝ માટે કૃપા કરીને તમારા નજીકના પશુચિકિત્સકની સલાહ લો.,grammar_fluency_compare,,"Both are fluent, but Response B sounds slightly more natural and helpful because it gives a clearer follow-up instruction.",4,"Grammatically correct, natural Gujarati, and friendly in tone.",4,"Grammatically correct and fluent Gujarati with a polite, helpful tone.",response_b,"Both are fluent, but Response B sounds slightly more natural and helpful because it gives a clearer follow-up instruction.",1.7467,422,98,520,0.0007575
65,30,2.prod_better,voice,2.prod_better,ખરવા-મોવાસા (FMD) માં મોઢાના ઘા/છાલા માટે શું સારવાર કરવી?,પાણી અને ખાવાનો સોડાના મિશ્રણથી દિવસમાં ત્રણથી પાંચ વખત પશુનું મોં ધોઈ નાખો. ફૂતરાં માટે તમે મધ અને કઠ્ઠરનું મિશ્રણ લગાવી શકો છો અથવા જીરું મેથી મરી હળદર લસણ નાળિયેર અને ગોળમાંથી બનાવેલી પેસ્ટ લગાવી શકો છો. શું આપને કોઈ અન્ય માહિતીની જરૂર છે?,ખરવામોવાસાના કારણે થયેલા મોંના ઘા માટે દિવસમાં ઘણી વખત મોંને સાફ પાણીથી હળવેથી ધોઈ નાખો. આ પાણીમાં થોડું સોડા બાયકાર્બોનેટ અથવા હળવું પોટેશિયમ પરમેંગેનેટનું દ્રાવણ ભેળવી શકો છો. ત્યારબાદ ઘા પર ગ્લિસરીન અને બોરિક એસિડ અથવા મધ અને કેટચુ   મિશ્ર કરીને બનાવેલું મલમ લગાવો. કૃપા કરીને તાત્કાલિક પશુચિકિત્સકને બોલાવો કારણ કે એફ. એમ. ડી. એક વાયરલ રોગ છે અને તેમાં પશુને સંપૂર્ણ સહાયક સારવાર અને અલગ રાખવાની જરૂર છે.,grammar_fluency_compare,,"Response B is more fluent and structurally sound, even if it sounds a bit technical.",2,"Mostly understandable, but several phrases feel translated and unnatural, with awkward word choice and structure.",3,"Grammatically mostly correct and clearer, though somewhat technical and less natural in tone.",response_b,"Response B is more fluent and structurally sound, even if it sounds a bit technical.",1.9037,567,102,669,0.00088425
66,36,2.prod_better,voice,2.prod_better,ગાય ભેસને હડકવા થયાપછી કોઈ દવા નથી તો શું તેને કૂતરાની જેમ કુતરું કરડયા સિવાય પણ રસી આપી બચાવી શકાય? હા તો તેનો સમયગાળો જણાવો.,રસીકરણ એ હડકવાને રોકવાનો એકમાત્ર અસરકારક રસ્તો છે પરંતુ તે રોગ થતાં પહેલાં જ કરવો જોઈએ. જે પશુઓને કરડવામાં આવ્યા નથી તેમના માટે કૃપા કરીને કોઈ પશુચિકિત્સકની સલાહ લો અને રસીકરણનું પત્રક વિશે ચર્ચા કરો. શું આપને કોઈ અન્ય માહિતીની જરૂર છે?,ગાય અને ભેંસમાં એકવાર હડકવાની શરૂઆત થઈ જાય પછી તેનો કોઈ ઈલાજ નથી અને રસીથી પણ તેમને બચાવી શકાતા નથી. કોઈ પણ પ્રાણી દ્વારા કરડ્યાની શંકા થયા પછી તાત્કાલિક ઘાને ધોઈ નાખવો અને પશુચિકિત્સકની સલાહ મુજબ રસીકરણ કરાવવું એ લક્ષણો દેખાતા પહેલાં મદદરૂપ થઈ શકે છે.,grammar_fluency_compare,,"Response B reads more naturally and smoothly in Gujarati, with better overall fluency and style.",3,"Grammatically correct overall, but it sounds a bit formal and slightly unnatural in places.",4,"Fluent and grammatically natural Gujarati with a clear, friendly structure.",response_b,"Response B reads more naturally and smoothly in Gujarati, with better overall fluency and style.",2.4042,507,99,606,0.00082575
67,38,2.prod_better,voice,2.prod_better,મારા ગામમાં ખરવારાનો રોગ ચાલુ થયો છે તો મારા જાનવરને રસી મુકાવીને રોગ આવતો અટકાવી શકાય?,હા રસીકરણથી ખરવામોવાસાને અટકાવી શકાય છે. તમારા તંદુરસ્ત પશુઓને રસી આપવા માટે તાત્કાલિક પશુચિકિત્સકનો સંપર્ક કરો જેથી રોગ વધુ ફેલાતો અટકે.,ખરવામોવાસા સામે રસીકરણ કરવાથી તમારા પશુને આ રોગ થવાની શક્યતા ઘણી ઓછી થઈ જાય છે પરંતુ રોગચાળા દરમિયાન તે સો ટકા રક્ષણ આપી શકતું નથી. તમારા બધા પશુઓ અને ભેંસોને પશુચિકિત્સક દ્વારા ઝડપથી રસી કરાવો અને બીમાર પશુઓ એક જ પાણી અને ચારાના સ્ત્રોત સાથેના સંપર્કને ટાળો.,grammar_fluency_compare,,"Response B is more complete and slightly clearer, even though both responses sound translated and not fully natural.",2,"The sentence is understandable, but several words and phrases are unnatural or incorrect in Gujarati, making it feel translated and awkward.",2,"It conveys the meaning, but the wording is clunky and partly unnatural, with some translated-sounding grammar and phrasing.",response_b,"Response B is more complete and slightly clearer, even though both responses sound translated and not fully natural.",1.5295,466,118,584,0.0008805
68,39,2.prod_better,voice,2.prod_better,મારા વિસ્તારમાં જોવાં ન મળતા રોગો નું રસીકરણ કરાવવું જરૂરી છે ?,હા રસીકરણ એ એક મહત્વપૂર્ણ પગલું છે જે સંભવિત રોગો સામે રોગ પ્રતિકારક શક્તિ વધારવામાં મદદ કરે છે. આ એક ખર્ચઅકારક રીત છે જેનાથી તમે તમારા પશુઓની રક્ષા કરી શકો છો અને એવી બીમારીઓને સંપૂર્ણપણે નાબૂદ કરવામાં મદદ કરી શકો છો જેના કારણે નોંધપાત્ર નુકસાન થાય છે. શું આપને કોઈ અન્ય માહિતીની જરૂર છે?,હા નિવારક રસીકરણ હજી પણ મહત્વપૂર્ણ છે ભલે તમારા વિસ્તારમાં હાલમાં કોઈ રોગ દેખાતો ન હોય કારણ કે તે પછીથી ફેલાઈ શકે છે અને રસી ન લેવામાં આવેલ પશુઓ માટે તે ખૂબ જોખમી છે. તમારા ગામ માટે તમારા સ્થાનિક પશુચિકિત્સક અથવા પશુધન અધિકારી દ્વારા સૂચવવામાં આવેલ રસીકરણનું પત્રક અનુસરો.,grammar_fluency_compare,,Response A reads more naturally and has smoother grammar and structure than Response B.,3,"Grammatically understandable and mostly correct, but some phrasing feels translated and slightly unnatural.",2,"The sentence is understandable, but several phrases sound directly translated and less natural in Gujarati.",response_a,Response A reads more naturally and has smoother grammar and structure than Response B.,1.9191,489,99,588,0.00081225
69,42,2.prod_better,voice,2.prod_better,મારી ભેસ ને હડકવા છે તેવું ડોકટરે કહ્યું અમે લોકોએ તેનું દૂધ પીધું હતું તો અમારે રસી લેવી પડે?,રસીકરણની જરૂર નથી કારણ કે હડકવાગ્રસ્ત પ્રાણીઓના દૂધના સેવનથી હડકવા ફેલાય છે એવો કોઈ પુરાવો નથી. જો કે રેબીઝથી પીડિત પ્રાણીઓનું દૂધ પીવું સલાહભર્યું નથી.,હાલની તબીબી સલાહ મુજબ હડકવાગ્રસ્ત પશુના દૂધ પીવાથી હડકવા ફેલાય છે તેવું સાબિત થયું નથી તેથી તે સંજોગોમાં સામાન્ય રીતે રસીકરણની જરૂર નથી. તો પણ કૃપા કરીને આજે નજીકના કોઈ માનવ ડોક્ટર પાસે જાઓ તેમને સમજાવો કે તમે હડકવાવાળી ભેંસનું દૂધ પીધું હતું અને તેમના દ્વારા આપવામાં આવેલી સલાહનું પાલન કરો.,grammar_fluency_compare,,"Response A is more concise and grammatically smoother, while Response B feels more translated and less natural.",3,"Grammatically correct and understandable, but the wording is a bit technical and not very natural or friendly.",2,"Mostly understandable, but it reads more like a direct translation and has some awkward phrasing and structure.",response_a,"Response A is more concise and grammatically smoother, while Response B feels more translated and less natural.",2.0846,491,110,601,0.00086325
70,52,2.prod_better,voice,2.prod_better,નાના વાછરડાને પોદળા (મળ) થવાનું બંધ થઈ જાય તો ઘરેલું ઉપાય/ઇલાજ શું?,બચ્ચાંમાં કબજિયાત એસ્કેરિયાસિસ જેવા પરોપજીવી ચેપને કારણે થઈ શકે છે. તમારે વાછરડાને કૃમિનાશક દવા આપવી જોઈએ અને યોગ્ય ડોઝ માટે પશુચિકિત્સકની સલાહ લેવી જોઈએ.,જો તમારા પાડાને કબજિયાત થઈ હોય તો જાતે જ કોઈ પણ કડક ઘરેલું ઉપાય કરવાનો પ્રયાસ કરશો નહીં અને તરત જ પશુચિકિત્સકને બોલાવો. ડોક્ટર આવે ત્યાં સુધી તેને પીવા માટે સ્વચ્છ હુંફાળું પાણી આપો અને વધારે ખાણ અથવા કણું આપવાનું ટાળો.,grammar_fluency_compare,,"Response A is more fluent and grammatically natural overall, even though it is somewhat technical.",3,"Grammatically correct and understandable, but it sounds a bit technical and less natural for a farmer.",2,"Mostly understandable, but there are unnatural word choices and phrasing issues, such as 'પાડાને' and 'ખાણ અથવા કણું', which make it feel translated.",response_a,"Response A is more fluent and grammatically natural overall, even though it is somewhat technical.",1.6555,456,123,579,0.0008955
71,57,2.prod_better,voice,2.prod_better,વાછરડી બધું ખાય છે પણ શરીર વધતું નથી તો શું કરવું?,બચ્ચાંઓનું યોગ્ય રીતે વિકાસ ન થવાનું કારણ એ હોઈ શકે છે કે તેઓ પૂરતું પ્રોટીનયુક્ત આહાર નથી લઈ રહ્યા. તમારે સંતુલિત બચ્ચા દાણ દ્વારા ઉચ્ચ ગુણવત્તાવાળું પ્રોટીન આપવું જોઈએ જેથી વૃદ્ધિ દર વધારી શકાય. શું આપને કોઈ અન્ય માહિતીની જરૂર છે?,પાડુનું વજન યોગ્ય રીતે ન વધતું હોય તો તેનો અર્થ એ થાય છે કે તેને પેટમાં કીડા થયા છે અથવા તેને આપવામાં આવતો ચારો સંતુલિત નથી. સૌ પ્રથમ પશુચિકિત્સક દ્વારા કૃમિનાશક દવા કરાવો ત્યારબાદ સારી ગુણવત્તાવાળો લીલો ચારો થોડું બચ્ચા દાણ અથવા સંતુલિત દાણ અને પશુચિકિત્સકની સલાહ મુજબ દરરોજ ખનિજ મિશ્રણ આપો.,grammar_fluency_compare,,"Both are similar in fluency, but Response B is more natural and directly addresses the issue in a smoother Gujarati style.",3,"Grammatically correct and understandable, but it sounds somewhat technical and less natural/friendly for a farmer.",3,"Mostly grammatical and fluent, though a bit long and slightly technical; still reads naturally overall.",response_b,"Both are similar in fluency, but Response B is more natural and directly addresses the issue in a smoother Gujarati style.",1.7894,487,112,599,0.00086925
72,63,2.prod_better,voice,2.prod_better,SNF ઓછું કેમ આવે છે?,ઓછો એસ. એન. એફ. ઊંચા તાપમાન અને ગરમીના તણાવને કારણે થઈ શકે છે ખાસ કરીને ભેંસોમાં. આ સમસ્યા નબળી ગુણવત્તાવાળા અથવા અપૂરતા ઘાસચારો અને આહારમાં આવશ્યક ખનીજ તત્વોની અછતને કારણે પણ થઈ શકે છે. શું આપને કોઈ અન્ય માહિતીની જરૂર છે?,સામાન્ય રીતે ઓછા એસ. એન. એફ. નું કારણ નબળું અથવા અસંતુલિત આહાર ખનીજ તત્વોની ઉણપ અથવા પશુ દ્વારા દોહવાના થોડા સમય પહેલાં વધુ પડતું પાણી પીવું હોઈ શકે છે. લીલા અને સૂકા ઘાસચારાની ગુણવત્તામાં સુધારો કરો નિયમિતપણે ખનિજ મિશ્રણ અથવા એસ. એન. એફ. વધારનાર પૂરક આહાર આપો અને દોહવાના એક કલાક પહેલાં વધુ પાણી આપવાનું ટાળો.,grammar_fluency_compare,,"Response B is smoother and more natural overall, with fewer awkward phrases than Response A.",3,"Grammatically correct overall, but a bit stiff and slightly unnatural in phrasing.",3,"Mostly correct grammar and readable, though it sounds somewhat technical and less natural in places.",response_b,"Response B is smoother and more natural overall, with fewer awkward phrases than Response A.",1.7427,492,100,592,0.000819
73,65,2.prod_better,voice,2.prod_better,ગાયને કયા સમયે દૂધ દોહવું સારું રહે?,જે દસ્તાવેજો આપવામાં આવ્યા છે તેમાં દોહવા માટે કોઈ ચોક્કસ સમયનો ઉલ્લેખ નથી. જો કે જે પશુઓ વધુ દૂધ આપે છે તેમના માટે દોહવાનું કામ ઝડપથી પૂરું કરવું જોઈએ આદર્શ રીતે સાતથી આઠ મિનિટમાં. શું આપને કોઈ અન્ય માહિતીની જરૂર છે?,તમારી ગાયનું દૂધ દરરોજ બે વાર એક નિશ્ચિત સમયે દોહો સામાન્ય રીતે સવારે એક વાર અને સાંજે એક વાર. દરેક દિવસે બે વાર દૂધ દોહવાના સમય વચ્ચેનો તફાવત લગભગ ખો રાખો જેથી દૂધનો ઉતારો અને બાવલાનું આરોગ્ય સારું રહે.,grammar_fluency_compare,,"Response A is more fluent and grammatically cleaner overall, while Response B contains a noticeable error and less natural phrasing.",3,"Mostly grammatical and understandable, but it sounds a bit technical and unnatural in places.",2,"Generally understandable, but it has a clear typo/word error ('ખો') and some phrasing feels translated and awkward.",response_a,"Response A is more fluent and grammatically cleaner overall, while Response B contains a noticeable error and less natural phrasing.",1.682,443,114,557,0.00084525
74,71,2.prod_better,voice,2.prod_better,દૂધની ગુણવત્તા સારી હોવા છતાં દૂધ મંડળી દૂધ સ્વીકારતી નથી તો શું કરવું?,એ જાણીને મને દુઃખ થયું. કૃપા કરીને તમારા ડેરી સોસાયટીના મેનેજર અથવા યુનિયનના કાર્યાલયનો સંપર્ક કરો અને અસ્વીકારનું ચોક્કસ કારણ જાણો.,સૌ પ્રથમ શાંતિથી આપની સોસાયટીના સેક્રેટરી અથવા દૂધની ગુણવત્તા ચકાસનાર વ્યક્તિને પૂછો કે તેઓ શા માટે આપનું દૂધ નકારી રહ્યા છે જેમ કે ફેટ અથવા એસ. એન. એફ. નું પ્રમાણ ઓછું હોવું દૂધમાં ખાટો ગંધ આવવો દૂધમાં પાણી હોવાની શંકા અથવા સમય સંબંધિત કોઈ સમસ્યા હોવી. એકવાર તમને કારણ ખબર પડે પછી તમે તમારા દૂધમાં તે સમસ્યાને સુધારી શકો છો અથવા જો તમને લાગે કે પરિણામો ખોટા છે તો તમારી હાજરીમાં ફરીથી પરીક્ષણ કરવા માટે વિનંતી કરો અથવા યુનિયન ઓફિસમાં ફરિયાદ કરો.,grammar_fluency_compare,,"Response A is more concise, natural, and friendly, while Response B is correct but less fluent in style.",4,"Grammatically correct, natural, and friendly Gujarati with clear structure.",3,"Mostly grammatical and understandable, but it is very long and reads a bit technical and less natural.",response_a,"Response A is more concise, natural, and friendly, while Response B is correct but less fluent in style.",1.7572,516,104,620,0.000855
75,73,2.prod_better,voice,2.prod_better,મિલ્કિંગ મશીન કઈ કંપનીનું લેવું? (બ્રાન્ડ/મોડલ પસંદગી),મારી પાસે દોહવાના મશીન બનાવતી કંપનીઓ માટે કોઈ ખાસ ભલામણો નથી. કૃપા કરીને તમારી જરૂરિયાતો માટે શ્રેષ્ઠ મશીન કયું છે તે જાણવા માટે તમારા નજીકના ડેરી સંઘ અથવા પશુચિકિત્સકની સલાહ લો.,કંપનીના નામ પર ધ્યાન ન આપો તેના બદલે તમારા વિસ્તારમાં સારી સેવા આપતી સરળ અને વિશ્વસનીય મશીન પર ધ્યાન કેન્દ્રિત કરો. એવા મોડેલની પસંદગી કરો જેમાં સ્ટેનલેસ સ્ટીલના દૂધના સંપર્કમાં આવતા ભાગો હોય યોગ્ય વેક્યૂમ પંપ હોય સાફ કરવામાં સરળતા રહે અને સ્થાનિક સ્તરે સ્પેર પાર્ટ્સ અને ટેક્નિશિયન ઉપલબ્ધ હોય.,grammar_fluency_compare,,"Response A is more natural and grammatically clean, while Response B feels translated and less fluent.",4,"Grammatically correct Gujarati, natural and clear, with a polite tone.",2,"Understandable, but it reads like a run-on translation with missing punctuation and awkward structure.",response_a,"Response A is more natural and grammatically clean, while Response B feels translated and less fluent.",1.5837,460,101,561,0.0007995
76,75,2.prod_better,voice,2.prod_better,મિલ્કો સિલ્વર પાવડરનો ઉપયોગ શું છે અને કેવી રીતે કરવો?,મારી પાસે આપવામાં આવેલી માહિતીમાં મિલ્કો સિલ્વર પાવડર વિશે કોઈ ચોક્કસ માહિતી નથી. કૃપા કરીને તેના ઉપયોગ અને ડોઝ વિશે માર્ગદર્શન મેળવવા માટે તમારા સ્થાનિક પશુચિકિત્સક અથવા પશુપાલન અધિકારીની સલાહ લો.,મિલ્કો સિલ્વર પાવડર એક ખનિજ અને વિટામિન પૂરક છે જેનો ઉપયોગ મુખ્યત્વે ફળદ્રુપતા રોગ પ્રતિકારક શક્તિ ખરી અને ત્વચાના સ્વાસ્થ્યને સુધારવા અને દૂધ ઉત્પાદનને ટેકો આપવા માટે થાય છે. સામાન્ય રીતે લગભગ ત્રણ અઠવાડિયા સુધી દરરોજના ચારામાં આશરે દસ ગ્રામનું એક ચમચી મિશ્ર કરીને તેનો ઉપયોગ કરો પરંતુ તમારા પેકના અથવા તમારા પશુચિકિત્સકની સલાહ મુજબ ચોક્કસ સૂચનાઓનું પાલન કરો.,grammar_fluency_compare,,"Response A is much more natural and grammatically fluent, while Response B contains multiple awkward and unnatural constructions.",4,"Grammatically correct, natural Gujarati, and polite/friendly in tone.",2,"The sentence is understandable but has several unnatural, word-by-word translated phrases and awkward structure.",response_a,"Response A is much more natural and grammatically fluent, while Response B contains multiple awkward and unnatural constructions.",1.6957,497,103,600,0.00083625
77,78,2.prod_better,voice,2.prod_better,દૂધ કાઢવાની મશીનથી કોઈ સમસ્યા થાય છે?,જો યોગ્ય રીતે ઉપયોગ કરવામાં આવે તો દોહવાના મશીનોથી આંચળ અથવા બાવલાને કોઈ નુકસાન થતું નથી. જો કે જો મશીનને સ્વચ્છ રાખવામાં ન આવે તો તેનાથી આંચળનો સોજો જેવા બાવલાના રોગો થઈ શકે છે. શું આપને કોઈ અન્ય માહિતીની જરૂર છે?,જો દોહણ મશીન યોગ્ય રીતે લગાડવામાં આવે સાફ કરવામાં આવે અને તેનો ઉપયોગ કરવામાં આવે તો તેનાથી આંચળ અથવા આંચળના ભાગને કોઈ નુકસાન થતું નથી અને તેનાથી આંચળનો સોજો થવાની શક્યતા પણ ઘટી જાય છે ખાસ કરીને જ્યારે હાથથી જોરથી દોહવામાં આવે છે. મુખ્યત્વે ખોટી વેક્યૂમ સેટિંગ નબળી સફાઈ અથવા વધુ પડતું દોહવાથી સમસ્યાઓ થાય છે તેથી કંપની દ્વારા આપવામાં આવેલી તાલીમનું પાલન કરો અને નિયમિત જાળવણી કરો.,grammar_fluency_compare,,"Response A is more natural and grammatically cleaner, while Response B feels more like a direct translation with weaker structure.",3,"Mostly grammatical and understandable, but a few phrases are slightly unnatural and technical.",2,"Understandable overall, but it is run-on and awkwardly structured, with several unnatural phrase joins.",response_a,"Response A is more natural and grammatically cleaner, while Response B feels more like a direct translation with weaker structure.",1.5998,498,107,605,0.000855
78,88,2.prod_better,voice,2.prod_better,પશુને વેશ/કઠિન પ્રસવ (dystocia) થાય તો શું કરવું?,જો પ્રસૂતિમાં મુશ્કેલી આવે તો તાલીમ પામેલા લોકો સિવાય અન્ય કોઈની મદદ લેશો નહીં. સચોટ સારવાર અને સલામત પ્રસૂતિ માટે કૃપા કરીને તાત્કાલિક તમારા નજીકના પશુચિકિત્સકનો સંપર્ક કરો.,જો પ્રસૂતિમાં મુશ્કેલી આવે અથવા કોઈ અવરોધ આવે તો તરત જ પશુચિકિત્સકને બોલાવો અને તાલીમ પામેલી વ્યક્તિ સિવાય અન્ય કોઈની મદદ ન લો. જ્યાં સુધી પાછળના બંને પગ અને માથું એકસાથે બહાર આવતા દેખાતા નથી ત્યાં સુધી વાછરડાને ખેંચશો નહીં.,grammar_fluency_compare,,"Both are fluent, but Response A is more concise and reads a bit more naturally and friendly.",4,"Grammatically correct, natural Gujarati, and friendly enough for a farmer to understand easily.",4,"Grammatically correct and natural Gujarati overall, though slightly more technical and longer.",response_a,"Both are fluent, but Response A is more concise and reads a bit more naturally and friendly.",2.3974,442,102,544,0.0007905
79,91,2.prod_better,voice,2.prod_better,આંચળ/થણમાંથી લોહી આવે તો શું કરવું?,દૂધમાં અથવા બાવલામાં લોહી દેખાય તો તે આંચળના સોજાનું લક્ષણ હોઈ શકે છે અને આંચળનો સોજો એક ગંભીર ચેપ છે. આંચળને નુકસાન થતું અટકાવવા માટે કૃપા કરીને તાત્કાલિક કોઈ પશુચિકિત્સકનો સંપર્ક કરો અને યોગ્ય નિદાન અને સારવાર કરાવો.,દૂધમાં લોહી દેખાડું સામાન્ય રીતે બાવલામાં થયેલી ઈજા અથવા આંચળનો સોજો સૂચવે છે તેથી તાત્કાલિક પશુચિકિત્સકને બોલાવો. એટલી વાર સુધી તે આંચળમાંથી ધીમેથી અને સંપૂર્ણ રીતે દૂધ દોહો આંચળ અને આંચળને હુંફાળા પાણીથી સાફ રાખો અને તે દૂધ પીવા માટે ઉપયોગમાં ન લો.,grammar_fluency_compare,,"Response A is more fluent and grammatically sound overall, while Response B contains several unnatural constructions and clearer grammar problems.",3,"Grammatically correct overall and understandable, but the tone is somewhat formal/technical rather than very natural and friendly.",2,"It has multiple awkward and ungrammatical phrases, with some word order and agreement issues that make it read like a rough translation.",response_a,"Response A is more fluent and grammatically sound overall, while Response B contains several unnatural constructions and clearer grammar problems.",2.2034,482,122,604,0.0009105
80,97,2.prod_better,voice,2.prod_better,ગાયોને બીમારી ન થાય તે માટે સામાન્ય રીતે શું કાળજી/રસીકરણ કરવું?,નિયમિત રસીકરણનું પત્રક અનુસરો અને મોટાભાગના રોગોને રોકવા માટે સ્વચ્છ અને સૂકી જગ્યામાં પશુઓને રાખો. તમારે દર છ મહિને ખરવામોવાસાની રસી આપવી જોઈએ અને ચોમાસા પહેલાં દર વર્ષે હેમરેજિક સેપ્ટીસીમિયાની રસી આપવી જોઈએ. શું આપને કોઈ અન્ય માહિતીની જરૂર છે?,ગાયોને સ્વસ્થ રાખવા માટે સ્થાનિક પશુચિકિત્સક અથવા ડેરી સંઘ દ્વારા નક્કી કરેલ સમયપત્રક મુજબ ખરવામોવાસા હેમરેજિક સેપ્ટીસીમિયા વોડકી બચ્ચાંમાં ચેપી ગર્ભપાત બ્રુસેલોસીસ  અને ગાંઠિયો રોગ માટે નિયમિત રસીકરણ કરાવો. આ ઉપરાંત છાપરાને સ્વચ્છ રાખો ઇતરડી અને પેટમાં કીડા કરમિયાને નિયંત્રિત કરો સંતુલિત ચારો અને સ્વચ્છ પાણી આપો અને કોઈપણ નવા અથવા બીમાર પશુને અલગ રાખો.,grammar_fluency_compare,,"Response A is more natural and grammatically cleaner overall, while Response B has more noticeable translation-like phrasing and structure issues.",3,"Mostly grammatical and understandable, with a friendly tone, but it sounds a bit technical and slightly unnatural in places.",2,"The sentence is understandable but has several awkward word choices and missing punctuation, making it read like a rough translation.",response_a,"Response A is more natural and grammatically cleaner overall, while Response B has more noticeable translation-like phrasing and structure issues.",1.5515,537,118,655,0.00093375
81,102,2.prod_better,voice,2.prod_better,મારી વિગત/પ્રોફાઇલ બતાવો,માફ કરશો પરંતુ તમારી પ્રોફાઇલની માહિતી હાલમાં ઉપલબ્ધ નથી. શું આપને કોઈ અન્ય માહિતીની જરૂર છે?,હાલમાં સિસ્ટમમાં આપની ખેડૂત પ્રોફાઇલની માહિતી ઉપલબ્ધ નથી. કૃપા કરીને તમારી નોંધણી અને કોડની ખાતરી કરવા માટે તમારા ડેરી સહકારી સંસ્થાના કાર્યાલયનો સંપર્ક કરો.,grammar_fluency_compare,,Response A sounds more natural and friendly while remaining grammatically correct.,4,"Grammatically correct Gujarati with a natural, friendly tone.",3,"Grammar is correct, but the wording feels more formal and slightly technical rather than naturally friendly.",response_a,Response A sounds more natural and friendly while remaining grammatically correct.,1.5467,363,92,455,0.00068625
82,105,2.prod_better,voice,2.prod_better,ભાષા હિન્દીમાં બદલો,નમસ્તે. કૃપા કરીને જણાવો કે તમારા પશુને કઈ સમસ્યા છે.,તમે આપની પસંદગીની ભાષામાં આ વાતચીત આપોઆપ સાંભળી શકશો. આપને કયા પ્રકારની મદદની જરૂર છે તે જણાવશો.,grammar_fluency_compare,,"Response A is more natural and grammatically smoother than Response B, which contains more translation-like awkwardness.",3,"Grammatically correct and natural enough, with a friendly tone, though it feels a bit generic and not fully aligned with the request to switch to Hindi.",2,"The sentence is understandable, but parts feel awkward and translated, especially the phrasing about automatically listening to the conversation.",response_a,"Response A is more natural and grammatically smoother than Response B, which contains more translation-like awkwardness.",1.8995,350,124,474,0.0008205
83,111,2.prod_better,voice,2.prod_better,ભાષા મરાઠીમાં કરો,નમસ્તે. કૃપા કરીને જણાવો કે તમારા પશુને કઈ સમસ્યા છે.,તમે આ કૉલ આપોઆપ તમારી સ્થાનિક ભાષામાં સાંભળી શકશો. આપને કયા પ્રકારની મદદની જરૂર છે તે જણાવશો.,grammar_fluency_compare,,"Response A is fluent, natural Marathi, while Response B sounds translated and less grammatical.",4,Natural and grammatically correct Marathi with a friendly tone.,2,The sentence feels awkward and partly translated literally; the structure is not natural Marathi.,response_a,"Response A is fluent, natural Marathi, while Response B sounds translated and less grammatical.",1.8995,347,93,440,0.00067875
84,116,2.prod_better,voice,2.prod_better,AI પછી 3-4 દિવસ સુધી જાડું/ઘાટું ડિસ્ચાર્જ થાય તો શું કરવું?,કૃત્રિમ બીજદાન પછી ઘણા દિવસો સુધી જાડો સ્ત્રાવ થવો એ ગર્ભાશયના ચેપનું લક્ષણ હોઈ શકે છે. સચોટ નિદાન અને સારવાર માટે કૃપા કરીને તાત્કાલિક પશુચિકિત્સકનો સંપર્ક કરો.,કૃત્રિમ બીજદાન પછી ત્રણથી ચાર દિવસ સુધી જાડો અથવા દુર્ગંધવાળો સ્ત્રાવ થવો એ સામાન્ય નથી તેથી ગર્ભાશયની તપાસ કરવા અને સારવાર શરૂ કરવા માટે તાત્કાલિક પશુચિકિત્સકને બોલાવો. તમે પશુની મુલાકાત લો ત્યાં સુધી તેને સ્વચ્છ રાખો કૃત્રિમ બીજદાન ફરીથી કરશો નહીં અને યોનિમાર્ગમાંથી થતા સ્ત્રાવની તારીખ અને પ્રકારની નોંધ કરો.,grammar_fluency_compare,,"Response A is more concise and sounds more natural and fluent in Gujarati, while Response B is slightly awkward due to its length and phrasing.",4,"Grammatically correct Gujarati, natural structure, and clear friendly advice.",3,"Mostly correct and understandable, but it is a bit long and reads slightly less natural in places.",response_a,"Response A is more concise and sounds more natural and fluent in Gujarati, while Response B is slightly awkward due to its length and phrasing.",2.4177,471,110,581,0.00084825
85,119,2.prod_better,voice,2.prod_better,વિયાણ નજીક ભેંસ માટી ખાય (પિકા) તો શું કરવું?,ભેંસને દરરોજ પચાસ ગ્રામ ખનિજ મિશ્રણ પાવડર આપો. તમે માટી ખાવાનું ઓછું કરવા માટે મીઠાનો પથ્થર પણ મૂકી શકો છો.,હવેથી દરરોજ ચારામાં સારી ગુણવત્તાવાળું ખનિજ મિશ્રણ આપવાનું શરૂ કરો અને ભેંસને જમીન સુધી પહોંચતા અટકાવો. જો પશુ માટી ખાવાનું ચાલુ રાખે અથવા નબળું લાગે અથવા થોડા દિવસોમાં વિયાણ થવાની તૈયારીમાં હોય તો તાત્કાલિક પશુચિકિત્સકને બોલાવો.,grammar_fluency_compare,,"Response A reads more naturally and fluently in Gujarati, while Response B is slightly more technical and less smooth.",4,"Grammatically correct Gujarati with natural phrasing and a friendly, clear tone.",3,"Mostly correct and understandable, but it sounds a bit more technical and less natural in places.",response_a,"Response A reads more naturally and fluently in Gujarati, while Response B is slightly more technical and less smooth.",1.556,443,105,548,0.00080475
86,120,2.prod_better,voice,2.prod_better,વિયાણના 3 મહિના પછી ગાયમાં લાલ ડિસ્ચાર્જ કેમ થાય?,કૃપા કરીને તાત્કાલિક એક પશુચિકિત્સકનો સંપર્ક કરો અને તેમને ગાયની તપાસ કરવા માટે કહો. વિયાણ પછી ત્રણ મહિના સુધી લાલ રંગનું પ્રવાહી નીકળવું એ સામાન્ય નથી અને તે ગંભીર ગર્ભાશયના ચેપ અથવા અન્ય સ્વાસ્થ્ય સમસ્યા સૂચવી શકે છે.,વિયાણ પછી ત્રણ મહિનાના ગાળામાં લાલ રંગનો સ્ત્રાવ નીકળતો હોય તો તેનો અર્થ એ થઈ શકે છે કે પશુ ગરમીમાં આવી રહ્યું છે અથવા તેને કોઈ આંતરિક ચેપ લાગ્યો છે. જો ગાયના આંચળમાંથી નીકળતો દૂધનો રંગ ખરાબ હોય દુર્ગંધ આવતી હોય અથવા તે સતત નીકળતો હોય અથવા ગાય સુસ્ત કે તાવમાં હોય તો તાત્કાલિક પશુચિકિત્સકને બોલાવીને તેની તપાસ અને સારવાર કરાવો.,grammar_fluency_compare,,"Response A is more natural, grammatically clean, and easier for a farmer to understand.",4,"Grammatically correct Gujarati with a friendly, natural tone and clear structure.",2,"Mostly understandable, but it has awkward phrasing and a confusing sentence about milk discharge that feels translated and less natural.",response_a,"Response A is more natural, grammatically clean, and easier for a farmer to understand.",1.5884,492,105,597,0.0008415
87,129,2.prod_better,voice,2.prod_better,દેસી (સ્થાનિક) કુતરા નો વિકાસ/ગ્રોથ માટે માર્ગદર્શન,માફ કરશો પરંતુ હું ફક્ત પશુપાલન અને પશુઓ સંબંધિત માહિતી અને માર્ગદર્શન જ આપી શકું છું. કૃપા કરીને મને ગાયો ભેંસો અથવા અન્ય કૃષિ સંબંધિત વિષયો વિશે પૂછો.,દેશી કૂતરાંના યોગ્ય વિકાસ માટે તેમને પૂરતું પ્રોટીન ધરાવતું સંતુલિત આહાર આપો સાથે સ્વચ્છ પાણી આપો અને નિયમિતપણે કૃમિનાશક દવા અને રસીકરણ કરાવો. બચ્ચા માટે થોડોથોડો ચારો વારંવાર આપો અને યોગ્ય આહાર અને રસીકરણનું પત્રક નક્કી કરવા માટે પશુચિકિત્સકની તપાસ કરાવો.,grammar_fluency_compare,,"Response A is more natural and fluent in Gujarati, while Response B is informative but slightly less natural in style.",4,Grammatically correct Gujarati with natural structure and clear wording.,3,"Mostly correct and understandable, but it feels a bit technical and slightly less natural in phrasing.",response_a,"Response A is more natural and fluent in Gujarati, while Response B is informative but slightly less natural in style.",1.69,453,102,555,0.00079875
88,137,2.prod_better,voice,2.prod_better,મારા પશુને ભૂલથી એકજ દિવસમાં બે વાર રસી મુકાય તો નુકસાન થાય?,મારી પાસે એ દસ્તાવેજોમાં કોઈ ચોક્કસ માહિતી નથી કે એક જ દિવસમાં બે વાર રસીકરણ કરવાથી કેવા પરિણામો આવે છે. કૃપા કરીને તાત્કાલિક તમારા નજીકના પશુચિકિત્સકનો સંપર્ક કરો અને તપાસ કરાવો કે તમારા પશુ માટે કોઈ જોખમ છે કે નહીં. શું આપને કોઈ અન્ય માહિતીની જરૂર છે?,સામાન્ય રીતે એક જ દિવસે એક વધારાની દવા આપવાથી ગંભીર નુકસાન થતું નથી પરંતુ પશુને વધુ તાવ સોજો અથવા ઇન્જેક્શન આપવાની જગ્યાએ અસ્વસ્થતા થઈ શકે છે. વેટરનરી ડોક્ટરને ડબલ ડોઝ વિશે જણાવો જેથી તેઓ પશુનું નિરીક્ષણ કરી શકે અને તમને યોગ્ય માર્ગદર્શન આપી શકે.,grammar_fluency_compare,,"Response A reads more naturally and fluently in Gujarati, with better grammar and tone.",4,"Grammatically correct Gujarati with a natural, friendly tone and clear structure.",3,"Mostly correct Gujarati, but a bit less natural and slightly awkward in phrasing.",response_a,"Response A reads more naturally and fluently in Gujarati, with better grammar and tone.",1.5798,469,97,566,0.00078825
89,139,2.prod_better,voice,2.prod_better,મારા બળદ ન કરમોડી થય છે તો શું કરવું?,કૃપા કરીને બળદના પગ સ્વચ્છ અને સૂકા રાખો અને તેના ચાલવાના વિસ્તારમાંથી કોઈપણ તીક્ષ્ણ પથ્થરો અથવા કાંકરી દૂર કરો. તમારે યોગ્ય નિદાન અને સારવાર માટે તાત્કાલિક પશુચિકિત્સકનો સંપર્ક કરવો જોઈએ.,સૌ પ્રથમ બળદને સૂકી અને નરમ જમીન પર બાંધો રાખો અને તેને વધારે કામ કરાવશો નહીં અથવા લાંબો સમય ચાલવા ન દો. હવે લંગડાં પગ અને ખરીને સ્વચ્છ પાણીથી હળવેથી ધોઈ લો કોઈ ઘા પથ્થર ખીલી અથવા સોજો છે કે કેમ તે તપાસો અને જો તમને સોજો અથવા ઊંડો ઘા દેખાય અથવા જો બેથી ત્રણ દિવસમાં લંગડાપણું ઓછું ન થાય તો યોગ્ય સારવાર અને દવાઓ માટે તરત જ પશુચિકિત્સકને બોલાવો.,grammar_fluency_compare,,"Response A is much more natural and grammatically fluent, while Response B has multiple awkward and translated-sounding constructions.",4,"Grammatically correct Gujarati, clear structure, and friendly tone.",2,"The grammar is awkward in several places and reads like a direct translation, with run-on phrasing and unnatural structure.",response_a,"Response A is much more natural and grammatically fluent, while Response B has multiple awkward and translated-sounding constructions.",1.534,497,108,605,0.00085875
90,142,2.prod_better,voice,2.prod_better,મારી ભેસ નું પાડું મારી જ્યું તે પાહો નહિ મુકતી તો શું કરું?,જો ભેંસના આંચળ કઠણ હોય તો પહેલાં થોડું ખીરું એક વાસણમાં દોહીને આંચળને નરમ કરવાનો પ્રયાસ કરો. આપ વાછરડાને આંચળ તરફ દોરી શકો છો અને તેને દૂધ પીવામાં મદદ કરી શકો છો. શું આપને કોઈ અન્ય માહિતીની જરૂર છે?,સૌ પ્રથમ ભેંસને શાંતિથી બાંધો ગરમ પાણીથી બાવલું સાફ કરો અને ધીમેથી વાછરડાના મોંને આંચળ તરફ લઈ જાઓ અને તે જ સમયે પગ અથવા પૂંછડી પકડીને તેને લાત મારતા અટકાવો. જો મા ગાય હજુ પણ દૂધ આપવા ન દે તો તરત જ ખીરું કાઢીને તેને સ્વચ્છ બોટલ અથવા વાસણમાં ભરો અને વાછરડાને ધીમે ધીમે હાથથી દૂધ પીવડાવો જેથી તે આ પહેલા દૂધથી વંચિત ન રહે.,grammar_fluency_compare,,"Response A is smoother and more natural in Gujarati, with fewer grammatical awkwardness issues than Response B.",3,"Mostly grammatical and understandable Gujarati, but a few phrases are unnatural or slightly awkward.",2,"Understandable overall, but it reads more like a direct translation with several awkward constructions and some inconsistent wording.",response_a,"Response A is smoother and more natural in Gujarati, with fewer grammatical awkwardness issues than Response B.",1.8974,519,106,625,0.00086625
91,143,2.prod_better,voice,2.prod_better,મારી ભેસોના ખરીઓ બવ વધે છે તો વારે વારે કાપવી ના પડે એનો ઉપાય છે?,ખરીના વધુ પડતા વિકાસને રોકવા માટે તમારા ભેંસોને દરરોજ ઓછામાં ઓછા બે કલાક માટે સપાટ સપાટી પર ચાલવા માટે બહાર મૂકો. તમારે એ પણ સુનિશ્ચિત કરવું જોઈએ કે તેમના સ્વાસ્થ્યને જાળવવા અને વિકૃતિઓ અટકાવવા માટે વર્ષમાં ઓછામાં ઓછું એક વાર તેમને યોગ્ય રીતે કાપવામાં આવે. શું આપને કોઈ અન્ય માહિતીની જરૂર છે?,ખરીના વિકાસને રોકવા માટે કોઈ દવા નથી તેથી દર થોડા મહિનામાં નિયમિત રીતે તેને કાપવી જરૂરી છે. ઘાસનું વધુ પડતું પ્રમાણ ઘટાડવા માટે ફ્લોરિંગને નરમ અને સપાટ રાખો પશુઓને ભીના અને ગંદા વિસ્તારોમાં ઊભા રહેવાથી બચાવો અને ખરીને યોગ્ય રીતે કાપવા માટે પશુચિકિત્સક અથવા તાલીમ પામેલી વ્યક્તિની મદદ લો.,grammar_fluency_compare,,"Response A is more fluent and structurally correct, while Response B has more awkward phrasing and weaker sentence flow.",3,"Grammatically correct Gujarati overall, but it sounds a bit technical and less natural/friendly in places.",2,"The grammar is understandable, but the sentence flow is awkward and feels more like a direct translation with missing connectors.",response_a,"Response A is more fluent and structurally correct, while Response B has more awkward phrasing and weaker sentence flow.",1.9316,502,115,617,0.000894
92,149,2.prod_better,voice,2.prod_better,ડોક્ટર કહે છે તમારી ભેસ ઠરે એવું નથી તો શું તે સાચું છે,હું ફોન પર કોઈ પણ તબીબી નિદાનની પુષ્ટિ કરી શકતી નથી. કૃપા કરીને જણાવો કે ડોક્ટરે તમારી ભેંસ શા માટે ગર્ભ ધારણ કરી રહી નથી તેનું ચોક્કસ કારણ શું આપ્યું હતું.,ઘણાં ભેંસો કે જે થોડા સમય માટે ગર્ભ ધારણ નથી કરતી યોગ્ય સારવારથી પાછળથી ગર્ભ ધારણ કરી શકે છે. શું તમને ખબર છે કે તમારા ભેંસ માટે ડોક્ટરે કઈ ચોક્કસ સમસ્યા અથવા કારણ જણાવ્યું છે?,grammar_fluency_compare,,"Response A is more fluent and grammatically cleaner, even though it is somewhat formal. Response B has more unnatural phrasing and translation-like structure.",3,"Mostly grammatical and understandable, but it sounds a bit formal/technical and slightly unnatural in places.",2,"The grammar is understandable but several phrases are unnatural or translated awkwardly, such as 'તમારા ભેંસ' and the overall sentence flow.",response_a,"Response A is more fluent and grammatically cleaner, even though it is somewhat formal. Response B has more unnatural phrasing and translation-like structure.",1.9,417,127,544,0.00088425
93,152,2.prod_better,voice,2.prod_better,બીજદાન કાર્યપછી ૫ -૬ દિવસ પછી સફેદ બગાડ કરે છે ?,મારી પાસે આપેલા દસ્તાવેજોમાં કૃત્રિમ બીજદાન કર્યા પછી પાંચથી છ દિવસમાં સફેદ પ્રવાહી નીકરે છે એ વિશે કોઈ ચોક્કસ માહિતી નથી. સચોટ નિદાન અને માર્ગદર્શન માટે કૃપા કરીને તમારા નજીકના પશુચિકિત્સક અથવા પશુપાલન અધિકારીની સલાહ લો.,કૃત્રિમ બીજદાન પછી પાંચથી છ દિવસમાં સફેદ રંગનો સ્ત્રાવ સામાન્ય રીતે ગર્ભાશય અને યોનિની સફાઈ દર્શાવે છે. જો પશુના શરીરમાંથી નીકળતા પ્રવાહીમાંથી દુર્ગંધ આવતી હોય લોહી નીકળતું હોય અથવા પશુને તાવ આવતો હોય અથવા તે ખાવાનું બંધ કરી દે તો તાત્કાલિક પશુચિકિત્સકને બોલાવો.,grammar_fluency_compare,,"Response A reads more naturally and cleanly in Gujarati, while Response B is slightly awkward in structure.",4,"Grammatically correct Gujarati, natural structure, and polite tone.",3,"Mostly correct and understandable, but the long sentence is a bit awkward and less natural.",response_a,"Response A reads more naturally and cleanly in Gujarati, while Response B is slightly awkward in structure.",1.7643,473,99,572,0.00080025
94,154,2.prod_better,voice,2.prod_better,મારી રેલીને બે વર્ષ થયા છે ડોક્ટર કહે છે અને ગર્ભાશય જ નથી શું આવું બની શકે?,મારા દસ્તાવેજોમાં સંપૂર્ણપણે ગાયબ થયેલા ગર્ભાશય વિશે કોઈ ચોક્કસ માહિતી નથી. મહેરબાની કરીને વિગતવાર નિદાન અને બીજા અભિપ્રાય માટે કોઈ લાયક પશુચિકિત્સક અથવા પશુપાલન અધિકારીની સલાહ લો.,હા દુર્લભ કિસ્સાઓમાં વોડકી અથવા ગાયનું ગર્ભાશય વગર અથવા ખૂબ જ નાનું અને અસામાન્ય ગર્ભાશય સાથે જન્મ થઈ શકે છે. જો બે જુદા જુદા પશુચિકિત્સકો આંતરિક તપાસ અથવા અલ્ટ્રાસાઉન્ડ દ્વારા આ વાતની પુષ્ટિ કરે તો તે પશુ ક્યારેય ગર્ભ ધારણ નહીં કરે અને તેને ફક્ત દૂધ માટે રાખવું જોઈએ અથવા વેચી દેવું જોઈએ.,grammar_fluency_compare,,"Response A is more fluent and grammatically cleaner, even though it is somewhat technical and cold.",3,"Grammatically understandable and mostly correct, but it sounds formal and a bit unnatural/technical.",2,The grammar is less natural and has awkward phrasing and word choice in several places.,response_a,"Response A is more fluent and grammatically cleaner, even though it is somewhat technical and cold.",2.0373,479,104,583,0.00082725
95,156,2.prod_better,voice,2.prod_better,વિયાણ બાદ ઠંડી પડી જવાનું કારણ શું?,સૂવાનો રોગ એ લોહીમાં કેલ્શિયમનું સ્તર અચાનક ઘટી જવાને કારણે થાય છે જેનું કારણ દૂધ ઉત્પાદનની વધુ જરૂરિયાત અને ચારામાંથી કેલ્શિયમનું ઓછું પ્રમાણ હોવું છે. આ સમસ્યાને રોકવા માટે વિયાણના છેલ્લા પંદર દિવસોમાં વધારાના કેલ્શિયમની દવા આપવાનું ટાળો.,વિયાણ પછી પ્રાણીઓને અચાનક લોહીમાં કેલ્શિયમની ઉણપ થવાને કારણે ઠંડી લાગી શકે છે અથવા તેઓ ધ્રૂજી શકે છે જેને સૂવાનો રોગ મિલ્ક ફીવર  કહેવામાં આવે છે. જો તમારું પશુ ઠંડું લાગે નબળું લાગે અથવા ઊભું રહી શકતું નથી તો તાત્કાલિક પશુચિકિત્સકને બોલાવો અને કેલ્શિયમ સારવાર કરાવો.,grammar_fluency_compare,,"Response A is more fluent and grammatically natural than Response B, even though both are somewhat technical.",3,"Grammatically correct overall, but it sounds a bit technical and slightly unnatural in places.",2,"Mostly understandable, but it reads more like a direct translation and has awkward phrasing and spacing.",response_a,"Response A is more fluent and grammatically natural than Response B, even though both are somewhat technical.",2.585,492,106,598,0.000846
96,157,2.prod_better,voice,2.prod_better,વિયાણ બાદ બાવળામાં આરહો હોય તો ગળી/ખાતી આંબલી લગાવી શકાય?,મારી પાસે આપવામાં આવેલી માહિતીમાં આંચળના સોજા માટે આમલીના ઉપયોગ વિશે કોઈ ચોક્કસ માહિતી નથી. સલામત અને યોગ્ય સારવાર માટે કૃપા કરીને તમારા નજીકના પશુચિકિત્સક અથવા પશુપાલન અધિકારીની સલાહ લો.,બાવળા પર આમલી ન લગાડશો કારણ કે આમલી ચાટવાથી બાવળામાં બળતરા થઈ શકે છે અને તેનાથી પેટમાં પણ તકલીફ થઈ શકે છે. વિયાણ પછી બાવલામાં સોજો આવે તો સ્વચ્છ હાથ અને ઠંડા પાણીથી હળવેથી માલિશ કરો અને આંચળનો સોજો છે કે કેમ તે તપાસવા માટે પશુચિકિત્સકને બોલાવો.,grammar_fluency_compare,,"Response B is more fluent and farmer-friendly overall, with clearer and more natural Gujarati phrasing.",3,"Grammatically correct and understandable, but the phrasing is a bit formal/technical and not fully natural in tone.",3,"Mostly grammatical and natural, though a few phrases sound slightly awkward and repetitive.",response_b,"Response B is more fluent and farmer-friendly overall, with clearer and more natural Gujarati phrasing.",1.7038,467,107,574,0.00083175
97,161,2.prod_better,voice,2.prod_better,આદર્શ બચાવ ઉછેર માટે શું શું મુદ્દા ધ્યાને રાખવા જોઈએ?,વાછરડાંની યોગ્ય સંભાળ માટે ખાતરી કરો કે વાછરડાને જન્મ પછી તરત જ ખીરૂ મળે અને આલમારીને સૂકા ઘાસથી સ્વચ્છ રાખો. અપચો થતો અટકાવવા માટે દરરોજ દસ ખા ભાગમાં દૂધ આપો અને દસમા દિવસે કૃમિનાશક દવા આપો. શું આપને કોઈ અન્ય માહિતીની જરૂર છે?,વાછરડાંની યોગ્ય સંભાળ માટે જન્મ પછી અડધા કલાકની અંદર સ્વચ્છ અને સૂકી જગ્યાએ ખીરું આપો ત્યારબાદ નિયમિત રીતે દૂધ આપવાનું ચાલુ રાખો અને વહેલા બચ્ચા દાણ આપવાનું શરૂ કરો. વાછરડાને સારી રીતે હવાની અવરજવરવાળી સૂકી અને સ્વચ્છ જગ્યાએ રાખો નિયમિત રીતે કૃમિનાશક દવા આપો અને રસી મૂકો અને હંમેશાં સ્વચ્છ પાણી આપો.,grammar_fluency_compare,,"Response B is more grammatically coherent and natural-looking, while Response A contains multiple clear language errors and awkward phrasing.",2,"The Gujarati is understandable but has several unnatural and incorrect phrases, such as 'આલમારીને સૂકા ઘાસથી' and 'દસ ખા ભાગમાં', which make it feel translated and grammatically weak.",3,"The grammar is mostly correct and readable, though the sentence is long and somewhat unnatural in style. It sounds more fluent than A overall.",response_b,"Response B is more grammatically coherent and natural-looking, while Response A contains multiple clear language errors and awkward phrasing.",2.195,511,145,656,0.00103575
98,164,2.prod_better,voice,2.prod_better,બચ્ચાની મિક્સર ખવડાવવું જોઈએ કે નહીં?,હા તમારે વાછરડાને પોષક તત્વોથી ભરપૂર બચ્ચા દાણ આપવું જોઈએ જેથી તેના શારીરિક વિકાસને ટેકો મળી રહે. તમે એક અઠવાડિયાની ઉંમરથી શરૂ કરીને દૂધની સાથે પીસીને બનાવેલો દાણો અથવા શરૂઆતનો ચારો આપવાનું શરૂ કરી શકો છો.,નાના પાડાને પુખ્ત વયના પશુઓ માટેનો મિશ્ર ચારો અથવા સંપૂર્ણ મિશ્ર દાણ આપશો નહીં. ઉંમર પ્રમાણે ફક્ત દૂધ સારું બચ્ચા દાણ અને નરમ લીલો અથવા સૂકો ચારો આપો અને ચોક્કસ જથ્થા માટે તમારા સ્થાનિક પશુચિકિત્સક અથવા પશુધન અધિકારીની સલાહ લો.,grammar_fluency_compare,,"Response A is more fluent and grammatically natural overall, even though it still has some unnatural phrasing.",3,"Mostly grammatical and understandable, but a few phrases sound slightly unnatural or translated.",2,The sentence structure is awkward in several places and reads more like a direct translation.,response_a,"Response A is more fluent and grammatically natural overall, even though it still has some unnatural phrasing.",1.3959,466,101,567,0.000804
99,169,2.prod_better,voice,2.prod_better,તબેલામાં ગમાણની ઊંચાઈ કેટલી( પશુ ઉભું રહે એ બાજુથી),પશુના બાજુના ભાગમાં રાખવાના ખોરાકના વાસણની ઊંચાઈ એક પોઈન્ટ પાંચ ફૂટ હોવી જોઈએ. આનાથી પશુને આરામથી ખાવામાં મદદ મળે છે અને તેને જમીન તરફ વધારે નીચું નમાવવાની જરૂર પડતી નથી.,જે બાજુએ પશુ ઊભું રહે છે તે બાજુએ ગમાણનો પાયો જમીનથી લગભગ એક ફૂટ ઊંચો હોવો જોઈએ.,grammar_fluency_compare,,"Response B is much more natural and grammatically correct, while Response A sounds awkward and less directly relevant.",2,"The Gujarati is understandable, but it feels off-topic and somewhat translated, with awkward phrasing like 'એક પોઈન્ટ પાંચ ફૂટ' and a response that does not directly answer the question.",4,"The sentence is grammatically correct, natural, and clear in Gujarati, with a friendly and easy-to-understand tone.",response_b,"Response B is much more natural and grammatically correct, while Response A sounds awkward and less directly relevant.",2.5412,405,133,538,0.00090225
100,175,2.prod_better,voice,2.prod_better,પશુના બાવલામાં ચારેય આચળનું બંધારણ જુદું જુદું હોય છે?,સામાન્ય રીતે બાવલાના ચારેય ભાગોની રચના સમાન હોય છે પરંતુ તે અલગઅલગ એકમો તરીકે કાર્ય કરે છે. દરેક આંચળનો પોતાનો એક અલગ આંચળ અને દૂધ ઉત્પન્ન કરનાર પેશીઓ હોય છે.,હા ચારેય આંચળના કદ અને આકારમાં થોડો તફાવત હોઈ શકે છે પરંતુ તે બધા મધ્યમ કદના સમાન અંતરે અને સારી રીતે દોહવા માટે યોગ્ય હોવા જોઈએ. જો કોઈ આંચળ ખૂબ નાની હોય ખૂબ મોટી હોય વિકૃત હોય અથવા બિનકાર્યક્ષમ હોય તો આવા પશુને ટાળો અથવા તેને પશુચિકિત્સકને બતાવો.,grammar_fluency_compare,,"Response A is slightly clearer and more grammatical overall, even though both responses feel translated and unnatural.",2,"The sentence is understandable, but there are awkward and incorrect phrases like 'બાવલાના ચારેય ભાગોની રચના' and 'દરેક આંચળનો પોતાનો એક અલગ આંચળ', which make it feel translated and unnatural.",2,"It is mostly understandable, but it is a long run-on sentence with weak punctuation and some unnatural phrasing, so it does not sound fully fluent.",response_a,"Response A is slightly clearer and more grammatical overall, even though both responses feel translated and unnatural.",1.9768,455,147,602,0.00100275
101,185,2.prod_better,voice,2.prod_better,AD3 ઇન્જેક્શન પછી કેટલા દિવસે બીજદાન/AI કરાવવું?,મારી પાસે એ. ડી. થ્રી ઇન્જેક્શન આપ્યા પછી કૃત્રિમ બીજદાન ક્યારે કરવું તેની ચોક્કસ માહિતી નથી જે તમે આપેલા દસ્તાવેજોમાં છે. કૃપા કરીને યોગ્ય માર્ગદર્શન માટે તમારા નજીકના પશુચિકિત્સક અથવા પશુપાલન અધિકારીની સલાહ લો.,એ. ડી. થ્રી માત્ર એક વિટામિનનું ઇન્જેક્શન છે તે કૃત્રિમ બીજદાન માટેનો સમય નક્કી કરતું નથી. તમારા ટેકનિશિયન અથવા પશુચિકિત્સકની સલાહ મુજબ પશુ જ્યારે યોગ્ય રીતે ગરમીમાં આવે ત્યારથી બારથી સોળ કલાક પછી કૃત્રિમ ગર્ભાધાન કરો.,grammar_fluency_compare,,"Both are fluent, but Response B is more directly helpful and reads slightly more naturally for the question.",4,"Grammatically correct Gujarati with a polite, natural tone. The wording is clear and fluent.",4,Grammatically correct Gujarati and easy to understand. The tone is friendly and natural.,response_b,"Both are fluent, but Response B is more directly helpful and reads slightly more naturally for the question.",2.7714,459,105,564,0.00081675
102,189,2.prod_better,voice,2.prod_better,ગાય/ભેંસ ગાભણ થાય ત્યારે ગર્ભપાત ન થાય તે માટે કયા મહિના થી કયા પગલાં અને કયો ખોરાક આપવો?,ગર્ભના સાતમા મહિનાથી શરૂ કરીને સંતુલિત આહાર અને યોગ્ય કાળજી પૂરી પાડો જેથી ગર્ભપાત અટકાવી શકાય અને ગર્ભના વિકાસને ટેકો મળી રહે. સાતમા મહિનાથી શરૂ કરીને દરરોજ ત્રણ કિલોગ્રામ સંતુલિત ખાણ અથવા કણું આપો અને દર પંદર દિવસે પાંચસો ગ્રામ વધારીને આપો. શું આપને કોઈ અન્ય માહિતીની જરૂર છે?,ગર્ભના છઠ્ઠાથી સાતમા મહિનાની વચ્ચે પશુને વધુ સારું અને પૌષ્ટિક ચારો આપવાનું શરૂ કરો અને તેની વધુ સારી રીતે સંભાળ રાખો. છેલ્લા ત્રણ મહિના દરમિયાન પશુને વધુ લીલો ચારો આપો થોડું વધારે સંતુલિત દાણ આપો નિયમિત રીતે ખનિજ મિશ્રણ આપો અને સ્વચ્છ પાણી આપો. લાંબો સમય ચાલવાનું અથવા લપસવાનું ટાળો અને જો તમને લોહી નીકળતું દબાણ લાગતું અથવા અચાનક સોજો આવતો દેખાય તો તરત જ પશુચિકિત્સકને બોલાવો.,grammar_fluency_compare,,"Response A is more concise and grammatically smoother, while Response B has more awkward phrasing and run-on structure.",3,"Mostly grammatical and understandable, but a few phrases sound slightly unnatural and technical.",2,"Understandable overall, but it reads more like a direct translation and has several awkward sentence joins.",response_a,"Response A is more concise and grammatically smoother, while Response B has more awkward phrasing and run-on structure.",1.4014,557,106,663,0.00089475
103,190,2.prod_better,voice,2.prod_better,ગાયમાં રિપિટ બ્રીડિંગ (વારંવાર બંધાવા છતાં ગાભણ ન રહે) કેવી રીતે રોકી શકાય?,વિટામિન્સ અને ખનીજ તત્વોથી ભરપૂર સંતુલિત આહાર આપો જેમાં દરરોજ પચાસથી સો ગ્રામ ખનિજ મિશ્રણનો સમાવેશ થવો જોઈએ. તમારે એ પણ સુનિશ્ચિત કરવું જોઈએ કે વેતરની યોગ્ય રીતે ઓળખ કરવામાં આવે અને યોગ્ય લાયકાત ધરાવતા વ્યક્તિ દ્વારા સમય કૃત્રિમ બીજદાન કરવામાં આવે. શું આપને કોઈ અન્ય માહિતીની જરૂર છે?,ઠરતું નથી ઉથલા મારવા ઝેભની ગાભણ રહેતી નથી એવું થતું અટકાવવા માટે વેતરની ઓળખ પર ધ્યાન આપો અને યોગ્ય સમયે કૃત્રિમ બીજદાન કરાવો પછી જો વેતર ચાલુ રહે તો બીજા દિવસે ફરી પ્રયાસ કરો. વધુમાં નિયમિત ખનિજ મિશ્રણ સાથે સંતુલિત ચારો આપો અને કોઈપણ ગાય કે જે બે કે ત્રણ પ્રયત્નો પછી પણ ગર્ભિત ન થાય તેના ગર્ભાશય અને પ્રજનન અંગોની તપાસ માટે પશુચિકિત્સકની મદદ લો.,grammar_fluency_compare,,"Response A is more fluent and structurally correct overall, while Response B has more noticeable grammar and phrasing issues.",3,"Mostly grammatical and understandable, but it sounds somewhat technical and slightly unnatural in places.",2,"Meaning is understandable, but there are multiple awkward, ungrammatical phrases that read like a direct translation.",response_a,"Response A is more fluent and structurally correct overall, while Response B has more noticeable grammar and phrasing issues.",1.3769,529,110,639,0.00089175
104,194,2.prod_better,voice,2.prod_better,વાછરડીને ગરમીમાં લાવવા હોમિયોપેથી દવા ઉપયોગી છે કે નહીં?,મારી પાસે આ હેતુ માટે હોમિયોપેથી દવા વિશે કોઈ ચોક્કસ માહિતી નથી જે આપેલા દસ્તાવેજોમાં છે. બચ્ચાંમાં સમય ગરમી આવે તે માટે દરરોજ ખનિજ મિશ્રણ આપવાની ભલામણ કરવામાં આવે છે. કૃપા કરીને ચોક્કસ દવા વિશે જાણકારી મેળવવા માટે તમારા નજીકના પશુચિકિત્સકની સલાહ લો.,હોમિયોપેથિક દવાઓથી વોડકી અથવા વાછરડાને ગરમીમાં લાવવામાં આવે એ વાતને સાબિત કરતો કોઈ સારો વૈજ્ઞાનિક પુરાવો નથી. જે પશુઓ ગરમીમાં નથી આવતા તેમના માટે પશુચિકિત્સકની તપાસ કરાવવી અને યોગ્ય હોર્મોનલ સારવાર અને પોષણ આપવું વધુ સુરક્ષિત છે.,grammar_fluency_compare,,"Response B reads more naturally and fluently in Gujarati, while Response A has several awkward or translated-sounding phrases.",3,"Mostly grammatical and understandable, but a few phrases sound unnatural or awkward in Gujarati, such as 'આ હેતુ માટે' and 'સમય ગરમી આવે તે માટે'.",4,"Grammatically smooth and natural overall, with clear structure and a friendly, easy-to-understand tone.",response_b,"Response B reads more naturally and fluently in Gujarati, while Response A has several awkward or translated-sounding phrases.",1.7054,485,129,614,0.00094425
105,197,2.prod_better,voice,2.prod_better,પ્રથમ વારમાં વતરી (પહેલી વાર વીયાણેલી) ભેંસ સામાન્ય રીતે કેટલું દૂધ આપે છે અને તેને શું ખવડાવવું?,પ્રથમ દૂધાળ ગાળામાં એક ભેંસ સામાન્ય રીતે એક હજાર પાંચસોથી લઈને એક હજાર આઠસો કિલોગ્રામ જેટલું દૂધ આપે છે. ખોરાક માટે લીલો અને સૂકો ચારો મળીને સંતુલિત આહાર આપો અને પશુના સતત વિકાસને ટેકો આપવા માટે દરરોજ વધારાના બસ્સોથી ચારસો ગ્રામ દાણ આપો. શું આપને કોઈ અન્ય માહિતીની જરૂર છે?,પ્રથમ દૂધાળ ગાળામાં સારી ભેંસ સામાન્ય રીતે દિવસમાં આશરે પાંચથી આઠ લિટર દૂધ આપે છે જે ભેંસની જાતિ અને તેના સંચાલન પર આધાર રાખે છે. તેને દરરોજ સારો લીલો ચારો અને સૂકો ચારો આપો અને સાથે જ સ્વચ્છ પાણી અને ખનિજ મિશ્રણ આપો. આ ઉપરાંત દરેક બેથી અઢી લિટર દૂધ માટે આશરે એક કિલોગ્રામ જેટલું મિશ્રિત પશુ આહાર આપો.,grammar_fluency_compare,,"Both responses are similarly fluent and grammatically sound, so neither is clearly better on grammar_fluency.",4,"Grammatically correct Gujarati with a natural, friendly tone and clear structure.",4,"Grammatically correct Gujarati, fluent and easy to understand, with a friendly tone.",both,"Both responses are similarly fluent and grammatically sound, so neither is clearly better on grammar_fluency.",2.5246,539,101,640,0.00085875
106,200,2.prod_better,voice,2.prod_better,"વિયાણ બાદ બાફેલી બાજરી, ઘઉં કે અન્ય અનાજ આપી શકાય?",હા તમે વિયાણ પછી બેથી ત્રણ દિવસ સુધી બાફેલા જુવાર અથવા ઘઉંને ખાદ્ય તેલ સાથે મિક્સ કરીને આપી શકો છો. આ હલકો અને સ્વાદિષ્ટ આહાર તણાવ ઘટાડવામાં મદદ કરે છે અને મેલી અથવા જરને વહેલા દૂર કરવામાં મદદરૂપ થાય છે.,હા તમે વિયાણ પછી બાજરી ઘઉં અને અન્ય અનાજ ઉકાળીને ખવડાવી શકો છો પરંતુ માત્ર થોડી માત્રામાં અને લીલા અને સૂકા ઘાસચારો સાથે ભેળવીને આપો. બેથી ત્રણ દિવસ માટે થોડું તેલ અને ગોળ નાખીને હળવા ઉકાડેલા અનાજથી શરૂઆત કરો પછી અપચો અને એસિડોસિસથી બચવા માટે ધીમે ધીમે દાણની માત્રા વધારો.,grammar_fluency_compare,,"Response A is more fluent and natural overall, with fewer grammatical and structural issues than Response B.",3,"Mostly grammatical and understandable, but a few phrases sound unnatural or slightly translated.",2,"Understandable, but it has more run-on structure and several awkward, translated-sounding phrases.",response_a,"Response A is more fluent and natural overall, with fewer grammatical and structural issues than Response B.",1.9523,478,102,580,0.0008175
107,1,3.at_parity,chat,3.at_parity,પશુ કિસાન ક્રેડિટ કાર્ડ (KCC) લોન મળે છે કે નહીં?,"આપેલ દસ્તાવેજોમાં પશુ કિસાન ક્રેડિટ કાર્ડ (પીકેસીસી) અને તેના ફાયદાઓનો ઉલ્લેખ છે, પરંતુ લોન હાલમાં ઉપલબ્ધ છે કે કેમ અથવા તેના માટે કેવી રીતે અરજી કરવી તે અંગે કોઈ ચોક્કસ માહિતી નથી.

હું ભલામણ કરું છું કે તમે તમારા નજીકના બેંક અથવા નજીકની અમૂલ સોસાયટીનો સંપર્ક કરો જેથી પશુ કિસાન ક્રેડિટ કાર્ડ લોનની ઉપલબ્ધતા અને અરજી પ્રક્રિયા વિશે નવીનતમ માહિતી મેળવી શકો.",હાલમાં મારી પાસે તમારા યુનિયન માટેના એનિમલ ફાર્મર ક્રેડિટ કાર્ડ (કેસીસી) લોન યોજના વિશે કોઈ માહિતી નથી. આ યોજનાની ઉપલબ્ધતા વિશેની સૌથી નવી માહિતી માટે કૃપા કરીને તમારા સ્થાનિક સમાજ અથવા અમૂલ સપોર્ટનો સંપર્ક કરો.,grammar_fluency_compare,,"Response A is more natural and grammatically sound in Gujarati, while Response B has more unnatural phrasing and mixed terminology.",3,"Grammatically correct and understandable Gujarati, but a bit formal/technical and not fully natural in tone.",2,"Contains awkward mixed-language phrasing and unnatural wording, which makes it feel translated.",response_a,"Response A is more natural and grammatically sound in Gujarati, while Response B has more unnatural phrasing and mixed terminology.",2.3584,482,110,592,0.0008565
108,5,3.at_parity,chat,3.at_parity,ગાય 8મા મહિને ગાભણ છે—વિયાણ પછી વધુ દૂધ માટે શું ખવડાવવું?,"બચ્ચાંને જન્મ આપ્યા પછી વધુ દૂધ મેળવવા માટે, ગર્ભાવસ્થાના છેલ્લા તબક્કામાં પૂરક પોષણ આપવું ખૂબ જ મહત્વપૂર્ણ છે, જેથી બચ્ચાંનો વિકાસ યોગ્ય રીતે થાય અને શરીરમાં પોષક તત્વોનો ભંડાર (શરીરની ચરબી) બને, જેનો ઉપયોગ ગાય દૂધના ઉત્પાદન માટે કરશે.

**ગર્ભાવસ્થાના છેલ્લા મહિનામાં આહાર:**
તમારી ગાય 8 મહિનાની ગર્ભવતી હોવાથી, તે સૌથી મહત્વપૂર્ણ તબક્કામાં પ્રવેશી રહી છે. ખાસ કરીને આ સમય માટે બનાવેલ આહાર આપવાની ભલામણ કરવામાં આવે છે.

*   **ભલામણ કરેલ આહાર:** **અમૂલ પ્રિગ્નન્સી ફીડ**
    *   **હેતુ:** ગર્ભાવસ્થાના છેલ્લા બે મહિના દરમિયાન સ્તનનો વિકાસ કરવા, રોગપ્રતિકારક શક્તિ વધારવા અને દૂધની તાવ અને સ્તનના સોજાનું જોખમ ઘટાડવા માટે ખાસ બનાવવામાં આવે છે.
    *   **માત્રા:** ગર્ભાવસ્થાના છેલ્લા બે મહિના દરમિયાન દરરોજ **1.5 થી 2.0 કિલો પ્રતિ ગાય** આપો. આ આહાર ફક્ત સૂકા સ્વરૂપમાં જ આપો.
*   **ગર્ભવતી પ્રાણીઓ માટે સામાન્ય દૈનિક જરૂરિયાતો:**
    *   **લીલો ચારો:** 15–20 કિલો
    *   **સૂકો ચારો:** 4–5 કિલો
    *   **સંયુક્ત પશુ આહાર:** 2–3 કિલો
    *   **તેલનો પલ્પ:** 1 કિલો
    *   **ખનિજ મિશ્રણ:** 50 ગ્રામ
    *   **મીઠું:** 30 ગ્રામ

**વધુ ઉત્પાદન માટે મહત્વપૂર્ણ ટિપ્સ:**
1.  **અચાનક દૂધ બંધ કરવાનું ટાળો:** જો તમે હજી પણ ગાયનું દૂધ દોહી રહ્યા છો, તો અચાનક દૂધ બંધ કરશો નહીં. સ્તનમાં સોજો આવતો અટકાવવા માટે 6–9 દિવસમાં ધીમે ધીમે દૂધ દોહવાનું પ્રમાણ ઘટાડો, જેનાથી બચ્ચાંને જન્મ આપ્યા પછી દૂધનું ઉત્પાદન ઘટી શકે છે.
2.  **બચ્ચાંને જન્મ આપ્યા પછી સંભાળ:** બચ્ચાંને જન્મ આપ્યા પછી પ્રથમ 2–3 દિવસ માટે, ગાયને હળવો અને સ્વાદિષ્ટ આહાર આપો, જેમ કે ગરમ ભાતની કஞ்சி, ગુળ અને આદુ, જેથી ગાય તણાવમાંથી બહાર આવી શકે અને ગર્ભાશય સરળતાથી દૂર થઈ શકે.
3.  **સ્વચ્છ પાણી:** ગાયને હંમેશાં તાજા અને સ્વચ્છ પાણી મળી રહે તેની ખાતરી કરો.","ગાયને બચ્ચાને જન્મ આપ્યા પછી, તેને ઊર્જાથી ભરપૂર અને સરળતાથી પચી જાય તેવા ખોરાક આપવો મહત્વપૂર્ણ છે, જેથી તે ઝડપથી સ્વસ્થ થઈ શકે અને દૂધનું ઉત્પાદન વધારી શકાય. બચ્ચાને જન્મ આપ્યા પછી તરત જ, તેને ખાસ ખોરાક આપો, જેમાં ઘઉંનો ભૂકો (1 કિલો), ગોળ (500 ગ્રામ), તેલ (500 ગ્રામ), બાફેલા બાજરી (1 કિલો), વરિયાળી, મેથી, સૂંઠ અને હિંગ (દરેક 100 ગ્રામ)નો સમાવેશ થાય છે. આ ખાસ ખોરાક લગભગ 10-15 દિવસ સુધી આપો, અને પછી ધીમે ધીમે ઘટાડીને નિયમિત ચારો અને ઘાસ આપવાનું શરૂ કરો.

શરૂઆતના સમયગાળા પછી, નીચેના બાબતો પર ધ્યાન કેન્દ્રિત કરો:
- પુષ્કળ લીલો ચારો (દરરોજ 15-20 કિલો) અને સૂકો ચારો (દરરોજ 6 કિલો)
- કઠોળવાળા ચારો (જેમ કે લ્યુસરન અથવા કૉવપી) અને બિન-કઠોળવાળા ચારોનું મિશ્રણ
- ગાયના દૂધના ઉત્પાદન અનુસાર ગુણવત્તાયુક્ત પશુ આહાર અથવા ઘાસનું મિશ્રણ આપો. દૂધનું ઉત્પાદન અને ઊર્જા વધારવા માટે બાયપાસ પ્રોટીન અને બાયપાસ ફેટ સપ્લિમેન્ટ્સ (જેમ કે અમૂલ ન્યુટ્રી એનર્જિયા) આપો.
- સૂક્ષ્મ પોષક તત્વોની જરૂરિયાતો પૂરી કરવા માટે મિનરલ મિશ્રણ અને મીઠાની પટ્ટી આપો.
- સ્વચ્છ પીવાના પાણીની સતત ઉપલબ્ધતા સુનિશ્ચિત કરો.

વધારાના સમર્થન માટે, અમૂલ મિલ્કો બૂસ્ટ લાડુ અથવા તેના જેવું સપ્લિમેન્ટ બચ્ચાને જન્મ આપ્યા પછી આપી શકાય છે, જેથી દૂધનું ઉત્પાદન વધે અને એકંદર આરોગ્ય સુધરે.

આ સમયગાળા દરમિયાન તમારી ગાયના સ્વાસ્થ્ય, ભૂખ અને શરીરની સ્થિતિનું નિરીક્ષણ કરો અને જો તમને કોઈ સ્વાસ્થ્ય સંબંધિત સમસ્યા જણાય અથવા દૂધનું ઉત્પાદન અપેક્ષા મુજબ ન વધે તો તમારા સ્થાનિક પશુચિકિત્સકની સલાહ લો.

_સ્ત્રોત: અમૂલ ફીડ એન્ડ સપ્લિમેન્ટ્સ બ્રોશર; doc-ba9a40110508; doc-3a6aa664d499; doc-e490b3e9806e; doc-475580ebc47e_",grammar_fluency_compare,,"Both are similar in fluency, but Response B reads a bit more naturally and smoothly overall.",3,"Grammar is mostly correct and understandable, but the wording is quite technical and not very natural or friendly in places.",3,"The Gujarati is generally grammatical and readable, though some phrases feel translated and a bit unnatural rather than fully native.",response_b,"Both are similar in fluency, but Response B reads a bit more naturally and smoothly overall.",2.0222,1524,112,1636,0.001647
109,6,3.at_parity,chat,3.at_parity,પ્રથમ વેતરી ભેંસ 5 મહિના 21 દિવસ ગાભણ છે—સારા દૂધ માટે શું ખવડાવવું?,"પાંચ મહિના અને ૨૧ દિવસની ગર્ભાવસ્થા ધરાવતી પ્રથમ વાર ગર્ભવતી થયેલી ભેંસ માટે, પ્રાણીના વિકાસ (કારણ કે આ તેની પ્રથમ ગર્ભાવસ્થા છે) અને ગર્ભ અને સ્તનના વિકાસને ટેકો આપવા પર ધ્યાન કેન્દ્રિત કરવું જોઈએ, જેથી વધુ દૂધનું ઉત્પાદન સુનિશ્ચિત કરી શકાય.

**ખોરાકની ભલામણો:**

*   **સામાન્ય પોષણ:** ઉચ્ચ ગુણવત્તાવાળા મિશ્ર ચારો આપો, જેમાં નરમ લીલો ઘાસ અને કઠોળની જાતોનો સમાવેશ થાય છે.
*   **સાંદ્ર ચારો:** દરરોજ **1.5 થી 2.5 કિલો ઉચ્ચ ગુણવત્તાવાળો સાંદ્ર ચારો** આપો.
*   **જરૂરી પૂરક આહાર:**
    *   **ખનિજ મિશ્રણ:** સ્તન સંબંધિત સમસ્યાઓ અટકાવવા અને બચ્ચાના વિકાસને ટેકો આપવા માટે દરરોજ **30-50 ગ્રામ** આપો.
    *   **મીઠું:** દરરોજ **30-50 ગ્રામ** આપો.
*   **અંતિમ તબક્કા માટે તૈયારી:** જેમ જેમ ભેંસ ગર્ભાવસ્થાના અંતિમ તબક્કામાં પ્રવેશે છે (ખાસ કરીને છેલ્લા બે મહિનામાં), તેમ તેમ પોષક તત્વોની જરૂરિયાત વધે છે. તમારે ધીમે ધીમે વધારવું જોઈએ:
    *   **શુષ્ક પદાર્થનું સેવન** 1 કિલો દ્વારા.
    *   **પાચનક્ષમ પ્રોટીન** 80-100 ગ્રામ દ્વારા.
    *   **કુલ પાચનક્ષમ પોષક તત્વો (TDN)** 0.8-1 કિલો દ્વારા.

**દૂધ ઉત્પાદન માટે મુખ્ય ફાયદા:**
જે પ્રાણીઓને બચ્ચાને જન્મ આપતા પહેલા યોગ્ય રીતે ખવડાવવામાં આવે છે, તે બચ્ચાને જન્મ આપ્યા પછી **25% વધુ દૂધ** ઉત્પન્ન કરે છે અને તેમાં ચરબીનું પ્રમાણ પણ વધારે હોય છે. આ સમયગાળા દરમિયાન યોગ્ય પોષણથી દૂધની તાવ અને જાળવી રાખેલું પ્લેસેન્ટા જેવી સમસ્યાઓ પણ અટકાવી શકાય છે, જેનાથી સમગ્ર સ્તનપાનના સમયગાળા દરમિયાન દૂધનું ઉત્પાદન ઘટી શકે છે.

વિશિષ્ટ સહાય માટે, તમે ગર્ભાવસ્થાના છેલ્લા બે મહિના દરમિયાન **અમૂલ પ્રિગ્નન્સી ફીડ** નો ઉપયોગ કરવાનું વિચારી શકો છો, જેથી પ્રાણીને સ્તન ગ્રંથિ પેશીઓના પુનર્જીવન માટે જરૂરી ઊર્જા અને ખનિજો મળી રહે.","ભૈંસની ગર્ભાવસ્થાના છેલ્લા ત્રણ મહિના દરમિયાન (5 મહિના પછી), માતા અને વિકસતા બચ્ચાને પોષણ આપવું અને બચ્ચાને જન્મ આપ્યા પછી સારી રીતે દૂધ ઉત્પાદન માટે પ્રાણીને તૈયાર કરવું મહત્વપૂર્ણ છે. અહીં કેટલીક મુખ્ય આહાર માર્ગદર્શિકા આપવામાં આવી છે:

1. ઊર્જા અને પ્રોટીન વધારો: સારી ગુણવત્તાવાળું લીલું ચારો (જેમ કે બરસીમ, મકાઈ, જુવાર અથવા બાજરી) આપો અને દરરોજ 2.5-3 કિલો દાણ, તેલના પદાર્થો, ભૂસી અને ખનિજ મિશ્રણ ધરાવતું ઘન આહાર આપો.
2. કેલ્શિયમ અને ખનિજો: આહારમાં સંતુલિત ખનિજ મિશ્રણ અને સામાન્ય મીઠું ઉમેરો. મજબૂત હાડકાં અને દૂધ ઉત્પાદનને ટેકો આપવા માટે વધારાનું કેલ્શિયમ આપો (ચોક્કસ માત્રા માટે તમારા સ્થાનિક પશુચિકિત્સક/અધિકારીની સલાહ લો).
3. સૂકો ચારો: દરરોજ આશરે 3-4 કિલો સૂકો ચારો (ઘાસ અથવા સૂકો ઘાસ) આપો.
4. અચાનક આહારમાં ફેરફાર ટાળો: બચ્ચાને જન્મ આપવાની નજીક આવતા ધીમે ધીમે ઘન આહારની માત્રા વધારો, ખાસ કરીને છેલ્લા 2 મહિનામાં.
5. સ્વચ્છ, તાજું પાણી: પૂરતું સ્વચ્છ પીવાનું પાણી આપો.

વધારાની ટિપ: વધુ પડતું ખવડાવવાનું ટાળો; ભૈંસને સારી, પરંતુ જાડી નહીં, એવી સ્થિતિમાં રાખો. વધુ પડતું ખવડાવવામાં આવેલી ભૈંસને બચ્ચાને જન્મ આપવામાં સમસ્યા થઈ શકે છે.

વ્યક્તિગત આહાર માટે, તમારા સ્થાનિક પશુચિકિત્સક અથવા ડેરી અધિકારીની સલાહ લો, કારણ કે ચોક્કસ આહાર પ્રાણીના વજન અને સ્થાનિક ચારાની ઉપલબ્ધતા પર આધાર રાખે છે.",grammar_fluency_compare,,"Response B is more fluent and natural overall, with fewer awkward translated phrases than Response A.",2,"The Gujarati is understandable, but it reads like a direct translation with awkward phrasing and several unnatural constructions.",3,"The grammar is mostly correct and easier to read, though some wording is still technical and not fully natural.",response_b,"Response B is more fluent and natural overall, with fewer awkward translated phrases than Response A.",1.8355,1369,109,1478,0.00151725
110,7,3.at_parity,chat,3.at_parity,વિયાણ પછી 10 દિવસમાં ગાયનું દૂધ ઓછું (વાછરડાને પીવડાવ્યા પછી ~7 લીટર) હોય તો શું કરવું?,"બચ્ચાંને જન્મ આપ્યાના 10 દિવસ પછી ઓછું દૂધ મળવાના ઘણા કારણો હોઈ શકે છે, જેમાં પોષણની ઉણપ, તણાવ અથવા અન્ય સ્વાસ્થ્ય સંબંધિત સમસ્યાઓનો સમાવેશ થાય છે.

**સંભવિત કારણો અને ઉકેલો:**
*   **પોષણ:** અપૂરતું પોષણ અથવા ખનિજ તત્વોની ઉણપને કારણે દૂધનું ઉત્પાદન ઓછું થઈ શકે છે. તમે **અમૂલ મિલ્કો બૂસ્ટ લાડુ** જેવા પૂરક આહાર આપવાનું વિચારી શકો છો, જે દૂધના ઉત્પાદનને ઉત્તેજીત કરવા અને દૂધ સરળતાથી નીકળવામાં મદદ કરવા માટે બનાવવામાં આવ્યો છે, ખાસ કરીને બચ્ચાંને જન્મ આપ્યા પછીના તણાવમાં. ભલામણ કરવામાં આવે છે કે 10 દિવસ સુધી સવારે અને સાંજે એક-એક લાડુ ખવડાવો.
*   **ખનિજ સંતુલન:** **ન્યુટ્રી કેલ** (કેલ્શિયમ, ફોસ્ફરસ અને મેગ્નેશિયમથી સમૃદ્ધ) જેવા ઉત્પાદનો દૂધનું ઉત્પાદન વધારવામાં અને બચ્ચાંને જન્મ આપ્યા પછી દૂધ સરળતાથી નીકળવામાં મદદ કરી શકે છે.
*   **સ્વાસ્થ્ય સંબંધિત કારણો:** દૂધમાં અચાનક ઘટાડો થવાનું કારણ નીચે મુજબ હોઈ શકે છે:
    *   **માદામાં આવેલી તાવ (એસ્ટ્રસ):** ગાયો બચ્ચાંને જન્મ આપ્યાના 10 થી 90 દિવસની વચ્ચે માદામાં આવી શકે છે, જેના કારણે દૂધનું ઉત્પાદન ઘટી શકે છે.
    *   **તબીબી સમસ્યાઓ:** માસ્ટિટિસ (સ્તનમાં સોજો), કેટોસિસ અથવા દૂધનો તાવ જેવી પરિસ્થિતિઓ ઉત્પાદનને અસર કરી શકે છે.

**ભલામણ:**
બચ્ચાંને જન્મ આપ્યા પછી 7 લિટર દૂધ પ્રમાણમાં ઓછું હોવાથી, હું ભલામણ કરું છું કે કોઈપણ ચેપ અથવા ચયાપચયની વિકૃતિઓને નકારી કાઢવા માટે પશુચિકિત્સકની સલાહ લો.

એવું લાગે છે કે તમારા પશુને તબીબી સારવારની જરૂર પડી શકે છે. શું તમે હેલ્થ કૉલ બુક કરવા માંગો છો?","જો ગાયના બચ્ચાને જન્મ આપ્યાના 10 દિવસની અંદર દૂધનું ઉત્પાદન ઘટી જાય, ખાસ કરીને બચ્ચાએ સારી રીતે દૂધ પીધા પછી, તો તે કેટલીક સંભવિત સમસ્યાઓ સૂચવી શકે છે:

1. **પોષણ:** ખાતરી કરો કે ગાયને પૂરતું ઉચ્ચ-ઊર્જાવાળું, ઉચ્ચ-પ્રોટીનવાળું ખોરાક તેમજ સારી ગુણવત્તાવાળું લીલું ચારો અને સ્વચ્છ પાણી મળી રહ્યું છે. શરૂઆતના સમયમાં દૂધ આપતી ગાયને દૂધ ઉત્પાદનને ટેકો આપવા માટે વધુ પોષક તત્વોની જરૂર પડે છે.
2. **આરોગ્ય તપાસ:** બચ્ચાને જન્મ આપ્યા પછી થતી ગૂંચવણો જેમ કે ગર્ભાશયનું વિલંબિત બહાર નીકળવું, મેટ્રિટિસ (ગર્ભાશયનું ચેપ), માસ્ટિટિસ (સ્તનનો ચેપ) અથવા તાવ માટે તપાસ કરો. અસામાન્ય સ્ત્રાવ, સોજો, ભૂખમાં ઘટાડો અથવા સુસ્તી જેવા ચિહ્નો જુઓ.
3. **દૂધ દોહવાની પ્રક્રિયા:** ખાતરી કરો કે ગાયને નિયમિત અને સંપૂર્ણ રીતે દૂધ દોહવામાં આવે છે, કારણ કે અધૂરું દૂધ દોહવાથી ઉત્પાદન ઘટી શકે છે.
4. **બચ્ચાની સંભાળ:** બચ્ચાને દૂધ પીવા દેવાથી દૂધનું ઉત્પાદન વધે છે, પરંતુ સ્તનમાં સમસ્યાઓ ટાળવા માટે વધારાનું દૂધ યોગ્ય રીતે દોહી લેવું પણ જરૂરી છે.
5. **તણાવ:** ગાયના આસપાસનું વાતાવરણ શાંત અને આરામદાયક રાખો, જેથી તણાવ ટાળી શકાય, જેનાથી દૂધનું ઉત્પાદન ઘટી શકે છે.

જો તમને તાવ, સ્તનમાં સોજો, અસામાન્ય સ્ત્રાવ અથવા ગાયને નબળી લાગે તેવા ચિહ્નો દેખાય, તો તાત્કાલિક પશુચિકિત્સકનો સંપર્ક કરો અને તપાસ અને સારવાર કરાવો.

શું તમે તમારી ગાયની તપાસ માટે પશુચિકિત્સકની મુલાકાત ગોઠવવા માંગો છો?",grammar_fluency_compare,,"Response B reads a little more naturally and is better structured, while Response A has a few awkward phrases and promotional wording that feels less fluent.",3,"Mostly grammatical and understandable Gujarati, but it feels somewhat technical and less natural in places.",3,"Grammar is generally correct and fluent, though the wording is a bit formal/technical and not fully natural throughout.",response_b,"Response B reads a little more naturally and is better structured, while Response A has a few awkward phrases and promotional wording that feels less fluent.",3.0747,1315,116,1431,0.00150825
111,8,3.at_parity,chat,3.at_parity,સકરીયા (સ્વીટ પોટેટો) ના વેલાનું સાયલેજ બનાવી શકાય?,"આપેલ દસ્તાવેજોમાં શક્કરિયાના છોડમાંથી સિલેજ બનાવવા વિશે સ્પષ્ટ ઉલ્લેખ નથી, પરંતુ તેમાં નીચેની સંબંધિત માહિતી આપવામાં આવી છે:

*   **પોષક મૂલ્ય:** શક્કરિયાના છોડ પશુઓ માટે ખૂબ જ સ્વાદિષ્ટ અને પૌષ્ટિક લીલો ચારો છે, જેનું પોષક મૂલ્ય લુસર્ન (alfalfa) જેટલું જ હોય છે. તે પ્રોટીન અને વિટામિન્સનો સારો સ્ત્રોત છે, અને આહારમાં તેનું પ્રમાણ વધારવાથી દૂધનું ઉત્પાદન વધે છે.
*   **સામાન્ય સિલેજ સિદ્ધાંતો:** ઉચ્ચ ગુણવત્તાવાળા સિલેજ માટે એવા ચારાની જરૂર પડે છે જેમાં યોગ્ય આથો લાવવા માટે કાર્બોહાઇડ્રેટનું પ્રમાણ વધુ હોય. એકલા કઠોળવાળા ચારામાંથી ઉચ્ચ ગુણવત્તાવાળા સિલેજનું ઉત્પાદન થતું નથી, કારણ કે તેમાં પૂરતા પ્રમાણમાં કાર્બોહાઇડ્રેટ હોતા નથી. આ સમસ્યાને દૂર કરવા માટે, કઠોળવાળા ચારાને સામાન્ય રીતે અનાજવાળા લીલા ચારા (જેમ કે મકાઈ અથવા જુવાર) સાથે મિશ્રિત કરવામાં આવે છે, જેથી સિલેજની તૈયારી સફળતાપૂર્વક થઈ શકે.

**ભલામણ:**
શક્કરિયાના છોડ એ ઉચ્ચ પ્રોટીનવાળો લીલો ચારો હોવાથી, તેનો ઉપયોગ સિલેજમાં થઈ શકે છે, પરંતુ શ્રેષ્ઠ પરિણામો માટે, તેને ઉચ્ચ કાર્બોહાઇડ્રેટવાળા પાક (જેમ કે મકાઈ અથવા જુવાર) સાથે મિશ્રિત કરવાની ભલામણ કરવામાં આવે છે, જેથી યોગ્ય આથો આવે. શક્કરિયાના છોડ માટે ચોક્કસ મિશ્રણ ગુણોત્તર અને પ્રક્રિયા વિશે તમારા સ્થાનિક પશુચિકિત્સક અથવા પશુપાલન અધિકારીની સલાહ લો.","હા, શક્રીયા (શક્કરિયા)ના વેલામાંથી સિલેજ બનાવી શકાય છે. શક્કરિયાના વેલા પશુઓ માટે ખૂબ જ સ્વાદિષ્ટ અને પૌષ્ટિક લીલો ચારો છે, જેમાં પ્રોટીન અને ફાઇબરનું પ્રમાણ લસણ (alfalfa) જેટલું જ હોય છે. આ વેલા આહારમાં ઉમેરવાથી દૂધ ઉત્પાદન અને પશુઓના એકંદર સ્વાસ્થ્યને ટેકો મળે છે.

જો કે, સારી ગુણવત્તાવાળું સિલેજ બનાવવા માટે, શક્કરિયાના વેલાને ઘાસ અથવા અનાજ આધારિત ચારો (જેમ કે મકાઈ, જુવાર અથવા ઓટ્સ) સાથે મિશ્રિત કરવું શ્રેષ્ઠ છે, કારણ કે કઠોળ અથવા બિન-અનાજ આધારિત લીલા ચારોમાં યોગ્ય સિલેજ આથો લાવવા માટે જરૂરી ઊંચી માત્રામાં આથો લાવી શકાય તેવા કાર્બોહાઇડ્રેટ્સ હોતા નથી. મિશ્રણ કરવાથી યોગ્ય રીતે જાળવણી થાય છે અને બગાડ અટકાવી શકાય છે.

સારાંશમાં: શક્કરિયાના વેલામાંથી સિલેજ બનાવી શકાય છે, પરંતુ જો તમે તેને અન્ય લીલા ચારો સાથે મિશ્રિત કરો, જેમાં કાર્બોહાઇડ્રેટ્સની માત્રા વધુ હોય - જેમ કે મકાઈ અથવા જુવાર - તો તમને વધુ સારા પરિણામો મળશે, જેનાથી સફળ આથો પ્રક્રિયા થશે અને સિલેજની ગુણવત્તા પણ સારી રહેશે. શ્રેષ્ઠ પરિણામો માટે હંમેશા યોગ્ય ભેજનું સ્તર જાળવો અને સારી સિલેજ બનાવવાની પદ્ધતિઓનું પાલન કરો. વિગતવાર પ્રમાણ અને તમારી પરિસ્થિતિને અનુરૂપ તકનીકો માટે હંમેશા સ્થાનિક પશુ પોષણ નિષ્ણાત અથવા પશુધન અધિકારીની સલાહ લો.

સંદર્ભ: પ્રમાણભૂત ડેરી ચારાની પદ્ધતિ, શક્કરિયાના વેલાનું પોષણ મૂલ્ય (ઉપર દર્શાવેલ સંદર્ભ જુઓ).",grammar_fluency_compare,,"Response A is more grammatically consistent and reads more naturally overall, even though it is still somewhat technical.",3,"Mostly grammatical and understandable, but it sounds somewhat formal/technical and a bit translated in places.",2,"Generally understandable, but there are several unnatural phrases and awkward constructions that feel translated.",response_a,"Response A is more grammatically consistent and reads more naturally overall, even though it is still somewhat technical.",2.0636,1176,87,1263,0.0012735
112,9,3.at_parity,chat,3.at_parity,૧ વિઘા માટે બધા સીઝનમાં થતું લીલું ઘાસ/ચારો કયું?,"તમારી જમીનમાં આખું વર્ષ લીલું ચારો મળી રહે તે માટે, તમારે **સતત ઉગતી ઘાસની જાતો** વાવવી જોઈએ, કારણ કે તે દરેક ઋતુમાં ઉગે છે અને ચારાનો સતત પુરવઠો પૂરો પાડે છે.

**ભલામણ કરેલ સતત ઉગતી ચારાની જાતો:**
*   **ઉત્પાદનક્ષમ ઘાસ:** નેપિયર ઘાસ, NB-21, ગિની ઘાસ, પારા ઘાસ, ગજરાજ ઘાસ, Co-1 અને Co-2.
*   **લક્ષણો:** આ ""કાપીને ફરી ઉગાડી શકાય તેવી"" પાક છે, જે લણણી પછી ઝડપથી ફરી ઉગે છે. ઉદાહરણ તરીકે, કેટલીક સતત ઉગતી ઘાસની જાતો વર્ષમાં 7-8 વાર લણણી માટે તૈયાર થઈ શકે છે.

**ઝડપી વ્યવસ્થાપન ટિપ્સ:**
*   **લણણી:** સામાન્ય રીતે, વાવણીના 60 દિવસ પછી પ્રથમ લણણી કરવામાં આવે છે, ત્યારબાદ દર 30 થી 50 દિવસે લણણી કરવી જોઈએ. છોડની તંદુરસ્ત વૃદ્ધિ સુનિશ્ચિત કરવા માટે હંમેશા જમીનથી 10-20 સેમી ઉપરથી કાપો.
*   **સિંચાઈ:** આ ઘાસ દરેક ઋતુમાં ઉગે છે, પરંતુ શિયાળામાં દર 2-3 અઠવાડિયે અને ઉનાળામાં જરૂરિયાત મુજબ સિંચાઈ કરવાથી ઉત્પાદનમાં નોંધપાત્ર વધારો થશે.
*   **પોષક તત્વોમાં વધારો:** તમારા ચારામાં પ્રોટીનની માત્રા વધારવા માટે, તમે **ચોળા, મગ અથવા સોયાબીન** જેવા કઠોળવાળા પાકને ઘાસ સાથે આંતરપાક તરીકે વાવી શકો છો.

1 બીઘા માટે, આ સતત ઉગતી ઘાસ અને કઠોળવાળા પાકોનું મિશ્રણ વાવવાથી તમારા પશુઓને આખું વર્ષ પૌષ્ટિક અને રસદાર લીલો ચારો મળી રહેશે. હું ભલામણ કરું છું કે તમારી જમીનના પ્રકાર માટે કઈ જાત શ્રેષ્ઠ છે તે જાણવા માટે તમારા સ્થાનિક પશુપાલન અધિકારીની સલાહ લો.","એક વીઘા જમીનમાંથી આખું વર્ષ લીલું ચારો મેળવવા માટે, તમે નેપિયર ઘાસની બહુવિધ પાકવાળી જાતો (જેમ કે CO-3 અથવા CO-4), ગિની ઘાસ અથવા હાઇબ્રિડ બાજરા-નેપિયરનો વિચાર કરી શકો છો. આ ઘાસો અનેક પાક આપે છે અને યોગ્ય રીતે સિંચાઈ કરવામાં આવે તો વિવિધ ઋતુઓમાં ટકી શકે છે. તે વાવ્યા પછી લગભગ 60-75 દિવસમાં ઉત્પાદન આપવાનું શરૂ કરે છે અને વૃદ્ધિના આધારે દર 30-45 દિવસે કાપી શકાય છે.

- દરેક ઋતુમાં શ્રેષ્ઠ ઉત્પાદન માટે નિયમિત સિંચાઈની ખાતરી કરો.
- દરેક કાપણી પછી ઓર્ગેનિક ખાતર અથવા ભલામણ કરેલ એનપીકે ખાતર લગાવો.
- નીંદણને નિયંત્રિત કરો અને શ્રેષ્ઠ ગુણવત્તા માટે 1 મીટરની ઊંચાઈએ કાપણી કરો.

કોઈ એક ઘાસ દરેક આત્યંતિક પરિસ્થિતિમાં (બરફ અથવા ગંભીર દુષ્કાળ) સંપૂર્ણ રીતે ઉત્પાદનક્ષમ નહીં હોય, પરંતુ યોગ્ય કાળજી સાથે, આ બહુવિધ પાકવાળી હાઇબ્રિડ ઘાસો મોટાભાગના વર્ષ દરમિયાન સારું લીલું ચારો આપે છે. ચોક્કસ વાવણી અને વ્યવસ્થાપન માટે, તમારા સ્થાનિક કૃષિ વિસ્તરણ અથવા ચારા નિષ્ણાતની સલાહ લો.",grammar_fluency_compare,,"Both responses are similarly fluent and grammatically acceptable, with no clear advantage in grammar quality.",3,"Grammar is mostly correct and understandable, but the wording is somewhat technical and reads a bit unnatural in places.",3,"The grammar is generally correct, but the phrasing is somewhat stiff and technical rather than fully natural and friendly.",both,"Both responses are similarly fluent and grammatically acceptable, with no clear advantage in grammar quality.",2.2231,1116,109,1225,0.0013275
113,10,3.at_parity,chat,3.at_parity,ગાય અને ભેંસને દરરોજ કેટલો ખોરાક/ઘાસ (લીલો-સુકો ચારો અને દાણો) આપવો જોઈએ?,"સંતુલિત આહાર માટે, ગાયો અને ભેંસોને ઘન ખોરાક, લીલો ચારો અને સૂકો ચારોનું મિશ્રણ આપવું જરૂરી છે. આ મિશ્રણની માત્રા પ્રાણીની જરૂરિયાત (જાળવણી અથવા દૂધ ઉત્પાદન) અનુસાર બદલાય છે.

### **૧. દૂધ આપતા પ્રાણીઓ માટે દૈનિક આહાર**
**ઘન ખોરાક (દાણા):**
*   **જાળવણી માટે:** પ્રાણીની મૂળભૂત જરૂરિયાતો માટે દરરોજ **૧ થી ૧.૫ કિલો** સંતુલિત ઘન ખોરાક આપો.
*   **દૂધ ઉત્પાદન માટે:**
    *   **ગાયો:** દર **૧ કિલો દૂધ** ઉત્પાદન માટે **૪૦૦ ગ્રામથી ૫૦૦ ગ્રામ** ઘન ખોરાક ઉમેરો.
    *   **ભેંસો:** દર **૧ કિલો દૂધ** ઉત્પાદન માટે **૫૦૦ ગ્રામથી ૬૦૦ ગ્રામ** ઘન ખોરાક ઉમેરો.

**ચારો:**
*   **લીલો ચારો:** ઓછામાં ઓછો **૧૫ થી ૨૦ કિલો** દરરોજ આપો. પ્રોટીનયુક્ત (કઠોળ) અને ઊર્જાયુક્ત (ધાન્ય) ચારોને **૩:૧ ના ગુણોત્તરમાં** ભેળવીને આપવાની ભલામણ કરવામાં આવે છે.
*   **સૂકો ચારો:** **૬ થી ૯ કિલો** (અથવા પ્રાણી જેટલો ખાઈ શકે તેટલો) સૂકો ચારો, જેમ કે ઘાસ અથવા દાણ, આપો.

### **૨. સૂકા પ્રાણીઓ માટે દૈનિક આહાર**
*   **ઘન ખોરાક:** આશરે **૧ થી ૨ કિલો** સંતુલિત આહાર.
*   **લીલો ચારો:** આશરે **૩ થી ૪૦ કિલો** (સ્ત્રોત/ગુણવત્તા પર આધાર રાખીને).
*   **સૂકો ચારો:** આશરે **૫ થી ૧૦ કિલો**.

### **૩. જરૂરી પૂરક આહાર**
સ્વાસ્થ્ય અને ઉત્પાદકતા જાળવવા માટે, નીચેના પૂરક આહાર દરરોજ આપો:
*   **ખનિજ મિશ્રણ:** **૩૦ થી ૫૦ ગ્રામ** (અથવા ૧૦ ગ્રામ પ્રતિ લિટર દૂધ).
*   **સામાન્ય મીઠું:** **૨૫ થી ૪૦ ગ્રામ**.

**ઝડપી ટિપ્સ:**
*   **પ્રથમ વાર દૂધ આપતા પ્રાણીઓ:** તેમના વિકાસને ટેકો આપવા માટે વધારાના **૨૦૦ થી ૫૦૦ ગ્રામ** ઘન ખોરાક આપો.
*   **વધુ દૂધ આપતા પ્રાણીઓ:** જે પ્રાણીઓ ૧૨-૧૫ લિટરથી વધુ દૂધ આપે છે, તેમના દૂધનું ઉત્પાદન અને ચરબીની ટકાવારી વધારવા માટે **બાયપાસ પ્રોટીન** (૧-૨ કિલો) અને **બાયપાસ ફેટ** (૧૦ ગ્રામ પ્રતિ કિલો દૂધ) આપવાનું વિચારો.","ગાયો અને ભેંસો માટે દૈનિક ખોરાકની જરૂરિયાત તેઓ દૂધ આપે છે કે નહીં, તેમનું શરીરનું વજન અને દૂધનું ઉત્પાદન પર આધાર રાખે છે. અહીં પ્રમાણભૂત ભલામણો પર આધારિત વ્યવહારુ માર્ગદર્શિકા આપવામાં આવી છે:

**દૂધ આપતી ગાયો માટે (12–15 કિગ્રા દૂધ/દિવસ, ~500 કિગ્રા શરીરનું વજન):**
- લીલો ચારો: 15–25 કિગ્રા/દિવસ
- સૂકો ચારો (ઘાસ/ભૂસા): 6–8 કિગ્રા/દિવસ
- ઘન ચારો (ધાન્ય/દાણા): જાળવણી માટે 1 કિગ્રા + ઉત્પાદિત દૂધના દરેક કિગ્રા માટે 400 ગ્રામ વધારાનો
  - ઉદાહરણ તરીકે, 10 લિટર દૂધ માટે: 1 કિગ્રા + (0.4 × 10) = 5 કિગ્રા ઘન ચારો

**દૂધ આપતી ભેંસો માટે (10–12 કિગ્રા દૂધ/દિવસ, ~400–500 કિગ્રા):**
- લીલો ચારો: 15–25 કિગ્રા/દિવસ (3:1 ના ગુણોત્તરમાં અનાજ અને કઠોળનું મિશ્રણ)
- સૂકો ચારો: 7–8 કિગ્રા/દિવસ
- ઘન ચારો: જાળવણી માટે 1 કિગ્રા + ઉત્પાદિત દૂધના દરેક કિગ્રા માટે 500 ગ્રામ
  - ઉદાહરણ તરીકે, 8 લિટર દૂધ માટે: 1 કિગ્રા + (0.5 × 8) = 5 કિગ્રા ઘન ચારો

**સૂકી (દૂધ ન આપતી) ગાયો/ભેંસો માટે:**
- લીલો ચારો: 15–20 કિગ્રા/દિવસ
- સૂકો ચારો: 7–8 કિગ્રા/દિવસ
- ઘન ચારો: 1–2 કિગ્રા/દિવસ

**અન્ય આવશ્યક તત્વો:**
- ખનિજ મિશ્રણ: દૂધના દરેક લિટર દીઠ 10 ગ્રામ
- મીઠું: 30–40 ગ્રામ/દિવસ

જો લીલો ચારો પૂરતો ન હોય, તો દરેક 5 કિગ્રાની અછત માટે 1 કિગ્રા ઘન ચારો ઉમેરો. દરેક પ્રાણીના કદ, આરોગ્ય અને દૂધના ઉત્પાદન અનુસાર જથ્થાને સમાયોજિત કરો. જો તમારા પ્રાણીઓને વિશેષ જરૂરિયાતો હોય, તો વ્યક્તિગત સલાહ માટે તમારા સ્થાનિક પશુચિકિત્સકની સલાહ લો.

સ્રોત: અમૂલ પશુ પોષણ માર્ગદર્શિકા, ડેરી માર્ગદર્શિકા અને શ્રેષ્ઠ પ્રથાઓ.",grammar_fluency_compare,,"Response B sounds more natural and fluent in Gujarati, while Response A is correct but more technical and less native-like.",3,"Mostly grammatically correct Gujarati, but it reads a bit technical and formulaic rather than fully natural and friendly.",4,"Grammatically smooth and natural Gujarati overall, with clear structure and a friendly, farmer-friendly tone.",response_b,"Response B sounds more natural and fluent in Gujarati, while Response A is correct but more technical and less native-like.",3.1159,1686,114,1800,0.0017775
114,12,3.at_parity,chat,3.at_parity,હાલમાં બનાસ ડેરી પ્રતિ કિલો ફેટ ભાવ કેટલો આપે છે?,આપેલ દસ્તાવેજોના આધારે હું કહી શકતો નથી.,"તમે બનાસ ડેરીનો ઉલ્લેખ કર્યો. શું તમે ખાસ કરીને બનાસ ડેરી દ્વારા ચરબીના પ્રતિ કિલો ચૂકવવામાં આવતી વર્તમાન કિંમત વિશે પૂછી રહ્યા છો? કૃપા કરીને ખાતરી કરો કે તમે બનાસ ડેરી અથવા અન્ય કોઈ સહકારી સંસ્થા માટે દર જાણવા માંગો છો, જેથી હું તમને સૌથી સચોટ માહિતી આપી શકું.",grammar_fluency_compare,,"Response A is more natural and fluent, while Response B is grammatically fine but slightly less natural and more technical.",4,"Grammatically correct, natural Gujarati, and concise.",3,"Mostly correct Gujarati, but it sounds a bit formal and less natural in places.",response_a,"Response A is more natural and fluent, while Response B is grammatically fine but slightly less natural and more technical.",1.4564,396,99,495,0.0007425
115,14,3.at_parity,chat,3.at_parity,હું લીલા ઘાસમાં રજકો તથા બાજરી ખવડાવવું છું તો તેનાથી ગાભણ પશુ પર કોઈ અસર થાય?,"સામાન્ય રીતે, ગરદુ ઘાસ, કોન્સન્ટ્રેટ મિશ્રણ (રાજકો), અને બાજરી આપવાથી ગર્ભવતી પ્રાણીને સારો અને પૌષ્ટિક આહાર મળી રહે છે. પ્રમાણભૂત પ્રથાઓના આધારે:

*   **પોષક મૂલ્ય:** ગર્ભવતી પ્રાણીઓને પૌષ્ટિક આહારનું મિશ્રણ આપવું, જેમાં કોન્સન્ટ્રેટ (જેમ કે અમૂલ દાણા) અને સૂકા અને લીલા ચારાનું સંયોજન હોય, તે માતા અને બચ્ચા બંનેના સ્વાસ્થ્યને સુનિશ્ચિત કરવા માટે ભલામણ કરવામાં આવે છે.
*   **સંતુલિત આહાર:** ગર્ભવતી પ્રાણીઓના આહારમાં **ખનિજ મિશ્રણ પાવડર** ઉમેરવાની પણ સલાહ આપવામાં આવે છે, જેથી તેમની પોષક જરૂરિયાતો પૂરી થઈ શકે.
*   **લીલા ચારા અંગે સાવચેતી:** તાજું લીલું ચારો આપતી વખતે, પેટ ફૂલવાની (આફરો) શક્યતા ટાળવા માટે ધીમે ધીમે આપો. પ્રાણીને પૂરતું પાણી મળી રહે તેની ખાતરી કરો.
*   **નુકસાનકારક છોડ ટાળો:** ગર્ભવતી પશુઓને **સુબાબુલ** આપવાનું ટાળો, કારણ કે તેમાં મિમોસિન હોય છે, જે ગર્ભપાતનું જોખમ વધારી શકે છે.

દરેક પ્રાણીની જરૂરિયાતો ગર્ભાવસ્થાના તબક્કાના આધારે બદલાતી હોવાથી, ચોક્કસ આહાર યોજના માટે હંમેશા તમારા સ્થાનિક પશુચિકિત્સક અથવા પશુપાલન અધિકારીની સલાહ લેવી શ્રેષ્ઠ છે.","ગર્ભવતી પશુઓને બાજરા સાથે લીલો ઘાસ આપવું સામાન્ય રીતે સારું છે, કારણ કે તે ઊર્જા અને જરૂરી પોષક તત્વો પૂરા પાડે છે. જો કે, આહારને સંતુલિત રાખવો મહત્વપૂર્ણ છે:

- લીલો ઘાસ ફાઇબર અને ભેજ પૂરો પાડે છે, પરંતુ જો તે એકલો આપવામાં આવે તો તેમાં ઊર્જા ઓછી હોઈ શકે છે.
- બાજરો એ ઊર્જાનો સારો સ્ત્રોત છે, પરંતુ તે વધુ માત્રામાં ન આપવો જોઈએ, કારણ કે તેનાથી પાચનની સમસ્યા થઈ શકે છે.

ગર્ભવતી ગાયો અથવા ભેંસો માટે:

- એક જ સમયે વધુ બાજરો ન આપો; ગાયો માટે તે 2 કિલો/દિવસથી ઓછો અને ભેંસો માટે 2.5-3 કિલો/દિવસ હોવો જોઈએ, જે તેમના શરીરના કદ પર આધાર રાખે છે.
- હંમેશાં સ્વચ્છ પાણી અને મિનરલ મિશ્રણ આપો.
- આહારમાં અચાનક ફેરફાર કરવાનું ટાળો અને પાચનની સમસ્યા અથવા પેટ ફૂલવાના ચિહ્નો માટે ધ્યાન રાખો.

લીલા ઘાસ, મધ્યમ માત્રામાં બાજરો અને થોડું સૂકું ઘાસનું સંતુલિત મિશ્રણ તંદુરસ્ત ગર્ભાવસ્થાને ટેકો આપે છે. તમારા પશુઓ માટે યોગ્ય આહાર યોજના માટે તમારા સ્થાનિક પશુચિકિત્સક અથવા પશુધન અધિકારીની સલાહ લો.",grammar_fluency_compare,,"Response B is smoother and more grammatically consistent overall, while Response A has more awkward phrasing and unnatural wording.",2,"Mostly understandable, but several phrases are unnatural or translated awkwardly, and some terms are inconsistent.",3,"Grammar is generally correct and readable, though it sounds somewhat technical and not fully natural in places.",response_b,"Response B is smoother and more grammatically consistent overall, while Response A has more awkward phrasing and unnatural wording.",1.5132,1035,110,1145,0.00127125
116,16,3.at_parity,chat,3.at_parity,કઠોળ અને ધાન્ય વર્ગ નો ચારો એટલે શું?,"લીલા ઘાસચારને સામાન્ય રીતે બે મુખ્ય વર્ગોમાં વર્ગીકૃત કરવામાં આવે છે: **ધાન્ય ઘાસચાર** અને **કઠોળ ઘાસચાર**. આ બંને વચ્ચેનો તફાવત નીચે મુજબ છે:

### ૧. ધાન્ય ઘાસચાર (ઊર્જાથી ભરપૂર)
ધાન્ય ઘાસચાર મુખ્યત્વે ઊર્જાનો સ્ત્રોત છે, કારણ કે તેમાં કાર્બોહાઇડ્રેટ્સનું પ્રમાણ વધુ હોય છે.
*   **ઉદાહરણો:** જુવાર, મકાઈ, બાજરી, ઓટ્સ, ગિની ઘાસ, નેપિયર ઘાસ અને પારા ઘાસ.
*   **મુખ્ય વિશેષતા:** તે વધુ ઊર્જા અને વધુ પ્રમાણમાં પાચન કરી શકાય તેવા પોષક તત્વો પૂરા પાડે છે.

### ૨. કઠોળ ઘાસચાર (પ્રોટીનથી ભરપૂર)
કઠોળ ઘાસચાર આવશ્યક પોષક તત્વોથી ભરપૂર હોય છે, ખાસ કરીને પ્રોટીન અને કેલ્શિયમથી.
*   **ઉદાહરણો:** લુસર્ન (રાજકા), બરસીમ, કૉવપી (ચોળી), વટાણા, ચણા અને ગુવાર.
*   **મુખ્ય વિશેષતા:** તે પ્રોટીનથી ભરપૂર હોવાથી, તે વિકાસ પામતા, ગર્ભવતી અને નબળા પ્રાણીઓ માટે ખૂબ જ જરૂરી છે. તેમાં સામાન્ય રીતે પાચનક્ષમતા પણ સારી હોય છે.

### મહત્વપૂર્ણ આહાર ટિપ:
એક જ પ્રકારનો ઘાસચાર આપવાની ભલામણ કરવામાં આવતી નથી. માત્ર કઠોળ ઘાસચાર આપવાથી પ્રાણીઓમાં પેટ ફૂલવાની સમસ્યા થઈ શકે છે. સંતુલિત આહાર સુનિશ્ચિત કરવા માટે, તેને મિશ્ર કરીને આપવાની સલાહ આપવામાં આવે છે - આદર્શ રીતે **૬૦:૪૦ ના ગુણોત્તરમાં** (૬ કિલો ધાન્ય ઘાસચાર અને ૪ કિલો કઠોળ ઘાસચાર).","કઠોળ વર્ગના ચારામાં લ્યુસર્ન (અલ્ફાલ્ફા), કૉવપી, બર્સીમ (ઇજિપ્તીયન ક્લોવર) અને સ્ટાયલો જેવા છોડનો સમાવેશ થાય છે. આમાં પ્રોટીનનું પ્રમાણ વધુ હોય છે અને તે પ્રાણીઓના પોષણ માટે ખૂબ જ ઉત્તમ છે.

અનાજ (અથવા ઘાસ) વર્ગના ચારામાં મકાઈ, જુવાર, બાજરી, ઓટ્સ અને જવનો સમાવેશ થાય છે. આ ચારાથી સારી માત્રામાં ઊર્જા મળે છે, પરંતુ સામાન્ય રીતે કઠોળની સરખામણીમાં તેમાં પ્રોટીનનું પ્રમાણ ઓછું હોય છે.

તમારાં પ્રાણીઓના આહારમાં આ બંને પ્રકારના ચારાનો એકસાથે ઉપયોગ કરવાથી પ્રોટીન અને ઊર્જાનું સંતુલન જળવાઈ રહે છે, જેનાથી તેમની વૃદ્ધિ અને દૂધ ઉત્પાદન વધુ સારું થાય છે. શ્રેષ્ઠ પરિણામો માટે, સંતુલિત આહાર યોજના માટે તમારા સ્થાનિક પશુ પોષણ નિષ્ણાત અથવા વિસ્તરણ અધિકારીની સલાહ લો.",grammar_fluency_compare,,"Response B sounds more natural and fluent in Gujarati, while Response A is more formal and slightly less natural in style.",3,"Grammar is mostly correct and understandable, but the wording is somewhat technical and reads like an explanatory article rather than a natural, friendly reply.",4,"The Gujarati is smooth, grammatical, and natural overall, with a clear and friendly explanation that is easy to understand.",response_b,"Response B sounds more natural and fluent in Gujarati, while Response A is more formal and slightly less natural in style.",2.8759,983,122,1105,0.00128625
117,19,3.at_parity,chat,3.at_parity,યુરિયા પ્રક્રિયા કરેલ ચારો ખવડાવવાની ભલામણ શું છે?,"યુરિયાથી સારવાર કરેલું ચારો ખવડાવવા માટે, કૃપા કરીને તમારા પશુઓની સલામતી અને આરોગ્ય સુનિશ્ચિત કરવા માટે આ કડક ભલામણોનું પાલન કરો:

### **ચારો ખવડાવવા માટેની માર્ગદર્શિકા**
*   **પ્રતીક્ષા સમયગાળો:** સારવાર પ્રક્રિયા પૂર્ણ થયા પછી જ ચારો ખવડાવો (ઓછામાં ઓછો **21 દિવસ**).
*   **ચારો ખવડાવતા પહેલાની તૈયારી:** પ્લાસ્ટિકના આવરણમાંથી ચારો કાઢીને, તેને ખુલ્લી, સારી રીતે વેન્ટિલેટેડ જગ્યાએ **1 થી 2 કલાક** માટે મૂકો, જેથી એમોનિયા ગેસ દૂર થઈ જાય. ચારો ખવડાવતા પહેલા હંમેશા તેને સારી રીતે હલાવો.
*   **ધીમે ધીમે ચારો આપો:** શરૂઆતમાં યુરિયાથી સારવાર કરેલો ચારો એકલો ન ખવડાવો. થોડી માત્રા (દા.ત., 1 કિલો સારવાર કરેલો ચારો અને 5 કિલો સાદો સૂકો ચારો) મિક્સ કરીને આપો, જેથી પુખ્ત પ્રાણીઓને આ ચારો ખાવાની આદત પડે. 4-5 દિવસમાં ધીમે ધીમે ચારની માત્રા વધારો.
*   **દૈનિક મર્યાદા:** કોઈપણ પ્રાણીને દરરોજ **6 કિલો**થી વધુ યુરિયાથી સારવાર કરેલો ચારો ન ખવડાવો.
*   **સંયુક્ત ચારો:** સારવાર કરેલા સૂકા ચારા સાથે દરરોજ **5 કિલો સુધીનો લીલો ચારો** આપવાની સલાહ આપવામાં આવે છે.

### **મહત્વપૂર્ણ નિયંત્રણો**
*   **ઉંમર મર્યાદા:** **છ મહિનાથી ઓછી ઉંમરના** બચ્ચાં અથવા યુવાન પ્રાણીઓને યુરિયાથી સારવાર કરેલો ચારો **ન ખવડાવો**.
*   **ગુણવત્તા તપાસ:** જો સારવાર કરેલો ચારો **કાળો** થઈ જાય, તો તે બગડી ગયો છે અને તે ખાવા માટે યોગ્ય નથી.

### **લાભો અને બચત**
*   **પોષણ:** આ પ્રક્રિયાથી પ્રોટીનની માત્રા અને પાચનક્ષમતા વધે છે, જેનાથી ઓછી ગુણવત્તાવાળો ચારો વધુ પૌષ્ટિક બને છે.
*   **ખર્ચમાં બચત:** 6 કિલો યુરિયાથી સારવાર કરેલો ચારો ખવડાવવાથી લગભગ **1 કિલો પ્રતિ દિવસ** જેટલો ઘાસચારો (દાન) આપવાની જરૂરિયાત ઘટે છે, જેનાથી નોંધપાત્ર આર્થિક બચત થાય છે (લગભગ ₹5-7 પ્રતિ પ્રાણી પ્રતિ દિવસ).

શ્રેષ્ઠ પરિણામો માટે, આ પ્રક્રિયા પશુચિકિત્સક અથવા પશુ પોષણ નિષ્ણાતની દેખરેખ હેઠળ કરવી જોઈએ.","યુરિયાથી સારવાર કરેલો ચારો તમારા પશુઓને ખવડાવવા માટે અહીં મુખ્ય ભલામણો આપવામાં આવી છે:

- સારવાર કર્યાના 21 દિવસ પછી જ તેનો ઉપયોગ કરો.
- યુરિયાથી સારવાર કરેલો ચારો છ મહિનાથી નાની ઉંમરના બચ્ચાં અથવા અન્ય નાના પશુઓને ખવડાવશો નહીં.
- ચારો સંગ્રહ સ્થાનથી બહાર કાઢ્યા પછી, તેને 1-2 કલાક માટે સારી હવાની અવરજવરવાળી જગ્યાએ ખુલ્લો રાખો, જેથી એમોનિયા ગેસ નીકળી જાય.
- હંમેશા યુરિયાથી સારવાર કરેલા ચારાને સામાન્ય ચારા સાથે મિક્સ કરીને ખવડાવો, અને ધીમે ધીમે તેનું પ્રમાણ વધારતા જાઓ, જેથી પશુઓને તેની આદત પડે.
- કોઈપણ પશુને દરરોજ 6 કિલોથી વધુ યુરિયાથી સારવાર કરેલો ચારો ખવડાવશો નહીં.
- યુરિયાથી સારવાર કરેલો ચારો ખવડાવવાથી ઘન ખોરાકની (કઠોળ/ધાન્ય) જરૂરિયાત 1-1.5 કિલો પ્રતિ દિવસ ઘટાડી શકાય છે, જેનાથી ખર્ચમાં બચત થાય છે.
- હંમેશા મધ્યમ માત્રામાં ખવડાવો અને વધુ પડતું ખવડાવવાનું ટાળો.
- આ પ્રક્રિયા પશુધન પોષણ નિષ્ણાત અથવા પશુચિકિત્સકની સલાહ હેઠળ કરવી શ્રેષ્ઠ છે.

છ મહિનાથી નાની ઉંમરના બચ્ચાં અથવા ગર્ભવતી પશુઓને નિષ્ણાતની સલાહ વિના યુરિયાથી સારવાર કરેલો ચારો ખવડાવશો નહીં.

(સ્ત્રોત: બનાસ ડેરી, પાલનપુર; પશુધન પોષણ માર્ગદર્શિકા)",grammar_fluency_compare,,"Response B reads more naturally and smoothly in Gujarati, with fewer overly formal or awkward constructions.",3,"Grammatically correct overall, but it sounds somewhat formal and technical rather than naturally friendly.",4,"Clear, fluent Gujarati with natural sentence flow and a friendly, easy-to-understand tone.",response_b,"Response B reads more naturally and smoothly in Gujarati, with fewer overly formal or awkward constructions.",1.4407,1343,103,1446,0.00147075
118,23,3.at_parity,chat,3.at_parity,બજારમાં મળતા ખોળ માં કેમિકલની ભેળસેળ હોય શકે? જેને પલળવાથી બહુ જ ભૂલે છે?,"આપેલ દસ્તાવેજોના આધારે, હું એ નથી કહી શકતો કે રાસાયણિક ભેળસેળને કારણે તેલના પદાર્થો પાણીમાં પલાળવાથી ફીણ ઉત્પન્ન થાય છે કે નહીં.

જો કે, દસ્તાવેજોમાં ઉલ્લેખ છે કે **મકાઈના પદાર્થો** પાણીમાં પલાળવાથી કુદરતી રીતે ફૂલે છે, જેનાથી તેનું પ્રમાણ અને સ્વાદ વધે છે. જો તમને અસામાન્ય ફીણ દેખાય છે અથવા તમારા ચારામાં ભેળસેળ હોવાની શંકા છે, તો વ્યાવસાયિક ગુણવત્તા ચકાસણી માટે તમારા સ્થાનિક પશુચિકિત્સક અથવા પશુપાલન અધિકારીની સલાહ લેવી શ્રેષ્ઠ છે.","બજારમાં ઉપલબ્ધ વ્હે (whey)માં કેટલીકવાર રસાયણો અથવા ઉમેરણોનું મિશ્રણ હોઈ શકે છે, ખાસ કરીને જો તે યોગ્ય ગુણવત્તા નિયંત્રણ સાથે પ્રોસેસ અને પેક કરવામાં ન આવે તો. આવું ત્યારે થઈ શકે છે જ્યારે ઉત્પાદન દરમિયાન સફાઈ એજન્ટો, પ્રિઝર્વેટિવ્સ અથવા અન્ય પદાર્થોનો ઉપયોગ કરવામાં આવે અને તેને યોગ્ય રીતે દૂર કરવામાં ન આવે. આવા દૂષિત અથવા રાસાયણિક રીતે દૂષિત વ્હેને પ્રાણીઓને ખવડાવવાથી પાચનતંત્રમાં ખલેલ, ઝેરી અસર, ઉત્પાદનમાં ઘટાડો અથવા પશુઓમાં બીમારી પણ થઈ શકે છે.

સલામત રીતે ખવડાવવા માટે:

- હંમેશા પ્રતિષ્ઠિત અને ડેરી દ્વારા મંજૂર કરાયેલા સ્ત્રોતોમાંથી વ્હે ખરીદો.
- ઉત્પાદન લેબલિંગ અને ગુણવત્તા પ્રમાણપત્રો તપાસો.
- કોઈપણ એવી વ્હેનો ઉપયોગ કરવાનું ટાળો જેમાં અસામાન્ય ગંધ, સ્વાદ અથવા રંગ હોય.
- વ્હેને ધીમે ધીમે પ્રાણીઓના આહારમાં ઉમેરો અને કોઈપણ નકારાત્મક અસરો માટે તેનું અવલોકન કરો.
- જો કોઈ શંકા હોય, તો કોઈપણ આડપેદાશને ખવડાવતા પહેલા સ્થાનિક પશુચિકિત્સકની સલાહ લો.

જો તમને વ્હેમાં રાસાયણિક દૂષણ હોવાની શંકા હોય, તો તરત જ તેને ખવડાવવાનું બંધ કરો અને તમારા સ્થાનિક પશુચિકિત્સક અથવા ડેરી વિભાગને જાણ કરો. હંમેશા પ્રાણીઓના સ્વાસ્થ્યને પ્રાથમિકતા આપો અને ફક્ત વિશ્વસનીય આહાર સ્ત્રોતોનો ઉપયોગ કરો.",grammar_fluency_compare,,"Response B is more coherent and natural overall, even though it is still somewhat technical and not fully aligned with the farmer-friendly tone.",3,"Grammar is mostly correct and understandable, but the wording is somewhat unnatural and technical in places, with a mismatch between the question and the answer.",3,"The Gujarati is grammatically understandable, but it reads like a translated, technical explanation rather than natural, friendly speech.",response_b,"Response B is more coherent and natural overall, even though it is still somewhat technical and not fully aligned with the farmer-friendly tone.",2.1302,883,126,1009,0.00122925
119,25,3.at_parity,chat,3.at_parity,આઉનો સોજો/માસ્ટાઇટિસ (udder swelling) કેવી રીતે અટકાવવો?,"તમારાં પશુઓમાં સ્તન સોજો અને મેસ્ટાઇટિસને રોકવા માટે, આ આવશ્યક સ્વચ્છતા અને વ્યવસ્થાપન પ્રથાઓનું પાલન કરો:

### **૧. દૂધ દોરવાની સ્વચ્છતા**
*   **સારી રીતે ધોવો:** દૂધ દોરતા પહેલાં અને પછી સ્તનો અને આસપાસના ભાગને સ્વચ્છ પાણીથી ધોવો.
*   **એન્ટિસેપ્ટિકનો ઉપયોગ કરો:** હળવા પોટેશિયમ પરમેંગેનેટ દ્રાવણ (એક ડોલ પાણીમાં ૫ ક્રિસ્ટલ ઓગાળીને હળવું ગુલાબી રંગનું થાય ત્યાં સુધી) વડે સ્તનો અને દૂધ દોરનારના હાથને સાફ કરો.
*   **યોગ્ય તકનીક:** **સંપૂર્ણ હાથથી દૂધ દોરવાની પદ્ધતિ**નો ઉપયોગ કરો (અંગૂઠો બહાર રાખો) અને ૫ થી ૭ મિનિટમાં સંપૂર્ણ દૂધ દોરો.
*   **પ્રથમ દૂધ કાઢી નાખો:** દરેક સ્તનમાંથી નીકળતું પ્રથમ દૂધ અલગ કન્ટેનરમાં કાઢી નાખો.

### **૨. પશુ અને પર્યાવરણની સંભાળ**
*   **સ્વચ્છતા:** પશુઓના રહેઠાણની જગ્યા સ્વચ્છ રાખો અને પશુઓના છાજલીમાં યોગ્ય ફ્લોરિંગની વ્યવસ્થા કરો.
*   **ઈજાનું વ્યવસ્થાપન:** સ્તનોમાં થતી કોઈપણ તિરાડો, ઘા અથવા ઈજાઓનું તાત્કાલિક સારવાર કરો જેથી રોગકારક જીવાણુઓ અંદર ન જાય.
*   **સુરક્ષિત નિકાલ:** ખરાબ દૂધને ફ્લોર પર ન નાખો; તેનો યોગ્ય રીતે નિકાલ કરો.

### **૩. પશુધન વ્યવસ્થાપન**
*   **દૂધ દોરવાનો ક્રમ:** હંમેશાં પહેલાં સ્વસ્થ પશુઓનું દૂધ દોરો અને **જે પશુઓના સ્તનોમાં સોજો છે તેમનું દૂધ છેલ્લે દોરો**.
*   **મશીનની સફાઈ:** જો દૂધ દોરવા માટે મશીનનો ઉપયોગ કરતા હો, તો દરેક પશુ પછી ટીટ કપને સારી રીતે સાફ કરો.
*   **પરીક્ષણ:** અઠવાડિયામાં એકવાર **માસ્ટ્રીપ** વડે પરીક્ષણ કરો; જો રંગ વાદળી થઈ જાય, તો તે મેસ્ટાઇટિસ સૂચવે છે અને તાત્કાલિક સારવારની જરૂર છે.

### **૪. નિવારક ઉત્પાદનો**
*   **ટીટ-ડીપ:** ટીટ-ડીપ પદ્ધતિ અપનાવો અને દૂધ દોર્યા પછી સ્તનો પર દવા છાંટો.
*   **ડ્રાય કાઉ થેરાપી:** દૂધ બંધ કરવાની સમયગાળા દરમિયાન ""ડ્રાય કાઉ થેરાપી"" નો ઉપયોગ કરો.
*   **અમૂલ ઉત્પાદનો:** તમે **અમૂલ માસ્ટા મિક્સ** ને **અમૂલ આલો મિક્સ** સાથે મિક્સ કરીને લાલ પેસ્ટ બનાવી શકો છો અને તેને નિવારણ માટે સ્તનો પર લગાવી શકો છો.

**મહત્વપૂર્ણ:** જો તમને સ્તનોમાં ગંભીર સોજો, લાલાશ અથવા દૂધમાં ગઠ્ઠો દેખાય, તો કૃપા કરીને તાત્કાલિક તમારા સ્થાનિક પશુચિકિત્સકનો સંપર્ક કરો.","દૂધાળાં પશુઓમાં સ્તન સોજો અને માસ્ટિટિસને રોકવા માટે, સ્વચ્છતા અને યોગ્ય દૂધ દોરવાની પદ્ધતિઓ પર ધ્યાન કેન્દ્રિત કરો:

- દરેક દૂધ દોર્યા પહેલાં અને પછી, સ્તન અને સ્તંભોને સ્વચ્છ પાણીથી સારી રીતે ધોઈ લો, અને પછી સ્વચ્છ કપડાથી સૂકવી લો.
- પોટેશિયમ પરમેંગેનેટના હળવા દ્રાવણનો ઉપયોગ કરો: એક ડોલ પાણીમાં 5-7 ક્રિસ્ટલ્સ ઓગાળીને હળવું ગુલાબી દ્રાવણ બનાવો, અને તેનો ઉપયોગ દૂધ દોરતા પહેલાં અને પછી સ્તન, સ્તંભો અને દૂધ દોરનારના હાથ ધોવા માટે કરો.
- જે પશુઓમાં ચેપના ચિહ્નો દેખાય છે, તેમને છેલ્લે દૂધ દોરો અને તેમના દૂધનો યોગ્ય રીતે નિકાલ કરો.
- પશુ અને તેના આવાસના વિસ્તારને હંમેશા સ્વચ્છ અને સૂકો રાખો.
- સ્તનમાં થયેલી કોઈપણ ઇજાની તાત્કાલિક સારવાર કરો.
- ""સ્તંભ-ડિપ"" પદ્ધતિનો ઉપયોગ કરો અને દૂધ બંધ કરતી વખતે નિયમિતપણે ડ્રાય કાઉ થેરાપી કરવાનું વિચારો.
- માસ્ટ્રીપ જેવી ઝડપી પરીક્ષણોનો ઉપયોગ કરીને માસ્ટિટિસના પ્રારંભિક ચિહ્નો માટે સાપ્તાહિક તપાસ કરો.
- પશુચિકિત્સકની સલાહ વિના એન્ટિબાયોટિક્સનો ઉપયોગ કરશો નહીં; જો સૂચવવામાં આવે તો, હંમેશા સૂચવવામાં આવેલ ડોઝ પૂરો કરો.
- સંતુલિત પોષણ, યોગ્ય ખનિજ પૂરક (જેમ કે અમૂલ માસ પ્રો), અને સારી વ્યવસ્થાપન માસ્ટિટિસના જોખમને ઘટાડે છે.

આ નિવારક પગલાંને અનુસરવાથી તમારા પશુઓમાં સ્તન સોજો અને માસ્ટિટિસ થવાની શક્યતામાં નોંધપાત્ર ઘટાડો થશે. જો તમને માસ્ટિટિસના ચિહ્નો દેખાય, તો તાત્કાલિક સારવાર માટે પશુચિકિત્સકનો સંપર્ક કરો.
સ્રોત: કૃષિ જ્ઞાનવિદ્યા, ગોધૂલી, અમૂલ ફીડ બ્રોશર, doc-39bc00b15029, doc-96dacbc440ba",grammar_fluency_compare,,"Response B reads a bit more naturally and smoothly overall, with fewer awkward phrasing issues than Response A.",3,"Mostly grammatically correct Gujarati, but several phrases sound translated or unnatural, and the tone is somewhat technical.",3,"Generally correct and readable Gujarati, though a few terms and constructions feel slightly unnatural or overly formal.",response_b,"Response B reads a bit more naturally and smoothly overall, with fewer awkward phrasing issues than Response A.",1.7543,1591,110,1701,0.00168825
120,26,3.at_parity,chat,3.at_parity,ગોબર પાતળું/ઢીલું થાય (loose dung/diarrhea) તો શું કરવું?,"જો તમારા પશુના મળમાં ઝાડા અથવા પાણી જેવા મળ નીકળે છે, તો તેનાં ઘણાં કારણો હોઈ શકે છે, જેમાં આહારમાં ફેરફાર, ચેપ અથવા પરોપજીવીઓનો સમાવેશ થાય છે. આપેલ માર્ગદર્શિકાના આધારે, અહીં કેટલાક સૂચવેલા ઉપાયો આપ્યા છે:

**પુખ્ત વયના પશુઓ માટે ઘરેલુ ઉપાયો:**
*   **ઇસાબગોલ પદ્ધતિ:** 400 ગ્રામ ઇસાબગોલ (પ્સિલિયમ હસ્ક) પાવડરને 1 લિટર છાશમાં મિક્સ કરીને આપો.
*   **ઔષધીય મિશ્રણ:** અડધો લિટર પાણી ઉકાળો, તેમાં 10 ગ્રામ કથા અને 10 ગ્રામ સૂંઠ (સૂકી આદુ) પાવડર ઉમેરો, સારી રીતે મિક્સ કરો અને મૌખિક રીતે આપો.

**અન્ય સંભવિત કારણો અને ઉપાયો:**
*   **ડિવર્મિંગ (જંતુનાશક દવા):** ઝાડા એ આંતરિક પરોપજીવી કૃમિનું લક્ષણ હોઈ શકે છે. ખાતરી કરો કે તમારા પશુઓને પશુચિકિત્સકની સલાહ મુજબ નિયમિતપણે ડિવર્મિંગ કરવામાં આવે (વરસાદ પહેલાં અને પછી).
*   **એસિડોસિસ:** જો વધુ પ્રમાણમાં ઘાસચારો/અનાજ આપવાથી ઝાડા થાય છે, તો તે રુમેન એસિડોસિસ હોઈ શકે છે.
*   **ગંભીર ચેપ:** દુર્ગંધવાળા ઝાડા અથવા તાવ અને સુસ્તી સાથેના ઝાડા એ ગંભીર રોગો જેમ કે પીએપીઆર (ભેંસ/બકરીમાં) અથવા અન્ય સિસ્ટમિક ચેપનું લક્ષણ હોઈ શકે છે.

**મહત્વપૂર્ણ સલાહ:**
એવું લાગે છે કે તમારા પશુને તબીબી સારવારની જરૂર પડી શકે છે. શું તમે પશુચિકિત્સક સાથે હેલ્થ કૉલ બુક કરવા માંગો છો?

*અસ્વીકરણ: ગંભીર કિસ્સાઓમાં અથવા જો તમને કારણ વિશે ખાતરી ન હોય, તો કૃપા કરીને યોગ્ય નિદાન અને સારવાર યોજના માટે તાત્કાલિક તમારા નજીકના પશુચિકિત્સકનો સંપર્ક કરો.*","જો તમારી ગાયના મળ પાતળા અથવા ઝાડા જેવા હોય, તો તે અચાનક ખોરાકમાં ફેરફાર, બગડેલો ખોરાક, ચેપ, પરોપજીવી અથવા તણાવને કારણે હોઈ શકે છે. અહીં તાત્કાલિક પગલાં આપ્યા છે:

૧. તપાસો કે ગાયને તાવ છે કે નહીં, મળમાં લોહી છે કે નહીં, શરીરમાં પાણીની કમી છે કે નહીં અથવા તે નબળી છે કે નહીં—જો હા, તો તાત્કાલિક પશુચિકિત્સકની જરૂર છે.
૨. શરીરમાં પાણીની કમીને રોકવા માટે સ્વચ્છ પાણી આપો.
૩. અચાનક ખોરાકમાં ફેરફાર કરવાનું ટાળો અને બગડેલો ખોરાક ન આપો.
૪. સારી ગુણવત્તાવાળું લીલું ચારો આપો જે સરળતાથી પચી જાય અને વધુ પોષક તત્વોવાળો ખોરાક આપવાનું ટાળો.
૫. શક્ય હોય તો, બીમાર ગાયને અલગ રાખો જેથી ચેપ ફેલાય નહીં.

જો ઝાડા એક દિવસથી વધુ સમય સુધી ચાલુ રહે અથવા ગાય નબળાઈના લક્ષણો દર્શાવે, તો તાત્કાલિક પશુચિકિત્સકને બોલાવી નિદાન અને સારવાર કરાવો. આંખો અંદર ધસી જવી, તીવ્ર નબળાઈ અથવા દૂધનું ઉત્પાદન ઘટવું જેવા સંબંધિત લક્ષણો માટે પણ ધ્યાન રાખો—આ માટે તાત્કાલિક સારવારની જરૂર છે.",grammar_fluency_compare,,"Response B reads more naturally and clearly in Gujarati, while Response A feels more formal and technical.",3,"Grammar is mostly correct and understandable, but it sounds somewhat technical and less natural in places.",4,"The Gujarati is fluent, natural, and grammatically correct, with a friendly and easy-to-understand tone.",response_b,"Response B reads more naturally and clearly in Gujarati, while Response A feels more formal and technical.",1.7506,1158,108,1266,0.0013545
121,28,3.at_parity,chat,3.at_parity,અળસિયા/કૃમિ પડવાના કારણો શું?,"પશુઓમાં કૃમિનો ઉપદ્રવ આંતરિક પરજીવી કૃમિઓ (હેલ્મિન્થ્સ) જેમ કે ગોળ કૃમિ, લીવર ફ્લુક્સ, ટેપવર્મ અને નેમેટોડ્સને કારણે થાય છે, જે પ્રાણીના શરીરમાં રહે છે અને મહત્વપૂર્ણ પોષક તત્વોનું સેવન કરે છે.

આ ઉપદ્રવમાં ફાળો આપતા અથવા જોખમ વધારતા મુખ્ય પરિબળોમાં નીચેનાનો સમાવેશ થાય છે:
*   **પર્યાવરણીય પરિસ્થિતિઓ:** ચોમાસાની ઋતુ એવા વાતાવરણ બનાવે છે જે કૃમિના ઉપદ્રવ માટે ખાસ કરીને અનુકૂળ હોય છે.
*   **ચરાઈની આદતો:** નદીઓ નજીક અથવા તણાવપૂર્ણ ઘાસના મેદાનોમાં ચરાઈ કરતી પશુઓ, ખાસ કરીને ચોમાસાની શરૂઆતમાં, ચેપનું જોખમ વધારી શકે છે.
*   **ઉંમર:** કૃમિઓ તમામ ઉંમરના પશુઓને અસર કરી શકે છે, પરંતુ તે ખાસ કરીને યુવાન પશુઓ (વાછરડાં) માટે જોખમી છે, જ્યાં ઉપદ્રવથી મૃત્યુદર વધી શકે છે.

આ ઉપદ્રવને રોકવા માટે, નિયમિત કૃમિનાશક દવા આપવાની અને ચોમાસાની શરૂઆતમાં જોખમી વિસ્તારોમાં ચરાઈ કરવાનું ટાળવાની ભલામણ કરવામાં આવે છે.","ગાય અને ભેંસમાં સુસ્તી (નિર્જીવતા અથવા ઓછી પ્રવૃત્તિ)નું સૌથી સામાન્ય કારણ કૃમિનો ઉપદ્રવ છે—ખાસ કરીને આંતરિક પરોપજીવી જેવા કે ગોળ કૃમિ, ફિટા કૃમિ અને ફ્લુક્સ. પાચનતંત્રમાં રહેલા કૃમિ મહત્વપૂર્ણ પોષક તત્વો અને લોહીને શોષી લે છે, જેના કારણે નબળાઈ, વૃદ્ધિમાં ઘટાડો, વજન ઘટવું, એનિમિયા, ભૂખ ઓછી લાગવી અને દૂધનું ઉત્પાદન ઘટવું જેવી સમસ્યાઓ થાય છે. ગંભીર ઉપદ્રવ ખાસ કરીને યુવાન પ્રાણીઓ માટે જોખમી હોય છે અને તેનાથી ઝાડા, જડબાની નીચે સોજો અને સારવાર ન કરવામાં આવે તો ક્યારેક મૃત્યુ પણ થઈ શકે છે.

કૃમિનો ઉપદ્રવ સામાન્ય રીતે આ કારણોસર થાય છે:
- સંક્રમિત પ્રાણીઓના મળથી દૂષિત ઘાસના મેદાનોમાં ચરાઈ અથવા દૂષિત પાણી પીવાથી.
- નબળી સ્વચ્છતા અને અસ્વચ્છ શેડની પરિસ્થિતિઓ.
- પશુઓને નિયમિતપણે કૃમિનાશક દવા આપવામાં ન આવવાથી, ખાસ કરીને ચોમાસા પહેલાં અને પછી.
- પરોપજીવીના લાર્વાથી દૂષિત માટી અથવા ઘાસના સંપર્કમાં આવવાથી.

સુસ્તી અને કૃમિ સંબંધિત સમસ્યાઓને રોકવા માટે, સારી સ્વચ્છતા જાળવો, ચોમાસા દરમિયાન ભેજવાળા/ભીના વિસ્તારોમાં ચરાઈ કરવાનું ટાળો અને તમારા પશુચિકિત્સકની સલાહ મુજબ નિયમિત કૃમિનાશક દવા આપવાનું ચાલુ રાખો. નિયમિત કૃમિનાશક દવા અને યોગ્ય વ્યવસ્થાપન તમારા પ્રાણીઓના સ્વાસ્થ્ય અને ઉત્પાદકતાનું રક્ષણ કરી શકે છે.

સંદર્ભ: બનાસ ડેરી, પાલનપુર; સર્વભૌમ ઉન્નતિ 2018; આણંદ પશુચિકિત્સા મહાવિદ્યાલય; અમૂલ પશુધન માર્ગદર્શિકા.",grammar_fluency_compare,,"Response B is slightly more natural and directly answers the question with clearer, more fluent Gujarati, though both are in the same general range.",3,"Grammatically correct overall, but the wording is quite technical and reads more like a medical explanation than a friendly farmer-facing answer.",3,"Mostly correct grammar and structure, but it is also somewhat technical and a bit verbose, so it does not sound fully natural or conversational.",response_b,"Response B is slightly more natural and directly answers the question with clearer, more fluent Gujarati, though both are in the same general range.",1.7775,1097,129,1226,0.00140325
122,30,3.at_parity,chat,3.at_parity,ખરવા-મોવાસા (FMD) માં મોઢાના ઘા/છાલા માટે શું સારવાર કરવી?,"પશુઓમાં થતી મોં અને પગના ચાંદા (ફૂટ-એન્ડ-માઉથ ડિસીઝ - FMD) એક વાયરલ રોગ હોવાથી, તેનો કોઈ સીધો ઈલાજ નથી. તેથી, સારવાર લક્ષણોને નિયંત્રિત કરવા પર કેન્દ્રિત કરવામાં આવે છે, જેથી રોગ તેની પ્રક્રિયા પૂર્ણ કરે. મોંમાં થતા ચાંદા અને ફોલ્લા માટે નીચેની સારવારની ભલામણ કરવામાં આવે છે:

**ઘરગથ્થુ ઉપાયો અને સફાઈ:**

*   **મોંની સફાઈ:** દિવસમાં 3 થી 5 વખત સ્વચ્છ પાણીમાં **બેકિંગ સોડા** (સોડિયમ બાયકાર્બોનેટ) મિક્સ કરીને તેનાથી પ્રાણીના મોંની સફાઈ કરો.
*   **ચાંદાની સારવાર:** જો મોંમાં ફોલ્લા હોય, તો તમે **મધ અને કથા**નું મિશ્રણ લગાવી શકો છો.
*   **ઔષધીય પેસ્ટ:** એક ખાસ પેસ્ટ બનાવીને દિવસમાં ત્રણ વખત 3 થી 5 દિવસ માટે જીભ અને તાળવા પર લગાવો. તેમાં નીચેની વસ્તુઓનો સમાવેશ થાય છે:
    *   ભીના કરેલા જીરના દાણા (10 ગ્રામ), મેથીના દાણા (10 ગ્રામ) અને કાળા મરી (10 ગ્રામ).
    *   હળદર પાવડર (10 ગ્રામ), 4 લસણની કળી, 120 ગ્રામ ગોળ અને 1 આખું છીણેલું નાળિયેર.
    *   બધી સામગ્રીને બારીક પેસ્ટમાં ભેળવીને હાથથી નાળિયેર સાથે મિક્સ કરો.

**અન્ય વિકલ્પો:**

*   **અમૂલ એફએમડી-ક્યોર:** આ દવા મોં અથવા પગના પંજામાં ચાંદા દેખાવાના કિસ્સામાં ઉપલબ્ધ છે.

**મહત્વપૂર્ણ સલાહ:**

*   **પ્રાણીને તાત્કાલિક અલગ રાખો** જેથી રોગ સ્વસ્થ પશુઓમાં ફેલાતો અટકાવી શકાય.
*   **તાત્કાલિક પશુચિકિત્સકની સલાહ લો** જેથી વધુ સારવાર કરાવી શકાય અથવા જો સ્થિતિ ગંભીર હોય તો યોગ્ય પગલાં લઈ શકાય.
*   ભવિષ્યમાં રોગને રોકવા માટે દર 6 થી 7 મહિને નિયમિત **રસીકરણ** કરાવો.","પશુઓમાં થતા મોંના ચાંદા અથવા ફોલ્લા (ફૂટ એન્ડ માઉથ ડિસીઝ - FMD) માટેની સારવાર:

૧. દિવસમાં ૩-૫ વખત પશુના મોંને સ્વચ્છ દ્રાવણથી ધોવો, જેમ કે પાણીમાં ઓગાળેલું સોડા બાયકાર્બોનેટ અથવા ૧% પોટેશિયમ પરમેંગેનેટ દ્રાવણ.
૨. મોંમાં મલમ લગાવો: કાં તો હળદર અને ઘીનું મિશ્રણ, મધ સાથે કથા, અથવા હળદર સાથે તલનું તેલ/ઘી લગાવો, કારણ કે આનાથી ચાંદા ઝડપથી રૂઝ આવે છે.
૩. વધારાની કાળજી માટે, બોરિક એસિડ પાવડરને ગ્લિસરીન સાથે મિશ્ર કરીને હળવેથી મોં અને જીભ પર લગાવો.
૪. ખાતરી કરો કે પશુને નરમ અને સરળતાથી ખાઈ શકાય તેવું ખોરાક અને તાજું પાણી મળી રહે.
૫. ગંભીર કિસ્સાઓમાં અથવા જો ચાંદા વધુ ખરાબ થાય, તો તાત્કાલિક પશુચિકિત્સકની સલાહ લો અને વધુ સારવાર કરાવો.

ત્વરિત અને યોગ્ય સારવારથી દુખાવો ઓછો થાય છે અને ઝડપથી સારું થઈ જાય છે, પરંતુ હંમેશા તમારા પશુચિકિત્સકને જાણ કરતા રહો અને શ્રેષ્ઠ પરિણામો માટે વ્યાવસાયિક સલાહ લો.
સ્રોત: કામધેનુ યુનિવર્સિટી નોધૂતિ, વેસ્ટ ઝોન ૨૦૨૩, અને અન્ય પશુ વ્યવસ્થાપન માર્ગદર્શિકાઓ.",grammar_fluency_compare,,"Both are similar, but Response B reads slightly more smoothly and naturally overall.",3,"Mostly grammatical and understandable Gujarati, but it sounds somewhat technical and a few phrases are not very natural.",3,"Generally correct Gujarati with clear structure, though it is a bit formal/technical and not fully natural in places.",response_b,"Both are similar, but Response B reads slightly more smoothly and naturally overall.",2.3887,1209,106,1315,0.00138375
123,34,3.at_parity,chat,3.at_parity,ખરવા-મોવાસા રોગ નું ફરીથી રસીકરણ ક્યારે કરવી શકાય ?,"પશુઓમાં થતા મોં અને પગના રોગ (FMD) માટેનું રસીકરણ સામાન્ય રીતે **વર્ષમાં બે વાર** કરવામાં આવે છે. ચોક્કસ માર્ગદર્શિકાના આધારે, સમય નીચે મુજબ સૂચવવામાં આવે છે:

*   **સામાન્ય સમયપત્રક:** વર્ષમાં બે વાર, સામાન્ય રીતે **સપ્ટેમ્બર અને માર્ચ**માં અથવા **માર્ચ/એપ્રિલ અને સપ્ટેમ્બર/ઓક્ટોબર** દરમિયાન.
*   **વૈકલ્પિક માર્ગદર્શન:** કેટલાક સ્ત્રોતો **દર 6 મહિને** (દા.ત., નવેમ્બર-ડિસેમ્બર અને જૂન-જુલાઈ) અથવા દર **7 મહિને** રસીકરણ કરવાનું સૂચવે છે.

શ્રેષ્ઠ સુરક્ષા માટે, એવું સૂચવવામાં આવે છે કે નિયમિત રસીકરણનું સમયપત્રક એવી રીતે ગોઠવો કે જેથી ટોળકીમાં રહેલા બધાં જ પ્રાણીઓને એક જ સમયે રસી આપવામાં આવે. તમારા વિસ્તાર માટે કયું સમયપત્રક યોગ્ય છે તે જાણવા માટે તમારા સ્થાનિક પશુચિકિત્સકની સલાહ લો.","ગાય અને ભેંસ માટે ફૂટ એન્ડ માઉથ ડિસીઝ (એફએમડી) રસી સામાન્ય રીતે દર 6 મહિને લેવાની ભલામણ કરવામાં આવે છે. સામાન્ય રીતે વર્ષમાં બે વાર રસી આપવામાં આવે છે—મોટે ભાગે ચોમાસા પહેલાં અને પછી. જો તમારા પશુઓને તાજેતરમાં જ રસી આપવામાં આવી હોય, તો આગલી રસી છેલ્લી રસીના 6 મહિના પછી આપવી જોઈએ. નવજાત બચ્ચાં માટે, પહેલી રસી લગભગ 4 મહિનાની ઉંમરે આપવામાં આવે છે.

હંમેશા તમારા સ્થાનિક પશુચિકિત્સકની સલાહનું પાલન કરો અને એફએમડી રસીકરણ અભિયાન માટે તમારા વિસ્તારમાં ઉપયોગમાં લેવાતા ચોક્કસ સમયપત્રકને અનુસરો.",grammar_fluency_compare,,"Response B sounds more natural and fluent in Gujarati, while Response A is more formal and technical.",3,"Grammar is correct and readable, but the wording is somewhat technical and less natural in places.",4,"The Gujarati reads smoothly and naturally, with correct grammar and a friendly, farmer-friendly tone.",response_b,"Response B sounds more natural and fluent in Gujarati, while Response A is more formal and technical.",1.6089,725,104,829,0.00101175
124,35,3.at_parity,chat,3.at_parity,ગાંઠિયા તાવ માટે રસીકરણ કઈ સિજન માં કરવું જોઈએ ?,"લમ્પી સ્કિન ડિસીઝ (એલએસડી) સામે રસીકરણ રોગની શરૂઆત થાય તે પહેલાં જ કરવું જોઈએ, જેથી પશુઓને રક્ષણ મળી રહે. ઉદાહરણ તરીકે, પશુઓને સુરક્ષિત રાખવા માટે મે મહિનાની પહેલી તારીખથી રસીકરણ અભિયાન શરૂ કરવામાં આવ્યું હતું.

એલએસડી એ મચ્છર, માખી અને ટિક દ્વારા ફેલાતો રોગ હોવાથી, ચોક્કસપણે વરસાદની શરૂઆત થાય તે પહેલાં પશુઓને રસી આપવી જોઈએ. તમારા સ્થાનિક પશુચિકિત્સક અથવા એનિમલ હેલ્થ સેન્ટર દ્વારા આપવામાં આવતી ચોક્કસ સલાહ અને સમયપત્રકનું હંમેશા પાલન કરો.","લમ્પી સ્કિન ડિસીઝ (એલએસડી) માટેનું રસીકરણ ચોમાસાની શરૂઆત પહેલાં કરાવવું જોઈએ. આનું કારણ એ છે કે એલએસડી મુખ્યત્વે કરડતા જંતુઓ દ્વારા ફેલાય છે, જે વરસાદી ઋતુ દરમિયાન વધુ સક્રિય અને સંખ્યામાં વધે છે. વહેલું રસીકરણ તમારા પશુઓને જોખમ વધે તે પહેલાં સુરક્ષિત કરવામાં મદદ કરે છે. તમારા વિસ્તાર માટે યોગ્ય સમય વિશે હંમેશા તમારા સ્થાનિક પશુચિકિત્સકની સલાહ લો.",grammar_fluency_compare,,"Response B reads more naturally and smoothly, with slightly better fluency and tone.",3,"Grammatically correct and understandable, but a bit technical and not fully natural in tone.",4,"Clear, fluent, and natural Gujarati with correct grammar and a friendly tone.",response_b,"Response B reads more naturally and smoothly, with slightly better fluency and tone.",1.4665,583,80,663,0.00079725
125,36,3.at_parity,chat,3.at_parity,ગાય ભેસને હડકવા થયાપછી કોઈ દવા નથી તો શું તેને કૂતરાની જેમ કુતરું કરડયા સિવાય પણ રસી આપી બચાવી શકાય? હા તો તેનો સમયગાળો જણાવો.,"ગાયો અને ભેંસોમાં જ્યારે રેબીઝના લક્ષણો દેખાવાનું શરૂ થાય છે, ત્યારે આ રોગ જીવલેણ હોય છે અને તેનો કોઈ ઈલાજ નથી.

રસીકરણ વિશે:
- **ચાવ્યા પછીનું રસીકરણ:** પશુઓ માટે, આપવામાં આવેલી માહિતી અનુસાર, રેબીઝનું રસીકરણ કૂતરાના ચાવ્યા પછી એક ઉપાય તરીકે આપવામાં આવે છે.
- **સમય:** પ્રથમ ડોઝ કૂતરાના ચાવ્યાના **24 કલાકની અંદર** આપવો જોઈએ, ત્યારબાદ 3, 7, 14, 28 અને 60 (અથવા 90, સમયપત્રક પર આધાર રાખીને) દિવસે ડોઝ આપવા જોઈએ.
- **ચાવ્યા પહેલાંનું (નિવારક) રસીકરણ:** દસ્તાવેજોમાં ગાયો અને ભેંસો માટે કૂતરાઓ માટે વપરાતા સમયપત્રકની જેમ નિયમિત ચાવ્યા પહેલાંના રસીકરણનું કોઈ સમયપત્રક નથી.

**ચાવ્યા પછી તાત્કાલિક કાર્યવાહી:**
જો કોઈ પ્રાણીને કૂતરાએ ચાટ્યું હોય, તો:
1. ઘાને 5-10 મિનિટ સુધી વહેતા પાણીથી ધોઈ લો.
2. વિસ્તારને હળવા હાથે સાબુથી સાફ કરો.
3. રસીકરણના સમયપત્રક માટે તાત્કાલિક પશુચિકિત્સકની સલાહ લો.

રેબીઝ પ્રાણીઓ અને મનુષ્યો બંને માટે ખૂબ જ જોખમી હોવાથી, કૃપા કરીને તમારા પશુઓ માટે નિવારક રસીકરણ અંગે ચોક્કસ વ્યાવસાયિક સલાહ માટે તમારા સ્થાનિક પશુચિકિત્સકનો સંપર્ક કરો.","જો કોઈ ગાય અથવા ભેંસને રેબીઝથી પીડિત પ્રાણી કરડે છે, તો તાત્કાલિક પશુચિકિત્સકની મદદ લેવી ખૂબ જ મહત્વપૂર્ણ છે. રેબીઝના લક્ષણો દેખાવાનું શરૂ થયા પછી તે લગભગ હંમેશા જીવલેણ હોય છે, અને લક્ષણો શરૂ થયા પછી તેનો કોઈ ઈલાજ નથી.

જો કરડ્યા પછી રેબીઝનું રસીકરણ કરવામાં આવે (પોસ્ટ-એક્સપોઝર પ્રોફીલેક્સિસ), તો તે માત્ર ત્યારે જ મદદરૂપ થઈ શકે છે જો તે ઝડપથી આપવામાં આવે - આદર્શ રીતે થોડા કલાકોમાં, અને વધુમાં વધુ 24-48 કલાકની અંદર, કોઈ પણ લક્ષણો દેખાતા પહેલાં. વિલંબ કરવાથી બચવાની શક્યતા નોંધપાત્ર રીતે ઘટી જાય છે.

કોઈ પણ પરંપરાગત પદ્ધતિ (જેમ કે પ્રાણીને ભસાવવું) રેબીઝને અટકાવી શકતી નથી. હંમેશાં:
- ઘાને સાબુ અને પાણીથી સારી રીતે ધોઈ લો.
- તાત્કાલિક પશુચિકિત્સકનો સંપર્ક કરો.
- શક્ય તેટલી વહેલી તકે પોસ્ટ-એક્સપોઝર રસીકરણ શરૂ કરો.

સમય ખૂબ જ મહત્વપૂર્ણ છે - રાહ જોશો નહીં અથવા કોઈ પણ ઘરેલું ઉપાય પર આધાર રાખશો નહીં; રેબીઝ એક જીવલેણ રોગ છે. યોગ્ય સારવાર અને તાત્કાલિક સંભાળ માટે તાત્કાલિક તમારા પશુચિકિત્સકની સલાહ લો.",grammar_fluency_compare,,"Response B reads slightly more naturally and smoothly in Gujarati, even though both are similar in overall fluency.",3,"Mostly grammatical Gujarati, but it sounds somewhat translated and technical, with a few unnatural phrases.",3,"Grammar is generally correct, but the wording is also a bit technical and not fully natural in tone.",response_b,"Response B reads slightly more naturally and smoothly in Gujarati, even though both are similar in overall fluency.",1.8469,1044,108,1152,0.001269
126,38,3.at_parity,chat,3.at_parity,મારા ગામમાં ખરવારાનો રોગ ચાલુ થયો છે તો મારા જાનવરને રસી મુકાવીને રોગ આવતો અટકાવી શકાય?,"તમે નિયમિત રસીકરણ દ્વારા તમારા પશુઓમાં ફૂટ એન્ડ માઉથ ડિસીઝ (FMD) ને અટકાવી શકો છો. FMD એક અત્યંત ચેપી વાયરલ રોગ હોવાથી, રસીકરણ એ તેને નિયંત્રિત કરવાનો સૌથી અસરકારક માર્ગ છે, કારણ કે એકવાર પશુને ચેપ લાગી જાય પછી તેનો કોઈ સીધો ઉપાય નથી.

**રસીકરણ માર્ગદર્શિકા:**
*   **આવર્તન:** રસીકરણ નિયમિતપણે કરાવવું જોઈએ. માર્ગદર્શિકા અનુસાર, સામાન્ય રીતે વર્ષમાં બે વાર રસીકરણ કરાવવાની ભલામણ કરવામાં આવે છે (દા.ત., નવેમ્બર અને એપ્રિલ, અથવા ફેબ્રુઆરી અને જુલાઈ-ઓગસ્ટ).
*   **કોની સલાહ લેવી:** તમારા પશુઓના ટોળા માટે ચોક્કસ રસીકરણનું સમયપત્રક અને તેને કેવી રીતે આપવું તે જાણવા માટે તમારા સ્થાનિક પશુચિકિત્સકની સલાહ લો.
*   **મહત્વપૂર્ણ જરૂરિયાત:** રસી અસરકારક બને તે માટે, ગામ અથવા ટોળામાં ઓછામાં ઓછા 80% પશુઓને રસી આપવી જરૂરી છે, જેથી પૂરતી રોગપ્રતિકારક શક્તિ કેળવી શકાય.

**અન્ય નિવારક પગલાં:**
તમારા ગામમાં આ રોગ ફેલાઈ રહ્યો હોવાથી, કૃપા કરીને આ સાવચેતીઓ પણ લો:
*   **રોગગ્રસ્ત પશુઓને અલગ રાખો:** કોઈપણ પશુમાં જો રોગના લક્ષણો (તાવ, વધુ પડતું લાળ પડવું અથવા મોં અને પગ પર ફોલ્લા) દેખાય, તો તેને તાત્કાલિક સ્વસ્થ પશુઓથી અલગ કરો.
*   **સ્વચ્છતા:** પશુઓના આલમમાં સખત સ્વચ્છતા જાળવો. જંતુનાશક દવાઓનો ઉપયોગ કરો અને મળ અને મૂત્રનો યોગ્ય રીતે નિકાલ કરો.
*   **હલનચલન પર નિયંત્રણ:** તમારા પશુઓના હલનચલનને મર્યાદિત કરો અને પશુચિકિત્સકની સલાહ લીધા વિના નવા પશુઓને લાવવાનું ટાળો.
*   **સંક્રમણ નિયંત્રણ:** ખાતરી કરો કે પાણી અને ખોરાક સ્વચ્છ હોય, કારણ કે વાયરસ દૂષિત સ્ત્રોતો દ્વારા ફેલાઈ શકે છે.

જો તમારા કોઈપણ પશુમાં રોગના લક્ષણો દેખાઈ રહ્યા હોય, તો હું તાત્કાલિક પશુચિકિત્સકનો સંપર્ક કરવાની ભલામણ કરું છું. શું તમે ઇચ્છો છો કે હું પશુચિકિત્સકની મુલાકાત માટે હેલ્થ કોલ બુક કરવામાં તમને મદદ કરું?","હા, તમારા પશુઓમાં ફૂટ-એન્ડ-માઉથ ડિસીઝ (એફએમડી) ને રોકવાનો રસીકરણ સૌથી અસરકારક રસ્તો છે. જો તમારા ગામમાં એફએમડીના કેસ શરૂ થઈ ગયા હોય, તો ચેપના જોખમને ઘટાડવા માટે શક્ય તેટલી વહેલી તકે બધાં તંદુરસ્ત ગાયો અને ભેંસોને રસી આપવી ખૂબ જ મહત્વપૂર્ણ છે. એફએમડીની રસી સામાન્ય રીતે સ્થાનિક પશુપાલન અધિકારીઓ અથવા પશુચિકિત્સા કર્મચારીઓ દ્વારા આપવામાં આવે છે. રસીકરણની સાથે, તમારે તમારા પશુઓને સંક્રમિત પશુઓથી દૂર રાખવા જોઈએ, સારી સ્વચ્છતા જાળવવી જોઈએ, પશુઓના આલમનું જંતુનાશક દ્રાવણથી સાફ કરવું જોઈએ અને રોગચાળો નિયંત્રણમાં ન આવે ત્યાં સુધી ગામો વચ્ચે પશુઓની અવરજવર ટાળવી જોઈએ.

ચોક્કસ રસીની ઉપલબ્ધતા અને સમયપત્રક માટે, તમારા નજીકના પશુચિકિત્સા અધિકારી અથવા સ્થાનિક અમૂલ દૂધ ઉત્પાદક સહકારી મંડળીનો સંપર્ક કરો. જો તમને કોઈ પણ પશુમાં વધુ પડતું લાળ પડવું, મોં અથવા પગ પર ફોલ્લા અથવા લંગડાઈ જેવા લક્ષણો દેખાય, તો તરત જ તે પશુને અલગ કરો અને વધુ સલાહ માટે પશુચિકિત્સકની સલાહ લો.",grammar_fluency_compare,,"Response B reads more naturally and fluently in Gujarati, with fewer technical-sounding or awkward parts than Response A.",3,"Grammatically correct overall, but it sounds somewhat technical and formal rather than fully natural and friendly.",4,"Well-formed Gujarati with smooth grammar and a friendly, natural tone that is easy to understand.",response_b,"Response B reads more naturally and fluently in Gujarati, with fewer technical-sounding or awkward parts than Response A.",1.9074,1249,111,1360,0.00143625
127,39,3.at_parity,chat,3.at_parity,મારા વિસ્તારમાં જોવાં ન મળતા રોગો નું રસીકરણ કરાવવું જરૂરી છે ?,"જો તમારા વિસ્તારમાં કોઈ રોગ હાલમાં દેખાતો ન હોય તો પણ રસીકરણ મહત્વપૂર્ણ છે. રસીકરણ એ ભવિષ્યમાં રોગચાળાની શક્યતા ઘટાડવા માટે એક નિવારક પગલું છે અને ઘણીવાર તે એકમાત્ર રસ્તો છે જેના દ્વારા પ્રાણીઓને એવા વાયરલ રોગોથી બચાવી શકાય છે જેના માટે કોઈ સીધો ઉપચાર નથી.

રસીકરણ શા માટે જરૂરી છે તેના મુખ્ય કારણોમાં નીચેનાનો સમાવેશ થાય છે:

*   **નિવારક રક્ષણ:** રસી પ્રાણીની રોગપ્રતિકારક શક્તિને એન્ટિબોડીઝ ઉત્પન્ન કરવા માટે ઉત્તેજિત કરે છે, જે પ્રાણીને રોગના સંપર્કમાં આવે તો રક્ષણ આપે છે.
*   **રોગ નાબૂદી:** રસીકરણ કાર્યક્રમોમાં ભાગ લેવો એ એવા રોગોને સંપૂર્ણપણે નાબૂદ કરવા માટે જરૂરી છે જે નોંધપાત્ર આર્થિક નુકસાન પહોંચાડે છે.
*   **રોગના પ્રવેશને અટકાવે છે:** રોગો એક પ્રાણીથી બીજા પ્રાણીમાં ફેલાય છે, તેથી તમારા પશુધનનું રસીકરણ કરવાથી તમારા સ્થાનિક વિસ્તારમાં નવા રોગોને ફેલાતા અટકાવી શકાય છે.

વિશિષ્ટ રસીકરણના સમયપત્રક અને તમારા પ્રદેશ માટે કઈ રસીઓ સૌથી મહત્વપૂર્ણ છે તે જાણવા માટે, કૃપા કરીને તમારા સ્થાનિક પશુચિકિત્સક અથવા પશુપાલન અધિકારીની સલાહ લો.","હા, તમારા પશુઓને અમુક રોગો સામે રસી આપવી મહત્વપૂર્ણ છે, ભલે તે રોગો તાજેતરમાં તમારા વિસ્તારમાં દેખાયા ન હોય. કેટલાક રોગો ઝડપથી ફેલાઈ શકે છે અને અણધારી રીતે આવી શકે છે, ખાસ કરીને જો નવા પશુઓ લાવવામાં આવે અથવા ગામો વચ્ચે પશુઓની અવરજવર થતી હોય. રસીકરણ તમારા પશુઓના ટોળાને સુરક્ષિત કરવામાં, રોગચાળાને રોકવામાં અને મોટા નુકસાનના જોખમને ઘટાડવામાં મદદ કરે છે. હંમેશાં તમારા સ્થાનિક પશુચિકિત્સા અધિકારીઓ દ્વારા ભલામણ કરાયેલ રસીકરણના સમયપત્રકનું પાલન કરો, કારણ કે કેટલાક રોગો વર્ષો સુધી શાંત રહી શકે છે પરંતુ અચાનક રોગચાળો ફેલાવી શકે છે. જો તમને એ જાણવાની જરૂર હોય કે તમારા પ્રદેશ માટે કઈ રસીઓ જરૂરી છે, તો તમારા સ્થાનિક પશુચિકિત્સક અથવા પશુપાલન અધિકારીની સલાહ લો.",grammar_fluency_compare,,"Response B reads more naturally and matches the requested friendly style better, while Response A is more technical and less natural.",3,"Grammatically correct overall, but it sounds somewhat formal and technical rather than fully natural and friendly.",4,"Natural, fluent Gujarati with correct grammar and a friendly, easy-to-understand tone.",response_b,"Response B reads more naturally and matches the requested friendly style better, while Response A is more technical and less natural.",1.9582,848,109,957,0.0011265
128,40,3.at_parity,chat,3.at_parity,મારી ગયો ને ઘણી વાર થાયલેરીયા થાય છે ને મરી પણ જાય છે તેનોકોઈ ઉપાય ખરો?,"થીલેરિયોસિસને ઉકેલવા અને તેને અટકાવવાનો સૌથી અસરકારક રસ્તો ટિક્સનું નિયંત્રણ અને રસીકરણનું સંયોજન છે.

**નિવારણ માટેના અસરકારક ઉપાયો:**
*   **ટિક્સનું નિયંત્રણ:** ટિક્સ દ્વારા આ રોગ ફેલાય છે, તેથી નિયમિત રીતે ટિક્સનું નિયંત્રણ કરવું એ આ ચેપને નિયંત્રણમાં રાખવાનો સૌથી અસરકારક રસ્તો છે.
*   **રસીકરણ:** ક્રોસબ્રેડ અને વિદેશી ગાયો માટે, 3 મહિના અને તેથી વધુ ઉંમરના પ્રાણીઓને તેમના જીવનકાળ દરમિયાન એકવાર રસી આપો.

**મહત્વપૂર્ણ સારવાર સલાહ:**
જો તાત્કાલિક સારવાર કરવામાં ન આવે તો થીલેરિયોસિસ જીવલેણ બની શકે છે. જો તમને તાવ, લસિકા ગ્રંથીઓમાં સોજો, આછો રંગ (એનિમિયા) અથવા નાકમાંથી પ્રવાહી નીકળવા જેવા લક્ષણો દેખાય, તો **તરત જ પશુચિકિત્સકની સારવાર મેળવો**. સારવાર શરૂઆતના તબક્કામાં સૌથી વધુ અસરકારક હોય છે; કોઈપણ વિલંબથી પ્રાણીનું મૃત્યુ થઈ શકે છે.

સ્ત્રોત: પશુચિકિત્સા માર્ગદર્શન દસ્તાવેજો","ગાયોમાં થાઇલેરિયોસિસ (ટિક ફીવર) એક ગંભીર ટિક દ્વારા ફેલાતો રોગ છે, જેના કારણે તાવ, નબળાઈ, પેઢાંનો રંગ ઊડી જવો અને ક્યારેક મૃત્યુ પણ થઈ શકે છે, ખાસ કરીને સંકર જાતિની ગાયોમાં. પશુચિકિત્સકની દેખરેખ હેઠળ યોગ્ય સારવાર આપવી જરૂરી છે. મુખ્ય સારવારમાં બુપરવાક્વોન જેવી ચોક્કસ એન્ટિ-પ্যারાસાઇટિક દવાઓ અને સહાયક ઉપચાર (જેમ કે પ્રવાહી અને વિટામિન્સ)નો સમાવેશ થાય છે.

શરૂઆતમાં જ રોગની જાણ થવાથી અને ઝડપી સારવાર મળવાથી સાજા થવાની શક્યતા વધી જાય છે. સારવાર ઉપરાંત, નિયમિતપણે ટિક નિયંત્રણ માટે એકારિસાઇડ્સ (ટિક સ્પ્રે અથવા ડાયપ)નો ઉપયોગ કરવો જરૂરી છે, જેથી ફરીથી ચેપ ન લાગે. અમુક વિસ્તારોમાં રસી પણ ઉપલબ્ધ હોઈ શકે છે.

જો તમને ગાયમાં તાવ, તીવ્ર નબળાઈ અથવા પેઢાંનો રંગ ઊડી જવા જેવા લક્ષણો દેખાય, તો તાત્કાલિક પશુચિકિત્સકનો સંપર્ક કરો અને યોગ્ય નિદાન અને સારવાર માટે યોગ્ય ડોઝ જાણો. ક્યારેય પણ જાતે જ પ્રાણીની સારવાર કરવાનો પ્રયાસ કરશો નહીં, કારણ કે ખોટી દવાઓ ખતરનાક હોઈ શકે છે.

શું તમે તમારી ગાય માટે પશુચિકિત્સકની મુલાકાત માટે હેલ્થ કૉલ બુક કરવા માંગો છો?",grammar_fluency_compare,,"Both are similar in fluency, but Response B reads a bit more naturally and smoothly overall.",3,"Mostly grammatical Gujarati, but it sounds somewhat technical and translated rather than fully natural or friendly.",3,"Grammar is generally correct and readable, but the wording is a bit technical and not fully natural in places.",response_b,"Both are similar in fluency, but Response B reads a bit more naturally and smoothly overall.",1.7318,953,107,1060,0.00119625
129,45,3.at_parity,chat,3.at_parity,વેક્સિન માં કોલ્ડ ચેન નું શું મહત્વ છે ?,"ઠંડી સાંકળ જાળવવી ખૂબ જ મહત્વપૂર્ણ છે કારણ કે રસીઓ જૈવિક ઉત્પાદનો છે જેને અસરકારક રહેવા માટે ચોક્કસ તાપમાને સંગ્રહિત કરવાની જરૂર છે.

ઠંડી સાંકળનું મહત્વ નીચે મુજબ છે:
*   **રસીની નિષ્ફળતા અટકાવે છે:** ઉત્પાદનથી લઈને રસી આપવા સુધી, ઠંડી સાંકળ જાળવવામાં નિષ્ફળતા એ રસીની નિષ્ફળતાનું એક સામાન્ય કારણ છે.
*   **ગુણવત્તા જાળવે છે:** જો રસીને વારંવાર ગરમ કરીને ઠંડી કરવામાં આવે તો તેની ગુણવત્તા બગડે છે.
*   **અસરકારકતા સુનિશ્ચિત કરે છે:** ઠંડી સાંકળની જરૂરિયાતોનું પાલન કરવામાં નિષ્ફળતા અસ અસરકારક રસી તરફ દોરી શકે છે, જેના પરિણામે રોગચાળો અને નોંધપાત્ર આર્થિક નુકસાન થઈ શકે છે.

ઠંડી સાંકળ જાળવવા માટે, રસીઓને રેફ્રિજરેટર, ડીપ ફ્રીઝર અથવા પ્રવાહી નાઇટ્રોજનમાં સૂચવ્યા મુજબ સંગ્રહિત કરવી જોઈએ, અને સાધનો (જેમ કે સિરીંજ અને વાયલ્સ) નો ઉપયોગ કરતા પહેલા +2°C થી +8°C સુધી પૂર્વ-ઠંડુ કરવું જોઈએ.","ઠંડા સંગ્રહની સાંકળ રસીઓ માટે અત્યંત મહત્વપૂર્ણ છે, કારણ કે તે સુનિશ્ચિત કરે છે કે રસીઓને યોગ્ય તાપમાને સંગ્રહિત અને પરિવહન કરવામાં આવે (સામાન્ય રીતે 2° સે અને 8° સે ની વચ્ચે). આ રસીઓને તેમની અસરકારકતા ગુમાવવાથી અટકાવે છે. જો ઠંડા સંગ્રહની સાંકળ તૂટી જાય અને રસીઓ ગરમી અથવા ઠંડીના સંપર્કમાં આવે, તો તે નિષ્ક્રિય થઈ શકે છે અને પ્રાણીઓ અથવા મનુષ્યોને રોગોથી બચાવવામાં નિષ્ફળ થઈ શકે છે. ઉત્પાદનના તબક્કાથી લઈને ખેડૂતો અથવા આરોગ્ય કેન્દ્રો સુધીની ડિલિવરી સુધી યોગ્ય ઠંડા સંગ્રહનું સંચાલન કરવું ખૂબ જ મહત્વપૂર્ણ છે. હંમેશાં ખાતરી કરો કે રસીઓ ઠંડી જગ્યાએ રાખવામાં આવે અને ભલામણ કરેલ તાપમાનની બહારના તાપમાને રહેલી રસીઓનો ક્યારેય ઉપયોગ કરશો નહીં. રસીના સંગ્રહ અને સંચાલન અંગે માર્ગદર્શન માટે તમારા પશુચિકિત્સકની સલાહ લો.",grammar_fluency_compare,,"Response A is slightly more natural and better structured in Gujarati, though both are similar in fluency.",3,"Grammatically correct Gujarati overall, but it sounds somewhat technical and less natural/friendly in places.",3,"Mostly correct grammar and structure, but it reads a bit translated and technical rather than fully natural.",response_a,"Response A is slightly more natural and better structured in Gujarati, though both are similar in fluency.",1.7937,851,108,959,0.00112425
130,47,3.at_parity,chat,3.at_parity,જન્મ પછી નાભી કેવી રીતે સાફ કરવી?,"નવજાત બચ્ચાના નાભિને યોગ્ય રીતે સાફ કરવા અને તેની સંભાળ રાખવા માટે, જેથી ગંભીર ચેપથી બચાવી શકાય, આ પગલાં અનુસરો:

1.  **નાભિ તૈયાર કરો:** નાભિના મૂળથી લગભગ 2 થી 3 ઇંચ લાંબો ભાગ રહેવા દો.
2.  **સુરક્ષિત કરો અને કાપો:** સ્વચ્છ દોરાથી નાભિને બાંધો અને બાકીના ભાગને જંતુરહિત સાધન અથવા જંતુરહિત કાતરથી કાપી નાખો.
3.  **જંતુમુક્ત કરો (ડિપિંગ):** નાભિને **આયોડિનના દ્રાવણમાં** ડુબાડો (શક્ય હોય તો 7% અથવા તેનાથી વધુ). નાભિને સારી રીતે જંતુમુક્ત થાય તે સુનિશ્ચિત કરવા માટે, દ્રાવણને તેના પર લગાવવાને બદલે, તેને ડુબાડવું મહત્વપૂર્ણ છે; ઓછામાં ઓછો 30 સેકન્ડનો સંપર્ક સમય સુનિશ્ચિત કરો.
4.  **પુનરાવર્તન કરો:** 12 કલાક પછી નાભિને ડુબાડવાની પ્રક્રિયાનું પુનરાવર્તન કરો.

**મહત્વપૂર્ણ સાવચેતીઓ:**
*   રક્તસ્રાવ રોકવા માટે કાદવનો ઉપયોગ **ન કરો**.
*   ટીટ ડિપ અથવા નબળા આયોડિન દ્રાવણનો ઉપયોગ **ન કરો**.
*   બચ્ચાને સ્વચ્છ, સૂકી જગ્યાએ રાખો જેથી ચેપ ન લાગે.","નવજાત બચ્ચાં (વાછર અથવા ભેંસના બચ્ચાં)ના જન્મ પછી નાભિની યોગ્ય રીતે સફાઈ કરવા માટે:

૧. જન્મ પછી તરત જ, સ્વચ્છ અને જંતુરહિત દોરાથી નાભિના થડને પેટથી આશરે ૨-૩ સેમી દૂર બાંધો અને જંતુરહિત બ્લેડ અથવા કાતરનો ઉપયોગ કરીને ગાંઠથી લગભગ ૧-૧.૫ ઇંચ નીચેથી કાપી નાખો.
૨. નાભિના થડને ૭% આયોડિનના દ્રાવણમાં બોળીને અથવા નાભિના આસપાસ આયોડિનનું દ્રાવણ લગાવીને જંતુમુક્ત કરો.
૩. પ્રથમ ૨-૩ દિવસ સુધી દરરોજ એકવાર આયોડિન લગાવો.
૪. બચ્ચાંને સ્વચ્છ અને સૂકી જગ્યાએ રાખો જેથી ચેપ ન લાગે.
૫. સોજો, પરુ, દુર્ગંધ અથવા ધીમી રૂઝ આવવાની પ્રક્રિયા જેવા લક્ષણો માટે ધ્યાન રાખો. જો આમાંના કોઈપણ લક્ષણો દેખાય, તો પશુચિકિત્સકનો સંપર્ક કરો.

નાભિની યોગ્ય રીતે સંભાળ રાખવાથી નાના બચ્ચાંમાં નાભિના ચેપ અને અન્ય ચેપને અટકાવી શકાય છે.",grammar_fluency_compare,,"Response B reads more naturally and fluently in Gujarati, with better style and a more native-like tone.",3,"Grammatically correct overall, but it sounds somewhat technical and instructional rather than naturally friendly.",4,"Well-formed Gujarati with natural flow, clear structure, and a friendly, easy-to-understand tone.",response_b,"Response B reads more naturally and fluently in Gujarati, with better style and a more native-like tone.",2.8611,937,109,1046,0.00119325
131,49,3.at_parity,chat,3.at_parity,મારી જોંટીને ચાર વર્ષ થયા છે હજુ ગરમીમાં દેખાતી નથી કઈ દવા કરવી અથવા ખોરાક કરવો,"તમારી ગાય ચાર વર્ષની છે અને હજી સુધી તેમાં માસિક ચક્રના કોઈ ચિહ્નો દેખાયા નથી, તેથી તે સામાન્ય રીતે માસિક ચક્ર શરૂ થવાની ઉંમર (જે સામાન્ય રીતે જાતિના આધારે 1.25 થી 2.5 વર્ષની હોય છે) કરતાં ઘણી મોટી છે. આ એક પ્રજનન સંબંધિત સમસ્યા સૂચવે છે જેના માટે વ્યાવસાયિક સારવારની જરૂર છે.

### ભલામણ કરેલ ખોરાક અને પોષણ
નબળું પોષણ એ માસિક ચક્રના અભાવનું એક સામાન્ય કારણ છે. તેની સ્થિતિ સુધારવા માટે, તમે નીચે મુજબ કરી શકો છો:
*   **ખનિજ મિશ્રણ:** દરરોજ **30 થી 50 ગ્રામ** સંતુલિત ખનિજ મિશ્રણ આપો.
*   **સંતુલિત આહાર:** તેને પૂરતું લીલું ચારો અને ઘન ખોરાક આપો.
*   **સપ્લિમેન્ટ્સ:** તેના આહારમાં વિટામિન્સ અને મીઠું ઉમેરો જેથી સૂક્ષ્મ ખનિજોની ઉણપ (જેમ કે કોપર, કોબાલ્ટ અને ઝીંક) દૂર કરી શકાય.

### સામાન્ય સંભાળ અને દવા
*   **ડીવર્મિંગ:** ખાતરી કરો કે પ્રાણીને યોગ્ય રીતે ડીવર્મ કરવામાં આવ્યું છે, કારણ કે પરોપજીવીઓ શારીરિક વિકાસ અને નિયમિત માસિક ચક્રમાં અવરોધ લાવી શકે છે.
*   **તણાવ વ્યવસ્થાપન:** તણાવ ઓછો કરો અને ગરમ હવામાનમાં પ્રાણીને છાયામાં રાખો.

### મહત્વપૂર્ણ આગામી પગલાં
તમારી ગાય ચાર વર્ષની હોવાથી, આનું કારણ અંતઃસ્ત્રાવી વિકૃતિઓ, અલ્પવિકસિત અંડાશય અથવા અન્ય પ્રજનન અસાધારણતા હોઈ શકે છે. **તમારે તાત્કાલિક પશુચિકિત્સક પાસે તેની તપાસ કરાવવી જોઈએ.**

પશુચિકિત્સક ચોક્કસ નિદાન કરી શકે છે અને જો યોગ્ય હોય તો હોર્મોનલ ઇન્જેક્શન (જેમ કે **GnRH અથવા PGF₂α**) આપીને માસિક ચક્ર શરૂ કરાવી શકે છે.

**શું હું તમારા માટે પશુચિકિત્સક સાથે આરોગ્ય તપાસ માટે એપોઇન્ટમેન્ટ બુક કરવામાં મદદ કરી શકું?**","ચાર વર્ષની એવી બકરી કે જેમાં માસિક ચક્રના કોઈ ચિહ્નો દેખાતા નથી, તેનું કારણ પોષણની ઉણપ, કોઈ અંતર્ગત સ્વાસ્થ્ય સમસ્યા અથવા પ્રજનન માર્ગની સમસ્યા હોઈ શકે છે. કોઈ પણ દવા આપતા પહેલાં, સૌ પ્રથમ આ બાબતોનું ધ્યાન રાખો:

- ખાતરી કરો કે તમારી બકરીને પૂરતા પ્રમાણમાં પ્રોટીન, ઊર્જા, ખનિજો (ખાસ કરીને કેલ્શિયમ, ફોસ્ફરસ અને ટ્રેસ મિનરલ્સ) અને વિટામિન્સ સાથે સંતુલિત આહાર મળી રહ્યો છે. સારી ગુણવત્તાવાળી લીલો ચારો, થોડા અનાજ અને ખનિજ મિશ્રણ મહત્વપૂર્ણ છે.
- ખાતરી કરો કે તેનું વજન ઓછું કે વધારે તો નથી.
- કોઈપણ સંભવિત તણાવ દૂર કરો.
- સ્થાનિક પશુચિકિત્સકની સલાહ મુજબ નિયમિતપણે કૃમિનાશક દવા આપો.
- કોઈપણ લાંબા ગાળાની બીમારી અથવા પ્રજનન માર્ગની સમસ્યાઓ નકારી કાઢો.

પશુચિકિત્સક દ્વારા યોગ્ય તપાસ કર્યા પછી જ્યાં સુધી કોઈ ચોક્કસ દવા લખી આપવામાં ન આવે ત્યાં સુધી હોર્મોનલ સારવાર અથવા દવાઓ આપશો નહીં. બકરીમાં માસિક ચક્ર ન આવવાનું કારણ જાણવા અને યોગ્ય સારવાર માટે પશુચિકિત્સક દ્વારા તપાસ કરાવવી શ્રેષ્ઠ છે.

જો તમે ઈચ્છો, તો હું યોગ્ય તપાસ અને સલાહ માટે પશુચિકિત્સકની મુલાકાત ગોઠવવામાં મદદ કરી શકું છું. શું તમે આ માટે આગળ વધવા માંગો છો?",grammar_fluency_compare,,"Response B reads more naturally and smoothly in Gujarati, with fewer awkward constructions than Response A.",2,"Grammatically understandable, but it feels translated and unnatural in several places, with awkward medical phrasing and inconsistent wording.",3,"Overall grammatical and clearer than A, though still somewhat technical and not fully natural in tone.",response_b,"Response B reads more naturally and smoothly in Gujarati, with fewer awkward constructions than Response A.",1.804,1187,109,1296,0.00138075
132,51,3.at_parity,chat,3.at_parity,સેક્સ્ડ સીમેનથી થયેલ બચ્ચું અને એમ્બ્રિયો ટ્રાન્સફર (ET)થી થયેલ બચ્ચામાં મુખ્ય તફાવત શું?,"જાતીય રીતે પસંદ કરેલા શુક્રાણુથી જન્મેલા વાછરડા અને ગર્ભાધાન દ્વારા જન્મેલા વાછરડા વચ્ચેનો મુખ્ય તફાવત **ટેકનોલોજીનો હેતુ** અને **આનુવંશિક યોગદાન**માં રહેલો છે:

*   **જાતીય રીતે પસંદ કરેલું શુક્રાણુ:** પ્રાથમિક ધ્યેય વાછરડાનું **લિંગ નિયંત્રિત** કરવાનું છે. તે વિશિષ્ટ શુક્રાણુનો ઉપયોગ કરે છે જેથી માદા વાછરડા થવાની સંભાવના વધારી શકાય (લગભગ 80-90%). વાછરડાના આનુવંશિક ગુણો ખેડૂતના પોતાના ગાય અને પસંદ કરેલા બળદમાંથી આવે છે.
*   **ગર્ભાધાન (ઇએમટી):** પ્રાથમિક ધ્યેય **ઉત્તમ આનુવંશિક ગુણોનું વિસ્તીકરણ** કરવાનું છે. શ્રેષ્ઠ નર અને માદા પશુઓમાંથી બનાવેલ 7 દિવસ જૂનું ગર્ભ ""સરોગતા માતા"" તરીકે વપરાતા પ્રાણીમાં પ્રત્યારોપિત કરવામાં આવે છે. તેથી, વાછરડાના આનુવંશિક ગુણો શ્રેષ્ઠ દાતા માતા-પિતામાંથી આવે છે, સરોગતા માતામાંથી નહીં.

**મુખ્ય સરખામણી કોષ્ટક:**

| લક્ષણ | જાતીય રીતે પસંદ કરેલું શુક્રાણુ | ગર્ભાધાન (ઇએમટી) |
| :--- | :--- | :--- |
| **મુખ્ય હેતુ** | ચોક્કસ લિંગ (સામાન્ય રીતે માદા) સુનિશ્ચિત કરવું. | આનુવંશિક રીતે ઉત્તમ માદાઓમાંથી વધુ વાછરડા ઉત્પન્ન કરવા. |
| **આનુવંશિક ગુણો** | માતા ગાય $\times$ પસંદ કરેલો બળદ. | ઉત્તમ દાતા ગાય $\times$ ઉત્તમ દાતા બળદ. |
| **લિંગની પસંદગી** | ઇચ્છિત લિંગની ઉચ્ચ સંભાવના (80-90%). | લિંગની પસંદગી પ્રદાન કરતું નથી. |
| **પ્રક્રિયા** | કૃત્રિમ ગર્ભાધાન (એઆઈ) દ્વારા કરવામાં આવે છે. | વિશિષ્ટ સાધનોની જરૂર પડે છે (એઆઈ ગનનો ઉપયોગ કરી શકાતો નથી). |
| **ઉપલબ્ધતા** | તાલીમ પામેલા એઆઈ ટેકનિશિયન દ્વારા ઉપલબ્ધ છે. | સામાન્ય રીતે વ્યક્તિગત ખેડૂતો માટે ઉપલબ્ધ નથી; વિશિષ્ટ સંસ્થાઓ દ્વારા કરવામાં આવે છે.","મુખ્ય તફાવત પ્રજનન તકનીક અને આનુવંશિકતા પરના નિયંત્રણમાં છે:

- **લિંગ-નિર્ધારિત શુક્રાણુ (Sexed Semen):** આ પ્રક્રિયામાં શુક્રાણુને એવી રીતે અલગ કરવામાં આવે છે કે તેમાં મોટાભાગે X- રંગસૂત્ર (માદા) અથવા Y- રંગસૂત્ર (નર) ધરાવતા શુક્રાણુ હોય, અને પછી કૃત્રિમ ગર્ભાધાન કરવામાં આવે છે. લિંગ-નિર્ધારિત શુક્રાણુનો ઉપયોગ કરવાથી ઇચ્છિત લિંગના બચ્ચાને જન્મ આપવાની શક્યતા વધે છે, સામાન્ય રીતે દૂધ ઉત્પાદન માટે માદા બચ્ચાની જરૂર હોય છે.

- **ગર્ભાધાન પ્રત્યારોપણ (Embryo Transfer - ET):** ETમાં, આનુવંશિક રીતે ઉત્તમ ગાયો દ્વારા કુદરતી રીતે અથવા ઇન વિટ્રો ફર્ટિલાઇઝેશન દ્વારા ગર્ભ બનાવવામાં આવે છે, અને પછી તેને બીજા ગાયના ગર્ભાશયમાં પ્રત્યારોપિત કરવામાં આવે છે. આનાથી ઉત્તમ આનુવંશિક ગુણોનું ઝડપથી ઉત્પાદન કરી શકાય છે, કારણ કે એક ઉત્તમ દાતા ગાય એક વર્ષમાં ઘણા બચ્ચાને જન્મ આપી શકે છે.

**સારાંશ:** લિંગ-નિર્ધારિત શુક્રાણુથી ઉત્પન્ન થયેલા બચ્ચા પસંદ કરેલા લિંગના હોય છે, પરંતુ તે સામાન્ય ગર્ભાધાન દ્વારા ઉત્પન્ન થાય છે, જ્યારે ET દ્વારા ઉત્પન્ન થયેલા બચ્ચા ઉચ્ચ ગુણવત્તાવાળા આનુવંશિક ગુણોથી ઉત્પન્ન થાય છે અને તેમાં અદ્યતન ગર્ભ સંચાલન તકનીકનો ઉપયોગ થાય છે, અને તેમાં લિંગનું નિયંત્રણ જરૂરી નથી, સિવાય કે તેનો ઉપયોગ લિંગ-નિર્ધારિત શુક્રાણુ સાથે કરવામાં આવે.",grammar_fluency_compare,,"Response B is more grammatically natural and clearer overall, while Response A has more awkward, translated-sounding phrasing.",2,"The Gujarati is understandable, but several phrases feel translated and unnatural, with awkward technical wording and some grammar/word-choice issues.",3,"The Gujarati is mostly correct and flows better than A, though it is still somewhat technical and not fully natural in tone.",response_b,"Response B is more grammatically natural and clearer overall, while Response A has more awkward, translated-sounding phrasing.",1.8658,1332,122,1454,0.001548
133,52,3.at_parity,chat,3.at_parity,નાના વાછરડાને પોદળા (મળ) થવાનું બંધ થઈ જાય તો ઘરેલું ઉપાય/ઇલાજ શું?,"જે બચ્ચા અથવા પ્રાણીને મળત્યાગમાં મુશ્કેલી થઈ રહી છે ( કબજિયાત ), તેના માટે નીચેના ઘરેલું ઉપાયો સૂચવવામાં આવ્યા છે, જે અવરોધની અવધિ પર આધારિત છે:

*   **જો પ્રાણીએ 8 કલાકથી મળત્યાગ ન કર્યો હોય:** જરૂરિયાત મુજબ **1.5 કિલો ગોળ**માં **કાળા મરી (મારિ)** અને **સૂઠું (મિથુ)** ઉમેરીને પ્રાણીને ખવડાવો.
*   **આગળની સારવાર:** પાચન યોગ્ય રીતે થાય અને અવરોધ ફરીથી થતો અટકાવવામાં મદદ મળે તે માટે **દરરોજ એક અઠવાડિયા સુધી છીણેલું મૂળા ખવડાવો**.

**મહત્વપૂર્ણ ચેતવણીઓ:**
*   **ગંભીર અવરોધ:** જો પ્રાણીએ **12 કલાકથી મળત્યાગ ન કર્યો હોય**, તો આ એક ગંભીર સ્થિતિ છે. દસ્તાવેજોમાં અવરોધ દૂર કરવા માટે એક તબીબી પ્રક્રિયા (ઇન્સીઝન) નો ઉલ્લેખ છે; જો કે, **આ ફક્ત કોઈ વ્યાવસાયિક દ્વારા જ થવું જોઈએ**. જાતે અવરોધ દૂર કરવાનો પ્રયાસ કરશો નહીં.
*   **તબીબી સહાય:** જો બચ્ચું સુસ્ત છે, ખાતું નથી, અથવા ઘરેલું ઉપાય ઝડપથી કામ કરતું નથી, તો કૃપા કરીને તાત્કાલિક તમારા નજીકના પશુચિકિત્સકનો સંપર્ક કરો.

તમારા બચ્ચાને સ્વાસ્થ્ય સમસ્યા થઈ રહી છે, તેથી શું તમે ઇચ્છો છો કે હું તમારા માટે પશુચિકિત્સક સાથે સ્વાસ્થ્ય તપાસ માટે એપોઇન્ટમેન્ટ બુક કરું?","જો કોઈ નાનું બચ્ચું મળ (વિષ્ટા) પસાર કરવાનું બંધ કરી દે, તો તે કબજિયાત અથવા પાચનતંત્રમાં અવરોધથી પીડાઈ રહ્યું હોઈ શકે છે. અહીં કેટલાક ઘરેલું ઉપાયો છે જે તમે પશુચિકિત્સકની મદદની વ્યવસ્થા કરતી વખતે અજમાવી શકો છો:

1. બચ્ચાના પેટને હળવેથી મસાજ કરો જેથી આંતરડાની હલનચલનને ઉત્તેજીત કરવામાં મદદ મળે.
2. ખાતરી કરો કે બચ્ચાને સ્વચ્છ, હુંફાળા પાણીની પહોંચ મળે જેથી ડિહાઇડ્રેશન અટકાવી શકાય.
3. હળવી કબજિયાત માટે, તમે થોડા ચમચી એરંડાનું તેલ (નાના બચ્ચા માટે 10-20 મિલી) મૌખિક રીતે આપી શકો છો, પરંતુ આ ડોઝથી વધુ ન આપો અને કોઈપણ મજબૂત અથવા અજાણ્યા રેચક દવાઓ આપવાનું ટાળો.
4. તમે થોડી માત્રામાં હુંફાળું દૂધ અને તેમાં થોડું મીઠું ઉમેરીને આપી શકો છો, જેથી મળની હલનચલન વધે.
5. બચ્ચાને ગરમ રાખો અને પેટ ફૂલવું, સતત તાણ, સુસ્તી અથવા ખાવું બંધ કરવું જેવા કોઈપણ ગંભીર લક્ષણો માટે તેનું નિરીક્ષણ કરો.

મહત્વપૂર્ણ: જો બચ્ચામાં પેટમાં દુખાવો, ગંભીર સોજો, સતત તાણ અથવા નબળાઈ જેવા લક્ષણો દેખાય, તો તાત્કાલિક પશુચિકિત્સકનો સંપર્ક કરો, કારણ કે અવરોધિત આંતરડા જીવલેણ બની શકે છે અને તાત્કાલિક તબીબી સારવારની જરૂર પડી શકે છે. ઘરેલું ઉપાયો ફક્ત હળવા કિસ્સાઓમાં જ કરવા જોઈએ અને જો બચ્ચાની સ્થિતિ ગંભીર હોય તો તેનો પ્રયાસ કરવો જોઈએ નહીં.

હંમેશાં તમારા સ્થાનિક પશુચિકિત્સકની સલાહ લો અને તમારા પ્રાણી માટે યોગ્ય ડોઝ અને ચોક્કસ સારવાર વિશે જાણો.",grammar_fluency_compare,,"Response B reads more naturally and fluently in Gujarati, while Response A feels more translated and less natural.",3,"Mostly grammatical and understandable, but it sounds somewhat technical and unnatural in places.",4,"Grammatically smooth and natural overall, with a friendly tone and clear structure.",response_b,"Response B reads more naturally and fluently in Gujarati, while Response A feels more translated and less natural.",2.2254,1149,101,1250,0.00131625
134,53,3.at_parity,chat,3.at_parity,મારે જર્સી ગાયો લાવી છે તો એચએફ કરતા તેમાં કોઈ નુકસાન ખરું?,"એચએફ ગાયોની સરખામણીમાં, જર્સી ગાયોમાં અમુક વિશિષ્ટ લાક્ષણિકતાઓ હોય છે જેને તમારા ધ્યેયોના આધારે ગેરલાભ તરીકે જોઈ શકાય છે, પરંતુ તે નોંધપાત્ર ફાયદા પણ પ્રદાન કરે છે.

**જર્સી ગાયોના સંભવિત ગેરફાયદા:**
*   **ઓછું કુલ દૂધ ઉત્પાદન:** જર્સી ગાયો ઉત્પાદક હોવા છતાં, એચએફ ગાયો સામાન્ય રીતે વધુ દૂધ ઉત્પાદન માટે જાણીતી છે.
*   **શરીરની સ્થિતિ:** જર્સી જાતિની એક મુખ્ય લાક્ષણિકતા એ છે કે દૂધ ઉત્પાદનને ટેકો આપવા માટે બચ્ચાંને જન્મ આપ્યા પછી શરીરની ચરબી ઓછી થાય છે, કારણ કે સ્તન ગ્રંથી શરીર પર ચરબી જમા થવા દેતી નથી.
*   **કદ:** તે વિદેશી જાતિઓમાં સૌથી નાની છે.

**જર્સી ગાયોના ફાયદા (શા માટે તે તમારા માટે વધુ સારી હોઈ શકે છે):**
*   **વધુ ચરબીનું પ્રમાણ:** જર્સી દૂધમાં એચએફ ગાયો (લગભગ 3% થી 3.5%) ની સરખામણીમાં વધુ ચરબીનું પ્રમાણ (લગભગ 4% થી 5.5%) હોય છે.
*   **વધુ સારી ગરમી સહનશક્તિ:** જર્સી ગાયોમાં ગરમી સહન કરવાની ક્ષમતા વધુ હોય છે અને તે ભારતીય આબોહવાની પરિસ્થિતિઓમાં એચએફ ગાયો કરતાં વધુ સારી રીતે અનુકૂલન સાધી શકે છે.
*   **ખર્ચ-અસરકારક:** તેના નાના કદને કારણે, તે દૂધ ઉત્પાદન માટે વધુ ખર્ચ-અસરકારક હોઈ શકે છે.

**આરોગ્ય અંગે મહત્વપૂર્ણ નોંધ:**
બંને શુદ્ધ વિદેશી જાતિઓ (એચએફ અને જર્સી) સ્થાનિક જાતિઓની તુલનામાં **માસ્ટિટિસ** માટે વધુ સંવેદનશીલ હોય છે. આને રોકવા માટે કડક સ્વચ્છતા અને સ્તન સંભાળ જાળવવાની ખાતરી કરો.","જર્સી ગાય અને હોલસ્ટેઇન ફ્રિસિયન (એચએફ) ગાય વચ્ચે કેટલાક મહત્વપૂર્ણ તફાવતો છે:

એચએફ ગાયની સરખામણીમાં જર્સી ગાયના ગેરફાયદા:

- ઓછું દૂધ ઉત્પાદન: સરેરાશ, જર્સી ગાયો એચએફ ગાયો કરતાં દરરોજ ઓછું દૂધ આપે છે.
- નાનું શરીર: જર્સી ગાયોનું કદ નાનું હોવાથી, જો માંસનું ઉત્પાદન મહત્વનું હોય, તો તેનું માંસનું ઉત્પાદન ઓછું હોય છે.
- અમુક બજારોમાં ઓછી પસંદગી: એવા પ્રદેશોમાં જ્યાં માત્ર વધુ દૂધની માત્રાને મહત્વ આપવામાં આવે છે, ત્યાં એચએફ ગાયોને વધુ પસંદ કરવામાં આવે છે.
- મોટા વ્યાપારી અને તીવ્ર ખેતરો માટે ઓછી યોગ્ય: જ્યાં જગ્યા અને ચારાની કોઈ મર્યાદા નથી, ત્યાં એચએફ ગાયો વધુ સારું એકંદર ઉત્પાદન આપી શકે છે.

જો કે, જર્સી ગાયોના પોતાના ફાયદા પણ છે, જેમ કે દૂધમાં વધુ ચરબી અને એસએનએફ (SNF)નું પ્રમાણ, વધુ સારી ચારાની કાર્યક્ષમતા અને સારી ગરમી સહન કરવાની ક્ષમતા, ખાસ કરીને ભારતીય પરિસ્થિતિઓ માટે. તમારી પસંદગી તમારા ખેતરની પરિસ્થિતિઓ, બજારની જરૂરિયાતો (દૂધની માત્રા વિરુદ્ધ ગુણવત્તા) અને ચારાના સ્ત્રોતો પર આધારિત હોવી જોઈએ. તમારી પરિસ્થિતિને અનુરૂપ વધુ માહિતી માટે, તમારા સ્થાનિક પશુધન અધિકારીની સલાહ લો.",grammar_fluency_compare,,"Response B is slightly more natural and concise, so it reads a bit better overall, though both are similar in fluency.",3,"Grammar is mostly correct and understandable, but the wording is quite formal and technical rather than naturally friendly.",3,"The grammar is generally correct, but it also sounds somewhat technical and less natural in everyday speech.",response_b,"Response B is slightly more natural and concise, so it reads a bit better overall, though both are similar in fluency.",1.876,1151,113,1264,0.00137175
135,56,3.at_parity,chat,3.at_parity,વાછરડી ના શિંગડા કાઢ્યા પછી જલ્દી રૂઝ આવે એ માટે શું કરવું?,"વાછરડીના શિંગડા કાપ્યા પછી ઝડપી અને સ્વસ્થ રૂઝ આવવા માટે, આ પગલાં અનુસરો:

*   **તાત્કાલિક દેખરેખ:** પ્રક્રિયા પછી 30 થી 60 મિનિટ સુધી પ્રાણીમાં રક્તસ્રાવ માટે નજીકથી દેખરેખ રાખો. જો રક્તસ્રાવ થાય, તો તેને રોકવા માટે ગરમ લોખંડથી કોગળું કરો.
*   **ઘાની સંભાળ:** સામાન્ય રીતે ઘા સારવાર વગર પણ સારી રીતે રૂઝ આવે છે, પરંતુ ચેપને રોકવા માટે ઘા પર પાટો બાંધવાની અને જંતુનાશક સ્પ્રેનો ઉપયોગ કરવાની ભલામણ કરવામાં આવે છે.
*   **પોષણ:** ઝડપી રૂઝ આવવા માટે પૂરતું અને સારું પોષણ આપો. ખોરાકનું પ્રમાણ ઓછું ન કરો, કારણ કે તેનાથી રૂઝ આવવાની પ્રક્રિયા ધીમી પડી શકે છે.
*   **દેખરેખ:** પ્રક્રિયા પછી 10 થી 14 દિવસ સુધી નિયમિતપણે ચેપના કોઈપણ ચિહ્નો માટે તપાસ કરો.
*   **પશુચિકિત્સકની સલાહ:** જો વાછરડીમાં તીવ્ર દુખાવાના ચિહ્નો દેખાય અથવા ચેપ લાગે, તો પશુચિકિત્સકની સલાહ લો.","બચ્ચાના શિંગડા કાપ્યા (ડીહોર્નિંગ) પછી, ઘાને ઝડપથી રૂઝ આવવામાં મદદ કરવા માટે તેની યોગ્ય રીતે સંભાળ રાખવી મહત્વપૂર્ણ છે:

૧. દરરોજ સ્વચ્છ પાણી અને એન્ટિસેપ્ટિક દ્રાવણથી ઘાને હળવેથી સાફ કરીને તે વિસ્તારને સ્વચ્છ રાખો.
૨. ચેપને રોકવા માટે યોગ્ય એન્ટિસેપ્ટિક મલમ લગાવો.
૩. બચ્ચાને માખીઓ અને ધૂળથી બચાવો, કારણ કે તેનાથી ખુલ્લા ઘામાં ચેપ લાગી શકે છે.
૪. સોજો, પરુ, દુર્ગંધ અથવા સતત રક્તસ્ત્રાવ જેવા ચેપના ચિહ્નો માટે ધ્યાન રાખો અને જો આમાંના કોઈ પણ ચિહ્નો દેખાય તો પશુચિકિત્સકની સલાહ લો.
૫. ઘાના વિસ્તારમાં બળતરા અથવા ચેપને રોકવા માટે નરમ અને સ્વચ્છ પથારી પ્રદાન કરો.

સારી પોષણ અને ઓછામાં ઓછું સંચાલન પણ સ્વસ્થ થવામાં મદદ કરે છે. કોઈપણ સ્વાસ્થ્ય સમસ્યાઓ પર તાત્કાલિક ધ્યાન આપવાથી ઝડપથી રૂઝ આવવામાં મદદ મળશે. ઘાની સંભાળ અને તમારા વિસ્તાર માટેની ચોક્કસ સલાહ માટે હંમેશા સ્થાનિક પશુચિકિત્સકની સલાહ લો.",grammar_fluency_compare,,"Response B reads more naturally and fluently in Gujarati, with fewer awkward or technical-sounding phrases.",3,"Mostly grammatical and understandable, but some phrasing is a bit technical and not fully natural in Gujarati.",4,"Grammatically correct, natural, and friendly overall, with clear structure and fluent Gujarati.",response_b,"Response B reads more naturally and fluently in Gujarati, with fewer awkward or technical-sounding phrases.",1.4898,909,107,1016,0.00116325
136,60,3.at_parity,chat,3.at_parity,સારી પાડી વાછરડી ની ઓળખ કરીને ખરીદવી હોય તો કયા કયા લક્ષણો કે ગુણો ચેક કરવા?,"ઉચ્ચ ગુણવત્તાવાળી વાછરડીને ઓળખવા અને ખરીદવા માટે, તમારે નીચેના લક્ષણો અને ગુણો પર ધ્યાન કેન્દ્રિત કરવું જોઈએ:

### 1. શારીરિક અને જાતિગત લક્ષણો
*   **જાતિ વિશિષ્ટતાઓ:** ખાતરી કરો કે વાછરડીમાં ઉચ્ચ ઉત્પાદન આપતી જાતિના વિશિષ્ટ લક્ષણો હોય (જેમ કે ગીર, કાંકરેજ ગાયો માટે; સુરતી, મહેસાણી, મુર્રા અથવા જાફરાબાદી ભેંસો માટે).
*   **શરીરની રચના:** મજબૂત બાંધો, સચેત દેખાવ અને ભવ્ય મુદ્રા જુઓ. એક સારી વાછરડીમાં સામાન્ય રીતે નીચેના લક્ષણો હોય છે:
    *   ચોક્કસ અને તેજસ્વી આંખો અને માથું જે ગરદનથી સ્પષ્ટ રીતે અલગ હોય.
    *   ખભાથી પૂંછડી સુધી સીધી પીઠ.
    *   લાંબી, સપાટ, અર્ધ-ગોળાકાર પાંસળીઓ જે સારી રીતે ગોઠવાયેલી હોય.
    *   પાતળી, નરમ ત્વચા જેમાં વધુ પડતી ચરબી ન હોય.
    *   પાછળના પગ અંદરની તરફ વળેલા ન હોવા જોઈએ અને તેમની વચ્ચે પૂરતી જગ્યા હોવી જોઈએ.
*   **સ્તનની વૃદ્ધિ:** ચમકદાર, પાતળી ત્વચાવાળા સ્તન તપાસો. જે વાછરડીઓના સ્તનમાં ફોડ, ઘર્ષણ અથવા સોજો હોય, તેને ટાળો, કારણ કે આ માસ્ટિટિસના સંકેતો હોઈ શકે છે.

### 2. આરોગ્ય અને આનુવંશિક ગુણવત્તા
*   **વંશાવળી:** માતા-પિતાના આર્થિક અને શારીરિક લક્ષણોની ચકાસણી કરો. આદર્શ રીતે, ઉચ્ચ ઉત્પાદન આપતા માતા-પિતા પાસેથી અને ઉત્તમ વંશાવળી ધરાવતા બળદના વીર્યથી ગર્ભિત કરાવેલી વાછરડીઓ ખરીદો.
*   **આનુવંશિક ખામીઓ:** ખાતરી કરો કે વાછરડીમાં કોઈ દેખીતી આનુવંશિક ખામીઓ નથી.
*   **સામાન્ય આરોગ્ય:** વાછરડી સ્વસ્થ હોવી જોઈએ અને તેમાં કોઈ રોગ ન હોવો જોઈએ, જેથી ગર્ભાધાન અને ગર્ભાવસ્થા સરળતાથી થઈ શકે.

### 3. ખરીદી અને સલામતી માર્ગદર્શિકા
*   **વિશ્વસનીય સ્ત્રોતો:** ફક્ત વિશ્વસનીય વ્યક્તિઓ, નોંધાયેલા પશુપાલકો અથવા પ્રતિષ્ઠિત સંસ્થાઓ પાસેથી જ ખરીદી કરો.
*   **ક્વોરેન્ટાઇન:** નવી વાછરડીઓને હંમેશાં **15 થી 30 દિવસ** માટે અલગ વિસ્તારમાં ક્વોરેન્ટાઇન કરો, જેથી ચેપ ફેલાતો અટકાવી શકાય.
*   **ચકાસણી:** ખાતરી કરો કે વાછરડીના રસીકરણ અપ-ટૂ-ડેટ છે અને વ્યવહારનો રેકોર્ડ રાખો.

### 4. વૃદ્ધિ અને ઉત્પાદકતા લક્ષ્યો
એક સારી વાછરડીમાં જરૂરી વજન (દા.ત., કેટલીક જાતિઓ માટે આશરે 270 કિલો) સુધી પહોંચવાની ક્ષમતા હોવી જોઈએ, જેથી તે વહેલી પરિપક્વતા, નિયમિત માસિક ચક્ર અને વહેલા દૂધ ઉત્પાદનમાં પ્રવેશ કરી શકે, જે ડેરી વ્યવસાયને વધુ ટકાઉ અને નફાકારક બનાવે છે.","સારા બચ્ચાંને ઓળખવા અને ખરીદવા માટે, તમારે નીચેની બાબતો તપાસવી જોઈએ:

૧. સ્વસ્થ દેખાવ: બચ્ચું સચેત, સક્રિય હોવું જોઈએ અને તેમાં કોઈ પણ પ્રકારના રોગના દૃશ્યમાન લક્ષણો ન હોવા જોઈએ (જેમ કે ઉધરસ, ઝાડા, આંખ/નાકમાંથી પ્રવાહી નીકળવું અથવા લંગડું થવું).
૨. શરીરની રચના: સીધી પીઠ, મજબૂત પગ અને સારા પંજાવાળા બચ્ચાંને પસંદ કરો, જેથી ભવિષ્યમાં તે વધુ ઉત્પાદક અને લાંબા આયુષ્ય ધરાવે.
૩. શરીરનું કદ: એવી ઉંમરના બચ્ચાંને ખરીદો જેનું વજન સરેરાશ અથવા સરેરાશથી વધારે હોય, અને જેનું શરીર સારી રીતે વિકસિત અને સમપ્રમાણ હોય.
૪. જાતિની પૃષ્ઠભૂમિ: માતા-પિતાની તપાસ કરો; જે ગાયો અને બળદ વધુ ઉત્પાદન અને સ્વસ્થ હોય તેમના બચ્ચાં પસંદ કરવા જોઈએ.
૫. સ્તનનો વિકાસ: સારી રીતે ગોઠવાયેલા, નાના સ્તનો અને સારી રીતે વિકસિત સ્તન જુઓ (બચ્ચાંમાં પણ, એક નાનું અને સમપ્રમાણ સ્તન હોવું જોઈએ).
૬. સ્વભાવ: શાંત અને સરળતાથી સંભાળી શકાય તેવા બચ્ચાંને પસંદ કરો (નર્વસ અથવા આક્રમક પ્રાણીઓને ટાળો).
૭. ખામીની ગેરહાજરી: ખાતરી કરો કે તેમાં કોઈ શારીરિક ખામીઓ ન હોય, જેમ કે હર્નિયા, વાંકીચૂકી ચહેરો/પગ અથવા કોઈ આનુવંશિક રોગો.
૮. રસીકરણ અને આરોગ્ય રેકોર્ડ: યોગ્ય રસીકરણ અને કૃમિનાશક ઇતિહાસ ધરાવતા બચ્ચાંને પસંદ કરો.

વિશ્વસનીય ફાર્મ અથવા સ્ત્રોતોમાંથી ખરીદવું અને શક્ય હોય તો, પસંદગી કરતી વખતે પશુચિકિત્સકની સલાહ લેવી યોગ્ય છે.",grammar_fluency_compare,,"Response B is slightly more natural and concise in Gujarati, so it reads a bit more fluently overall.",3,"Mostly grammatical and understandable Gujarati, but it sounds somewhat formal/technical and a few phrases are not very natural.",3,"Grammar is generally correct and easy to follow, though some wording is unnatural and a bit translated in style.",response_b,"Response B is slightly more natural and concise in Gujarati, so it reads a bit more fluently overall.",1.5666,1568,113,1681,0.0016845
137,64,3.at_parity,chat,3.at_parity,ગંદકીથી દૂધ ઓછું થાય?,"હા, ગંદકી અને નબળી સ્વચ્છતાને કારણે દૂધના ઉત્પાદનમાં ઘટાડો થઈ શકે છે. આ મુખ્યત્વે નીચેની રીતે થાય છે:

*   **રોગ અને ચેપ:** પશુઓના રહેઠાણમાં નબળી સ્વચ્છતા અને ગંદી પરિસ્થિતિને કારણે રોગકારક જીવાણુઓ સ્તનધારી ગ્રંથિમાં પ્રવેશી શકે છે, જેનાથી **માસ્ટિટિસ** (સ્તનનો ચેપ) થાય છે. માસ્ટિટિસ, ખાસ કરીને તેના અસ્પષ્ટ અથવા ક્રોનિક સ્વરૂપમાં, દૂધની માત્રામાં ઘટાડો કરી શકે છે અથવા અસરગ્રસ્ત ભાગમાં સંપૂર્ણ ઉત્પાદન બંધ પણ થઈ શકે છે.
*   **પશુઓમાં તણાવ:** અસ્વચ્છ અને ગીચ રહેઠાણની પરિસ્થિતિઓ પશુઓમાં તણાવ પેદા કરી શકે છે, જે તેમના એકંદર સ્વાસ્થ્ય અને દૂધના ઉત્પાદન પર નકારાત્મક અસર કરે છે.
*   **દૂધની ગુણવત્તા:** પર્યાવરણમાં રહેલી ગંદકી, કાદવ અને જંતુઓ દૂધ દોહનના સમયે દૂધને દૂષિત કરી શકે છે, જેનાથી તેની ગુણવત્તા બગડે છે અને બેક્ટેરિયાની સંખ્યા વધે છે.

ઉચ્ચ ઉત્પાદન અને ગુણવત્તા જાળવવા માટે, પશુ, શેડ અને દૂધ દોહવાના સાધનોને સ્વચ્છ અને સૂકા રાખવા જરૂરી છે.","હા, પશુઓના આલમમાં ગંદકી અને નબળી સ્વચ્છતાને કારણે દૂધનું ઉત્પાદન ઘટી શકે છે. ગંદા વાતાવરણને કારણે પશુઓમાં તણાવ વધે છે અને માસ્ટીટીસ અને અન્ય રોગો જેવા ચેપ લાગવાનું જોખમ વધે છે, જે દૂધની ઉપજ અને ગુણવત્તા પર નકારાત્મક અસર કરે છે. તમારા પશુઓને સ્વસ્થ અને ઉત્પાદક રાખવા માટે આલમ અને આસપાસના વિસ્તારને હંમેશા સ્વચ્છ રાખો, તાજું પાણી આપો અને સારી સ્વચ્છતા જાળવો. જો તમને તમારા પશુઓમાં કોઈ સ્વાસ્થ્ય સમસ્યા જણાય, તો સલાહ માટે તમારા સ્થાનિક પશુચિકિત્સકનો સંપર્ક કરો.",grammar_fluency_compare,,Response B reads more naturally and is more concise and farmer-friendly while staying grammatically correct.,3,"Grammatically correct overall, but it sounds somewhat technical and formal rather than naturally friendly.",4,"Clear, natural Gujarati with good grammar and a friendly, easy-to-understand tone.",response_b,Response B reads more naturally and is more concise and farmer-friendly while staying grammatically correct.,1.5789,800,102,902,0.001059
138,67,3.at_parity,chat,3.at_parity,ગાયના દૂધનો અલગ ગ્રાહક નંબર આ એકાઉન્ટમાં ઉમેરવો/લિંક કરવો છે,"માફ કરશો, પરંતુ મારી પાસે તમારા ખાતામાં નવા ગ્રાહક નંબર ઉમેરવા અથવા લિંક કરવાની સુવિધા નથી. કૃપા કરીને તમારા સ્થાનિક દૂધ ઉત્પાદક સહકારી મંડળની કચેરી અથવા અમૂલ સપોર્ટનો સંપર્ક કરો જેથી ખાતાના સંચાલન અને ગ્રાહક નંબરને લિંક કરવામાં મદદ મળી શકે.","હાલમાં, તમારા ખેડૂત પ્રોફાઇલમાં કોઈ પણ નોંધાયેલ પશુઓ અથવા તમારા ખાતા સાથે જોડાયેલ ગાયના દૂધ માટે કોઈ અલગ ગ્રાહક નંબર દેખાતો નથી. જો તમે ગાયના દૂધ માટે અલગ ગ્રાહક નંબર ઉમેરવા અથવા જોડવા માંગતા હો, તો કૃપા કરીને તમારા સોસાયટીના સચિવનો સંપર્ક કરો અથવા તમારા નજીકના ડેરી સોસાયટીના કાર્યાલયની મુલાકાત લો. તેઓ તમારા રેકોર્ડને અપડેટ કરવામાં અને તમારા પ્રોફાઇલ સાથે ગાયના દૂધના સંગ્રહ માટે યોગ્ય ગ્રાહક નંબરને જોડવામાં તમને મદદ કરી શકે છે. જો તમને આ પ્રક્રિયા વિશે વિગતવાર સૂચનાઓની જરૂર હોય, તો કૃપા કરીને મને જણાવો!",grammar_fluency_compare,,"Response A is more concise and natural overall, while Response B feels more verbose and slightly less fluent.",3,"Grammatically correct and understandable, but it sounds somewhat formal and slightly technical rather than fully natural and friendly.",3,"Mostly correct grammar and structure, but it is long, a bit repetitive, and reads somewhat unnatural/technical in places.",response_a,"Response A is more concise and natural overall, while Response B feels more verbose and slightly less fluent.",1.4217,546,97,643,0.000846
139,68,3.at_parity,chat,3.at_parity,HF અને જર્સી ક્રોસબ્રીડિંગથી દૂધ ઉત્પાદન/મિલ્કિંગમાં પરિણામ કેવું આવે છે?,"હોલ્સ્ટેઈન-ફ્રિસિયન (એચએફ) અને જર્સી જેવી વિદેશી જાતિની ગાયો સાથે સ્થાનિક ગાયોનું સંકરણ કરવાથી દૂધનું ઉત્પાદન નોંધપાત્ર રીતે વધે છે, અને સામાન્ય રીતે તે સ્થાનિક જાતિની ગાયો કરતાં 2 થી 3 ગણું વધારે દૂધ આપે છે.

**મુખ્ય ઉત્પાદન પરિણામો:**
*   **દૈનિક ઉત્પાદન:** 50% સંકર ગાયો સામાન્ય રીતે દરરોજ **10 થી 20 લિટર** દૂધ આપે છે.
*   **દૂધ આપવાનો સમયગાળો:** તે સામાન્ય રીતે બચ્ચાંને જન્મ આપ્યા પછી લગભગ **300 દિવસ** સુધી દૂધ આપવાનું ચાલુ રાખે છે.
*   **દૂધમાં ચરબીનું પ્રમાણ:**
    *   **જર્સી સંકર ગાયો:** લગભગ **4% થી 5%** ચરબી.
    *   **એચએફ સંકર ગાયો:** લગભગ **3.0% થી 3.5%** ચરબી.

**શુદ્ધ જાતિની ગાયો સાથે સરખામણી:**
જ્યારે સ્થાનિક ગાયો એક દૂધ આપવાના સમયગાળામાં આશરે 800 થી 1,000 લિટર દૂધ આપે છે, ત્યારે શુદ્ધ એચએફ અને જર્સી જાતિની ગાયો 5,000 થી 6,000 લિટર દૂધ આપી શકે છે. સંકરણ દ્વારા આ ઉચ્ચ ઉત્પાદનક્ષમતાવાળા જનીનોને સ્થાનિક પશુધન સાથે જોડવામાં આવે છે.

**સંચાલન બાબતો:**
*   **ઉપયોગિતા:** એચએફ જાતિ સામાન્ય રીતે સિંચાઈવાળા મેદાનો માટે વધુ યોગ્ય છે, જ્યારે જર્સી જાતિ પહાડી અને દરિયાકાંઠાના વિસ્તારો માટે પસંદ કરવામાં આવે છે.
*   **સ્વાસ્થ્ય:** ઉચ્ચ ઉત્પાદનક્ષમતાવાળી સંકર ગાયોમાં **માસ્ટીટીસ** થવાની શક્યતા વધુ હોય છે અને તેને યોગ્ય રીતે સંભાળવાની જરૂર પડે છે.
*   **ઑપ્ટિમાઇઝેશન:** સ્થાનિક ભારતીય આબોહવાની પરિસ્થિતિઓમાં અનુકૂલન સાધવા માટે **50%** સંકરણનું સ્તર સૌથી વધુ ફાયદાકારક માનવામાં આવે છે.","દેશી ગાયોને એચએફ (હોલસ્ટેઈન ફ્રિસિયન) અથવા જર્સી બળદ સાથે સંકરણ કરવાથી સામાન્ય રીતે દૂધનું ઉત્પાદન વધારવાનું લક્ષ્ય રાખવામાં આવે છે, સાથે સાથે સ્થાનિક પરિસ્થિતિઓમાં અનુકૂલન જાળવી રાખવામાં આવે છે.

- સારી વ્યવસ્થાપન હેઠળ એચએફ સંકર ગાયો સામાન્ય રીતે એક વાર્ષિક ઉત્પાદન ચક્રમાં 3,000-5,500 લિટર દૂધનું ઉત્પાદન કરી શકે છે, અને કેટલીક ગાયો તેનાથી પણ વધુ દૂધ આપે છે. આ સંકર ગાયોમાં સામાન્ય રીતે મધ્યમથી ઊંચું દૂધમાં ચરબીનું પ્રમાણ (3.5-4%) હોય છે.
- જર્સી સંકર ગાયો સામાન્ય રીતે એચએફ સંકર ગાયો કરતાં થોડું ઓછું દૂધ આપે છે - ઘણીવાર એક વાર્ષિક ઉત્પાદન ચક્રમાં 2,500-4,500 લિટર - પરંતુ તેમના દૂધમાં ચરબીનું પ્રમાણ સામાન્ય રીતે વધારે હોય છે (4.5-5%).

પરિણામો વ્યવસ્થાપન, ખોરાક અને સ્થાનિક આબોહવા પર આધાર રાખે છે. સંકર ગાયો સામાન્ય રીતે સ્થાનિક જાતિની ગાયો કરતાં વધુ ઉત્પાદક હોય છે, પરંતુ તેમને વધારાની કાળજી અને પોષણની જરૂર પડી શકે છે. શ્રેષ્ઠ પરિણામો માટે, તમારા વિસ્તાર માટે યોગ્ય સંકરણ અને વ્યવસ્થાપન વિશે તમારા સ્થાનિક પશુપાલન અધિકારીની સલાહ લો.",grammar_fluency_compare,,"Response B sounds more natural and polished, while Response A is more technical and slightly less fluent.",3,"Grammatically correct overall, but it reads a bit technical and less natural in places.",4,"Fluent and natural Gujarati with clear structure and a friendly, easy-to-understand tone.",response_b,"Response B sounds more natural and polished, while Response A is more technical and slightly less fluent.",1.466,1152,104,1256,0.001332
140,71,3.at_parity,chat,3.at_parity,દૂધની ગુણવત્તા સારી હોવા છતાં દૂધ મંડળી દૂધ સ્વીકારતી નથી તો શું કરવું?,"જો તમારી દૂધ ઉત્પાદક સહકારી સંસ્થા તમારા દૂધને સ્વીકારવાનો ઇનકાર કરે છે, અને તમને લાગે છે કે તમારું દૂધ સારી ગુણવત્તાનું છે, તો તમે આ પગલાં લઈને સમસ્યાનું નિરાકરણ લાવી શકો છો:

1.  **ગુણવત્તાના ધોરણો તપાસો:** ખાતરી કરો કે તમારું દૂધ યુનિયન દ્વારા જરૂરી ચોક્કસ ફેટ (ચરબી) અને એસએનએફ (સોલિડ નોન ફેટ) ધોરણોને પૂર્ણ કરે છે. ઉદાહરણ તરીકે, કેટલીક યુનિયનો પાસે ભેંસ અને ગાયના દૂધ માટે ચોક્કસ દરપત્રક અને ધોરણો હોય છે; જો યુનિયનના પ્રયોગશાળા દ્વારા દૂધમાં કોઈ ખામી જણાય અથવા તે ""ઉપયોગ માટે યોગ્ય ન હોય"", તો તે સ્વીકારવામાં આવશે નહીં.
2.  **ઔપચારિક ફરિયાદ નોંધાવો:** જો તમે સહકારી સંસ્થાના નિર્ણયથી અસંતુષ્ટ હો, તો તમે ફરિયાદ નિવારણ પદ્ધતિનો ઉપયોગ કરી શકો છો. તમે મૌખિક રીતે અથવા લેખિતમાં નિયુક્ત ફરિયાદ નિવારણ અધિકારી (ગ્રીવન્સ રિડ્રેસલ ઓફિસર - જીઆરઓ)ને ફરિયાદ કરી શકો છો.
3.  **ફરિયાદની વિગતો:** લેખિત ફરિયાદ કરતી વખતે, નીચેની બાબતોનો સમાવેશ કરવાની ખાતરી કરો:
    *   તમારું નામ, સરનામું અને ટેલિફોન નંબર.
    *   સમસ્યાનું સંક્ષિપ્ત વર્ણન.
    *   કોઈપણ સહાયક દસ્તાવેજો (જો ઉપલબ્ધ હોય તો, જેમ કે ગુણવત્તા પરીક્ષણના પરિણામો).
    *   તમે જે રાહત અથવા ઉકેલ મેળવવા માંગો છો તે સ્પષ્ટ કરો.
4.  **ફરિયાદ નોંધાવવાની પદ્ધતિઓ:** તમે નીચેની રીતે ફરિયાદ નોંધાવી શકો છો:
    *   સીધી જીઆરઓ (Grievance Redressal Officer)ને.
    *   ઇઆઈએ (EIA) ઓફિસના રિસેપ્શન પર રાખવામાં આવેલી ફરિયાદ પેટી (Complaint Box) દ્વારા.
    *   પોસ્ટ અથવા ઇલેક્ટ્રોનિક માધ્યમથી (ઇ-મેઇલ/ફેક્સ).

જો તમને પ્રારંભિક પ્રતિભાવથી સંતોષ ન થાય, તો તમને ઉચ્ચ સ્તરના અધિકારીને જાણ કરવાનો અધિકાર છે.","જો તમારા દૂધની ગુણવત્તા સારી હોય પરંતુ દૂધ ઉત્પાદક સહકારી સંસ્થા તેને સ્વીકારતી નથી, તો આ પગલાં લો:

૧. સહકારી સંસ્થાના કર્મચારીઓને દૂધ ન સ્વીકારવાનું ચોક્કસ કારણ પૂછો—કેટલીકવાર સમસ્યા દસ્તાવેજો, સમય, એકત્ર કરવાની મર્યાદા અથવા સંઘની નીતિ સાથે સંબંધિત હોઈ શકે છે, દૂધની ગુણવત્તા સાથે નહીં.
૨. તમારા રેકોર્ડ માટે સંસ્થા પાસેથી લેખિતમાં સ્પષ્ટીકરણ અથવા નકારણાનો પત્ર મેળવો.
૩. જો તમને લાગે કે નકારણાનું કારણ વાજબી નથી, તો તમારા સંસ્થાના અધ્યક્ષ અથવા સચિવનો સંપર્ક કરો અને તમારી પરિસ્થિતિ સમજાવો.
૪. તમે તમારા ફરિયાદ સાથે સંઘના કાર્યાલય અથવા ડેરી વિસ્તરણ અધિકારીનો સંપર્ક કરી શકો છો અને જો શક્ય હોય તો, કોઈપણ સહાયક દસ્તાવેજો અથવા દૂધના નમૂના પરીક્ષણ પરિણામો સાથે રજૂ કરો.
૫. જો શક્ય હોય, તો ગુણવત્તાના દસ્તાવેજીકરણ માટે તમારા દૂધનું સરકારી માન્યતા પ્રાપ્ત પ્રયોગશાળામાં સ્વતંત્ર રીતે પરીક્ષણ કરાવો.

શાંત રહો અને સમસ્યાનો ઉકેલ મૈત્રીપૂર્ણ રીતે લાવવાનો પ્રયાસ કરો, પરંતુ કોઈપણ વધુ કાર્યવાહી માટે લેખિત રેકોર્ડ રાખો. જો સમસ્યા ચાલુ રહે, તો તમારા જિલ્લાના પશુપાલન અધિકારી અથવા સંબંધિત દૂધ સંઘના ફરિયાદ નિવારણ સેલમાં જાણ કરો.",grammar_fluency_compare,,"Response B reads more naturally and smoothly in Gujarati, while Response A is more technical and less native-like.",3,"Mostly grammatical and understandable Gujarati, but it sounds formal/technical and a bit translated in places.",4,"Fluent, natural Gujarati with correct grammar and a friendly, easy-to-understand tone.",response_b,"Response B reads more naturally and smoothly in Gujarati, while Response A is more technical and less native-like.",1.6553,1193,107,1300,0.00137625
141,72,3.at_parity,chat,3.at_parity,"દૂધની ટાંકી/મિલ્ક ટાંક વિશે માહિતી (ક્ષમતા, પ્રકાર, ભાવ, ઉપયોગ)?","આપેલ દસ્તાવેજોના આધારે, દૂધના ટાંકા (ખાસ કરીને બલ્ક મિલ્ક કૂલર્સ) વિશેની માહિતી નીચે મુજબ છે:

**પ્રકારો અને ક્ષમતા**
દૂધના ટાંકા (બલ્ક મિલ્ક કૂલર્સ) વિવિધ જરૂરિયાતોને અનુરૂપ વિવિધ ક્ષમતાઓમાં ઉપલબ્ધ છે:
*   **ઓપન-ટાઇપ બલ્ક કૂલર્સ:** 500 લિટર, 1000 લિટર, 1500 લિટર અને 2000 લિટરની ક્ષમતામાં ઉપલબ્ધ છે.
*   **ક્લોઝ્ડ-ટાઇપ બલ્ક કૂલર્સ:** મોટી ક્ષમતામાં ઉપલબ્ધ છે, જેમાં 3000 લિટરથી 5000 લિટર, 6000 લિટરથી 8000 લિટર અને 10,000 લિટરથી 12,000 લિટરનો સમાવેશ થાય છે.

**ઉપયોગ અને હેતુ**
*   **ગુણવત્તા જાળવણી:** આ ટાંકા ગામના સ્તરે દૂધને ઠંડુ રાખવા માટે વપરાય છે, જે દૂધની સ્વચ્છતા અને ગુણવત્તા સુનિશ્ચિત કરે છે અને તેની શેલ્ફ લાઇફ વધારે છે.
*   **કોલ્ડ ચેઇન:** આ કોલ્ડ ચેઇન માળખાનો એક મહત્વપૂર્ણ ભાગ છે, જે કાચા દૂધને ડેરી પ્લાન્ટ સુધી ઝડપથી પહોંચાડવામાં મદદ કરે છે.

**કિંમત અને સહાય**
વ્યક્તિગત ટાંકા માટે ચોક્કસ બજાર કિંમત આપવામાં આવી નથી; જો કે, સરકાર અને યુનિયન દ્વારા સહાય પૂરી પાડવામાં આવે છે:
*   **સરકારી યોજનાઓ:** કેન્દ્ર સરકાર દ્વારા પ્રાયોજિત યોજનાઓ (જેને NABARD દ્વારા અમલમાં મૂકવામાં આવે છે) ગુણવત્તાયુક્ત અને સ્વચ્છ દૂધના ઉત્પાદન માટે માળખાને સુધારવા માટે બલ્ક કૂલર્સની ખરીદી માટે નાણાકીય સહાય પૂરી પાડે છે.
*   **યુનિયન સહાય:** કેટલીક યુનિયન દૈનિક દૂધ ઉત્પાદનની ક્ષમતાના આધારે દૂધ હાઉસ બનાવવા માટે સહાય પૂરી પાડે છે (દા.ત., ₹1,50,000 થી ₹3,00,000 સુધીની સહાય, જે ક્ષમતા અને સુવિધાના કદ પર આધાર રાખે છે).

ચોક્કસ વર્તમાન કિંમત જાણવા અથવા સહાય માટે અરજી કરવા માટે, હું તમારા સ્થાનિક ડેરી સોસાયટી અથવા અમૂલ યુનિયન ઓફિસનો સંપર્ક કરવાની ભલામણ કરું છું.","દૂધના ટાંકા એ સામાન્ય રીતે ડેરી ફાર્મ અને દૂધ સંગ્રહ કેન્દ્રોમાં વપરાતા સંગ્રહ પાત્રો છે, જેનો ઉપયોગ દૂધને એકત્રિત કરવા, ઠંડુ કરવા અને સંગ્રહિત કરવા માટે થાય છે, જેથી તેને પરિવહન અથવા પ્રક્રિયા માટે તૈયાર કરી શકાય. અહીં એક સામાન્ય માહિતી આપવામાં આવી છે:

- ક્ષમતા: દૂધના ટાંકાની ક્ષમતા સામાન્ય રીતે 500 લિટરથી લઈને 10,000 લિટર અથવા તેનાથી વધુ હોઈ શકે છે, જે જરૂરિયાત પર આધાર રાખે છે.
- પ્રકાર: સામાન્ય પ્રકારોમાં બલ્ક મિલ્ક કૂલર્સ (જેમાં બિલ્ટ-ઇન કૂલિંગ સિસ્ટમ હોય છે), સાદા સ્ટેનલેસ સ્ટીલના સંગ્રહ ટાંકા અને ઇન્સ્યુલેટેડ ટાંકાનો સમાવેશ થાય છે.
- કિંમત: કિંમત કદ, પ્રકાર અને બ્રાન્ડ પર આધાર રાખે છે. ઉદાહરણ તરીકે, 500 લિટરના બલ્ક મિલ્ક કૂલરની કિંમત ₹1,00,000 થી ₹1,50,000 અથવા તેનાથી વધુ હોઈ શકે છે, જ્યારે મોટા ટાંકા પ્રમાણસર રીતે વધુ મોંઘા હોય છે.
- ઉપયોગ: દૂધના ટાંકાનો ઉપયોગ દૂધને તાજું રાખવા, બગડતું અટકાવવા અને દૂધને ઝડપથી 4°C પર ઠંડુ કરીને સ્વચ્છતા જાળવવા માટે થાય છે. તે દૂધ સંગ્રહ કેન્દ્રો, ચિલિંગ કેન્દ્રો અથવા મોટા ડેરી ફાર્મમાં સ્થાપિત કરવામાં આવે છે.

યુનિયન દ્વારા મંજૂર કરાયેલ વિક્રેતાની વિગતો, ચોક્કસ કિંમતો, સબસિડી અથવા તમારા યુનિયન/સહકારી સંસ્થામાં ભલામણ કરેલ મોડેલો માટે, કૃપા કરીને તમારા ડેરી યુનિયન અથવા સહકારી સંસ્થાનું નામ જણાવો. આનાથી મને સંબંધિત સ્થાનિક માહિતી અને યોજનાઓ પ્રદાન કરવામાં મદદ મળશે, જો તે ઉપલબ્ધ હોય તો.",grammar_fluency_compare,,"Response A is slightly more structured and natural in Gujarati, though both are similar in fluency.",3,"Mostly grammatical and understandable Gujarati, but it sounds somewhat technical and translated rather than fully natural.",3,"Grammar is generally correct and readable, but the phrasing is a bit formal/technical and not fully native-sounding.",response_a,"Response A is slightly more structured and natural in Gujarati, though both are similar in fluency.",1.5737,1328,110,1438,0.001491
142,74,3.at_parity,chat,3.at_parity,દૂધમાંથી વાર્ષિક નફો કેવી રીતે ગણવો/કેટલો થાય?,"તમારા દૂધના વાર્ષિક નફાની ગણતરી કરવા માટે, તમે નીચેના મૂળભૂત સૂત્રનો ઉપયોગ કરી શકો છો:

**વાર્ષિક ચોખ્ખો નફો = કુલ વાર્ષિક આવક – કુલ વાર્ષિક ખર્ચ**

### 1. ગણતરી કેવી રીતે કરવી:
*   **કુલ વાર્ષિક આવક:** એક વર્ષમાં વેચવામાં આવેલા દૂધના કુલ લિટરને પ્રતિ લિટરના ભાવ સાથે ગુણાકાર કરો.
*   **કુલ વાર્ષિક ખર્ચ:** વર્ષ દરમિયાન થતા તમારા બધા ખર્ચાઓનો સરવાળો કરો, જેમાં નીચેનાનો સમાવેશ થાય છે:
    *   **ચારો ખર્ચ:** લીલો ચારો, સૂકો ચારો અને ઘન ચારો.
    *   **પશુ આરોગ્ય:** રસીકરણ, દવાઓ અને પશુચિકિત્સકની મુલાકાતો.
    *   **શ્રમ અને માળખાકીય સુવિધાઓ:** શ્રમ વેતન, વીજળી અને શેડનું જાળવણી ખર્ચ.
    *   **અન્ય ખર્ચ:** વીમો અથવા લોન પર વ્યાજ.

### 2. તે કેટલું હશે?
વાસ્તવિક નફો તમારા પશુઓની સંખ્યા, પશુઓની જાતિ અને તમારી વ્યવસ્થાપન પદ્ધતિઓના આધારે ઘણો બદલાઈ શકે છે. ઉદાહરણ તરીકે:
*   **કેસ સ્ટડી:** એક ખેડૂત (ગીતાબેન) કે જેમણે 150 ગાયો સાથે વૈજ્ઞાનિક વ્યવસ્થાપન અને આધુનિક તકનીકોનો ઉપયોગ કર્યો, તેમણે વર્ષ 2012-13માં **₹21.36 લાખ**નો ચોખ્ખો નફો મેળવ્યો.
*   **વાછરું ઉછેરનો લાભ:** એક વાછરડીની યોગ્ય રીતે સંભાળ રાખવાથી, દૂધ ઉત્પાદનના ચક્રમાં વધારો અને દૂધની વધુ ઉપજને કારણે આશરે **10-11 વર્ષમાં ₹1.5 લાખ**નો વધારાનો નફો થઈ શકે છે.

### 3. નફો વધારવા માટેની ટિપ્સ:
*   **રેકોર્ડ રાખો:** દૂધ ઉત્પાદન અને ચારો ખર્ચનો દૈનિક, માસિક અને વાર્ષિક રેકોર્ડ રાખો, જેથી તમે ખર્ચ ઘટાડી શકો તેવા ક્ષેત્રોને ઓળખી શકો.
*   **વૈજ્ઞાનિક રીતે ચારો આપો:** દૂધ ઉત્પાદકતા જાળવવા માટે લીલા અને સૂકા ચારાનો સંતુલિત પુરવઠો સુનિશ્ચિત કરો.
*   **નિવારક સંભાળ:** નિયમિત રસીકરણ અને સ્વચ્છતા (જેમ કે શેડમાં રબરના સાદડીઓનો ઉપયોગ) રોગોને અટકાવવામાં મદદ કરે છે, જેનાથી ખર્ચાળ નુકસાન થઈ શકે છે.

વધુ સચોટ અંદાજ માટે, હું ભલામણ કરું છું કે તમે તમારા સ્થાનિક પશુચિકિત્સક અથવા સોસાયટી મેનેજરની સલાહ લો, જેથી તેઓ તમારા ચોક્કસ ઉત્પાદન અને ખર્ચના ડેટાનું વિશ્લેષણ કરી શકે.","દૂધમાંથી થતો તમારો વાર્ષિક નફો ગણવા માટે, આ પગલાં અનુસરો:

1. કુલ આવકની ગણતરી કરો:
 - દૈનિક દૂધની માત્રા (લીટર)ને પ્રતિ લીટરની સરેરાશ કિંમત સાથે ગુણાકાર કરીને દૈનિક આવક મેળવો.
 - દૈનિક આવકને વર્ષમાં તમે દૂધ કેટલા દિવસો પૂરા પાડો છો તેની સંખ્યા સાથે ગુણાકાર કરો.

2. કુલ ખર્ચ બાદ કરો:
 - દૂધ ઉત્પાદન સાથે સંબંધિત તમામ વાર્ષિક ખર્ચાઓ (ચારો, પશુચિકિત્સા ખર્ચ, મજૂરી, પ્રજનન વગેરે) ઉમેરો.

3. વાર્ષિક નફો = કુલ વાર્ષિક આવક – કુલ વાર્ષિક ખર્ચ.

ઉદાહરણ:
જો તમે 365 દિવસ માટે ₹40 પ્રતિ લીટરના ભાવે 10 લીટર/દિવસ વેચો છો:
 - વાર્ષિક આવક = 10 × 40 × 365 = ₹146,000
જો વાર્ષિક ખર્ચ ₹80,000 હોય:
 - વાર્ષિક નફો = ₹146,000 – ₹80,000 = ₹66,000

ચોક્કસ ગણતરી માટે તમારા દૂધના વેચાણના તમામ રસીદો અને સંબંધિત ખર્ચાઓનો રેકોર્ડ રાખો.",grammar_fluency_compare,,"Response B sounds more natural and fluent in Gujarati, with cleaner structure and fewer awkward or overly technical phrases.",3,"Grammar is mostly correct and understandable, but the wording is somewhat formal and technical rather than fully natural and friendly.",4,"The Gujarati is clear, grammatical, and reads more naturally with a simple step-by-step style that is easy to understand.",response_b,"Response B sounds more natural and fluent in Gujarati, with cleaner structure and fewer awkward or overly technical phrases.",2.3853,1289,116,1405,0.00148875
143,81,3.at_parity,chat,3.at_parity,કઈ કંપનીના સિમેન્ ડોઝ જ ખૂબ સારા આવે છે?,"કોઈ ચોક્કસ કંપની પર ધ્યાન કેન્દ્રિત કરવાને બદલે, સૌથી મહત્વપૂર્ણ પરિબળ એ શુક્રાણુના ડોઝની **ગુણવત્તા અને પ્રમાણપત્ર** છે. અહીં ભલામણ કરેલ માર્ગદર્શિકા આપવામાં આવી છે:

*   **પ્રમાણિત ડોઝનો ઉપયોગ કરો:** તમારે ફક્ત કેન્દ્ર સરકાર દ્વારા નિર્ધારિત **'A' અથવા 'B' ગ્રેડના શુક્રાણુ સ્ટેશન**માંથી મેળવેલા શુક્રાણુના ડોઝનો જ ઉપયોગ કરવો જોઈએ.
*   **બિન-પ્રમાણિત સ્ત્રોતો ટાળો:** ખાનગી વેપારીઓ દ્વારા ઊંચી કિંમતે નીચી ગુણવત્તાવાળા ડોઝ વેચવામાં આવે છે, તેથી તેનાથી સાવચેત રહો, કારણ કે તેનાથી ઓછી દૂધ ઉત્પાદન ક્ષમતાવાળા અને આર્થિક નુકસાનકારક બચ્ચા પેદા થઈ શકે છે.
*   **ભલામણ કરેલ વિકલ્પો:** ઉચ્ચ-ગુણવત્તાવાળા સંવર્ધન માટે, ફેડરેશન જાગુદન શુક્રાણુ સ્ટેશનમાં પ્રખ્યાત અમેરિકન કંપની **ABS-Genus** સાથે સહયોગ કરીને શ્રેષ્ઠ વંશાવળી અને **લિંગ-સૉર્ટ કરેલા શુક્રાણુના ડોઝ**નું ઉત્પાદન કરે છે.
*   **સંવર્ધન નીતિનું પાલન કરો:** હંમેશાં તમારા રાજ્યની સંવર્ધન નીતિ અને તમારી પશુની ચોક્કસ જરૂરિયાતોના આધારે જાતિ (જેમ કે ગીર, કાંકરેજ, એચએફ અથવા જર્સી) પસંદ કરો, જેથી દૂધનું મહત્તમ ઉત્પાદન અને ચરબીની ટકાવારી સુનિશ્ચિત કરી શકાય.

શ્રેષ્ઠ પરિણામો સુનિશ્ચિત કરવા માટે, હંમેશાં તમારા કૃત્રિમ ગર્ભાધાન (AI) ટેકનિશિયનને ગર્ભાધાન પહેલાં બળદની **જાતિ, વંશાવળીની વિગતો અને વિદેશી લોહીનું સ્તર** જણાવવા માટે કહો.","કૃત્રિમ ગર્ભાધાન માટે વપરાતા શુક્રાણુના ડોઝની ગુણવત્તા ઘણા પરિબળો પર આધાર રાખે છે, જેમ કે આનુવંશિક ગુણવત્તા, રોગ નિયંત્રણ અને ક્ષેત્રમાં ગર્ભાધાનની સફળતા દર. ભારતમાં, ઉચ્ચ ગુણવત્તાવાળા શુક્રાણુના ડોઝ માટે જાણીતી અને વિશ્વસનીય કંપનીઓમાં અમૂલ, બીએઆઈએફ, સાબરમતી આશ્રમ ગૌશાળા, એનડીડીબી ડેરી સર્વિસીસ, જીનસ એબીએસ અને સેમેક્સનો સમાવેશ થાય છે. આ સંસ્થાઓ કડક ગુણવત્તા નિયંત્રણ ધોરણોનું પાલન કરે છે અને સારી રીતે ચકાસાયેલા, સાબિત કરેલા બળદ પાસેથી ડોઝ પૂરા પાડે છે.

શ્રેષ્ઠ ગર્ભાધાન અને પશુધન સુધારણા માટે, હંમેશાં:
- અધિકૃત કેન્દ્રો અથવા તમારા અમૂલ યુનિયનમાંથી જ શુક્રાણુ ખરીદો.
- એવા બળદના શુક્રાણુનો ઉપયોગ કરો જેમની પાસે સાબિત રેકોર્ડ હોય અને જે રોગમુક્ત હોય તેવું પ્રમાણિત હોય.
- તમારા પશુધન માટે સૌથી યોગ્ય જાતિ અથવા બળદની લાઇન વિશે તમારા સ્થાનિક કૃત્રિમ ગર્ભાધાન તકનીશિયન અથવા પશુચિકિત્સક અધિકારીની સલાહ લો.

ઉત્પાદનની ઉપલબ્ધતા અને કાર્યક્ષમતા પ્રદેશ પ્રમાણે બદલાઈ શકે છે, તેથી હંમેશાં તમારા નજીકના કૃત્રિમ ગર્ભાધાન કેન્દ્ર અથવા સંસ્થા પાસેથી તેમની ભલામણ કરેલ અને મંજૂર કરેલ બ્રાન્ડ વિશે પૂછો.",grammar_fluency_compare,,"Both are similar in fluency, but Response B reads a bit more smoothly and naturally overall.",3,"Grammar is mostly correct and understandable, but the wording is quite technical and not very natural or friendly throughout.",3,"The grammar is generally correct, but several phrases sound formal and slightly translated rather than fully natural.",response_b,"Both are similar in fluency, but Response B reads a bit more smoothly and naturally overall.",1.5615,1150,108,1258,0.0013485
144,82,3.at_parity,chat,3.at_parity,અમારા ગામમાં એક ભાઈ પશુને દૂધ વધારવાનો કાળો દોરો કરી આપે છે એ દોરો બંધાવાય કે નહિ?,"પશુઓને કાળી દોરી બાંધવાથી કોઈ વૈજ્ઞાનિક ફાયદો થતો નથી અને તેનાથી દૂધનું ઉત્પાદન વધતું નથી. દૂધનું ઉત્પાદન યોગ્ય પોષણ, સારી ગુણવત્તાવાળી ચારો, આરોગ્ય વ્યવસ્થાપન અને પશુની આનુવંશિક ક્ષમતા પર આધાર રાખે છે.

હું ભલામણ કરું છું કે દૂધનું ઉત્પાદન કુદરતી રીતે વધારવા અને જાળવવા માટે સંતુલિત આહાર અને નિયમિત પશુચિકિત્સકની તપાસ પર ધ્યાન કેન્દ્રિત કરો.","કાળા દોરા બાંધવાથી પ્રાણીઓમાં દૂધનું ઉત્પાદન વધે છે એવો કોઈ વૈજ્ઞાનિક કે પશુચિકિત્સા આધાર નથી. દૂધનું ઉત્પાદન આનુવંશિકતા, પોષણ, આરોગ્ય અને યોગ્ય વ્યવસ્થાપનથી પ્રભાવિત થાય છે, દોરા કે અંધશ્રદ્ધાથી નહીં. જો દોરો ઢીલો હોય તો તે પ્રાણીને નુકસાન કરતો નથી, પરંતુ જો તે ચુસ્ત હોય, ગંદો હોય અથવા ત્વચામાં બળતરા કે ઈજા થવાનું કારણ બને, તો ત્વચાની સમસ્યાઓ અથવા ચેપને રોકવા માટે તેને દૂર કરવો જોઈએ. દૂધનું વધુ ઉત્પાદન મેળવવા માટે, સંતુલિત આહાર, સારી સ્વચ્છતા, સમયસર આરોગ્ય સંભાળ અને નિયમિત પશુચિકિત્સા તપાસ પર ધ્યાન કેન્દ્રિત કરો. જો તમને તમારા પ્રાણીના દૂધના ઉત્પાદન વિશે કોઈ ચિંતા હોય, તો કૃપા કરીને વ્યાવસાયિક માર્ગદર્શન માટે પશુચિકિત્સકની સલાહ લો.",grammar_fluency_compare,,"Both responses are equally strong in grammar and fluency, with no meaningful difference in correctness.",4,"Grammatically correct Gujarati with natural structure and clear, friendly wording.",4,Also grammatically correct and fluent Gujarati; slightly more detailed but still natural.,both,"Both responses are equally strong in grammar and fluency, with no meaningful difference in correctness.",1.6939,686,95,781,0.000942
145,85,3.at_parity,chat,3.at_parity,દ્દુધ આપતી ગાય કે ભેસને 24 કલાકમાં ૨ વાર દોવાય કે ૩વાર?,"સામાન્ય રીતે, ગાય અથવા ભેંસને દિવસમાં 2 વાર (સવાર અને સાંજ) દૂધ કાઢવું એ મોટાભાગના ડેરી ખેડૂતો માટે સામાન્ય પ્રથા છે.

જો કે, આપવામાં આવેલી દસ્તાવેજોમાં 2 અથવા 3 વાર દૂધ કાઢવા વિશે કોઈ ચોક્કસ નિયમ દર્શાવવામાં આવ્યો નથી, પરંતુ તેમાં સામાન્ય વ્યવસ્થાપન પદ્ધતિઓનું વર્ણન છે:
* **સામાન્ય પ્રથા:** માર્ગદર્શિકાઓમાં આપેલા ઉદાહરણોમાં ખોરાક અને સંભાળને સવાર અને સાંજ એમ બે ભાગમાં વહેંચવામાં આવે છે, જે દિવસમાં બે વાર દૂધ કાઢવાની પ્રથા સાથે સુસંગત છે.
* **સતતતા:** પ્રાણીના સ્વાસ્થ્ય અને દૂધના ઉત્પાદન માટે નિયમિત સમયપત્રક જાળવવું ખૂબ જ મહત્વપૂર્ણ છે.

વધુ દૂધ આપતી પ્રાણીઓ માટે, કેટલાક ખેડૂતો ઉત્પાદન વધારવા અને સ્તનમાં દબાણ ઘટાડવા માટે દિવસમાં 3 વાર દૂધ કાઢવાનું પસંદ કરે છે, પરંતુ તમારા પ્રાણીના દૂધનું ઉત્પાદન અને સ્વાસ્થ્યને ધ્યાનમાં રાખીને શ્રેષ્ઠ આવર્તન નક્કી કરવા માટે તમારે તમારા સ્થાનિક પશુચિકિત્સક અથવા પશુપાલન અધિકારીની સલાહ લેવી જોઈએ.","ગાયો અને ભેંસોને કેટલી વાર દૂધ દોહવી તે તેમના દૂધના ઉત્પાદન અને વ્યવસ્થાપન પર આધાર રાખે છે. સામાન્ય રીતે:

- દિવસમાં બે વાર (દર 12 કલાકે) દૂધ દોહવું એ સામાન્ય છે અને મોટાભાગની ગાયો અને ભેંસો માટે યોગ્ય છે, જેનું દૂધનું ઉત્પાદન મધ્યમ હોય છે.
- વધુ દૂધ આપતી પ્રાણીઓને (ખાસ કરીને વધુ દૂધ આપતી ગાયોને) દૂધનું ઉત્પાદન વધારવા અને સ્તન સંબંધિત સમસ્યાઓ અટકાવવા માટે દિવસમાં ત્રણ વાર દૂધ દોહવી શકાય છે.

મોટાભાગના નાના અને મધ્યમ કદના ફાર્મ માટે, દિવસમાં બે વાર દૂધ દોહવું વ્યવહારુ છે અને તેનાથી દૂધના ઉત્પાદનમાં કોઈ નુકસાન થતું નથી. દિવસમાં ત્રણ વાર દૂધ દોહવાથી માત્ર ખૂબ જ વધુ દૂધ આપતી અને સારી પોષણ અને વ્યવસ્થાપન ધરાવતી પ્રાણીઓને જ ફાયદો થઈ શકે છે.

હંમેશાં એ સુનિશ્ચિત કરો કે દૂધ દોહવાનું કામ નિયમિત અંતરાલે અને સારી સ્વચ્છતા સાથે કરવામાં આવે, જેથી સ્તનની સમસ્યાઓથી બચી શકાય. જો તમે દૂધ દોહવાની આવૃત્તિ વધારવાનું વિચારી રહ્યા છો, તો તમારા સ્થાનિક પશુચિકિત્સક અથવા ડેરી સલાહકારની સલાહ લો, જેથી તેઓ નક્કી કરી શકે કે તે તમારા પ્રાણીઓ માટે યોગ્ય છે કે નહીં.",grammar_fluency_compare,,"Response B reads more naturally and smoothly in Gujarati, while Response A feels slightly more technical and less native-like.",3,"Mostly grammatically correct Gujarati, but it sounds somewhat technical and a bit less natural in places.",4,"Clear, fluent, and grammatically natural Gujarati with a friendly tone.",response_b,"Response B reads more naturally and smoothly in Gujarati, while Response A feels slightly more technical and less native-like.",1.7211,941,104,1045,0.00117375
146,88,3.at_parity,chat,3.at_parity,પશુને વેશ/કઠિન પ્રસવ (dystocia) થાય તો શું કરવું?,"જો કોઈ પ્રાણીને મુશ્કેલ પ્રસૂતિ (ડિસ્ટોસિયા) થઈ રહી હોય, તો સૌથી મહત્વપૂર્ણ પગલું એ છે કે **તરત જ કોઈ લાયક પશુચિકિત્સકનો સંપર્ક કરો** જેથી યોગ્ય સારવાર મળી શકે.

**મહત્વપૂર્ણ ચેતવણીઓ:**
*   **તમે જાતે** પ્રસૂતિમાં મદદ કરવાનો પ્રયાસ કરશો નહીં.
*   પ્રસૂતિમાં મદદ કરવા માટે **અન્ય કોઈ બિન-તાલીમ પામેલા વ્યક્તિને બોલાવશો નહીં**.

**મુશ્કેલ પ્રસૂતિનાં સામાન્ય કારણો:**
*   **ગર્ભ સંબંધિત સમસ્યાઓ:** બચ્ચાની અસામાન્ય સ્થિતિ અથવા મુદ્રા, મોટા કદનો ગર્ભ (ગર્ભનું અતિશય કદ), અથવા મૃત જડવા ગર્ભ.
*   **માતા સંબંધિત સમસ્યાઓ:** ગર્ભાશયની નિષ્ક્રિયતા (સંકોચનની નિષ્ફળતા), સાંકડો જન્મ માર્ગ, અથવા માતાની થાક/બીમારી.

**શું અવલોકન કરવું (પશુચિકિત્સક માટે):**
પશુચિકિત્સકને સચોટ નિદાન કરવામાં મદદ કરવા માટે, નીચેની બાબતો નોંધો:
*   પ્રસૂતિના દુખાવા અને તાણ ક્યારે શરૂ થયા?
*   શું તાણ તીવ્ર અને વારંવાર છે કે હળવો અને અનિયમિત છે?
*   શું પાણીની કોથળી ફાટી ગઈ છે?
*   શું ગર્ભનો કોઈ ભાગ યોનિમાર્ગમાં દેખાય છે?
*   શું કોઈ અસામાન્ય સ્ત્રાવ (રક્તવાહિની અથવા પરુવાળો) છે?

તમારા પ્રાણીને તકલીફ થઈ રહી છે, તેથી એવું લાગે છે કે તેને તાત્કાલિક તબીબી સારવારની જરૂર છે. **શું તમે ઇચ્છો છો કે હું પશુચિકિત્સકની મુલાકાત માટે એપોઇન્ટમેન્ટ બુક કરું?**","જો તમારી પ્રાણીને પ્રસૂતિ દરમિયાન મુશ્કેલી આવી રહી છે અથવા પ્રસૂતિમાં અવરોધ આવી રહ્યો છે (ડિસ્ટોસિયા), તો માતા અને બચ્ચા બંનેને બચાવવા માટે તાત્કાલિક પગલાં લેવા જરૂરી છે. અહીં તમે જે પગલાં લઈ શકો છો તે આપ્યા છે:

૧. તણાવ અને હલનચલન ઓછું કરો—પ્રાણીને શાંત રાખો અને તેને સ્વચ્છ, શાંત જગ્યાએ રાખો.
૨. યોગ્ય તાલીમ વિના બચ્ચાને ખેંચવાનો અથવા બળજબરીથી દખલ કરવાનો પ્રયાસ કરશો નહીં, કારણ કે તેનાથી ગંભીર ઈજા થઈ શકે છે.
૩. તકલીફના ચિહ્નો પર ધ્યાન રાખો: લાંબી પ્રસૂતિ (પાણી નીકળ્યા પછી ૨ કલાકથી વધુ સમય), વધુ પડતો પ્રયાસ છતાં કોઈ પ્રગતિ ન થવી, અસામાન્ય સ્ત્રાવ અથવા બચ્ચાના દેખાતા ભાગો આગળ ન વધવા.
૪. તાત્કાલિક પશુચિકિત્સક અથવા લાયક પશુ આરોગ્ય કાર્યકરને બોલાવો—ડિસ્ટોસિયા માતા અને બચ્ચા બંને માટે ઝડપથી જીવલેણ બની શકે છે.

એવું લાગે છે કે તમારા પ્રાણીને તબીબી સારવારની જરૂર પડી શકે છે. શું તમે આરોગ્ય તપાસ માટે એપોઇન્ટમેન્ટ બુક કરવા માંગો છો?",grammar_fluency_compare,,"Response B is slightly more natural and direct in structure, while Response A feels a bit more formal and less conversational.",3,"Grammatically correct overall, but some phrasing feels slightly unnatural or overly formal/technical for a farmer-friendly tone.",3,"Mostly correct and readable, but a few expressions sound translated and not fully natural in Gujarati.",response_b,"Response B is slightly more natural and direct in structure, while Response A feels a bit more formal and less conversational.",2.0323,1031,114,1145,0.00128625
147,92,3.at_parity,chat,3.at_parity,આફરો એટલે શું અને તેના લક્ષણો શું?,"**રૂમેન ટિમ્પેની**, જેને સામાન્ય રીતે **ફુગાવો** તરીકે ઓળખવામાં આવે છે, તે રૂમિનેન્ટ પ્રાણીઓમાં (જેમ કે ગાય અને ભેંસ) થતી અપચોની એક સ્થિતિ છે. આમાં રૂમેનમાં (પેટમાં) અચાનક અને વધુ પડતી ગેસની જમાવટ થાય છે. આ ત્યારે થાય છે જ્યારે પ્રાણી કુદરતી રીતે ગેસને બહાર કાઢી શકતું નથી, જેના કારણે રૂમેનનું વિસ્તરણ થાય છે અથવા તે ""ફુગી"" જાય છે.

**ફુગાવાના સામાન્ય લક્ષણો:**
*   **દેખીતું સોજો:** ડાબી બાજુનો ભાગ (રૂમેન વિસ્તાર) અથવા આખું પેટ ફૂલી જાય છે.
*   **અશાંતિ:** પ્રાણી અસ્વસ્થ લાગે છે, તે તેના પાછળના પગથી પેટને લાત મારે છે અથવા પાછળના પગને પહોળા કરીને ઊભું રહે છે.
*   **વર્તનમાં ફેરફાર:** વારંવાર સૂવું અને ઊભું થવું.
*   **શ્વાસ લેવામાં તકલીફ:** શ્વાસ લેવામાં મુશ્કેલી અથવા ઝડપી શ્વાસ, અને કેટલાક કિસ્સાઓમાં, જીભ બહાર આવી શકે છે અથવા પ્રાણી મોં ખોલીને શ્વાસ લે છે.
*   **શારીરિક લક્ષણો:** શરીરનું તાપમાન વધી શકે છે (106°F/41°C સુધી).

ગંભીર કિસ્સાઓમાં, ફુગાવાના કારણે પ્રાણી શ્વાસ લઈ શકતું નથી અને તેનું મૃત્યુ થઈ શકે છે. જો તમને આ લક્ષણો દેખાય, તો તાત્કાલિક પશુચિકિત્સકની સલાહ લેવી ખૂબ જ મહત્વપૂર્ણ છે.","રૂમેન ટિમ્પેની, જેને સામાન્ય રીતે પેટનું ફૂલવું તરીકે ઓળખવામાં આવે છે, તે ગાય અને ભેંસમાં થતી એક એવી સ્થિતિ છે જેમાં રૂમેનમાં (પહેલા પેટના ભાગમાં) વધુ પડતી ગેસ ભરાઈ જાય છે. આ ગેસ જમા થાય છે અને બહાર નીકળી શકતો નથી, જેના કારણે પેટનું ડાબું ભાગ ફૂલી જાય છે.

પેટ ફૂલવાની સામાન્ય લક્ષણોમાં નીચેનાનો સમાવેશ થાય છે:

- પેટનું ફૂલવું, ખાસ કરીને પ્રાણીના પેટના ડાબા ભાગમાં
- શ્વાસ લેવામાં તકલીફ
- અસ્વસ્થતા, બેચેની અથવા વારંવાર સૂવું અને ઊભું થવું
- ભૂખ ઓછી થવી અને ખોરાક ચાવવાની ક્રિયામાં ઘટાડો થવો
- ગંભીર કિસ્સાઓમાં ગરદન ખેંચાઈ જવી અને મોં ખુલ્લું રાખીને શ્વાસ લેવો
- પ્રાણી કણસણી કરી શકે છે અથવા તકલીફમાં હોવાના સંકેતો બતાવી શકે છે

પેટ ફૂલવું એ એક ગંભીર સ્થિતિ છે - જો તાત્કાલિક સારવાર કરવામાં ન આવે તો તે જીવલેણ બની શકે છે. જો તમને આ લક્ષણો દેખાય, તો તરત જ પશુચિકિત્સકનો સંપર્ક કરો.",grammar_fluency_compare,,"Response B sounds more natural and fluent, while Response A is more technical and slightly less natural.",3,"Grammar is correct overall, but the wording is somewhat technical and less natural in places.",4,"Clear, grammatical, and reads more naturally and smoothly in Gujarati.",response_b,"Response B sounds more natural and fluent, while Response A is more technical and slightly less natural.",1.6116,968,98,1066,0.001167
148,93,3.at_parity,chat,3.at_parity,આફરો કે અપચો માટે દેશી/ઘરગથ્થુ ઉપચાર શું?,"પુખ્ત વયના પશુઓમાં હળવા પ્રકારના રુમેન ટિમ્પેની (ગેસ ભરાવો) અને પાચન સંબંધી સમસ્યાઓ માટે, ઘણા પરંપરાગત અને ઘરેલું ઉપાયો કરી શકાય છે.

### **ગેસ ભરાવા (ટિમ્પેની) માટેના ઘરેલું ઉપાયો**
**મહત્વપૂર્ણ:** જો પશુમાં ગંભીર રીતે ગેસ ભરાયો હોય, તો તેને સૂવા ન દો અથવા પાણી પીવા ન આપો.

**1. તેલ આધારિત મિશ્રણ:**
*   **સાધું તેલ:** દરરોજ 2-3 દિવસ માટે 300-500 મિલી નારિયેળ, વનસ્પતિ અથવા મગફળીનું તેલ આપો.
*   **તેલમાં ટર્પેન્ટાઇન:** 300-500 ગ્રામ ખાદ્ય તેલ (સરસવ, તલ અથવા કપાસનું તેલ) સાથે 20-30 મિલી ટર્પેન્ટાઇન તેલ મિક્સ કરીને મૌખિક રીતે આપો.
*   **વિશિષ્ટ મિશ્રણ:** કેટલાક સૂચનોમાં 500 મિલી વનસ્પતિ તેલ, 100 મિલી ટર્પેન્ટાઇન તેલ, 100 ગ્રામ ખારા મીઠું અને 30 ગ્રામ હિંગનું મિશ્રણ આપવાની ભલામણ કરવામાં આવે છે.

**2. જડીબુટ્ટીઓ અને રસોડાના ઉપાયો:**
*   **ચૂર્ણ મિશ્રણ:** 500 ગ્રામ ખાદ્ય તેલમાં 25 ગ્રામ હિંગ, 50 ગ્રામ અજમો, 50 ગ્રામ ખારું મીઠું અને 50 ગ્રામ સૂંઠ (સૂકી આદુ) મિક્સ કરો. ટ્યુબ દ્વારા આપો અને પછી પશુને થોડું ચલાવો.
*   **કેળાના પાન:** ખૂબ જ હળવા કિસ્સાઓમાં, 4-6 કેળાના પાન ખવડાવવાથી મદદ મળી શકે છે.
*   **ડિટર્જન્ટ સોલ્યુશન:** અડધા લિટર પાણીમાં એક ચમચી ડિટર્જન્ટ ઓગાળીને એકવાર આપો.

**3. અન્ય વિકલ્પો:**
*   **એપ્સમ સોલ્ટ:** 400-500 ગ્રામ એપ્સમ સોલ્ટ (મેગ્નેશિયમ સલ્ફેટ) પાણીમાં ઓગાળીને આપો, જેથી મળ બહાર નીકળે.
*   **બજારમાં મળતું ગેસ દૂર કરતું દવા:** બજારમાં મળતી ગેસ દૂર કરતી દવા (દા.ત., એક બોટલ દવાને ચાર બોટલ તેલમાં મિક્સ કરો) નો ઉપયોગ કરો.

### **પાચન સંબંધી સમસ્યાઓ**
""વેગસ ડિસ્પેપ્સિયા"" જેવા પાચન સંબંધી સમસ્યાઓ માટે, એન્ટિબાયોટિક્સ અને મૌખિક રિહાઇડ્રેશન સારવારનો સમાવેશ થાય છે. કેટલાક પરંપરાગત ઉપાયોમાં, તંદુરસ્ત પશુના ""રૂમેન કન્ટેન્ટ"" નો ઉપયોગ કરીને આંતરડાના બેક્ટેરિયાને પુનઃસ્થાપિત કરવામાં આવે છે.

**⚠️ ચેતવણી:** ગેસ ભરાવો જીવલેણ બની શકે છે. જો પશુને શ્વાસ લેવામાં તકલીફ થતી હોય, તે બેભાન થઈ જતું હોય અથવા ઘરેલું ઉપાયો ઝડપથી કામ ન કરતા હોય, તો **તરત જ પશુચિકિત્સકની સલાહ લો**. ગંભીર કટોકટીમાં, પશુચિકિત્સકે ગેસ દૂર કરવા માટે ડાબી બાજુના ભાગમાં છિદ્ર પાડવાની જરૂર પડી શકે છે.","ગાય અને ભેંસમાં હળવા પ્રકારના રુમેન ટિમ્પેની (ગેસ ભરાવો) અથવા પાચન સંબંધી સમસ્યાઓ માટે, ગામડાઓમાં સામાન્ય રીતે ઉપયોગમાં લેવાતા કેટલાક પરંપરાગત/ઘરગથ્થુ ઉપાયોમાં નીચેનાનો સમાવેશ થાય છે:

૧. ગેસને બહાર કાઢવામાં મદદ કરવા માટે ધીમેથી પ્રાણીને ચલાવવું.
૨. રુમેનમાં રહેલા ફીણને ઘટાડવામાં મદદ કરવા માટે ખાદ્ય તેલ (જેમ કે ૧૦૦-૨૦૦ મિલી સરસવ, મગફળી અથવા નાળિયેર તેલ) ને પાણીમાં મિશ્ર કરીને પ્રાણીને પીવડાવવું.
૩. હળવા પાચન માટે થોડું ગરમ પાણીમાં ૨-૩ ચમચી હિંગ મિક્સ કરીને આપવું.
૪. ગેસને બહાર કાઢવામાં મદદ કરવા માટે ડાબી બાજુના ભાગ પર હળવેથી ઘસવું અથવા માલિશ કરવી.
૫. જો પ્રાણી સક્ષમ હોય તો તેને લીલો ચારો ચાવવા દેવો (સૂકો ઘાસ નહીં).

જો કે, કૃપા કરીને નોંધ કરો:
- આ ઉપાયો ફક્ત ખૂબ જ હળવા અને શરૂઆતના તબક્કામાં જ મદદરૂપ થઈ શકે છે.
- ક્યારેય કેરોસીન, ડીઝલ અથવા અન્ય કોઈ બિન-ખાદ્ય તેલનો ઉપયોગ કરશો નહીં.
- જો પ્રાણી પથારીમાં પડેલું હોય, પેટમાં ગંભીર સોજો હોય અથવા તકલીફના ચિહ્નો દેખાય, તો તાત્કાલિક પશુચિકિત્સકની સારવાર જરૂરી છે, કારણ કે ગેસ ભરાવો જીવલેણ બની શકે છે.

સતત અથવા ગંભીર ગેસ ભરાવાની સ્થિતિમાં, હંમેશા તાત્કાલિક પશુચિકિત્સકનો સંપર્ક કરો. ગંભીર કિસ્સાઓમાં ઘરગથ્થુ ઉપાયો વ્યાવસાયિક સારવારનો વિકલ્પ નથી.",grammar_fluency_compare,,"Response B reads more naturally and fluently in Gujarati, while Response A is more technical and less natural.",3,"Mostly grammatical and understandable Gujarati, but it sounds technical and somewhat unnatural in places.",4,"Clear, natural, and grammatically smooth Gujarati with a friendly tone.",response_b,"Response B reads more naturally and fluently in Gujarati, while Response A is more technical and less natural.",2.8707,1547,100,1647,0.00161025
149,94,3.at_parity,chat,3.at_parity,કરમિયા/કૃમિની ઓળખ કેવી રીતે કરવી?,"તમારા પશુઓમાં આંતરિક પરોપજીવી (જંતુઓ) નીચેના લક્ષણો દ્વારા ઓળખી શકાય છે:

### **સામાન્ય શારીરિક ચિહ્નો**
*   **વજન અને વૃદ્ધિ:** યુવાન પ્રાણીઓમાં વૃદ્ધિ અટકી જવી, વજન ઘટવું અને હાડકાં બહાર દેખાવા (પાંસળી અને બાજુના ભાગ દેખાવા).
*   **ત્વચા અને વાળ:** વાળ/ચામડી ખરબચડી, કઠણ અથવા નિસ્તેજ થઈ જાય છે. કેટલાક કિસ્સાઓમાં, હળવેથી ખેંચવાથી વાળ સરળતાથી ખરી જાય છે.
*   **સોજો:** ચહેરાના નીચેના ભાગમાં, ગરદનમાં અથવા ખભાની આગળના ભાગમાં પ્રવાહી ભરાઈને સોજો આવી શકે છે.
*   **દેખાવ:** પ્રાણી નબળું, સુસ્ત, નિસ્તેજ દેખાઈ શકે છે અથવા તેની આંખોમાંથી પાણી નીકળી શકે છે.

### **પાચન અને વર્તનમાં ફેરફાર**
*   **ભૂખ:** ભૂખ ઓછી થવી અથવા ખોરાકનું સેવન ઘટવું. કેટલાક પ્રાણીઓ જમીન ચાટી શકે છે અથવા માટી ખાઈ શકે છે.
*   **પેટ:** પેટ ફૂલેલું અથવા મોટું દેખાઈ શકે છે.
*   **મળ:** ઝાડા (જે પાતળા, ચીકણા, ઘાટા રંગના અથવા દુર્ગંધવાળા હોઈ શકે છે). કેટલીકવાર મળમાં જંતુઓ પણ દેખાઈ શકે છે.
*   **અન્ય ચિહ્નો:** વધુ પડતું લાળ પડવું અથવા મોંમાંથી ફીણ નીકળવું.

### **ઉત્પાદકતા અને આરોગ્ય**
*   **દૂધનું ઉત્પાદન:** દૂધનું ઉત્પાદન ઘટી શકે છે, સામાન્ય રીતે 10% થી 20% જેટલું.
*   **એનિમીયા:** શ્વૈષ્મકળા નિસ્તેજ થઈ જાય છે, જે લોહીની ઉણપ દર્શાવે છે.
*   **પ્રજનન:** પુખ્ત પ્રાણીઓમાં, કુપોષણને કારણે પ્રજનન અંગો નબળા અથવા શિથિલ થઈ શકે છે, જેનાથી વંધ્યત્વ થઈ શકે છે.

**મહત્વપૂર્ણ નોંધ:** પરોપજીવી ""છુપાયેલા દુશ્મનો"" તરીકે કાર્ય કરે છે અને ધીમે ધીમે પ્રાણીને નબળું પાડે છે, તેથી વહેલું નિદાન ખૂબ જ મહત્વપૂર્ણ છે. જો તમને આમાંના કોઈ પણ ચિહ્નો દેખાય, તો યોગ્ય નિદાન અને યોગ્ય કૃમિનાશક સારવાર માટે પશુચિકિત્સકની સલાહ લેવી ખૂબ જ જરૂરી છે.","ગાય અથવા ભેંસમાં કૃમિ અથવા પરોપજીવીની ઓળખ કરવા માટે, નીચેના ચિહ્નો જુઓ:

- પૂરતું ભોજન આપવા છતાં વજન ઘટવું અથવા યોગ્ય રીતે વિકાસ ન થવો
- ઝાડા અથવા મળમાં પાણી જેવું આવવું, કેટલીકવાર તેમાં લાળ અથવા લોહી પણ આવી શકે છે
- નિસ્તેજ, ખરબચડી અથવા ટાલવાળી ચામડી
- પેટ ફૂલવું (પેટ બહાર નીકળેલું દેખાવું)
- આછો રંગની જીભ અથવા આંખની અંદરની પોત (એનિમિયાનું લક્ષણ)
- દૂધનું ઉત્પાદન ઘટવું
- ક્યારેક મળમાં કૃમિ દેખાય છે

તમારા પશુચિકિત્સકની સલાહ મુજબ નિયમિતપણે કૃમિનાશક દવા આપવી અને મળની તપાસ કરાવવાથી પરોપજીવી ચેપની પુષ્ટિ કરવામાં મદદ મળી શકે છે. જો તમને આ ચિહ્નો દેખાય, તો યોગ્ય નિદાન અને સારવાર માટે સ્થાનિક પશુચિકિત્સકની સલાહ લો.",grammar_fluency_compare,,Response B sounds more natural and farmer-friendly while remaining grammatically correct.,3,"Grammatically correct overall, but it reads somewhat technical and formal rather than fully natural and friendly.",4,"Clear, natural Gujarati with correct grammar and a friendly, easy-to-understand tone.",response_b,Response B sounds more natural and farmer-friendly while remaining grammatically correct.,1.7162,1131,100,1231,0.00129825
150,95,3.at_parity,chat,3.at_parity,ખરવા-મોવાસા (FMD) માટે શું કરવું/સારવાર શું?,"ફૂટ-એન્ડ-માઉથ ડિસીઝ (FMD), જેને *ખરવા-મોવાસા* તરીકે પણ ઓળખવામાં આવે છે, તે અત્યંત ચેપી વાયરલ રોગ છે. આ રોગ વાયરસને કારણે થતો હોવાથી, એકવાર પ્રાણીને ચેપ લાગ્યા પછી તેનો કોઈ સીધો ઈલાજ નથી; જો કે, લક્ષણોને નિયંત્રિત કરી શકાય છે અને રોગના ફેલાવાને અટકાવી શકાય છે.

**તાત્કાલિક પગલાં:**
લક્ષણો દેખાતાની સાથે જ, યોગ્ય સારવાર માટે અને રોગને અન્ય પ્રાણીઓમાં ફેલાતો અટકાવવા માટે તરત જ **પશુચિકિત્સકનો સંપર્ક કરો**.

**સહાયક સારવાર અને સંભાળ:**
ઉપલબ્ધ દસ્તાવેજોના આધારે, લક્ષણોને નિયંત્રિત કરવા માટે નીચેના પગલાં લઈ શકાય છે:
*   **મોંની સંભાળ:**
    *   પોટેશિયમ પરમેંગનેટના દ્રાવણથી મોં સાફ કરો.
    *   હળદર અને માખણનું મિશ્રણ અથવા ગ્લિસરીન અને બોરિક એસિડ પાવડરનું મિશ્રણ મોંની અંદર લગાવો.
    *   મોંના ચાંદામાં વધુ બળતરા થતી અટકાવવા માટે સૂકું ઘાસ ખવડાવવાનું ટાળો.
*   **ખૂરની સંભાળ:**
    *   ગરમ પાણીમાં એલમ અથવા પોટેશિયમ પરમેંગનેટ (PP) દ્રાવણ (1:1000) મિક્સ કરીને ખૂર સાફ કરો.
    *   જો ખૂર પર તિરાડો પડે તો ટર્પેન્ટાઇન તેલનો ઉપયોગ કરો.
    *   ડિમોક્સ અથવા એક્રિફ્લેવિન જેવી મલમ લગાવો.
    *   કેટલાક માર્ગદર્શિકાઓ સૂચવે છે કે પ્રાણીઓને 4.5% સોડાના દ્રાવણથી ભરેલા ખાડામાંથી ચલાવો.
*   **સામાન્ય સ્વચ્છતા:**
    *   દિવસમાં 3 થી 5 વખત પાણી અને બેકિંગ સોડાના દ્રાવણથી મોં અને ખૂર ધોઈ નાખો.

**નિવારણ અને નિયંત્રણ:**
*   **રસીકરણ:** આ FMD ને નિયંત્રિત કરવાનો સૌથી અસરકારક માર્ગ છે. ખાતરી કરો કે તમારા પ્રાણીઓને પશુધન વિભાગ અથવા તમારા પશુચિકિત્સકની સલાહ મુજબ નિયમિતપણે રસી આપવામાં આવે (સામાન્ય રીતે દર 7 મહિને અથવા વર્ષમાં બે વાર નવેમ્બર અને એપ્રિલમાં).
*   **અલગતા:** બીમાર પ્રાણીઓને તાત્કાલિક સ્વસ્થ પ્રાણીઓથી અલગ કરો.
*   **સ્વચ્છતા:** ચેપગ્રસ્ત પ્રાણીઓ માટે અલગ ખોરાક અને પાણી આપો અને જંતુનાશક દવાઓ અથવા ફીનોલ (કીનીલ) અથવા યુના જેવી વસ્તુઓનો ઉપયોગ કરીને છાત્રને જંતુમુક્ત કરો.
*   **હલનચલન પર નિયંત્રણ:** વાયરસને અન્ય ટોળામાં ફેલાતો અટકાવવા માટે પ્રાણીઓની હલનચલન મર્યાદિત કરો.","પશુઓમાં થતો મોં અને પગનો રોગ (FMD) એક અત્યંત ચેપી વાયરલ રોગ છે, જે ગાય અને ભેંસને અસર કરે છે. તેનાથી મોં અને પગ પર ફોલ્લા થાય છે, તાવ આવે છે, ખાવામાં તકલીફ થાય છે, પગ લંગડાવા લાગે છે અને દૂધનું ઉત્પાદન ઘટી જાય છે.

આ રોગ વાયરસને કારણે થતો હોવાથી તેનો કોઈ ચોક્કસ ઈલાજ નથી, પરંતુ નીચે મુજબના પગલાં લેવા જોઈએ:

- બીમાર પશુઓને તાત્કાલિક સ્વસ્થ પશુઓથી અલગ કરો, જેથી રોગ ફેલાતો અટકે.
- યોગ્ય સારવાર અને સંભાળ માટે પશુચિકિત્સકને બોલાવો.
- પશુના મોં અને પગને પોટેશિયમ પરમેંગેનેટ દ્રાવણ અથવા સ્વચ્છ પાણીમાં ઓગાળેલા સોડા બાયકાર્બોનેટ જેવા હળવા એન્ટિસેપ્ટિકથી દિવસમાં ઘણી વખત ધોઈ નાખો.
- મોંના ફોલ્લા માટે, મધ અને કથા અથવા બોરિક એસિડ સાથે ગ્લિસરીનનું મિશ્રણ લગાવો, જેથી તે શાંત અસર કરે.
- પગના ફોલ્લા માટે, પશુચિકિત્સકની મલમ (જેમ કે ડિમોક્સ અથવા એક્રિફ્લેવિન) નો ઉપયોગ કરો.
- પશુઓના આલમ અને સાધનોને જંતુમુક્ત કરો.
- છાણ અને પેશાબનો યોગ્ય રીતે નિકાલ કરો.
- પશુઓની હિલચાલને મર્યાદિત કરો, જેથી રોગ ફેલાતો અટકે.

સૌથી મહત્વની વાત એ છે કે, નિયમિત રસીકરણ એ FMD ના ફાટી નીકળતા રોકવાનો એકમાત્ર રસ્તો છે. તમારા જિલ્લાના સમયપત્રક મુજબ, બધાં પશુઓ અને ભેંસોને દર 6-7 મહિને રસી આપો.

FMD ના કારણે નાના બચ્ચાં અને ગર્ભવતી પશુઓમાં ગંભીર અસર થઈ શકે છે, તેથી તાત્કાલિક પશુચિકિત્સકની સારવાર જરૂરી છે. તમારા પશુઓની શ્રેષ્ઠ સંભાળ અને સારવાર માટે તમારા સ્થાનિક પશુચિકિત્સકની સલાહ લો.

સ્રોત: સાબરકાંઠા ડેરી, આણંદ કૃષિ યુનિવર્સિટી, કામધેનુ યુનિવર્સિટી, કૃષિગોવિદ્યા.",grammar_fluency_compare,,"Response B reads a bit more naturally and smoothly overall, with clearer structure and fewer awkward constructions.",3,"Mostly grammatical and understandable Gujarati, but it sounds somewhat technical and less natural in places.",3,"Generally correct grammar and structure, though some phrases feel slightly unnatural or translated and the tone is a bit formal.",response_b,"Response B reads a bit more naturally and smoothly overall, with clearer structure and fewer awkward constructions.",2.3651,1578,107,1685,0.001665
151,96,3.at_parity,chat,3.at_parity,ગાય ગોળ ગોળ ફરે અને પછી ઝરે/ડિસ્ચાર્જ થાય તો શું કરવું?,"એવું લાગે છે કે તમારા પશુને કોઈ ગંભીર સ્વાસ્થ્ય સમસ્યા થઈ રહી છે. તમે વર્ણવેલા લક્ષણોના આધારે:

*   **વર્તુળોમાં ચાલવું:** આ અસામાન્ય વર્તન, સાથે લથડવું અથવા પડવું, એ **કીટોસિસ** (ઊર્જાની ઉણપ)નું મુખ્ય લક્ષણ છે, જે સામાન્ય રીતે બચ્ચાંને જન્મ આપ્યા પછીના પ્રથમ બે મહિના દરમિયાન દૂધ આપતા પશુઓમાં જોવા મળે છે.
*   **સ્ત્રાવ:** સ્ત્રાવના પ્રકાર પર આધાર રાખીને, તે અન્ય ગૂંચવણો સૂચવી શકે છે. ઉદાહરણ તરીકે, દુર્ગંધવાળો અથવા લાલ-ભૂરો યોનિમાર્ગનો સ્ત્રાવ **મેટ્રાઇટિસ** (ગર્ભાશયની સોજો)નું લક્ષણ છે, જે જાળવી રાખેલા ગર્ભાશય અથવા બેક્ટેરિયલ ચેપને કારણે થઈ શકે છે.

આ લક્ષણો ઘણા જુદા જુદા ચયાપચય અથવા ચેપી રોગો સાથે સંકળાયેલા હોઈ શકે છે, તેથી સચોટ નિદાન મેળવવું ખૂબ જ મહત્વપૂર્ણ છે.

**એવું લાગે છે કે તમારા પશુને તબીબી સારવારની જરૂર પડી શકે છે. શું તમે પશુચિકિત્સક સાથે આરોગ્ય તપાસ માટે એપોઇન્ટમેન્ટ બુક કરવા માંગો છો?**","તમારી ગાય અસામાન્ય વર્તન (ચક્કર મારવું) અને ત્યારબાદ સ્ત્રાવ દર્શાવે છે. આ ગંભીર ન્યુરોલોજીકલ સમસ્યાઓ (જેમ કે લિસ્ટરિયોસિસ, મગજમાં ચેપ અથવા ઝેર) અથવા પ્રજનન સંબંધિત સમસ્યાઓનું લક્ષણ હોઈ શકે છે. પશુચિકિત્સક દ્વારા તાત્કાલિક પ્રાણીની તપાસ કરાવવી મહત્વપૂર્ણ છે, કારણ કે ચક્કર મારવું સામાન્ય નથી અને તે જીવલેણ સ્થિતિ સૂચવી શકે છે.

શું તમે પશુચિકિત્સકની મુલાકાત માટે હેલ્થ કૉલ બુક કરવા માંગો છો?",grammar_fluency_compare,,"Both are similar in fluency, but Response B reads slightly more natural and concise in Gujarati.",3,"Grammar is mostly correct and understandable, but the wording is somewhat technical and not fully natural or farmer-friendly.",3,"Grammar is correct overall, but it sounds a bit formal and technical rather than warm and natural.",response_b,"Both are similar in fluency, but Response B reads slightly more natural and concise in Gujarati.",2.1419,756,108,864,0.001053
152,101,3.at_parity,chat,3.at_parity,ભેંસના મોઢામાંથી લાલ પાણી/લોહી જેવું પડે અને મોં ખુલ્લું રાખે તો શું કરવું?,"એવું લાગે છે કે તમારા પાલતુ પ્રાણીને તાત્કાલિક તબીબી સારવારની જરૂર પડી શકે છે. મોંમાંથી લાલ રંગનું પાણી અથવા લોહી નીકળવું અને મોં ખુલ્લું રાખવું, આ બંને લક્ષણો ગંભીર સમસ્યાઓ સૂચવે છે, જેમાં ગંભીર ચેપ, ઝેર અથવા હેમરેજિક રોગોનો સમાવેશ થાય છે.

**મહત્વપૂર્ણ:** આ લક્ષણો ગંભીર આરોગ્ય સમસ્યાઓ સૂચવી શકે છે, તેથી સચોટ નિદાન અને સારવાર માટે તાત્કાલિક પશુચિકિત્સકનો સંપર્ક કરવો જોઈએ.

શું તમે ઇચ્છો છો કે હું તમારા માટે આરોગ્ય તપાસ માટે એપોઇન્ટમેન્ટ બુક કરાવી દઉં?","તમારા ભેંસના મોંમાંથી લાલ રંગનું પાણી અથવા લોહી નીકળવું અને મોં ખુલ્લું રાખવું એ એક ગંભીર સંકેત છે, જે ઝેર, ગંભીર મોંની ઇજા, કોઈ રોગ (જેમ કે હેમરેજિક સેપ્ટીસીમિયા અથવા એન્થ્રેક્સ) અથવા અન્ય કોઈ ગંભીર સ્થિતિ સૂચવી શકે છે. આ સ્થિતિ ઝડપથી વધુ ખરાબ થઈ શકે છે, તેથી તાત્કાલિક પશુચિકિત્સકની મદદ મેળવવી મહત્વપૂર્ણ છે.

એવું લાગે છે કે તમારા પ્રાણીને તબીબી સારવારની જરૂર પડી શકે છે. શું તમે હેલ્થ કૉલ બુક કરવા માંગો છો?",grammar_fluency_compare,,"Response B reads a bit more naturally in Gujarati and is slightly clearer, though both are similar in fluency.",3,"Grammatically correct overall, but it sounds somewhat formal/clinical and a bit unnatural for a farmer-friendly tone.",3,"Mostly correct and natural, but still somewhat technical and slightly awkward in a few phrases.",response_b,"Response B reads a bit more naturally in Gujarati and is slightly clearer, though both are similar in fluency.",2.2109,631,111,742,0.00097275
153,103,3.at_parity,chat,3.at_parity,અમૂલ એપમાં પાસબુક શું છે/પાસબુક ઓન શું છે?,હું એપ્લિકેશન એકાઉન્ટ અથવા ચુકવણી સંબંધિત પ્રશ્નોમાં મદદ કરી શકતો નથી.,"આ પ્રશ્ન એપ્લિકેશનના એકાઉન્ટ અથવા ચુકવણી સંબંધિત સુવિધાઓ વિશે છે, કૃષિ વિશે નહીં. કૃપા કરીને ખેતી, પશુઓ, દૂધ અથવા સંબંધિત વિષયો વિશે પૂછો.",grammar_fluency_compare,,"Both are correct, but Response A is shorter and sounds a bit more natural and fluent in Gujarati.",4,"Grammatically correct Gujarati and natural enough, though a bit formal.",4,"Grammatically correct Gujarati with clear structure, but slightly technical and less natural in tone.",response_a,"Both are correct, but Response A is shorter and sounds a bit more natural and fluent in Gujarati.",4.039,372,101,473,0.0007335
154,105,3.at_parity,chat,3.at_parity,ભાષા હિન્દીમાં બદલો,હું ફક્ત અંગ્રેજી અથવા ગુજરાતીમાં જ પ્રતિસાદ આપી શકું છું.,"માફ કરશો, હું ફક્ત અંગ્રેજી અથવા ગુજરાતીમાં જ જવાબ આપી શકું છું.",grammar_fluency_compare,,"Both are fluent, but Response B sounds more polite and friendly, which fits the rubric better.",4,"Grammatically correct and natural Gujarati, though slightly direct.",4,"Grammatically correct, natural, and friendlier due to the apology.",response_b,"Both are fluent, but Response B sounds more polite and friendly, which fits the rubric better.",2.7394,333,95,428,0.00067725
155,106,3.at_parity,chat,3.at_parity,મારો પગાર/પેમેન્ટ કેટલો થયો?,હું ચૂકવણી અથવા પગાર સંબંધિત માહિતી આપી શકતો નથી.,"માફ કરશો, હું ચુકવણી અથવા પગાર સંબંધિત પ્રશ્નોમાં મદદ કરી શકતો નથી.",grammar_fluency_compare,,Response B sounds more natural and polite while remaining grammatically correct.,3,"Grammatically correct and understandable, but the phrasing sounds a bit formal and less natural/friendly.",4,"Grammatically correct, natural, and friendlier in tone.",response_b,Response B sounds more natural and polite while remaining grammatically correct.,2.0933,330,96,426,0.0006795
156,108,3.at_parity,chat,3.at_parity,અમૂલ/ડેરી તરફથી SMS/મેસેજ નથી આવતા,હું ટેકનિકલ એસએમએસ અથવા નોટિફિકેશન સંબંધિત સમસ્યાઓમાં મદદ કરી શકતો નથી. કૃપા કરીને તમારા સોસાયટી અથવા અમૂલ હેલ્પડેસ્કનો સંપર્ક કરો.,"આ એક તકનીકી સહાય સંબંધિત મુદ્દો છે, કૃષિ સંબંધિત પ્રશ્ન નથી. એસએમએસ અથવા સંદેશ મોકલવામાં મદદ માટે કૃપા કરીને ગ્રાહક સહાય વિભાગનો સંપર્ક કરો.",grammar_fluency_compare,,"Response A reads slightly more natural and direct in Gujarati, though both are similar in quality.",3,"Grammatically correct Gujarati, but the tone is a bit technical and not very friendly.",3,"Grammar is correct overall, but it sounds formal and somewhat unnatural/technical.",response_a,"Response A reads slightly more natural and direct in Gujarati, though both are similar in quality.",2.5679,393,100,493,0.00074475
157,110,3.at_parity,chat,3.at_parity,ભાષા અંગ્રેજી અને તમિલમાં કરો/બતાવો,હું ફક્ત અંગ્રેજી અને ગુજરાતીમાં જ પ્રતિભાવ આપી શકું છું.,"માફ કરશો, હું ફક્ત અંગ્રેજી અથવા ગુજરાતીમાં જ જવાબ આપી શકું છું.",grammar_fluency_compare,,Both responses are equally fluent and correct; the difference in wording does not affect grammar quality.,4,"Grammatically correct and natural in Gujarati, with a clear and polite tone.",4,"Grammatically correct and natural in Gujarati, with a polite and friendly tone.",both,Both responses are equally fluent and correct; the difference in wording does not affect grammar quality.,2.1676,339,98,437,0.00069525
158,111,3.at_parity,chat,3.at_parity,ભાષા મરાઠીમાં કરો,હું ફક્ત અંગ્રેજી અથવા ગુજરાતીમાં જ પ્રતિસાદ આપી શકું છું.,"માફ કરશો, હું ફક્ત અંગ્રેજી અથવા ગુજરાતીમાં જ જવાબ આપી શકું છું.",grammar_fluency_compare,,Response B is slightly better because it is more polite and friendly while remaining grammatically correct.,3,"Grammatically correct and understandable, but it is not in Marathi and sounds a bit direct.",3,"Grammatically correct and more polite/friendly, but it is not in Marathi and still not fully natural for the requested language.",response_b,Response B is slightly better because it is more polite and friendly while remaining grammatically correct.,2.6012,333,112,445,0.00075375
159,114,3.at_parity,chat,3.at_parity,મેલી (પ્લેસેંટા) ન પડવાના કારણો શું છે?,"જન્મ પછી પ્લેસેન્ટા (ગર્ભાશય) બહાર ન નીકળવું (પ્લેસેન્ટા રીટેન્શન) એ ત્યારે થાય છે જ્યારે જન્મ પછી સામાન્ય સમયમર્યાદામાં પ્લેસેન્ટા બહાર નીકળતું નથી. આનાં મુખ્ય કારણો આ પ્રમાણે છે:

*   **પોષક તત્વોની ઉણપ:** અસંતુલિત આહાર અથવા ચોક્કસ પોષક તત્વોની ઉણપ આ સ્થિતિ તરફ દોરી શકે છે. ખાસ કરીને, પ્રસૂતિ દરમિયાન કેલ્શિયમના સ્તરમાં અસંતુલન પ્રાણીમાં નબળાઈ લાવી શકે છે.
*   **વ્યાયામનો અભાવ:** જો પ્રાણીઓને લાંબા સમય સુધી એક જ જગ્યાએ બાંધવામાં આવે અને ગર્ભાવસ્થાના છેલ્લા 8-9 મહિના દરમિયાન પૂરતો વ્યાયામ ન કરવામાં આવે, તો ગર્ભાશયના સ્નાયુઓના સંકોચન પ્લેસેન્ટાને બહાર કાઢવા માટે પૂરતા મજબૂત ન હોઈ શકે.
*   **હોર્મોનલ સમસ્યાઓ:** ઓક્સીટોસિનનું અપૂરતું સ્ત્રાવ પ્લેસેન્ટાને બહાર કાઢવામાં અવરોધ લાવી શકે છે.
*   **પ્રાણી સંબંધિત પરિબળો:** મોટી ઉંમરની ગાયો અને ભેંસોમાં અથવા જે પ્રાણીઓનો પ્રસૂતિનો અનુભવ મુશ્કેલ રહ્યો હોય (ડિસ્ટોસિયા), તેમાં પ્લેસેન્ટા રીટેન્શન થવાની શક્યતા વધી જાય છે.
*   **ચેપ:** પર્યાવરણમાંથી બેક્ટેરિયા પ્રસૂતિ દરમિયાન ગર્ભાશયમાં પ્રવેશી શકે છે, જેના કારણે ગર્ભાશયની દિવાલોમાં સોજો આવે છે, જે પ્લેસેન્ટા રીટેન્શન તરફ દોરી શકે છે.

**મહત્વપૂર્ણ સલાહ:**
જો પ્લેસેન્ટા બહાર ન નીકળે, તો કૃપા કરીને તાત્કાલિક **પશુચિકિત્સકની સલાહ લો**. જ્યાં સુધી તે સંપૂર્ણપણે અલગ ન થઈ જાય ત્યાં સુધી જાતે પ્લેસેન્ટાને બહાર કાઢવાનો પ્રયાસ કરશો નહીં, અને તેના પર ભારે વસ્તુઓ બાંધવાનું ટાળો, કારણ કે તેનાથી ગર્ભાશયની દિવાલોને નુકસાન થઈ શકે છે અને ગંભીર ચેપ, જેમ કે મેટ્રાઇટિસ થઈ શકે છે.","ગાયો અને ભેંસોમાં ગર્ભાશય જળવાઈ જવાની સમસ્યા (પ્લેસેન્ટા રીટેન્શન) ઘણા પરિબળોને કારણે થઈ શકે છે, જેમાં નીચેનાનો સમાવેશ થાય છે:

- પોષક તત્વોની ઉણપ, ખાસ કરીને ગર્ભાવસ્થા દરમિયાન વિટામિન ઇ, સેલેનિયમ અને ખનિજોની ઉણપ.
- મુશ્કેલ અથવા લાંબી પ્રસૂતિ, જોડિયા બાળકો અથવા અસામાન્ય પ્રસૂતિ.
- બ્રુસેલોસિસ અથવા લેપ્ટોસ્પાયરોસિસ જેવા ચેપ.
- હોર્મોનલ અસંતુલનને કારણે નબળા ગર્ભાશય સંકોચન.
- અકાળે પ્રસૂતિ અથવા ગર્ભપાત.
- પ્રાણીની વધુ પડતી ઉંમર અથવા નબળી શારીરિક સ્થિતિ.

ગર્ભાશય જળવાઈ જવાની સમસ્યાને રોકવા માટે ગર્ભાવસ્થા દરમિયાન યોગ્ય પોષણ, પ્રસૂતિ સમયે યોગ્ય વ્યવસ્થાપન અને સમયસર પશુચિકિત્સાની સારવાર જરૂરી છે. જો પ્રસૂતિના 8-12 કલાકની અંદર ગર્ભાશય બહાર ન આવે, તો ચેપ અથવા ગંભીર સમસ્યાઓથી બચવા માટે પશુચિકિત્સકની સલાહ લો.",grammar_fluency_compare,,"Both are similar in grammar quality, but Response B is slightly more concise and natural in flow.",3,"Grammatically correct and understandable, but it reads a bit technical and formal rather than fully natural/friendly.",3,"Mostly correct Gujarati with clear structure, though it is also somewhat technical and less conversational.",response_b,"Both are similar in grammar quality, but Response B is slightly more concise and natural in flow.",3.0807,1080,89,1169,0.0012105
160,115,3.at_parity,chat,3.at_parity,વિયાણ બાદ મેલી (પ્લેસેંટા) ક્યારે/કેવી રીતે પડાવવી જોઈએ?,"સામાન્ય રીતે, બચ્ચાંને જન્મ આપ્યા પછી 3 થી 12 કલાકમાં ગર્ભાશય (પ્લેસેન્ટા) બહાર નીકળી જાય છે. જો તે 12 કલાકમાં બહાર ન આવે, તો તેને **ગર્ભાશય અંદર રહેલું પ્લેસેન્ટા (ROP)** ગણવામાં આવે છે.

**તેને કેવી રીતે સંભાળવું:**
*   **તેને બળજબરીથી દૂર કરવાનો પ્રયાસ કરશો નહીં:** ક્યારેય પણ હાથથી પ્લેસેન્ટાને ખેંચીને અથવા બળજબરીથી બહાર કાઢવાનો પ્રયાસ કરશો નહીં, કારણ કે તેનાથી ગંભીર રક્તસ્ત્રાવ અને જીવલેણ ગૂંચવણો થઈ શકે છે.
*   **ભારે વસ્તુઓનો ઉપયોગ ટાળો:** પ્લેસેન્ટાને બહાર ખેંચવા માટે તેના પર ભારે વસ્તુઓ બાંધશો નહીં.
*   **તરત જ પશુચિકિત્સકની સલાહ લો:** જો પ્લેસેન્ટા અંદર રહેલું હોય, તો વ્યાવસાયિક પશુચિકિત્સાની સારવાર જરૂરી છે. પશુચિકિત્સક યોગ્ય સારવાર આપશે, જેમાં નસમાં પ્રવાહી અને ગર્ભાશયમાં સીધું ઇન્જેક્શન દ્વારા એન્ટિબાયોટિક્સ આપવાનો સમાવેશ થઈ શકે છે.

જો ગર્ભાશય અંદર રહેલા પ્લેસેન્ટાની સારવાર કરવામાં ન આવે તો તેનાથી ગર્ભાશયમાં સોજો આવી શકે છે (**મેટ્રાઇટિસ**), જેના કારણે દુર્ગંધવાળો સ્ત્રાવ થાય છે અને ભવિષ્યમાં પ્રાણીને ગર્ભ ધારણ કરવામાં મુશ્કેલી પડે છે.","પ્રસુતિ પછી, સામાન્ય રીતે 8-12 કલાકમાં ગર્ભાશય અને તેની સાથે જોડાયેલ પ્લેસેન્ટા (ગર્ભાશય) કુદરતી રીતે બહાર નીકળી જવું જોઈએ. જો 12 કલાક પછી પણ પ્લેસેન્ટા બહાર ન આવે, તો તેને અંદર રહી ગયેલું ગણવામાં આવે છે અને તેનાથી ગર્ભાશયમાં ચેપ લાગવાની શક્યતા વધી જાય છે.

તેને કેવી રીતે સંચાલિત કરવું:
- પ્લેસેન્ટાને બળજબરીથી ખેંચશો નહીં, કારણ કે તેનાથી ગાય અથવા ભેંસને ઈજા થઈ શકે છે.
- પ્રાણીની આસપાસ સ્વચ્છતા જાળવો અને તેને સ્વચ્છ અને આરામદાયક જગ્યાએ રાખો.
- જો 18-24 કલાકમાં પ્લેસેન્ટા બહાર ન આવે અથવા પ્રાણીમાં તાવ, દુર્ગંધવાળો સ્ત્રાવ અથવા નબળાઈ જેવા લક્ષણો દેખાય, તો યોગ્ય સારવાર માટે પશુચિકિત્સકની સલાહ લો—જેમ કે એન્ટિબાયોટિક્સ, ગર્ભાશયની સફાઈ અને શક્ય હોય તો હોર્મોન થેરાપી.

પ્રસુતિ પહેલાં અને પછી યોગ્ય પોષણ, ખનિજો અને વિટામિન્સનું સેવન કરવાથી જોખમ ઘટાડવામાં મદદ મળી શકે છે. જો પ્લેસેન્ટા અંદર રહી જાય અથવા પ્રસુતિ પછી પ્રાણીની તબિયત સારી ન લાગે તો હંમેશા પશુચિકિત્સકની સલાહ લો.",grammar_fluency_compare,,"Response A is more fluent and grammatically cleaner overall, even though both contain some unnatural technical phrasing.",3,"Mostly grammatical and understandable, but some phrasing is unnatural and technical, such as 'ગર્ભાશય (પ્લેસેન્ટા)' and 'ગર્ભાશય અંદર રહેલું પ્લેસેન્ટા'.",2,"Generally understandable, but several phrases are awkward or incorrect, like 'ગર્ભાશય અને તેની સાથે જોડાયેલ પ્લેસેન્ટા (ગર્ભાશય)' and some unnatural word choices.",response_a,"Response A is more fluent and grammatically cleaner overall, even though both contain some unnatural technical phrasing.",2.3767,978,152,1130,0.0014175
161,119,3.at_parity,chat,3.at_parity,વિયાણ નજીક ભેંસ માટી ખાય (પિકા) તો શું કરવું?,"જ્યારે કોઈ ભેંસ માટી ખાય છે (પિકા), ખાસ કરીને બચ્ચાંને જન્મ આપવાના સમયની આસપાસ, તે ઘણીવાર ખનિજ તત્વોની ઉણપનું લક્ષણ હોય છે.

આ સમસ્યાને દૂર કરવા માટે, તમારે આ પગલાં લેવા જોઈએ:
- **ખનિજ મિશ્રણ આપો:** ભેંસને પોષક તત્વોની ઉણપને દૂર કરવા માટે દરરોજ **50 ગ્રામ ખનિજ મિશ્રણ પાવડર** આપો.
- **પોષણયુક્ત ખોરાક આપો:** સંતુલિત આહાર આપો જેમાં પોષણયુક્ત ચારો, અમૂલ દાણા અને સમારેલો સૂકો-લીલો ચારો શામેલ હોય.
- **પાણીની ઉપલબ્ધતા સુનિશ્ચિત કરો:** ખાતરી કરો કે પ્રાણીને સ્વચ્છ પીવાના પાણીની 24/7 ઉપલબ્ધતા હોય.

આ વર્તન પોષણ અથવા ચયાપચયની ઉણપ સૂચવી શકે છે, તેથી હું ભલામણ કરું છું કે તમે ચોક્કસ સપ્લિમેન્ટ યોજના માટે તમારા સ્થાનિક પશુચિકિત્સકની સલાહ લો. શું તમે તમારી ભેંસની તપાસ માટે ડૉક્ટર સાથે હેલ્થ કૉલ બુક કરવા માંગો છો?","જો કોઈ ભેંસ, જે બચ્ચાને જન્મ આપવાની નજીક છે, તે માટી ખાય છે (આ સ્થિતિને પિકા તરીકે ઓળખવામાં આવે છે), તો સામાન્ય રીતે તે ખનિજ તત્વોની ઉણપ સૂચવે છે, જેમાં સૌથી સામાન્ય રીતે કેલ્શિયમ, ફોસ્ફરસ અથવા ક્ષારની ઉણપ હોય છે. તમારે આ કરવું જોઈએ:

1. એક સંતુલિત ખનિજ મિશ્રણ પ્રદાન કરો જેમાં કેલ્શિયમ, ફોસ્ફરસ અને ક્ષાર હોય. તેને સ્વચ્છ, સૂકા ખાણદાણમાં મૂકો જ્યાં ભેંસ સરળતાથી તેને ખાઈ શકે.
2. ખાતરી કરો કે સારી ગુણવત્તાવાળું લીલું ચારો અને સ્વચ્છ પીવાનું પાણી હંમેશા ઉપલબ્ધ હોય.
3. એવા ચારો અથવા ઘાસનો ઉપયોગ કરવાનું ટાળો જેમાં માટી અથવા રેતીનું મિશ્રણ હોય.
4. બચ્ચાને જન્મ આપવાની આસપાસ અન્ય કોઈ બીમારી અથવા ગૂંચવણોના ચિહ્નો માટે ધ્યાન રાખો.

જો ભેંસ માટી ખાવાનું ચાલુ રાખે છે અથવા નબળાઈ, ભૂખ ન લાગવી અથવા અન્ય અસામાન્ય વર્તન જેવા ચિહ્નો દર્શાવે છે, તો તાત્કાલિક સ્થાનિક પશુચિકિત્સકનો સંપર્ક કરો, કારણ કે તે કોઈ ગંભીર અંતર્ગત સ્થિતિ સૂચવી શકે છે.",grammar_fluency_compare,,"Response B reads more naturally and smoothly in Gujarati, with better overall fluency and structure.",3,"Grammatically correct overall, but some phrasing feels a bit technical and less natural in Gujarati.",4,"Well-structured, fluent, and grammatically natural Gujarati with a friendly, clear tone.",response_b,"Response B reads more naturally and smoothly in Gujarati, with better overall fluency and structure.",1.9994,898,105,1003,0.001146
162,122,3.at_parity,chat,3.at_parity,ડેરી ફાર્મ શરૂ/બનાવવું છે—બિઝનેસ સફળ થશે કે મુશ્કેલી/લોસ થશે?,"ડેરી ફાર્મ શરૂ કરવું એ એક નફાકારક વ્યવસાય બની શકે છે, પરંતુ તેની સફળતા મોટાભાગે કાળજીપૂર્વકની યોજના અને વ્યવસ્થાપન પર આધાર રાખે છે. તે દૂધના વેચાણ દ્વારા સતત આવક પૂરી પાડે છે, પરંતુ કેટલીક સામાન્ય સમસ્યાઓ છે જેના માટે તમારે તૈયારી કરવી જોઈએ:

**સફળતાની સંભાવના:**
*   **સતત માંગ:** દૂધ અને ડેરી ઉત્પાદનોની માંગ હંમેશા રહે છે.
*   **વિવિધ આવક સ્ત્રોત:** તમે દૂધ, બચ્ચાં અને ઓર્ગેનિક ખાતર (વર્મીકમ્પોસ્ટ)માંથી આવક મેળવી શકો છો.
*   **સરકારી સહાય:** ઘણા સહકારી સંસ્થાઓ અને સરકારો પશુધન અને માળખાકીય સુવિધાઓ માટે સબસિડી પૂરી પાડે છે.

**સામાન્ય મુશ્કેલીઓ અને જોખમો:**
*   **ઊંચો પ્રારંભિક ખર્ચ:** શેડ બનાવવામાં અને ઉચ્ચ ઉત્પાદન આપતી જાતિના પશુઓ ખરીદવામાં નોંધપાત્ર મૂડીની જરૂર પડે છે.
*   **આરોગ્ય વ્યવસ્થાપન:** રોગચાળો ફાટી નીકળવાથી દૂધનું ઉત્પાદન અચાનક ઘટી શકે છે અથવા પશુઓનું મૃત્યુ થઈ શકે છે, જો રસીકરણ અને સ્વચ્છતાની અવગણના કરવામાં આવે તો.
*   **ચારોનો ખર્ચ:** ગુણવત્તાયુક્ત ચારો અને ઘાસનો ખર્ચ વધઘટ થઈ શકે છે, જે તમારા નફાને અસર કરે છે.
*   **શ્રમ વ્યવસ્થાપન:** ડેરી ફાર્મિંગ એ વર્ષના 365 દિવસનું કામ છે, જેમાં દૂધ દોહવા અને સફાઈ માટે કુશળ શ્રમની જરૂર પડે છે.

**નુકસાન ઘટાડવા માટેની ટિપ્સ:**
1.  **નાના પાયે શરૂઆત કરો:** થોડા ઉચ્ચ ગુણવત્તાવાળા પશુઓથી શરૂઆત કરો અને અનુભવ મેળવ્યા પછી ધીમે ધીમે વધારો કરો.
2.  **ચારો પર ધ્યાન કેન્દ્રિત કરો:** ચારોનો ખર્ચ ઘટાડવા માટે જાતે જ લીલો ચારો ઉગાડો.
3.  **ચોક્કસ આરોગ્યનું સમયપત્રક:** ખર્ચાળ રોગોને રોકવા માટે રસીકરણ અને કૃમિનાશનું કડક સમયપત્રકનું પાલન કરો.
4.  **બજાર સાથે જોડાણ:** સમયસર ચુકવણી સુનિશ્ચિત કરવા માટે ડેરી સહકારી સંસ્થા (જેમ કે અમૂલ) સાથે વિશ્વસનીય જોડાણ રાખો.

શું તમે ડેરી ફાર્મની યોજના અથવા શરૂઆત કરવામાં મદદરૂપ થઈ શકે તેવી ઉપલબ્ધ યોજનાઓ વિશે વધુ માહિતી મેળવવા માંગો છો?","જો યોગ્ય આયોજન અને વ્યવસ્થાપન સાથે ડેરી ફાર્મ શરૂ કરવામાં આવે તો તે નફાકારક વ્યવસાય બની શકે છે, પરંતુ તેમાં પડકારો અને જોખમો પણ છે. સફળતા માટેના મુખ્ય પરિબળોમાં નીચેનાનો સમાવેશ થાય છે:

- પશુઓની સંખ્યા, જાતિની પસંદગી અને રોકાણનું કાળજીપૂર્વક આયોજન.
- સારી ગુણવત્તાવાળા ચારો અને પાણીની વિશ્વસનીય ઉપલબ્ધતા.
- યોગ્ય પશુ આરોગ્ય સંભાળ અને આવાસ.
- નિયમિત રેકોર્ડ રાખવું અને નાણાકીય વ્યવસ્થાપન.
- દૂધના બજારના ભાવને સમજવા અને સહકારી સંસ્થા અથવા કંપની જેવા વિશ્વસનીય ખરીદનારની ખાતરી કરવી.

સામાન્ય મુશ્કેલીઓમાં દૂધના ભાવમાં વધઘટ, રોગચાળો, ઊંચો ચારાનો ખર્ચ અને શ્રમ સંબંધિત પડકારોનો સમાવેશ થાય છે. હાલના ડેરી ફાર્મની મુલાકાત લેવી, સ્થાનિક કૃષિ અધિકારીઓ સાથે સંપર્ક કરવો અને વિસ્તરણ કરતા પહેલા નાના પાયે શરૂઆત કરવી એ સફળતાની શક્યતાઓને વધારી શકે છે.

યાદ રાખો, સારા સંચાલનથી સમય જતાં નફો વધે છે, પરંતુ અણધાર્યા મુદ્દાઓથી કામચલાઉ નુકસાન થઈ શકે છે. તેથી, બંને માટે તૈયારી કરવી સમજદારીભર્યું છે.

જો તમે નવા ડેરી ખેડૂતો માટે સ્થાનિક સરકાર/અમૂલ યોજનાઓ વિશે પગલું-દર-પગલાં માર્ગદર્શન અથવા માહિતી મેળવવા માંગતા હો, તો મને જણાવો!",grammar_fluency_compare,,"Both responses are fluent and grammatically sound in Gujarati, with no meaningful difference in grammar quality.",4,"Grammatically correct Gujarati with clear structure and friendly, understandable tone.",4,"Also grammatically correct and natural overall, with a friendly and clear style.",both,"Both responses are fluent and grammatically sound in Gujarati, with no meaningful difference in grammar quality.",2.1459,1263,96,1359,0.00137925
163,124,3.at_parity,chat,3.at_parity,બનાસ ડેરીમાં નોકરી સંબંધિત ખાલી જગ્યા/વેકન્સી વિશે માહિતી જોઈએ.,"માફ કરશો, પરંતુ હું ફક્ત કૃષિ અને પશુપાલન સંબંધિત માહિતી અને સલાહ સેવાઓ જ આપી શકું છું. મારી પાસે બનાસ ડેરીમાં ખાલી જગ્યાઓ અથવા ભરતીની વિગતો ઉપલબ્ધ નથી. હું તમને કારકિર્દીની તકો માટે બનાસ ડેરીની સત્તાવાર વેબસાઇટની મુલાકાત લેવા અથવા તેમના એચઆર વિભાગનો સીધો સંપર્ક કરવાની ભલામણ કરું છું.","માફ કરશો, હું નોકરીની ખાલી જગ્યા અથવા ભરતી સંબંધિત પ્રશ્નોમાં મદદ કરી શકતો નથી. કારકિર્દીની માહિતી માટે કૃપા કરીને બનાસ ડેરીની સત્તાવાર વેબસાઇટની મુલાકાત લો.",grammar_fluency_compare,,"Both are fluent, but Response A sounds a bit more natural and friendly in tone.",4,Grammatically correct Gujarati with natural structure and polite tone.,4,"Also grammatically correct and natural, though slightly more concise and less warm.",response_a,"Both are fluent, but Response A sounds a bit more natural and friendly in tone.",2.6011,452,93,545,0.0007575
164,127,3.at_parity,chat,3.at_parity,અસ્પષ્ટ/અધૂરો પ્રશ્ન (1121 દોણ),"માફ કરશો, પણ મને તમારી વાત બરાબર સમજાય નથી. શું તમે કૃપા કરીને વધુ વિગતો આપી શકો છો અથવા તમારો પ્રશ્ન ફરીથી પૂછી શકો છો, જેથી હું તમને તમારા ખેતી અથવા પશુપાલન સંબંધિત કાર્યોમાં મદદ કરી શકું?",શું તમે વધુ વિગતો આપી શકશો અથવા તમારા પ્રશ્નને સ્પષ્ટ કરી શકશો? આનાથી હું તમને શ્રેષ્ઠ શક્ય સલાહ અથવા માહિતી આપી શકીશ.,grammar_fluency_compare,,"Both responses are equally fluent and grammatically sound, with no meaningful difference in grammar quality.",4,"Grammatically correct, natural Gujarati, and friendly in tone.",4,Grammatically correct and natural-sounding Gujarati with a polite tone.,both,"Both responses are equally fluent and grammatically sound, with no meaningful difference in grammar quality.",1.6353,393,93,486,0.00071325
165,130,3.at_parity,chat,3.at_parity,ફોટો માંગણી (અસ્પષ્ટ વિષય/નામ),"માફ કરશો, પણ મને તમારી વાત બરાબર સમજાય નથી. તમે કયા વિષયનું ચિત્ર મેળવવા માંગો છો, અથવા હું તમારી ખેતી અને પશુપાલન સંબંધિત જરૂરિયાતોમાં કેવી રીતે મદદ કરી શકું તે કૃપા કરીને જણાવશો.","માફ કરશો, પરંતુ હું સામાન્ય ફોટો વિનંતીઓ પર પ્રક્રિયા કરી શકતો નથી. કૃપા કરીને તમારા પ્રશ્નને સ્પષ્ટ કરો અથવા કૃષિ અથવા પશુધન સંબંધિત તમારી જરૂરિયાતોમાં હું તમને કેવી રીતે મદદ કરી શકું તે જણાવો.",grammar_fluency_compare,,Response A sounds more natural and friendly while remaining grammatically correct.,4,"Grammatically correct, natural Gujarati, and friendly in tone.",3,"Grammar is correct, but it sounds more formal and slightly technical/cold.",response_a,Response A sounds more natural and friendly while remaining grammatically correct.,1.5006,417,90,507,0.00071775
166,131,3.at_parity,chat,3.at_parity,વ્યક્તિનું સ્થાન/રહેઠાણ પૂછવું (શારદાબેન ક્યાં રહો છો?),હું વ્યક્તિગત માહિતી અથવા કોઈ વ્યક્તિના ઠેકાણાં આપી શકતો નથી.,"માફ કરશો, હું કૃષિ અથવા ખેતી સંબંધિત વિષયો પર જ પ્રશ્નોના જવાબ આપી શકું છું. શું તમે કૃષિ, પશુપાલન અથવા ડેરી સંબંધિત કોઈ પ્રશ્ન પૂછવા માંગો છો?",grammar_fluency_compare,,"Both are correct, but Response B sounds more natural and friendly in Gujarati.",4,"Grammatically correct Gujarati and natural enough, though slightly formal.",4,"Grammatically correct Gujarati with a polite, clear structure; slightly more natural and friendly.",response_b,"Both are correct, but Response B sounds more natural and friendly in Gujarati.",2.5533,371,95,466,0.00070575
167,132,3.at_parity,chat,3.at_parity,સામાન્ય અભિવાદન/કુશળક્ષેમ પૂછવું,"નમસ્તે! હું સરલાબેન છું, અને હું તમારું અમૂલ એઆઈ સહાયક છું, જે કૃષિ અને પશુધન સંબંધિત સલાહ આપવા માટે અહીં છે. હું સારી છું, પૂછવા બદલ આભાર! આજે હું તમારા ખેતી અથવા પશુઓ સંબંધિત બાબતોમાં તમને કેવી રીતે મદદ કરી શકું છું?","નમસ્તે! હું અહીં પ્રાણીઓના સ્વાસ્થ્ય, ડેરી, પ્રજનન અથવા ખેતી સંબંધિત કોઈપણ પ્રશ્નોમાં તમને મદદ કરવા માટે છું. આજે હું તમને કેવી રીતે મદદ કરી શકું?",grammar_fluency_compare,,"Response A feels a bit more natural and conversational for a greeting, while Response B is slightly more generic and formal.",4,"Grammatically correct Gujarati with a friendly, natural tone.",4,"Grammatically correct Gujarati and clear, though slightly more formal.",response_a,"Response A feels a bit more natural and conversational for a greeting, while Response B is slightly more generic and formal.",1.9655,422,97,519,0.000753
168,134,3.at_parity,chat,3.at_parity,ગાય ભેસને મોટા ઓપરેશન માટે મોટી હોસ્પિટલ લઇ જવાય કે ઘરેજ કરાવી શકાય?,"ગાયો અને ભેંસો પર કરવામાં આવતી મોટી સર્જરીઓ સામાન્ય રીતે ખૂબ જોખમી હોય છે અને તેમાં વિશેષ સાધનોની જરૂર પડે છે, જેમ કે સંપૂર્ણ એનેસ્થેસિયા અને સોનોગ્રાફી અથવા એક્સ-રે જેવા ડાયગ્નોસ્ટિક સાધનો. આ જરૂરિયાતોને લીધે, મોટી સર્જરીઓ સામાન્ય રીતે પશુ દવાખાના અથવા કોલેજો (જેમ કે સરદાર કૃષ્ણનગરની પશુ ચિકિત્સા વિજ્ઞાન અને પશુપાલન કોલેજ)માં કરવામાં આવે છે, જેથી પ્રાણીની સલામતી સુનિશ્ચિત કરી શકાય.

જો તમારા પ્રાણીને મોટી સર્જરીની જરૂર હોય, તો કૃપા કરીને કોઈ લાયક પશુચિકિત્સકની સલાહ લો, જેથી પ્રક્રિયા માટે સૌથી સલામત સ્થળ નક્કી કરી શકાય.","મોટા ઓપરેશન, જેમ કે સર્જરી અથવા ગંભીર ઇજાઓ માટે, ગાયો અને ભેંસોને સારી સુવિધાઓ ધરાવતા મોટા પશુચિકિત્સા હોસ્પિટલમાં લઈ જવી જોઈએ. આ પ્રક્રિયાઓ માટે તાલીમ પામેલા પશુચિકિત્સકો, યોગ્ય એનેસ્થેસિયા, જંતુરહિત સાધનો અને કેટલીકવાર અદ્યતન સારવારની જરૂર પડે છે, જે ઘરે આપી શકાતી નથી. નાની સારવાર અથવા નિયમિત સંભાળ ઘણીવાર પશુચિકિત્સકની મુલાકાત સાથે ખેતરમાં જ કરી શકાય છે, પરંતુ પ્રાણીની સલામતી માટે મોટા ઓપરેશન ક્યારેય ઘરે કરવાનો પ્રયાસ કરવો જોઈએ નહીં. હંમેશા માર્ગદર્શન માટે તમારા સ્થાનિક પશુચિકિત્સકની સલાહ લો.",grammar_fluency_compare,,"Response B reads more naturally and smoothly in Gujarati, with better overall fluency and a friendlier style.",3,"Grammatically correct and understandable, but the wording is somewhat formal and technical rather than fully natural and friendly.",4,"Fluent, grammatically correct Gujarati with a natural and friendly tone that is easy to understand.",response_b,"Response B reads more naturally and smoothly in Gujarati, with better overall fluency and a friendlier style.",2.3493,662,111,773,0.000996
169,135,3.at_parity,chat,3.at_parity,ચોમાસા માં મચ્છરથી પશુઓનેકઈ રીતે બચાવી શકાય?,"વરસાદ દરમિયાન તમારા પશુઓને મચ્છરો અને અન્ય જીવાતોથી બચાવવા માટે, તમે નીચેના પગલાં લઈ શકો છો:

*   **પાણી ભરાઈ ન જાય તેનું ધ્યાન રાખો:** પશુઓના આલમની આસપાસ યોગ્ય ડ્રેનેજ વ્યવસ્થા હોવી જોઈએ. સ્થિર પાણીમાં મચ્છરો અને માખીઓ દ્વારા ફેલાતી બીમારીઓનું જોખમ વધે છે.
*   **સ્વચ્છતા જાળવો:** આલમ અને આસપાસના વિસ્તારોને સ્વચ્છ રાખો. ભેગી થયેલું પાણી, ભીનું ઘાસ અને કચરો નિયમિતપણે દૂર કરો, કારણ કે ગંદકી વધવાથી મચ્છરોની સંખ્યામાં વધારો થાય છે.
*   **જીવાત નિયંત્રણ સાધનોનો ઉપયોગ કરો:** બજારમાં ઉપલબ્ધ માખી અને મચ્છર પકડવાના સાધનો લગાવો, જેનાથી આ જીવાતોની હાજરી અને તેનાથી ફેલાતી બીમારીઓનું જોખમ નોંધપાત્ર રીતે ઘટાડી શકાય છે.
*   **સામાન્ય ફાર્મની કાળજી:** એકંદર ફાર્મની સ્વચ્છતા જાળવવા માટે જંતુનાશક દવાઓનો ઉપયોગ કરો, જેથી જીવાતોના ઉપદ્રવનું જોખમ વધુ ઘટાડી શકાય.

સ્ત્રોત: આણંદ કૃષિ યુનિવર્સિટી, ગૌધૂલી","વરસાળી ઋતુ દરમિયાન મચ્છરોથી પશુઓને બચાવવા માટે આ પગલાં અનુસરો:

૧. મચ્છરોને પ્રજનન કરતા અટકાવવા માટે પશુઓના આલમ અને તેની આસપાસથી સ્થિર પાણી દૂર કરો.
૨. નિયમિતપણે પીવાના પાણીને સાફ કરો અને બદલો.
૩. પશુઓના આલમની બારીઓ અને દરવાજા પર મચ્છરદાની અથવા જાળી લગાવો, ખાસ કરીને રાત્રે.
૪. મંજૂર કરાયેલા મચ્છર ભગાડનાર દવાનો ઉપયોગ કરો અથવા ધૂમ્રપાન કરાવો, પરંતુ ખાતરી કરો કે તે પશુઓ માટે સલામત છે.
૫. આલમ અને તેની આસપાસની જગ્યાને સ્વચ્છ રાખો અને છાણ અને અન્ય કાર્બનિક કચરો તાત્કાલિક દૂર કરો.
૬. આલમને સારી રીતે વેન્ટિલેટેડ રાખો અને ફાર્મની આસપાસ યોગ્ય રીતે પાણી નિકાલની વ્યવસ્થા કરો.

આ પગલાં પશુઓમાં મચ્છરજન્ય રોગોને ઘટાડવામાં મદદ કરે છે. તમારા વિસ્તાર માટે ચોક્કસ સાવચેતીઓ અથવા સલામત મચ્છર ભગાડનાર દવાઓ વિશે તમારા સ્થાનિક પશુચિકિત્સકની સલાહ લો.",grammar_fluency_compare,,"Response B reads more naturally and smoothly in Gujarati, with better style and friendliness.",3,"Grammatically correct overall, but the wording is somewhat formal and technical rather than fully natural and friendly.",4,"Fluent and grammatically natural Gujarati with a clear, friendly instructional tone.",response_b,"Response B reads more naturally and smoothly in Gujarati, with better style and friendliness.",2.2891,888,101,989,0.0011205
170,138,3.at_parity,chat,3.at_parity,મારા પશુમાં વર્ષ દરમ્યાન કયા કયા પ્રકારની અને કયા સમયે રસીકરણ કરવું જોઈએ તેનું સમયપત્રક આપો,"ભલામણ કરેલ પશુચિકિત્સા માર્ગદર્શિકાના આધારે, તમારા પશુઓ માટે રસીકરણનું સમયપત્રક આ મુજબ છે:

### **વાર્ષિક રસીકરણ સમયપત્રક**
| રોગ | રસીકરણનો સમય | અંતરાલ/નોંધ |
| :--- | :--- | :--- |
| **હેમરેજિક સેપ્ટિસિમીયા (HS)** | મે-જૂન | વાર્ષિક. જોખમ વધારે હોય તેવા વિસ્તારોમાં, નવેમ્બર-ડિસેમ્બરમાં બૂસ્ટર ડોઝ આપી શકાય છે. |
| **બ્લેક ક્વોર્ટર (BQ)** | જૂન | વર્ષમાં એકવાર. |
| **ફૂટ-એન્ડ-માઉથ ડિસીઝ (FMD)** | ફેબ્રુઆરી અને જુલાઈ-ઓગસ્ટ | વર્ષમાં બે વાર (દર 6 મહિને). |

### **વિશિષ્ટ અને ઉંમર આધારિત રસીકરણ**
*   **બ્રુસેલોસિસ (ચેપી ગર્ભપાત):** માદા બચ્ચાં (વાછરડી)ને 4 થી 9 મહિનાની ઉંમરે એક જ ડોઝ આપો. આનાથી આજીવન રોગપ્રતિકારક શક્તિ મળે છે.
*   **રેબીઝ (પાંડુરોગ):** જો કોઈ પ્રાણીને કૂતરાએ કર્યું હોય, તો પ્રથમ ડોઝ 24 કલાકની અંદર આપવો જોઈએ, ત્યારબાદ 3, 7, 14, 28 અને 60 (અથવા 80/90 માર્ગદર્શિકાના આધારે) દિવસે ડોઝ આપવા જોઈએ.
*   **એન્ટરોટોક્સેમીયા:** ઘેટાં માટે, ચોમાસાની ઋતુ પહેલાં રસી આપો.

### **રસીકરણ માટે મહત્વપૂર્ણ માર્ગદર્શિકા**
*   **પશુચિકિત્સા સલાહ:** રસી હંમેશા પશુચિકિત્સકની દેખરેખ અથવા સલાહ હેઠળ જ આપો.
*   **સ્વચ્છતા:** ઉપયોગ કરતા પહેલાં અને પછી, તમામ સાધનો (સૂઈ/સીરીંજ)ને ઉકળતા પાણીમાં ઉકાળીને જંતુમુક્ત કરો.
*   **નિકાલ:** વપરાયેલી રસીની બોટલ અને સૂઈનો યોગ્ય રીતે નિકાલ કરો, તેને બાળીને અથવા જમીનમાં દાટીને.
*   **નિવારણ:** રોગ થાય તે પહેલાં તમારા પ્રાણીઓને રસી આપો, જેથી મહત્તમ સુરક્ષા સુનિશ્ચિત કરી શકાય.

તમારા પશુધન અને સ્થાનિક જોખમી પરિબળોને ધ્યાનમાં રાખીને વ્યક્તિગત યોજના માટે, કૃપા કરીને તમારા સ્થાનિક પશુચિકિત્સકની સલાહ લો.","ગાય અને ભેંસ માટેનું સામાન્ય વાર્ષિક રસીકરણનું સમયપત્રક નીચે મુજબ છે. તમારા સ્થાનિક પશુચિકિત્સકની ભલામણો અને તમારા વિસ્તારમાં ચોક્કસ રોગના જોખમને આધારે સમય બદલી શકાય છે. ચોક્કસ સમય અને વધારાની રસીની જરૂરિયાતો માટે હંમેશા તમારા સ્થાનિક પશુચિકિત્સકની સલાહ લો.

મુખ્ય રસીના પ્રકાર અને સૂચિત સમયપત્રક:

૧. ફૂટ એન્ડ માઉથ ડિસીઝ (FMD): વર્ષમાં બે વાર (દર ૬ મહિને), સામાન્ય રીતે ચોમાસા પહેલાં (મે-જૂન) અને ચોમાસા પછી (નવેમ્બર-ડિસેમ્બર).

૨. હેમરેજિક સેપ્ટીસીમિયા (HS): વર્ષમાં એક વાર, સામાન્ય રીતે ચોમાસા પહેલાં (મે-જૂન).

૩. બ્લેક ક્વોર્ટર (BQ): વર્ષમાં એક વાર, ચોમાસા પહેલાં (મે-જૂન).

૪. બ્રુસેલોસિસ: ૪-૮ મહિનાની ઉંમરની માદા બચ્ચાંને એક જ વાર રસી આપવી.

૫. એન્થ્રેક્સ (જ્યાં આ રોગ સામાન્ય છે): વર્ષમાં એક વાર, સ્થાનિક જોખમ અનુસાર.

૬. રેબીઝ: ફક્ત ત્યારે જ જ્યારે પ્રાણીને શંકાસ્પદ રેબીઝવાળા પ્રાણી દ્વારા કરડવામાં આવે, અથવા તમારા પશુચિકિત્સકની સલાહ મુજબ.

૭. થિલરીયોસિસ: ફક્ત ચોક્કસ પ્રદેશોમાં, પશુચિકિત્સકની ભલામણ મુજબ.

નાના બચ્ચાં માટે:
- બ્રુસેલોસિસ (૪-૮ મહિના) અને કેટલીકવાર HS/BQ (૬ મહિનામાં) જેવી બચ્ચાંના સમયગાળાની રસી, સ્થાનિક માર્ગદર્શિકા અનુસાર.

મહત્વપૂર્ણ નોંધો:
- કૃમિનાશક દવા એ રસી નથી, પરંતુ તે મહત્વપૂર્ણ છે - સામાન્ય રીતે વર્ષમાં ૨-૩ વાર.
- કેટલાક પ્રદેશો અને પશુધનમાં IBR, પેસ્ટ્યુરેલોસિસ અથવા અન્ય રોગો માટે વધારાની રસીની જરૂર પડી શકે છે.

ચોક્કસ તારીખો અને તમારા પ્રાણીઓની ઉંમર અને જાતિ માટે, તમારા સ્થાનિક પશુચિકિત્સક અથવા પશુપાલન અધિકારીની સલાહ લો, કારણ કે રોગનું જોખમ અને રસીની ઉપલબ્ધતા પ્રદેશ પ્રમાણે બદલાઈ શકે છે. તમામ રસીકરણનો રેકોર્ડ રાખો.",grammar_fluency_compare,,Both responses are fluent and grammatically sound; neither has a clear grammar advantage.,4,Grammatically correct Gujarati with clear structure and natural phrasing overall.,4,"Also grammatically correct and readable Gujarati, with only minor technical/cold wording.",both,Both responses are fluent and grammatically sound; neither has a clear grammar advantage.,3.3129,1474,94,1568,0.0015285
171,139,3.at_parity,chat,3.at_parity,મારા બળદ ન કરમોડી થય છે તો શું કરવું?,"એવું લાગે છે કે તમારા બળદને તબીબી સારવારની જરૂર પડી શકે છે. શું તમે હેલ્થ કૉલ બુક કરવા માંગો છો?

ગાયોમાં લંગડું થવાનું કારણ ઘણાં વિવિધ પરિબળો હોઈ શકે છે, અને સારવાર કારણ પર આધાર રાખે છે:

*   **પગનો સડો:** આ એક બેક્ટેરિયલ ચેપ છે જે સામાન્ય રીતે ભીના વાતાવરણ, તીક્ષ્ણ કાંકરી અથવા પથ્થરવાળી જમીનને કારણે થાય છે. તેના લક્ષણોમાં આંગળીઓની વચ્ચે સોજો, દુર્ગંધ, તાવ અને ગંભીર લંગડું થવું શામેલ છે, જેના કારણે પ્રાણી તેનું પગ હવામાં રાખી શકે છે.
*   **પગ અને મોંનો રોગ (FMD):** આ વાયરલ રોગ આંગળીઓની વચ્ચે ફોલ્લાઓનું કારણ બની શકે છે, જેનાથી લંગડું થાય છે, સાથે તાવ અને જીભ અને મોં પર ફોલ્લા પણ થઈ શકે છે.
*   **અન્ય કારણો:** લંગડું થવાનું કારણ શારીરિક ઈજાઓ અથવા અન્ય સિસ્ટમિક રોગો જેમ કે ક્ષણિક તાવ પણ હોઈ શકે છે.

**સામાન્ય ભલામણો:**
1.  **પગ સ્વચ્છ રાખો:** ખાતરી કરો કે પ્રાણીના પગ સૂકા અને સ્વચ્છ રહે, અને તેના પર્યાવરણમાંથી ઈજાના કોઈપણ સ્ત્રોતો દૂર કરો.
2.  **અલગ રાખો:** જો તમને પગનો સડો અથવા FMD જેવા ચેપી રોગ હોવાની શંકા હોય, તો અસરગ્રસ્ત પ્રાણીને અન્ય પ્રાણીઓમાં ફેલાતું અટકાવવા માટે અલગ રાખો.
3.  **નિષ્ણાતની સલાહ લો:** કારણ કે સિસ્ટમિક થેરાપી (દવા) ઘણીવાર સ્થાનિક સારવાર કરતાં વધુ મહત્વપૂર્ણ હોય છે, તેથી તમારે સચોટ નિદાન અને સારવાર યોજના માટે તાત્કાલિક પશુચિકિત્સકનો સંપર્ક કરવો જોઈએ.","બળદમાં લંગડું થવાનું કારણ પગમાં થયેલી ઇજા, ચેપ, પગના ઘોંઘા વચ્ચે પથ્થર અટવાઈ જવો, પગના નખ વધુ પડતા વધવા અથવા સાંધાની સમસ્યા હોઈ શકે છે. સૌ પ્રથમ, પ્રાણીને સ્વચ્છ અને સૂકી જગ્યાએ આરામ કરાવો અને તેના પગ અને પગના ઘોંઘામાં કોઈ દેખીતી ઇજા, સોજો અથવા કોઈ વિદેશી વસ્તુ છે કે કેમ તે તપાસો. પ્રાણીને ચાલવા અથવા કામ કરવા માટે દબાણ ન કરો.

જો તમને કોઈ ઇજા, સોજો, પરુ દેખાય અથવા બળદ ખાતો નથી અથવા તેને તાવ છે, તો તેને તાત્કાલિક પશુચિકિત્સકની સારવારની જરૂર પડી શકે છે. શું તમે પશુચિકિત્સકને બોલાવીને તમારા બળદની તપાસ કરાવવા માટે એપોઇન્ટમેન્ટ બુક કરવા માંગો છો?",grammar_fluency_compare,,"Response B is more natural and fluent in Gujarati, with a friendlier tone and fewer awkward or technical-sounding parts.",3,"Mostly grammatical and understandable, but it sounds somewhat technical and less natural in places.",4,"Grammatically correct, natural, and friendly; it reads smoothly for a farmer.",response_b,"Response B is more natural and fluent in Gujarati, with a friendlier tone and fewer awkward or technical-sounding parts.",2.0301,955,106,1061,0.00119325
172,144,3.at_parity,chat,3.at_parity,મારે શુદ્ધ hf નું ફાર્મ બનાવવું છે તો તે આપણા વાતાવરણમાં અનુકૂળ આવશે?,"ગરમ આબોહવામાં શુદ્ધ હોલસ્ટેઇન ફ્રિસિયન (એચએફ) પશુધન ફાર્મ શરૂ કરવું પડકારજનક હોઈ શકે છે, કારણ કે એચએફ ગાયોમાં અન્ય જાતિઓની સરખામણીમાં, જેમ કે જર્સી ગાય, ઓછી ગરમી સહન કરવાની ક્ષમતા હોય છે.

સ્થાપિત પશુધન વ્યવસ્થાપન અને ઉપલબ્ધ દસ્તાવેજોના આધારે, અહીં મુખ્ય બાબતો ધ્યાનમાં લેવા જેવી છે:

*   **ગરમી પ્રત્યે સંવેદનશીલતા:** એચએફ ગાયોમાં જર્સી અથવા સ્થાનિક જાતિઓની સરખામણીમાં ગરમીના તાણની અસર વધુ જોવા મળે છે. ગરમ આબોહવામાં, આનાથી તેમના સ્વાસ્થ્ય અને દૂધ ઉત્પાદકતા પર નકારાત્મક અસર પડી શકે છે.
*   **વધુ સંસાધનોની જરૂરિયાત:** એચએફ ગાયોને તેમના શરીરનું તાપમાન જાળવવા અને વધુ દૂધ ઉત્પાદનને ટેકો આપવા માટે સ્થાનિક ગાયો કરતાં નોંધપાત્ર રીતે વધુ પાણીની જરૂર પડે છે.
*   **વ્યવસ્થાપનની આવશ્યકતાઓ:** જો તમે ગરમ આબોહવામાં શુદ્ધ એચએફ પશુધન ફાર્મ શરૂ કરવાનું નક્કી કરો છો, તો તમારે આમાં રોકાણ કરવું આવશ્યક છે:
    *   **આબોહવા નિયંત્રણ:** પશુઓને ઠંડુ રાખવા માટે યોગ્ય વેન્ટિલેશન, પાણીના છંટકાવની વ્યવસ્થા અને યોગ્ય આવાસ.
    *   **પાણીની સપ્લાય:** સ્વચ્છ અને ઠંડા પીવાના પાણીની સતત ઉપલબ્ધતા.
    *   **ખોરાક વ્યવસ્થાપન:** ગરમીની ઉત્પાદકતા પર થતી નકારાત્મક અસરોને ઘટાડવા માટે વિશિષ્ટ ખોરાક વ્યવસ્થાપન.

**ભલામણ:**
જો તમને આબોહવા વિશે ચિંતા હોય, તો તમે **સંકર જાતિ (ક્રોસબ્રીડિંગ)** કરવાનું વિચારી શકો છો. સ્થાનિક આનુવંશિક તત્વો (32.5 થી 50%) ઉમેરવાથી ગરમી સહન કરવાની ક્ષમતામાં નોંધપાત્ર સુધારો થઈ શકે છે, સાથે જ સારી ઉત્પાદકતા જળવાઈ રહે છે. વૈકલ્પિક રીતે, જર્સી જાતિ એ ખર્ચ-અસરકારક દૂધ ઉત્પાદન માટે વધુ ગરમી સહન કરી શકે તેવી વિદેશી જાતિ છે.

હું ભલામણ કરું છું કે તમે તમારા સ્થાનિક પશુચિકિત્સક અથવા પશુપાલન અધિકારીની સલાહ લો અને શુદ્ધ એચએફ પશુધન ફાર્મમાં રોકાણ કરતા પહેલાં તમારા ચોક્કસ સ્થાનના તાપમાન અને ભેજનું સ્તર મૂલ્યાંકન કરો.","હોલસ્ટેઇન ફ્રિસિયન (એચએફ) ગાયો તેમના ઊંચા દૂધ ઉત્પાદન માટે જાણીતી છે, પરંતુ તે મૂળ રૂપે ઠંડા પ્રદેશોની છે. ભારતના મોટાભાગના વિસ્તારોમાં, જેમાં ગુજરાતનો પણ સમાવેશ થાય છે, ત્યાં આબોહવા ખૂબ ગરમ અને ભેજવાળી હોય છે, ખાસ કરીને ઉનાળા દરમિયાન. જો ખાસ વ્યવસ્થાપન પગલાં લેવામાં ન આવે તો, શુદ્ધ એચએફ ગાયોને ગરમીના તાણ, ઉત્પાદનમાં ઘટાડો અને ઉષ્ણકટિબંધીય પરિસ્થિતિઓમાં રોગો થવાની શક્યતા વધુ હોય છે.

જો તમે શુદ્ધ એચએફ ગાયો રાખવા માંગતા હો, તો તમારે નીચેની બાબતોની જરૂર પડશે:
- યોગ્ય ઠંડક પ્રણાલી (પંખા, સ્પ્રીંકલર, છાંયોવાળા ખુલ્લા શેડ),
- હંમેશાં સ્વચ્છ પીવાનું પાણી ઉપલબ્ધ હોવું જોઈએ,
- નિયમિત રસીકરણ અને રોગનું નિરીક્ષણ,
- સારી ગુણવત્તાવાળું લીલું ચારો અને સંતુલિત ખોરાક,
- અતિશય ગરમી દરમિયાન વિશેષ કાળજી.

ઘણા ભારતીય ખેડૂતો ક્રોસબ્રેડ એચએફ (સ્થાનિક જાતિ સાથેનું મિશ્રણ) પસંદ કરે છે કારણ કે તે ઊંચા દૂધ ઉત્પાદન સાથે વધુ સારી સ્થાનિક અનુકૂલનક્ષમતા અને રોગ પ્રતિકારક ક્ષમતા પ્રદાન કરે છે.

સારાંશમાં: શુદ્ધ એચએફ પશુપાલન શક્ય છે, પરંતુ તેમાં આબોહવા વ્યવસ્થાપનમાં નોંધપાત્ર રોકાણ જરૂરી છે. મોટાભાગના ભારતીય વિસ્તારો માટે ક્રોસબ્રેડ વધુ વ્યવહારુ છે. તમારા ફાર્મની સ્થાપના કરતા પહેલા હંમેશા તમારા સ્થાનિક પશુચિકિત્સકની સલાહ લો.",grammar_fluency_compare,,"Response B reads more naturally in Gujarati and sounds smoother overall, while Response A is slightly more technical and less native-like.",3,"Gujarati grammar is mostly correct and understandable, but the wording is somewhat technical and less natural in places.",4,"The Gujarati is fluent, natural, and grammatically strong, with a friendly and clear structure.",response_b,"Response B reads more naturally in Gujarati and sounds smoother overall, while Response A is slightly more technical and less native-like.",1.85,1338,112,1450,0.0015075
173,146,3.at_parity,chat,3.at_parity,રસીકરણ વખતે શું ધ્યાન રાખવું?,"તમારાં પ્રાણીઓને રસી આપતી વખતે, તેમની સલામતી અને રસીની અસરકારકતા સુનિશ્ચિત કરવા માટે નીચેની બાબતોનું ધ્યાન રાખો:

*   **વ્યવસાયિક માર્ગદર્શન:** હંમેશાં પશુચિકિત્સકની સલાહ મુજબ જ રસી આપો.
*   **સ્વચ્છતા અને જંતુનાશકક્રિયા:**
    *   રસી આપતા પહેલાં, રસી આપવાની જગ્યાને થોડી ગરમ કરીને અને જંતુનાશક દ્રાવણથી સાફ કરો.
    *   ઉપયોગ કરતા પહેલાં અને પછી સોય અને સિરીંજને ઉકળતા પાણીમાં ઉકાળીને જંતુમુક્ત કરો.
    *   એક જ વાર વપરાતી સોય અને સિરીંજનો ઉપયોગ કરો; એક જ સોયનો ઉપયોગ અનેક પ્રાણીઓ માટે ન કરો, જેથી રોગ ફેલાતો અટકાવી શકાય.
*   **પ્રાણીનું સ્વાસ્થ્ય:** રોગોથી બચાવવા માટે પહેલાં સ્વસ્થ પ્રાણીઓને રસી આપો.
*   **ગર્ભાવસ્થામાં સાવચેતી:** ગર્ભવતી પ્રાણીઓને તેમના પ્રસૂતિના બે મહિના પહેલાં રસી આપવી **નહીં**.
*   **કચરાનો નિકાલ:** વપરાયેલી સિરીંજ, સોય અને વધેલી રસીની બોટલોને યોગ્ય રીતે નિકાલ કરો, જેમ કે તેને જમીનમાં દફનાવીને અથવા બાળીને.","જ્યારે તમે પશુઓનું રસીકરણ કરો છો, ત્યારે નીચેના મુખ્ય મુદ્દાઓ ધ્યાનમાં રાખો:

૧. હંમેશાં ભલામણ કરેલ તાપમાને (સામાન્ય રીતે ૨-૮° સે.) સંગ્રહિત રસીનો ઉપયોગ કરો અને ક્યારેય પણ એક્સપાયર થઈ ગયેલી રસીનો ઉપયોગ કરશો નહીં.
૨. રોગના ફેલાવાને રોકવા માટે દરેક પશુ માટે સ્વચ્છ, જંતુરહિત સિરીંજ અને સોયનો ઉપયોગ કરો.
૩. ફક્ત તંદુરસ્ત પશુઓનું જ રસીકરણ કરો—જે પશુઓ બીમાર, નબળા અથવા તણાવમાં હોય તેનું રસીકરણ કરશો નહીં.
૪. રસીની સૂચનાઓ અનુસાર યોગ્ય ડોઝ અને રસી આપવાની રીત (ઇન્ટ્રામસ્ક્યુલર અથવા સબક્યુટેનીયસ)નું પાલન કરો.
૫. રસીકરણ કર્યા પછી તારીખ, રસીની બેચ નંબર અને પશુની વિગતો નોંધો.
૬. રસીકરણ પછી કોઈપણ આડઅસર માટે પશુઓનું થોડા સમય માટે નિરીક્ષણ કરો.
૭. રસી આપતા પહેલાં પશુના શરીર પર જ્યાં રસી આપવાની હોય તે જગ્યાને સ્પિરિટ અથવા આયોડિનથી જંતુમુક્ત કરો.

રસીકરણના સમયપત્રક અને કોઈપણ આડઅસરને નિયંત્રિત કરવા માટે હંમેશાં તમારા સ્થાનિક પશુચિકિત્સકની સલાહ લો. યોગ્ય રસીકરણ તમારા પશુધનને ગંભીર રોગોથી બચાવવામાં મદદ કરે છે.",grammar_fluency_compare,,"Response B sounds more natural and fluent, with better overall style and readability.",3,"Grammatically correct overall, but it reads a bit formal and technical rather than fully natural and friendly.",4,"Well-structured, grammatically smooth, and natural in Gujarati with a clear friendly tone.",response_b,"Response B sounds more natural and fluent, with better overall style and readability.",3.0864,959,103,1062,0.00118275
174,150,3.at_parity,chat,3.at_parity,ડોક્ટરો 079 કોર્સ કરવાનું કહે છે તો તેનાથી કોઈ નુકસાન ખરું?,"મેં જે દસ્તાવેજો તપાસ્યા, તેના આધારે હું એ કહી શકતો નથી કે ""079 કોર્સ"" હાનિકારક છે કે નહીં, કારણ કે ઉપલબ્ધ રેકોર્ડમાં આ ચોક્કસ નામની કોઈ દવા અથવા સારવારનો ઉલ્લેખ નથી.

આ તમારા ડોકટરો તરફથી મળેલી તબીબી ભલામણ હોવાથી, હું તમને ભારપૂર્વક સલાહ આપું છું કે કોઈપણ આડઅસર અથવા સંભવિત નુકસાન વિશેની ચિંતા વિશે સીધી રીતે સારવાર કરનાર પશુચિકિત્સક સાથે વાત કરો, કારણ કે તેમની પાસે તમારા પ્રાણીના સંપૂર્ણ તબીબી ઇતિહાસની જાણકારી હોય છે.","“079 કોર્સ” એ કોઈ પ્રમાણભૂત પશુચિકિત્સા સંબંધિત શબ્દ કે સારવાર પદ્ધતિ નથી, જે સંદર્ભ દસ્તાવેજોમાં જોવા મળે છે. જો તમારા ડૉક્ટર અથવા પશુચિકિત્સકે આ કોર્સની ભલામણ કરી હોય, તો તે કોઈ ચોક્કસ દવા અથવા પ્રક્રિયા માટે વપરાતો સ્થાનિક અથવા ટૂંકો શબ્દ હોઈ શકે છે. યોગ્ય રીતે પશુચિકિત્સક દ્વારા સૂચવવામાં આવેલી સારવાર પ્રાણીઓને મદદ કરવા માટે બનાવવામાં આવે છે અને સામાન્ય રીતે જો યોગ્ય સ્થિતિ માટે સૂચના મુજબ ઉપયોગ કરવામાં આવે તો તે કોઈ નુકસાન કરતું નથી.

જો કે, કોઈપણ દવા અથવા સારવાર આપતા પહેલાં, તે શું છે અને તે કેવી રીતે કાર્ય કરે છે તે તમે સ્પષ્ટપણે સમજો છો તેની ખાતરી કરો. જો તમને આડઅસરો અથવા જોખમો વિશે કોઈ શંકા હોય, તો તમારા પશુચિકિત્સકને પૂછો કે “079 કોર્સ” નો અર્થ શું છે અને તે શા માટે સૂચવવામાં આવ્યું છે. હંમેશા પશુચિકિત્સકની સૂચનાઓનું પાલન કરો અને જો દવા દરમિયાન તમારા પ્રાણીમાં કોઈ અચાનક સ્વાસ્થ્ય સમસ્યાઓ દેખાય તો તેમનો સંપર્ક કરો. જો તમને વાસ્તવિક દવાઓ અથવા પ્રક્રિયા વિશે વધુ માહિતી મળે, તો હું વધારાની માહિતી પ્રદાન કરી શકું છું.",grammar_fluency_compare,,"Response B is smoother and more natural overall, with fewer awkward turns of phrase than Response A.",3,"Grammatically correct overall, but it sounds somewhat formal and technical rather than fully natural and friendly.",3,"Mostly correct grammar and structure, but it is a bit verbose and reads slightly unnatural in places.",response_b,"Response B is smoother and more natural overall, with fewer awkward turns of phrase than Response A.",1.8585,757,107,864,0.00104925
175,158,3.at_parity,chat,3.at_parity,વિયાણ બાદ મેલી પડ્યા પહેલા બચ્યાને ધવરાવીશકાય?,"હા, સામાન્ય રીતે, તંદુરસ્ત નવજાત બચ્ચું બચ્ચાંને જન્મ આપ્યાના થોડી જ મિનિટોમાં ઊભું થાય છે અને 1 થી 2 કલાકમાં સ્તનपान કરવાનું શરૂ કરે છે. બચ્ચાને શક્ય તેટલું જલ્દીથી, આદર્શ રીતે જન્મના 2 થી 3 કલાકની અંદર, ગર્ભનાશક દૂધ (કોલોસ્ટ્રમ) આપવું ખૂબ જ મહત્વપૂર્ણ છે, પછી ભલે ગર્ભાશય બહાર નીકળી ગયું હોય કે નહીં.

જો કે, જો ગર્ભાશય 12 કલાકથી વધુ સમય સુધી અંદર જ રહે છે (ગર્ભાશયનું અટકી જવું), તો ગર્ભાશયના ચેપ (મેટ્રાઇટિસ) અથવા સેપ્ટીસીમિયા જેવી સમસ્યાઓથી બચવા માટે પશુચિકિત્સકની સલાહ લેવી મહત્વપૂર્ણ છે.

**મહત્વપૂર્ણ ચેતવણી:** ક્યારેય પણ હાથથી ગર્ભાશયને બહાર કાઢવાનો પ્રયાસ કરશો નહીં, કારણ કે તેનાથી ગંભીર રક્તસ્રાવ અને અન્ય જીવલેણ સમસ્યાઓ થઈ શકે છે.","બચ્ચાંને જન્મ આપ્યા પછી તરત જ ગાય અથવા ભેંસનું દૂધ લેવામાં કોઈ વાંધો નથી, ભલે ગર્ભાશય બહાર ન આવ્યું હોય. દૂધ દોહવાથી ગર્ભાશય બહાર ન આવવાની સમસ્યા વધતી નથી અથવા પ્રાણીને કોઈ નુકસાન થતું નથી. બચ્ચાંને જન્મ આપ્યા પછી શક્ય તેટલું જલ્દીથી પહેલું દૂધ (કોલોસ્ટ્રમ) આપવું પણ મહત્વપૂર્ણ છે, ભલે ગર્ભાશય હજી બહાર ન આવ્યું હોય.

જો બચ્ચાંને જન્મ આપ્યા પછી 8-12 કલાકમાં ગર્ભાશય બહાર ન આવે, તો તેને ગર્ભાશય બહાર ન આવવાની સમસ્યા કહેવામાં આવે છે, અને તમારે યોગ્ય સારવાર માટે પશુચિકિત્સકની સલાહ લેવી જોઈએ. આ સમયગાળા દરમિયાન દૂધ દોહવું અથવા બચ્ચાંને દૂધ પીવડાવવું સલામત છે અને તેની ભલામણ કરવામાં આવે છે.",grammar_fluency_compare,,Response B reads more naturally and has fewer awkward grammatical issues than Response A.,2,"The Gujarati is understandable, but several phrases are unnatural or awkwardly translated, and some terms are used incorrectly.",3,"The grammar is mostly correct and readable, though the wording is somewhat technical and not fully natural in places.",response_b,Response B reads more naturally and has fewer awkward grammatical issues than Response A.,2.4576,771,107,878,0.00105975
176,172,3.at_parity,chat,3.at_parity,મારી આર્થિક ક્ષમતા મધ્યમ વર્ગની છે તો મારે કઈ ગાયની બ્રીડ રાખવાથી ફાયદો થશે?,"મધ્યમ આવક ધરાવતા ખેડૂત માટે, શ્રેષ્ઠ પસંદગી એ વાત પર આધાર રાખે છે કે તમે ઓછા જાળવણી ખર્ચ અને ટકાઉપણુંને પ્રાથમિકતા આપો છો કે વધુ દૂધનું ઉત્પાદન. ઉપલબ્ધ માર્ગદર્શિકાના આધારે:

1.  **દેશી જાતિઓ (દા.ત., ગીર, કાંકરેજ):** આ સામાન્ય રીતે વધુ ટકાઉ હોય છે અને સ્થાનિક વાતાવરણ માટે વધુ યોગ્ય હોય છે, જેનાથી પશુચિકિત્સા અને જાળવણી ખર્ચ ઓછો થઈ શકે છે.
2.  **સંકર ગાયો (દા.ત., જર્સી, એચએફ):** આ વધુ દૂધ ઉત્પાદન માટે જાણીતી છે, જે તમારી દૈનિક આવક વધારી શકે છે, પરંતુ તેને વધુ સઘન સંભાળ અને ઉચ્ચ ગુણવત્તાવાળા ખોરાકની જરૂર પડે છે.

**લાભદાયી પસંદગી માટે સામાન્ય ટિપ્સ:**
*   **ઉત્પાદન પર ધ્યાન કેન્દ્રિત કરો:** જાતિને ધ્યાનમાં લીધા વિના, એવી પ્રાણીઓની પસંદગી કરો જે વધુ દૂધ ઉત્પાદન માટે જાણીતી હોય, જેથી તમારી આવક વધારી શકાય.
*   **દૂધ આપવાની અવસ્થા:** લાંબા ગાળે ખર્ચ ઘટાડવા માટે, એવી ગાય પસંદ કરવી વધુ ફાયદાકારક છે જે પ્રથમ અથવા બીજી વાર દૂધ આપી રહી હોય, કારણ કે તે વધુ વર્ષો સુધી ઉત્પાદન આપશે.
*   **દેખાવ અને આરોગ્ય:** તેજસ્વી આંખો, મજબૂત અને પહોળો પીઠ અને ત્રિકોણાકાર શરીર (આગળથી સાંકડી અને પાછળથી પહોળી) ધરાવતા પ્રાણીઓ પસંદ કરો.
*   **સ્વભાવ:** શાંત સ્વભાવવાળા પ્રાણી પસંદ કરો, કારણ કે તે દૂધ દોરવા અને સંભાળવામાં સરળ હોય છે, જેનાથી તણાવ અને શ્રમ ઓછો થાય છે.

હું ભલામણ કરું છું કે તમે તમારા સ્થાનિક પશુચિકિત્સક અથવા પશુપાલન અધિકારીની સલાહ લો, જેથી તમારા ઉપલબ્ધ ચારા અને સ્થાનિક આબોહવા માટે કઈ ચોક્કસ જાતિ શ્રેષ્ઠ છે તે નક્કી કરી શકાય.","મધ્યમ વર્ગના ખેડૂત માટે, જે સારી દૂધ ઉત્પાદન ક્ષમતા અને ઓછી જાળવણી ખર્ચ ધરાવતી ગાયની જાતિ શોધી રહ્યા છે, તેમણે નીચેની સામાન્ય જાતિઓ ધ્યાનમાં લેવી જોઈએ:

૧. ગીર: સારી દૂધ ઉત્પાદન, રોગ પ્રતિકારક ક્ષમતા અને સ્થાનિક પરિસ્થિતિઓમાં અનુકૂલન માટે જાણીતી છે. તેની જાળવણીનો ખર્ચ મધ્યમ હોય છે.
૨. સાહીવાલ: ઊંચું દૂધ ઉત્પાદન, ગરમ આબોહવામાં ટકી રહેવાની ક્ષમતા અને ઓછો ખર્ચ.
૩. ક્રોસબ્રેડ (જેમ કે એચએફ x સ્થાનિક): વધુ દૂધ ઉત્પાદન, પરંતુ વધુ સારી વ્યવસ્થાપન અને ચારાની ગુણવત્તાની જરૂર પડે છે; થોડો વધારે ખર્ચ.
૪. જર્સી: સારી ચરબીયુક્ત દૂધનું ઉત્પાદન કરે છે, તેનું કદ વ્યવસ્થિત હોય છે અને જાળવણીનો ખર્ચ મધ્યમ હોય છે.

ગીર અને સાહીવાલ જાતિઓ ભારતમાં નાનાથી મધ્યમ કદના ખેડૂતો માટે તેમની ઉત્પાદકતા અને મજબૂતાઈના સંતુલનને કારણે સૌથી યોગ્ય છે. હંમેશા સ્થાનિક જાતિની ઉપલબ્ધતા તપાસો અને પ્રમાણિત સ્ત્રોતોમાંથી તંદુરસ્ત પ્રાણીઓ મેળવો. તમારા પ્રદેશ અને સંસાધનોના આધારે કઈ જાતિ યોગ્ય છે તે જાણવા માટે તમારા સ્થાનિક પશુચિકિત્સકની સલાહ લો.",grammar_fluency_compare,,"Response B sounds more natural and fluent in Gujarati, with cleaner structure and a friendlier, easier-to-understand style.",3,"Grammar is mostly correct and understandable, but the tone is quite formal and technical rather than naturally friendly.",4,"The Gujarati is fluent, grammatically correct, and reads more naturally and clearly for a farmer.",response_b,"Response B sounds more natural and fluent in Gujarati, with cleaner structure and a friendlier, easier-to-understand style.",2.5279,1124,112,1236,0.001347
177,179,3.at_parity,chat,3.at_parity,મુલાકાતીઓ પર ક્યારે પ્રતિબંધ રાખવો?,"નીચેની પરિસ્થિતિઓમાં મુલાકાતીઓની સંખ્યા મર્યાદિત કરવી જોઈએ:

*   **રોગચાળો:** જ્યારે આસપાસના વિસ્તારમાં પશુઓના રોગોનો રોગચાળો ફાટી નીકળે, જેમ કે મોઢા અને પગનો રોગ (એફએમડી), એન્થ્રેક્સ અથવા હેમરેજિક સેપ્ટીસીમિયા. આ ખૂબ જ મહત્વપૂર્ણ છે કારણ કે મુલાકાતીઓ તેમના કપડાં, પગરખાં અથવા શરીર પર રોગ ફેલાવતા બેક્ટેરિયા અથવા વાયરસ લઈ આવી શકે છે.
*   **રોગચાળા નિયંત્રણ:** સામાન્ય રોગચાળા દરમિયાન, ચેપના ફેલાવાને રોકવા માટે ફાર્મમાં મુલાકાતીઓની સંખ્યા મર્યાદિત કરવી જરૂરી છે.
*   **સામાન્ય બાયોસિક્યુરિટી:** રોજિંદા ધોરણે, બિનજરૂરી મુલાકાતીઓને નિરુત્સાહિત કરવા જોઈએ. ફાર્મમાં પ્રવેશ મર્યાદિત હોવો જોઈએ અને મુલાકાતીઓને પશુઓના રહેઠાણ વિસ્તારમાં ફરતા અટકાવવા જોઈએ, જેથી રોગના ફેલાવાને ઘટાડી શકાય.

તમારા પશુઓને વધુ સુરક્ષિત રાખવા માટે, તમારે ફાર્મના પ્રવેશદ્વાર પર જંતુનાશક દ્રાવણથી ભરેલા પગ ધોવાના ટબ મૂકવા જોઈએ અને મુલાકાતીઓ સ્વચ્છ રક્ષણાત્મક કપડાં પહેરે તે સુનિશ્ચિત કરવું જોઈએ.","તમારા ડેરી ફાર્મ અથવા પશુઓ રાખવાની જગ્યાએ મુલાકાતીઓને આવવા દેવાનું ટાળો, ખાસ કરીને ફૂટ-એન્ડ-માઉથ ડિસીઝ (FMD), લમ્પી સ્કિન ડિસીઝ અથવા પશુઓમાં અચાનક કોઈ રોગ ફેલાય ત્યારે. આ ઉપરાંત, જો તમારા પશુઓ તાજેતરમાં બચ્ચાંને જન્મ આપ્યા હોય, નબળા હોય અથવા કોઈ રોગમાંથી સાજા થઈ રહ્યા હોય, અથવા જો મુલાકાતીઓ તાજેતરમાં અન્ય ફાર્મની મુલાકાત લીધી હોય, તો પણ પ્રવેશ પર પ્રતિબંધ મૂકો. યોગ્ય બાયોસિક્યુરિટી તમારા પશુઓના ટોળાને ચેપથી બચાવવામાં મદદ કરે છે. હંમેશાં ખાતરી કરો કે મુલાકાતીઓ ફૂટબાથનો ઉપયોગ કરે અને સ્વચ્છ કપડાં પહેરે, જો પ્રવેશ અનિવાર્ય હોય. સ્થાનિક રોગચાળા દરમિયાન વધુ કડક નિયમો માટે તમારા સ્થાનિક પશુચિકિત્સકની સલાહ લો.",grammar_fluency_compare,,Response B sounds more natural and friendly while maintaining correct grammar throughout.,3,"Grammar is correct and understandable, but the wording is somewhat technical and less natural in places.",4,"Fluent, grammatically correct, and reads more naturally with a friendly tone.",response_b,Response B sounds more natural and friendly while maintaining correct grammar throughout.,3.6749,835,96,931,0.00105825
178,182,3.at_parity,chat,3.at_parity,ગાયો વેતર/ગરમીમાં કેમ નથી આવતી (કારણો શું)?,"ગાયોમાં માસિક ચક્ર (ઋતુસ્મરણ) ન આવવાના ઘણા કારણો હોઈ શકે છે, જેને કામચલાઉ અને કાયમી વંધ્યત્વમાં વર્ગીકૃત કરી શકાય છે:

**માસિક ચક્ર ન આવવાના સામાન્ય કારણો:**
*   **પોષણ:** યોગ્ય પોષણ આયોજનનો અભાવ અથવા ખોરાક અને ખનિજ ક્ષારોની ઉણપ એ ખૂબ સામાન્ય કારણ છે.
*   **પ્રજનન અને હોર્મોનલ સમસ્યાઓ:**
    *   હોર્મોનલ અસંતુલન.
    *   **સતત કોર્પસ લ્યુટિયમ (PCL)ની હાજરી.**
    *   અલ્પવિકસિત અંડાશય.
    *   પ્રજનન તંત્રની વિકૃતિઓ.
*   **ગર્ભાવસ્થા:** જો ગાય પહેલેથી જ ગર્ભવતી હોય, તો તે ફરીથી માસિક ચક્રમાં નહીં આવે.
*   **નિદાનમાં ભૂલ:** કેટલીકવાર ગાયો ""મૌન માસિક ચક્ર""માં હોય છે, અને તેના ચિહ્નોને યોગ્ય રીતે ઓળખી શકાતા નથી અથવા ચૂકી જવાય છે.
*   **કાયમી વંધ્યત્વ:** દુર્લભ કિસ્સાઓમાં, જન્મજાત ખામીઓ (જેમ કે ફ્રીમાર્ટિનિઝમ) અથવા ગર્ભાશય અથવા અંડાશયમાં કાયમી નુકસાન/ગાંઠો માસિક ચક્રને અટકાવી શકે છે.

**ભલામણો:**
*   **સંતુલિત આહાર:** ખાતરી કરો કે પ્રાણીને વૈજ્ઞાનિક રીતે ભલામણ કરાયેલ સંતુલિત આહાર અને ખનિજ મિશ્રણ મળી રહ્યું છે.
*   **પશુચિકિત્સકની તપાસ:** જો ગાય માસિક ચક્રમાં ન આવે, તો એવું ન માની લો કે તે ગર્ભવતી છે. નજીકના પશુ દવાખાનામાં પશુચિકિત્સક દ્વારા તેની યોગ્ય તપાસ અને સારવાર કરાવવી જરૂરી છે.","ગાયોમાં માસિક ચક્ર (ઋતુસ્મર) ન આવવાના ઘણા કારણો હોઈ શકે છે, ખાસ કરીને ઉનાળા દરમિયાન:

૧. ગરમીનો તણાવ: ઊંચા તાપમાન ગાયોના હોર્મોનલ ચક્રમાં દખલ કરી શકે છે, જેનાથી માસિક ચક્રના લક્ષણો દબાઈ જાય છે અથવા સંપૂર્ણપણે બંધ થઈ જાય છે.
૨. નબળું પોષણ: અપૂરતી ઊર્જા, પ્રોટીન અથવા ખનિજ તત્વોનું સેવન પ્રજનન કાર્યક્ષમતા ઘટાડે છે.
૩. શાંત માસિક ચક્ર: કેટલીકવાર માસિક ચક્રના લક્ષણો નબળા હોય છે અથવા સરળતાથી દેખાતા નથી, જેના કારણે તેને ઓળખવામાં મુશ્કેલી પડે છે.
૪. રોગ: પ્રજનન માર્ગના ચેપ (જેમ કે મેટ્રાઇટિસ અથવા પાયોમેટ્રા) સામાન્ય ચક્રને અટકાવી શકે છે.
૫. હોર્મોનલ અસંતુલન: અંડાશયની સમસ્યાઓ (જેમ કે સિસ્ટ) અથવા હોર્મોનલ વિક્ષેપો માસિક ચક્રને અવરોધી શકે છે.
૬. અપૂરતો પ્રકાશ: જે પ્રાણીઓ ઓછા પ્રકાશના સંપર્કમાં આવે છે, તેમને પણ પ્રજનન સંબંધિત સમસ્યાઓ થઈ શકે છે.
૭. નબળી શારીરિક સ્થિતિ: વધુ પાતળી અથવા જાડી ગાયોમાં ઘણીવાર અનિયમિત ચક્ર જોવા મળે છે.
૮. ઉંમર અથવા પ્રસૂતિ પછીનો સમયગાળો: નાની વયની બચ્છીઓ અથવા પ્રસૂતિ પછી તરતની ગાયોમાં સામાન્ય રીતે માસિક ચક્ર આવતું નથી.

છાંયો, ઠંડક અને યોગ્ય પોષણ દ્વારા ઉનાળાની ગરમીના તણાવને નિયંત્રિત કરવાથી પ્રજનન ક્ષમતામાં સુધારો થઈ શકે છે. જે ગાયોમાં માસિક ચક્ર આવતું નથી, તેમના માટે નિદાન અને સારવાર માટે પશુચિકિત્સકની સલાહ લેવી મહત્વપૂર્ણ છે.",grammar_fluency_compare,,"Response B is a bit more natural and directly answers the question with simpler, more readable Gujarati.",3,"Grammatically correct overall, but it sounds technical and somewhat formal rather than friendly and farmer-friendly.",3,"Mostly correct Gujarati with clear structure, but a few phrases feel slightly translated and less natural.",response_b,"Response B is a bit more natural and directly answers the question with simpler, more readable Gujarati.",1.9803,1194,106,1300,0.0013725
179,184,3.at_parity,chat,3.at_parity,50 દિવસ પછી વેતર/હીટ આવે તો ગાભણ હોવાની શક્યતા છે?,"જો કોઈ પ્રાણીમાં કૃત્રિમ ગર્ભાધાન કરાવ્યાના 50 દિવસ પછી માદામાં આવે છે તેવા સ્પષ્ટ સંકેતો દેખાય, તો સામાન્ય રીતે એવું સૂચવે છે કે પ્રાણી **ગર્ભવતી નથી**, કારણ કે ગર્ભવતી પ્રાણીઓમાં સામાન્ય રીતે માદા ચક્ર બંધ થઈ જાય છે.

જો કે, નીચેની બાબતો ધ્યાનમાં લેવી મહત્વપૂર્ણ છે:

*   **ચોક્કસ નિદાન જરૂરી છે:** માદા દેખાવાના આધારે ગર્ભાવસ્થાની સ્થિતિનો અંદાજ કાઢવો જોઈએ નહીં. પશુચિકિત્સક દ્વારા **ગર્ભાવસ્થાનું નિદાન (PD)** કરાવવાની ભલામણ કરવામાં આવે છે.
*   **નિદાનનો સમય:** ગર્ભાવસ્થાના નિદાન માટે પશુચિકિત્સકની તપાસ સામાન્ય રીતે કૃત્રિમ ગર્ભાધાન કરાવ્યાના **1.5 થી 2 મહિના (45 થી 60 દિવસ)** પછી કરવામાં આવે છે, ત્યારે સૌથી વધુ સચોટ પરિણામો મળે છે.
*   **અનિયમિત ચક્ર:** કેટલાક પ્રાણીઓમાં અનિયમિત માદા ચક્ર અથવા ""મૌન માદા"" જોવા મળી શકે છે, જેનાથી મૂંઝવણ થઈ શકે છે. ચોક્કસ નિદાન માટે વ્યાવસાયિક તપાસ કરાવવી એ એકમાત્ર રસ્તો છે.

જો તમારા પ્રાણીમાં ફરીથી માદા આવી હોય, તો કારણ જાણવા અથવા ફરીથી કૃત્રિમ ગર્ભાધાન કરાવવાની યોજના બનાવવા માટે તમારે પશુચિકિત્સકની સલાહ લેવાની જરૂર પડી શકે છે.","જો ગાય અથવા ભેંસને સંવર્ધન (ઇન્સેમિનેશન અથવા સમાગમ) કર્યા પછી 50 દિવસથી વધુ સમય પછી ફરીથી માદામાં આવે (હીટમાં આવે), તો તે પ્રાણી ગર્ભવતી હોવાની શક્યતા ઓછી છે. સામાન્ય રીતે, 18-24 દિવસ પછી ફરીથી માદામાં આવવું એ સૂચવે છે કે અગાઉના સંવર્ધનથી ગર્ભ ધારણ થયું નથી. જો ગર્ભ ધારણ થયું હોય, તો પ્રાણીને 50 દિવસ પછી માદામાં આવવાના કોઈ ચિહ્નો દેખાવા જોઈએ નહીં. જો કે, ભાગ્યે જ, કેટલાક ગર્ભવતી પ્રાણીઓમાં હોર્મોનલ કારણોસર ખોટી માદાના ચિહ્નો દેખાઈ શકે છે, પરંતુ આ સામાન્ય નથી.

જો તમને ગર્ભાવસ્થા વિશે ખાતરી ન હોય, તો ગુદા દ્વારા તપાસ અથવા ગર્ભાવસ્થા નિદાન પરીક્ષણ દ્વારા પુષ્ટિ કરવા માટે કોઈ લાયક પશુચિકિત્સક પાસે પ્રાણીની તપાસ કરાવવી શ્રેષ્ઠ છે.",grammar_fluency_compare,,"Response B reads more naturally and fluently in Gujarati, with smoother structure and a more conversational tone.",3,"Grammatically correct overall, but it sounds somewhat technical and a bit unnatural in places for a farmer-friendly answer.",4,"Clear, natural Gujarati with correct grammar and a friendly, easy-to-understand tone.",response_b,"Response B reads more naturally and fluently in Gujarati, with smoother structure and a more conversational tone.",2.2816,880,109,989,0.0011505
180,185,3.at_parity,chat,3.at_parity,AD3 ઇન્જેક્શન પછી કેટલા દિવસે બીજદાન/AI કરાવવું?,"આપેલ દસ્તાવેજોના આધારે હું તે વિશે માહિતી આપી શકતો નથી. ઉપલબ્ધ માહિતીમાં કૃત્રિમ ગર્ભાધાન (AI) ક્યારે કરવું તે વિશે માહિતી છે, જે માદા પ્રાણીમાં માસિક ચક્રની શરૂઆત થયા પછી (સામાન્ય રીતે લક્ષણો દેખાવાના 12 થી 18 કલાક પછી) કરવામાં આવે છે. આ ઉપરાંત, પ્રોસ્ટાગ્લેન્ડિન, પ્રોજેસ્ટોજેન અને GnRH જેવા અન્ય હોર્મોન્સના ઉપયોગ વિશે પણ માહિતી છે, પરંતુ AD3 ઇન્જેક્શન આપ્યા પછી AI ક્યારે કરવું તે વિશે કોઈ ચોક્કસ માહિતી આપવામાં આવી નથી.

હું ભલામણ કરું છું કે તમે AD3 ઇન્જેક્શન માટે યોગ્ય સમય અને ડોઝ વિશે જાણવા માટે તમારા સ્થાનિક પશુચિકિત્સક અથવા પશુપાલન અધિકારીની સલાહ લો.","ઉપલબ્ધ દસ્તાવેજોના આધારે, એડી3 ઇન્જેક્શન અને કૃત્રિમ ગર્ભાધાન (એઆઈ) માટે યોગ્ય સમય વચ્ચેના ચોક્કસ દિવસોની સંખ્યાનો કોઈ સીધો ઉલ્લેખ નથી. સામાન્ય રીતે, ઇસ્ટ્રસ સિંક્રોનાઇઝેશન પ્રોટોકોલ (જેમ કે પ્રોસ્ટાગ્લેન્ડિન અથવા હોર્મોનલ ઇન્જેક્શન), ગાયમાં માસિક ચક્રની શરૂઆત થયા પછી 60-72 કલાકની અંદર ગર્ભાધાન કરવાની ભલામણ કરવામાં આવે છે. જો કે, એડી3 (વિટામિન એ, ડી3 અને ઇ સપ્લિમેન્ટ) સાથે, ધ્યાન સામાન્ય પ્રજનન સ્વાસ્થ્યને સુધારવા પર છે, માસિક ચક્રને સિંક્રોનાઇઝ કરવા પર નહીં.

શ્રેષ્ઠ અભિગમ એ છે કે તમારા પશુમાં માસિક ચક્રની શરૂઆત થયાના ચિહ્નો દેખાતા 12-18 કલાક પછી ગર્ભાધાન કરવું, પછી ભલે એડી3 ઇન્જેક્શન ક્યારે આપવામાં આવ્યું હોય. ઉચ્ચ ગર્ભાધાન દર માટે, કૃત્રિમ ગર્ભાધાન કરતા પહેલાં માસિક ચક્રની શરૂઆત થયાના ચિહ્નોની ખાતરી કરો. એડી3 અથવા કોઈપણ હોર્મોન ઇન્જેક્શન પછીના ચોક્કસ પ્રોટોકોલ માટે, તમારા પશુની સ્થિતિ અનુસાર માર્ગદર્શન માટે તમારા સ્થાનિક પશુચિકિત્સકની સલાહ લો.

આપેલ દસ્તાવેજોના આધારે, એડી3 ઇન્જેક્શન પછી કૃત્રિમ ગર્ભાધાન માટે કોઈ ચોક્કસ સમયગાળો છે કે કેમ તે હું જાણતો નથી. તમારા પ્રોટોકોલ સંબંધિત ચોક્કસ સમય માટે, કૃપા કરીને તમારા પશુચિકિત્સકને પૂછો.",grammar_fluency_compare,,"Response A reads more naturally and fluently in Gujarati, with a friendlier tone and fewer awkward technical constructions.",4,"Grammatically correct Gujarati with natural flow and a polite, friendly tone.",3,"Mostly correct Gujarati, but it sounds more technical and slightly less natural in places.",response_a,"Response A reads more naturally and fluently in Gujarati, with a friendlier tone and fewer awkward technical constructions.",1.4274,880,102,982,0.001119
181,189,3.at_parity,chat,3.at_parity,ગાય/ભેંસ ગાભણ થાય ત્યારે ગર્ભપાત ન થાય તે માટે કયા મહિના થી કયા પગલાં અને કયો ખોરાક આપવો?,"ગાયો અને ભેંસોમાં ગર્ભપાત અટકાવવા અને સ્વસ્થ ગર્ભાવસ્થા સુનિશ્ચિત કરવા માટે, ખાસ કરીને ગર્ભાવસ્થાના અંતિમ તબક્કામાં જ્યારે ગર્ભ ઝડપથી વિકસિત થાય છે, ત્યારે વિશેષ કાળજી અને આહાર વ્યવસ્થાપન ખૂબ જ મહત્વપૂર્ણ છે.

### ક્યારે વિશેષ કાળજી શરૂ કરવી
*   **6થી 7મો મહિનો:** આ તે સમયગાળો છે જ્યારે ગર્ભ ઝડપથી વિકાસ કરવાનું શરૂ કરે છે. આ તબક્કાથી સંતુલિત અને પ્રમાણસર આહાર, યોગ્ય આવાસ અને કાળજીને પ્રાથમિકતા આપવી જોઈએ.
*   **7મો મહિનો અને તે પછી:** સરળ ડિલિવરી સુનિશ્ચિત કરવા અને ગૂંચવણો અટકાવવા માટે સઘન પોષક તત્વોનું વ્યવસ્થાપન શરૂ કરવું જોઈએ.

### આહાર માટેની ભલામણો
*   **ગર્ભાવસ્થા માટેનો ખોરાક (ગર્ભણ દાન):** **7મા મહિના**થી શરૂ કરીને, સંતુલિત ગર્ભાવસ્થા માટેનો ખોરાક (જેમ કે સબર ટ્રાન્સ ફીડ) આપો.
    *   **માત્રા:** **3 કિલો પ્રતિ દિવસ**થી શરૂ કરો અને દર **15 દિવસે 500 ગ્રામની માત્રા વધારો**.
    *   **લક્ષ્ય:** ડિલિવરીના સમય સુધીમાં, પ્રાણીએ દરરોજ **5-6 કિલો** ખોરાક લેવો જોઈએ.
*   **બાયપાસ ફેટ:** **ગર્ભાવસ્થાના છેલ્લા મહિના**થી દરરોજ **100 ગ્રામ બાયપાસ ફેટ** આપવાનું શરૂ કરો અને ડિલિવરી પછી ત્રણ મહિના સુધી ચાલુ રાખો.
*   **સામાન્ય ખોરાકની જરૂરિયાતો:**
    *   **લીલો ચારો:** દરરોજ 15 થી 20 કિલો ઉચ્ચ ગુણવત્તાવાળો લીલો ચારો.
    *   **સૂકો ચારો:** આશરે 5 કિલો સૂકો ઘાસ/ચારો, નાના ટુકડાઓમાં કાપેલ.
    *   **ખનિજ મિશ્રણ:** નિયમિતપણે **50 ગ્રામ ખનિજ મિશ્રણ પાવડર** આપો.
    *   **પાણી:** સ્વચ્છ પીવાના પાણીનો 24 કલાક પુરવઠો સુનિશ્ચિત કરો.

### મુખ્ય વ્યવસ્થાપનનાં પગલાં
1.  **ડ્રાય-ઓફ સમયગાળો:** ગાયો અને ભેંસોને ગર્ભાવસ્થાના **છેલ્લા બે મહિના** દરમિયાન દૂધ આપવાનું બંધ કરો, જેથી પ્રાણી પોષક તત્વો ફરીથી મેળવી શકે.
2.  **ડીવર્મિંગ:** ડિલિવરી દરમિયાન થતી ગૂંચવણોને રોકવા માટે ગર્ભાવસ્થાના છેલ્લા બે મહિના દરમિયાન ડીવર્મિંગ દવા એક ડોઝ આપો.
3.  **આવાસ અને પર્યાવરણ:**
    *   પ્રાણીને સ્વચ્છ, સારી રીતે વેન્ટિલેટેડ, છાયાવાળી અને ભેજ વગરના વિસ્તારમાં રાખો, જેમાં સપાટ ફ્લોર હોય.
    *   ઉનાળામાં, પ્રાણીને દિવસમાં ઓછામાં ઓછા બે વાર ઠંડા પાણીથી નવડાવો, જેથી તે ઠંડુ રહે.
4.  **સ્વચ્છતા:** શરીર, પૂંછડી અને સ્તન (udder) ને વાળ કાપીને અને ગંદકી દૂર કરીને સાફ કરો.

**મહત્વપૂર્ણ નોંધ:** જો તમારા પ્રાણીમાં ગર્ભપાત થાય, અથવા તેમાં અસામાન્ય સ્વાસ્થ્યના ચિહ્નો દેખાય, અથવા તમને ગર્ભપાત થવાની શંકા હોય, તો તાત્કાલિક લાયક પશુચિકિત્સકનો સંપર્ક કરો અને તપાસ કરાવો.","ગર્ભવતી ગાયો અને ભેંસોમાં ગર્ભપાત અટકાવવા અને તંદુરસ્ત બચ્ચાને જન્મ આપવા માટે, આ વ્યવસ્થાપન અને આહારનાં પગલાં અનુસરો:

**ગર્ભાવસ્થાના પ્રથમ ૬-૭ મહિના:**
- સામાન્ય સંતુલિત આહાર અને લીલો ચારો પૂરતો છે, કારણ કે પોષક તત્વોની જરૂરિયાત સામાન્ય કરતાં વધુ હોતી નથી.
- સારી આવાસ વ્યવસ્થા, સ્વચ્છતા અને નિયમિત પાણીની વ્યવસ્થા જાળવો.
- સ્થાનિક પશુચિકિત્સકની સલાહ મુજબ કૃમિનાશક દવા આપો.

**૭મા મહિનાથી શરૂ કરીને (છેલ્લા ત્રિમાસિક ગાળામાં):**
- પોષક તત્વોનો પુરવઠો વધારો, કારણ કે આ સમયગાળામાં ગર્ભનો વિકાસ ઝડપી હોય છે.
- જાળવણી માટે ૧.૫ કિલો સંતુલિત પશુ આહાર આપો, અને ગર્ભાવસ્થા માટે વધારામાં ૧.૫-૨ કિલો આહાર આપો.
- દરરોજ ૧૫-૨૦ કિલો સારી ગુણવત્તાવાળો લીલો ચારો અને ૫ કિલો સૂકો ઘાસ આપો.
- ખનિજ મિશ્રણ (૫૦-૩૦ ગ્રામ પ્રતિ દિવસ) અને મીઠું ઉમેરો.
- ૭મા મહિનાથી, ખાસ “ગર્ભાવસ્થા આહાર” (જેમ કે સાબર ટ્રાન્સ ફીડ, જો ઉપલબ્ધ હોય તો) ૩ કિલો પ્રતિ દિવસથી શરૂ કરો, અને દર ૧૫ દિવસે ૫૦૦ ગ્રામ વધારીને, બચ્ચાના જન્મ સમયે ૫-૬ કિલો પ્રતિ દિવસ સુધી પહોંચો.
- છેલ્લા મહિનાથી બચ્ચાના જન્મ પછી ત્રણ મહિના સુધી ઊર્જા માટે બાયપાસ ફેટ (૧૦૦ ગ્રામ પ્રતિ દિવસ) આપો.
- ગાયો અને ભેંસો બંને માટે ગર્ભાવસ્થાના છેલ્લા બે મહિના દરમિયાન દૂધ દોહવાનું બંધ કરો.

**ગર્ભપાત અટકાવવા માટે સામાન્ય વ્યવસ્થાપન:**
- પશુને સ્વચ્છ, સૂકી, છાયાવાળી, સારી રીતે વેન્ટિલેટેડ અને વિશાળ જગ્યાએ રાખો.
- તણાવ, અચાનક આહાર અથવા પાણીમાં ફેરફાર અને શારીરિક આઘાત ટાળો.
- નિયમિત રસીકરણ જાળવો (તમારા વિસ્તારના એફએમડી, એચએસ અને બ્રુસેલોસિસના સમયપત્રકને અનુસરો).
- કોઈપણ ગર્ભપાતનાં લક્ષણોવાળા પશુઓને અલગ રાખો અને તેનું નિરીક્ષણ કરો અને જરૂર પડે તો પશુચિકિત્સકની સલાહ લો.
- છેલ્લા બે મહિનામાં ફરીથી કૃમિનાશક દવા આપો.
- ઉનાળામાં પશુઓને નવડાવો અને તેમને ઠંડા રાખો.

આ પગલાં ગર્ભપાતનું જોખમ ઘટાડે છે - મોટાભાગના ગર્ભપાત ચેપ, પોષક તત્વોની ઉણપ અથવા વ્યવસ્થાપનમાં ભૂલોને કારણે થાય છે. હંમેશાં સ્થાનિક પશુચિકિત્સકની સલાહ લો અને જો ગર્ભપાત અથવા તકલીફના કોઈ પણ ચિહ્નો દેખાય તો તાત્કાલિક સારવાર કરાવો.

સ્રોત: સાબરમતી ડેરી કેટલફીડ એફએક્યુ, અમૂલ/સાબર મેનેજમેન્ટ ગાઇડ્સ, ગોધૂલી ૨૦૧૮ અને પશુ આરોગ્ય હેન્ડબુક્સ.",grammar_fluency_compare,,"Response B reads a bit more naturally and smoothly in Gujarati, with fewer awkward constructions than Response A.",3,"Mostly grammatical and understandable Gujarati, but it sounds somewhat technical and a bit unnatural in places.",3,"Grammar is generally correct and fluent, though some phrasing is slightly stiff and technical rather than fully natural.",response_b,"Response B reads a bit more naturally and smoothly in Gujarati, with fewer awkward constructions than Response A.",2.4291,1938,108,2046,0.0019395
182,190,3.at_parity,chat,3.at_parity,ગાયમાં રિપિટ બ્રીડિંગ (વારંવાર બંધાવા છતાં ગાભણ ન રહે) કેવી રીતે રોકી શકાય?,"ગાયોમાં વારંવાર બ્રીડિંગ કરાવ્યા છતાં ગર્ભ ન ધારણ થવાની સમસ્યા (પુનરાવર્તિત બ્રીડિંગ) ને યોગ્ય બ્રીડિંગ તકનીકો, પોષણ અને આરોગ્ય સંભાળના સંયોજન દ્વારા અટકાવી અને તેનું સંચાલન કરી શકાય છે.

### 1. યોગ્ય બ્રીડિંગ તકનીકો
*   **ચોક્કસ રીતે માદામાં આવેલી ગરમીની ઓળખ:** ખાતરી કરો કે ગાય સ્પષ્ટ રીતે માદામાં આવી છે. જો માદામાં આવવાના ચિહ્નો સ્પષ્ટ ન હોય, તો સમન્વય (સમયસર કૃત્રિમ ગર્ભાધાન) ધ્યાનમાં લો.
*   **યોગ્ય સમય:** કૃત્રિમ ગર્ભાધાન (AI) માદાના સમયગાળા દરમિયાન કરો, સામાન્ય રીતે માદાની શરૂઆત પછી **12 થી 18 કલાક** પછી.
*   **ગુણવત્તા નિયંત્રણ:** ઉચ્ચ ગુણવત્તાવાળા, સક્રિય શુક્રાણુઓનો ઉપયોગ કરો. જો સ્થિર શુક્રાણુનો ઉપયોગ કરી રહ્યા હો, તો ખાતરી કરો કે સ્ટ્રોને ગરમ પાણીમાં (35–40°C) ઓછામાં ઓછા 30 સેકન્ડ માટે યોગ્ય રીતે ઓગાળવામાં આવે.
*   **સ્વચ્છતા:** AI દરમિયાન કડક જંતુરહિત પરિસ્થિતિઓ જાળવો જેથી જનનાંગ માર્ગના ચેપને અટકાવી શકાય.

### 2. પોષણ વ્યવસ્થાપન
*   **સંતુલિત આહાર:** ઊર્જાથી ભરપૂર, સંતુલિત આહાર પ્રદાન કરો જેમાં પૂરતા પ્રમાણમાં લીલો અને સૂકો ચારો હોય.
*   **ખનિજ પૂરક:** પ્રજનન અંગોના વિકાસ અને કાર્યને ટેકો આપવા માટે દરરોજ **30 થી 50 ગ્રામ ખનિજ મિશ્રણ** પાવડર આપો.
*   **જરૂરી વિટામિન્સ:** ખાતરી કરો કે આહારમાં જરૂરી વિટામિન્સ હોય જેથી શરીરના સામાન્ય કાર્યો જળવાઈ રહે.

### 3. આરોગ્ય અને પર્યાવરણીય સંભાળ
*   **ગરમીના તાણનું સંચાલન:** ગાયોને આત્યંતિક હવામાનથી સુરક્ષિત કરો. છાંયો પ્રદાન કરો અને AI ને ઠંડા સમય દરમિયાન (સવાર અથવા સાંજ) કરો, કારણ કે ગાયો ઉનાળાની શરૂઆતમાં (માર્ચ-એપ્રિલ) વધુ સારી રીતે ગર્ભ ધારણ કરે છે.
*   **ચેપની સારવાર:** ગર્ભાશયના ચેપ જેમ કે મેટ્રાઇટિસ અથવા એન્ડોમેટ્રાઇટિસની સારવાર કરો. પશુચિકિત્સક દ્વારા સૂચવવામાં આવે તે પ્રમાણે ગર્ભાશયમાં એન્ટિબાયોટિક્સનો ઉપયોગ કરો.
*   **બચ્ચા પછીની સંભાળ:** ખાતરી કરો કે બચ્ચા પછી ગર્ભાશય યોગ્ય રીતે સ્વસ્થ થાય (ઇન્વોલ્યુશન) 45–60 દિવસની અંદર, ખાસ કરીને જો ત્યાં જટિલતાઓ હોય જેમ કે પ્લેસેન્ટા જળવાઈ રહેવું.

### 4. દેખરેખ અને નિદાન
*   **નિયમિત રેકોર્ડ:** બચ્ચાની તારીખો, માદાના ચક્ર અને બ્રીડિંગની તારીખોનો વિગતવાર લોગ રાખો.
*   **વ્યવસાયિક નિદાન:** જો કોઈ ગાય **ત્રણ પ્રયાસો પછી પણ** ગર્ભ ધારણ કરવામાં નિષ્ફળ જાય, તો કાયમી ખામીઓ (દા.ત., ગર્ભાશય ફાઇબ્રોસિસ અથવા ગરદનના અસામાન્યતા) ને નકારી કાઢવા માટે વિગતવાર જ્ઞાનાત્મક તપાસ માટે નિષ્ણાત પશુચિકિત્સકની સલાહ લો.

**મહત્વપૂર્ણ:** જો તમારી ગાય વારંવાર બ્રીડિંગ કરાવ્યા છતાં ગર્ભ ધારણ ન કરે, તો ચોક્કસ કારણોસર પશુચિકિત્સકની તપાસ કરાવવી અને સમસ્યાનું નિવારણ કરવું જરૂરી છે.","ગાયોમાં વારંવાર સંવનન કરાવવા છતાં ગર્ભ ન ધારણ થવાની સમસ્યા સામાન્ય છે અને તે અયોગ્ય રીતે માદામાં આવેલ સંકેત શોધવા, ચેપ, નબળું પોષણ, હોર્મોનલ અસંતુલન અથવા અયોગ્ય સંવનન સમય જેવા પરિબળોને કારણે થઈ શકે છે. અહીં કેટલીક નિવારક બાબતો આપવામાં આવી છે:

૧. ચોક્કસ રીતે માદામાં આવેલ સંકેત શોધો: ખાતરી કરો કે સંવનન ગાયના સાચા, મધ્ય-ઇસ્ટ્રસ સમયગાળા દરમિયાન કરવામાં આવે (શ્રેષ્ઠ રીતે માદામાં આવેલ સંકેત દેખાવાના ૧૨-૧૮ કલાકની અંદર).
૨. પોષણ: સંતુલિત પોષણ આપો, ખાસ કરીને ખનિજો (તાંબુ, સેલેનિયમ, ઝીંક) અને વિટામિન્સ (એ, ડી, ઇ) પ્રજનન સ્વાસ્થ્યને ટેકો આપવા માટે.
૩. આરોગ્ય તપાસ: નિયમિતપણે ગર્ભાશયના ચેપ અથવા પ્રજનન માર્ગની અસામાન્યતા માટે તપાસ કરો; સંવનન પહેલાં કોઈપણ ચેપની સારવાર કરો.
૪. તણાવ ઓછો કરો: પર્યાવરણીય અને સંભાળ સંબંધિત તણાવ ઓછો કરો, કારણ કે તેનાથી ગર્ભધારણ પર અસર થઈ શકે છે.
૫. યોગ્ય કૃત્રિમ ગર્ભાધાન તકનીક: ખાતરી કરો કે કૃત્રિમ ગર્ભાધાન તાલીમ પામેલા કર્મચારી દ્વારા ગુણવત્તાયુક્ત શુક્રાણુનો ઉપયોગ કરીને કરવામાં આવે.
૬. કૃમિનાશક દવા અને સામાન્ય સંભાળ: નિર્ધારિત સમય અનુસાર પ્રાણીઓને કૃમિનાશક દવા આપો અને તેમને સારી શારીરિક સ્થિતિમાં રાખો.
૭. વહેલું ફરીથી સંવનન કરવાનું ટાળો: જ્યાં સુધી પશુચિકિત્સક દ્વારા અન્ય સલાહ આપવામાં ન આવે, ત્યાં સુધી બચ્ચાંને જન્મ આપ્યા પછી ઓછામાં ઓછા ૬૦ દિવસ રાહ જુઓ અને પછી ફરીથી સંવનન કરાવો.

જો સમસ્યા ચાલુ રહે, તો પ્રજનનક્ષમતા પરીક્ષણ અને યોગ્ય સારવાર માટે પશુચિકિત્સકની સલાહ લો.",grammar_fluency_compare,,"Response B reads a bit more naturally and directly in Gujarati, with fewer awkward technical constructions than Response A.",3,"Mostly grammatical and understandable Gujarati, but it sounds technical and somewhat translated rather than fully natural.",3,"Grammar is generally correct and readable, though some phrasing is stiff and not fully natural in Gujarati.",response_b,"Response B reads a bit more naturally and directly in Gujarati, with fewer awkward technical constructions than Response A.",3.9267,1693,108,1801,0.00175575
183,191,3.at_parity,chat,3.at_parity,પશુ ગાભણ છે કે નહીં કેવી રીતે ખબર પડે?,"તમારા પશુ ગર્ભવતી છે કે નહીં તે જાણવા માટે, તમે આ ચિહ્નો શોધી શકો છો અને આ વ્યાવસાયિક પગલાં અનુસરી શકો છો:

**1. પ્રાથમિક ચિહ્ન: માસિક ચક્રનો અભાવ**
ગર્ભાવસ્થાનું પ્રથમ અને સૌથી સામાન્ય ચિહ્ન એ છે કે ગાય અથવા ભેંસમાં **માસિક ચક્ર (એસ્ટ્રસ) પાછું આવતું નથી**. સામાન્ય રીતે, પશુઓ દર 18 થી 24 દિવસે માસિક ચક્રમાં આવે છે. જો તેઓ કૃત્રિમ ગર્ભાધાન પછી આ સમયગાળામાં માસિક ચક્રના કોઈ ચિહ્નો દર્શાવતા નથી, તો તે ગર્ભવતી હોઈ શકે છે.

**2. વ્યાવસાયિક નિદાન (ભલામણ કરેલ)**
કેટલાક પશુઓમાં ગર્ભવતી ન હોવા છતાં માસિક ચક્રના સ્પષ્ટ ચિહ્નો દેખાતા નથી, તેથી ફક્ત અવલોકન પર આધાર રાખીને ગર્ભાવસ્થા માની લેવી જોઈએ નહીં. એક **પશુચિકિત્સક** દ્વારા વ્યાવસાયિક તપાસ કરાવવી જરૂરી છે:
*   **સમય:** ગર્ભાવસ્થાની તપાસ સામાન્ય રીતે કૃત્રિમ ગર્ભાધાનના **45 થી 60 દિવસ** (આશરે 1.5 થી 2 મહિના) પછી થવી જોઈએ.
*   **પદ્ધતિઓ:** પશુચિકિત્સકો રેક્ટલ પાલ્પેશન (મૂત્રમાર્ગ દ્વારા પ્રજનન માર્ગની તપાસ), અલ્ટ્રાસાઉન્ડ સ્કેનિંગ અથવા લોહી અથવા દૂધમાં હોર્મોન્સના સ્તરની તપાસ જેવી પદ્ધતિઓનો ઉપયોગ કરે છે.

**આયોજન માટે મુખ્ય સારાંશ:**
*   **ગાયો:** સરેરાશ ગર્ભાવસ્થાનો સમયગાળો **280 થી 285 દિવસ** છે.
*   **ભેંસો:** સરેરાશ ગર્ભાવસ્થાનો સમયગાળો **307 થી 310 દિવસ** છે.

હું ભલામણ કરું છું કે કૃત્રિમ ગર્ભાધાનના લગભગ 60 દિવસ પછી તમારા સ્થાનિક પશુચિકિત્સકની મુલાકાત ગોઠવો જેથી ગર્ભાવસ્થાની પુષ્ટિ કરી શકાય અને યોગ્ય પોષણ અને સંભાળનું આયોજન કરી શકાય.","ગાય અથવા ભેંસ ગર્ભવતી છે કે નહીં તે તપાસવા માટે, સામાન્ય ચિહ્નોમાં આનો સમાવેશ થાય છે: સમાગમ પછી માદામાં માસિક ચક્ર ન આવવું (માસિક ચક્ર ચૂકી જવું), ભૂખમાં વધારો, શાંત સ્વભાવ, પેટનું ફૂલવું (થોડા મહિના પછી દેખાય છે), અને સ્તનમાં ફેરફાર. જો કે, સૌથી વિશ્વસનીય રીત એ છે કે પશુચિકિત્સક અથવા તાલીમ પામેલા ટેકનિશિયન દ્વારા સમાગમ કર્યાના લગભગ 2-3 મહિના પછી ગર્ભાવસ્થાની તપાસ (મૂત્રાશય દ્વારા તપાસ અથવા અલ્ટ્રાસાઉન્ડ) કરાવવી.

ચોક્કસ નિષ્કર્ષ માટે નિયમિત દેખરેખ અને સમયસર પશુચિકિત્સકની તપાસ મહત્વપૂર્ણ છે. જો તમને ગર્ભાવસ્થા હોવાની શંકા હોય, તો તમારા સ્થાનિક પશુચિકિત્સકની સલાહ લો અથવા વ્યાવસાયિક તપાસ માટે તમારા ડેરી સોસાયટીનો સંપર્ક કરો.",grammar_fluency_compare,,"Response B is more concise and reads more naturally overall, while Response A contains more awkward translated phrasing and heavier technical structure.",2,"Mostly understandable Gujarati, but it reads translated and has several unnatural/incorrect phrases, such as 'માસિક ચક્ર' for animals and some awkward technical wording.",3,"The Gujarati is generally correct and easier to read, though still somewhat technical and not fully natural in tone.",response_b,"Response B is more concise and reads more naturally overall, while Response A contains more awkward translated phrasing and heavier technical structure.",2.1703,1036,128,1164,0.001353
184,192,3.at_parity,chat,3.at_parity,પહાડી ગાય ઉનાળામાં ગરમીમાં નથી આવતી—શું કરવું?,"ઉનાળા દરમિયાન ગરમીના કારણે પ્રાણીઓમાં ""સાઇલન્ટ હીટ"" અથવા હીટના સ્પષ્ટ સંકેતો દેખાવામાં નિષ્ફળતા સામાન્ય છે. આનાથી ગર્ભાધાનમાં વિલંબ થઈ શકે છે અને આર્થિક નુકસાન થઈ શકે છે.

તમારી ગાયને ઉનાળા દરમિયાન હીટમાં લાવવામાં અને પ્રજનન કાર્યક્ષમતા સુધારવામાં મદદ કરવા માટે, તમારે નીચેના પગલાં લેવા જોઈએ:

**૧. ગરમીનો તાણ ઓછો કરો**
*   **ઠંડક:** પૂરતી છાંયડો પ્રદાન કરો અને ઠંડક પ્રણાલીનો ઉપયોગ કરો. તમે સ્પ્રિંકલરનો ઉપયોગ કરીને અથવા તેમના માથા અને ગરદનને ઠંડી રાખીને ગાયને બપોરે 1:00 થી 4:00 ની વચ્ચે નવડાવી શકો છો, જેથી શરીરનું તાપમાન ઓછું થાય.
*   **પાણી:** ખાતરી કરો કે પ્રાણીને હંમેશા સ્વચ્છ પીવાના પાણીની ઉપલબ્ધતા હોય.
*   **શેડનું સંચાલન:** શેડને યોગ્ય રીતે છાપરાથી ઢાંકી દો અથવા છત પર સફેદ ચૂનો લગાવો જેથી ગરમીનું શોષણ ઓછું થાય.

**૨. પોષણ અને આરોગ્યમાં સુધારો કરો**
*   **ખનિજ મિશ્રણ:** પ્રજનન સ્વાસ્થ્યને ટેકો આપવા માટે પૂરતી માત્રામાં ખનિજ મિશ્રણ (લગભગ 50 ગ્રામ દૈનિક) પ્રદાન કરો.
*   **સંતુલિત આહાર:** પૌષ્ટિક, સંતુલિત આહારની ખાતરી કરો. ઉનાળામાં, વધુ પાણીયુક્ત ચારો આપો અને સૌથી ગરમ સમય દરમિયાન ચરાઈ કરવાનું ટાળો.
*   **ડીવર્મિંગ:** ખાતરી કરો કે પ્રાણીને યોગ્ય રીતે ડીવર્મ કરવામાં આવ્યું છે.

**૩. નજીકથી નિરીક્ષણ કરો**
*   ઉનાળા દરમિયાન હીટના સંકેતો સૂક્ષ્મ હોઈ શકે છે, તેથી બેચેની, મ્યુકસ ડિસ્ચાર્જ અથવા દૂધના ઉત્પાદનમાં ઘટાડો માટે પ્રાણીનું નજીકથી નિરીક્ષણ કરો.

જો આ પગલાં લીધા પછી પણ તમારી ગાય હીટમાં ન આવે અથવા ત્રણ ઇન્સેમિનેશન પછી પણ તે ગર્ભવતી ન થાય, તો અન્ડરડેવલપ્ડ અંડાશય અથવા પ્રજનન માર્ગના ચેપ જેવી સમસ્યાઓ માટે **પશુચિકિત્સકની સલાહ લેવી** ખૂબ જ મહત્વપૂર્ણ છે.","ગરમીના દિવસોમાં, ગરમીના તાણને કારણે પહાડી વિસ્તારની ગાયોમાં સામાન્ય રીતે ઓછી દેખીતી રીતે માદામાં આવે છે (હીટના ચિહ્નો ઓછાં દેખાય છે). ઊંચા તાપમાનને કારણે માદામાં આવવાની પ્રક્રિયા દબાઈ શકે છે અને ફળદ્રુપતા ઘટી શકે છે.

જો તમારી ગાયમાં માદામાં આવવાના કોઈ ચિહ્નો દેખાતા નથી, તો તે પોષણની ઉણપ, ગરમ આબોહવા અને કેટલીકવાર અપૂરતા પાણી અથવા ખનિજોના સંયોજનને કારણે હોવાની શક્યતા છે.

શું કરવું જોઈએ:

- પૂરતા પ્રમાણમાં ઠંડા અને સ્વચ્છ પીવાના પાણીની સતત ઉપલબ્ધતા સુનિશ્ચિત કરો.
- ગાયોને ગરમીથી રાહત થાય તે માટે છાંયો અને વેન્ટિલેશનની વ્યવસ્થા કરો.
- પોષક તત્વોથી ભરપૂર લીલો ચારો અને સંતુલિત ખનિજ મિશ્રણ આપો.
- દિવસના ઠંડા ભાગમાં (સવાર/સાંજ) ચારો આપો.
- શક્ય હોય તો, ગાયને નવડાવો અથવા તેના શરીરનું તાપમાન ઘટાડવા માટે પાણી છાંટો.
- બેચેની, ઓછો ચારો ખાવો, જોરથી બોલવું, બીજી ગાય પર ચઢવું અથવા યોનિમાર્ગમાંથી સ્ત્રાવ જેવા સૂક્ષ્મ ચિહ્નો પર ધ્યાન રાખો.
- નિયમિત કૃમિનાશક દવા અને આરોગ્ય તપાસ કરાવો.

જો તમને હજુ પણ માદામાં આવવાના ચિહ્નો દેખાતા નથી અથવા કોઈ શંકા છે, તો મૌન માદા અથવા પ્રજનન સંબંધિત સમસ્યાઓને નકારી કાઢવા માટે તમારા સ્થાનિક પશુચિકિત્સક અથવા કૃત્રિમ બીજદાન કરનાર ટેકનિશિયનની સલાહ લો.

પહાડી વિસ્તારોમાં ગાયોમાં મોસમી એનેસ્ટ્રસ પણ હોઈ શકે છે, એટલે કે ગરમ મહિનાઓમાં તેમનો ચક્ર કુદરતી રીતે વિલંબિત થાય છે અને ચોમાસા પછી ફરી શરૂ થાય છે.

જો તમને વધુ માર્ગદર્શન જોઈતું હોય અથવા પશુચિકિત્સા સલાહ માટે એપોઇન્ટમેન્ટ લેવી હોય, તો કૃપા કરીને મને જણાવો.",grammar_fluency_compare,,"Response A is more fluent and structurally correct overall, even though it is still somewhat technical.",3,"Mostly grammatical and understandable, but it sounds somewhat technical and translated rather than fully natural Gujarati.",2,"Generally understandable, but several phrases are unnatural or awkwardly translated, especially 'માદામાં આવે' and some sentence structures.",response_a,"Response A is more fluent and structurally correct overall, even though it is still somewhat technical.",1.8495,1361,111,1472,0.00152025
185,194,3.at_parity,chat,3.at_parity,વાછરડીને ગરમીમાં લાવવા હોમિયોપેથી દવા ઉપયોગી છે કે નહીં?,"આપેલ દસ્તાવેજોના આધારે, હું એ કહી શકતો નથી કે હોમિયોપેથિક દવા ઉનાળામાં બકરીને માદરમાં લાવવા માટે ઉપયોગી છે કે નહીં.

જો કે, તમારી બકરીને ઉનાળા દરમિયાન માદરમાં લાવવામાં અને પ્રજનન ક્ષમતા જાળવવામાં મદદ કરવા માટે, આપેલ માર્ગદર્શિકા નીચે મુજબની ભલામણ કરે છે:

*   **પોષણ અને ખનિજો:** પ્રજનન અંગોના યોગ્ય વિકાસને ટેકો આપવા માટે ત્રણ મહિનાની ઉંમરથી બકરીઓને નિયમિતપણે ખનિજ મિશ્રણ આપો. ફોસ્ફરસની ઉણપ (યેરામ) અટકાવો અને સતત પૌષ્ટિક આહાર આપો.
*   **ગરમીના તાણનું સંચાલન:** પૂરતી છાંયડો, ઠંડકનાં પગલાં (જેમ કે સ્પ્રિંકલર્સ અથવા સ્નાન) પ્રદાન કરીને અને ઠંડા પાણીની ઉપલબ્ધતા સુનિશ્ચિત કરીને પ્રાણીઓને વધુ પડતી ગરમીથી બચાવો.
*   **સપ્લિમેન્ટ્સ:** ""અમૂલ કાઉ કૂલ"" (એક મૌખિક ઇલેક્ટ્રોલાઇટ) જેવા ઉત્પાદનો ઉનાળાની ગરમીના તાણને દૂર કરવામાં અને ઉનાળાના મહિનાઓમાં વંધ્યત્વ સંબંધિત સમસ્યાઓને ઘટાડવામાં મદદ કરી શકે છે.
*   **આરોગ્ય જાળવણી:** નિયમિત કૃમિનાશક દવા અને દહીં પ્રોબાયોટીક્સનો ઉપયોગ બકરીને વધુ નિયમિત રીતે માદરમાં લાવવામાં મદદ કરી શકે છે.

જો તમારી બકરી માદરમાં ન આવતી હોય, તો પશુચિકિત્સક પાસેથી યોગ્ય તપાસ અને સારવાર કરાવવી સલાહભર્યું છે.","હાલમાં, હોમિયોપેથિક દવાઓ વાછરડી અથવા બકરીને માદામાં લાવવામાં અસરકારક છે તેવું કોઈ મજબૂત વૈજ્ઞાનિક પુરાવા નથી. પશુઓમાં યોગ્ય રીતે માદા લાવવાની પ્રક્રિયા સામાન્ય રીતે પોષણ સુધારણા, સારી વ્યવસ્થાપન પદ્ધતિઓ અને જરૂર પડે ત્યારે, ચોક્કસ પશુચિકિત્સા હોર્મોનલ સારવાર દ્વારા કરવામાં આવે છે, જેની અસરકારકતા સાબિત થયેલી છે.

જો વાછરડી અપેક્ષિત ઉંમરે માદામાં ન આવતી હોય, તો હોમિયોપેથિક ઉપાયો પર આધાર રાખવાને બદલે, સૌ પ્રથમ તેના પોષણ, એકંદર આરોગ્ય અને વ્યવસ્થાપન પદ્ધતિઓની સમીક્ષા કરવી અને યોગ્ય સારવાર માટે લાયક પશુચિકિત્સકની સલાહ લેવી વધુ સારું છે. હંમેશા પશુચિકિત્સકની દેખરેખ વિના કોઈપણ અચકાયેલી દવાઓ આપવાનું ટાળો.",grammar_fluency_compare,,"Response B is more grammatically natural and coherent overall, while Response A contains more awkward and inconsistent phrasing.",2,"The Gujarati is understandable, but several phrases are unnatural or awkwardly translated, and it mixes terms inconsistently (e.g., goat/calf, summer/heat).",3,"Grammar is mostly correct and clearer than A, though the tone is somewhat technical and a few phrases sound slightly unnatural.",response_b,"Response B is more grammatically natural and coherent overall, while Response A contains more awkward and inconsistent phrasing.",2.8577,934,128,1062,0.0012765
186,195,3.at_parity,chat,3.at_parity,સાઇલન્ટ હિટ (ખડેલી ગરમી) કેવી રીતે ઓળખવી?,"શાંત ગરમી (સબએસ્ટ્રસ) ત્યારે થાય છે જ્યારે કોઈ પ્રાણી, મોટે ભાગે ભેંસ, ગરમીમાં હોય છે પરંતુ તેના સામાન્ય અને સ્પષ્ટ ચિહ્નો દેખાતા નથી. આ ચિહ્નો સૂક્ષ્મ હોવાથી, તેના માટે ખૂબ જ નજીકથી અને સતત દેખરેખ રાખવાની જરૂર પડે છે.

### શાંત ગરમીને કેવી રીતે ઓળખવી
જોકે સ્પષ્ટ ચિહ્નો જેમ કે જોરથી બોલવું અથવા બીજા પર ચઢવું દેખાતું નથી, તો નીચેના સૂક્ષ્મ સંકેતો પર ધ્યાન આપો:
*   **વિશ્વસનીય સંકેત:** થોડી થોડી વારે પેશાબ કરવો.
*   **વર્તણૂકીય સંકેતો:** બેચેની, પૂંછડી ઊંચી કરવી અને દૂધના ઉત્પાદનમાં થોડો ઘટાડો.
*   **શારીરિક સંકેતો:** યોનિમાર્ગમાંથી સ્ત્રાવ થવો.

### અદ્યતન શોધ પદ્ધતિઓ
જો વર્તણૂકીય દેખરેખ મુશ્કેલ હોય, તો નીચેની પદ્ધતિઓ સૂચવવામાં આવે છે:
*   **ટીઝર બળદ:** વાંઝિયા કરાયેલા (ટીઝર) બળદનો ઉપયોગ એ શાંત ગરમી શોધવાની સૌથી અસરકારક રીતોમાંની એક છે, કારણ કે બળદ લગભગ 70% ભેંસોમાં ગરમીને ચોક્કસ રીતે ઓળખી શકે છે.
*   **સીસીટીવી મોનિટરિંગ:** બંધ જગ્યામાં, બેચેની અથવા અન્ય પ્રાણીઓ સાથેની ક્રિયાપ્રતિક્રિયા જેવી પ્રવૃત્તિઓ પર નજર રાખવા માટે કેમેરાનો ઉપયોગ કરી શકાય છે.
*   **પશુચિકિત્સકની તપાસ:** એક લાયક પશુચિકિત્સક દર 10 દિવસે ગર્ભાશયની તપાસ કરીને ગરમીના ચક્રનું નિરીક્ષણ કરી શકે છે અને એવા પ્રાણીઓને ઓળખી શકે છે જે ગરમીમાં આવી રહ્યા છે.

### વ્યવસ્થાપન માટેની ટિપ્સ
*   **પોષણ:** ખાતરી કરો કે પ્રાણીને સંતુલિત આહાર અને પૂરતા પ્રમાણમાં ખનિજ મિશ્રણ મળે.
*   **ગરમીનો તાણ:** સ્વચ્છ પીવાના પાણી અને છાંયડા/ઠંડક પ્રણાલી પ્રદાન કરો, ખાસ કરીને ઉનાળા દરમિયાન, કારણ કે ગરમીના તાણને કારણે ભેંસોમાં શાંત ગરમીની સમસ્યા વધી શકે છે.
*   **વ્યવસાયિક મદદ:** જો કોઈ પ્રાણી નિયમિત રીતે ગરમીમાં આવે છે પરંતુ ત્રણ વખત કૃત્રિમ ગર્ભાધાન કરાવ્યા પછી પણ ગર્ભ ધારણ કરવામાં નિષ્ફળ જાય છે, તો તાત્કાલિક પશુચિકિત્સકની સલાહ લો.","ગાયો અને ભેંસોમાં શાંત માદાકાળ (સાયલન્ટ હીટ) ત્યારે થાય છે જ્યારે પ્રાણીમાં માદાકાળના સ્પષ્ટ બાહ્ય લક્ષણો દેખાતા નથી, જે ગરમ હવામાન દરમિયાન સામાન્ય છે. શાંત માદાકાળને ઓળખવા માટે:

૧. પ્રાણીનું દિવસમાં ઘણી વખત (સવાર અને સાંજમાં) નજીકથી નિરીક્ષણ કરો અને બેચેની, ખોરાકનું ઓછું સેવન અથવા વર્તનમાં થોડો ફેરફાર જેવા સૂક્ષ્મ ફેરફારો જુઓ.
૨. પૂંછડી ઊંચી કરવી, અન્ય પ્રાણીઓને સૂંઘવું અથવા દૂધના ઉત્પાદનમાં થોડો ઘટાડો થવો જેવા સૂક્ષ્મ સંકેતો પર ધ્યાન આપો, ભલે સામાન્ય રીતે દેખાતા માદાકાળના સંકેતો ગાયબ હોય.
૩. જો ઉપલબ્ધ હોય તો, વાંઝિયા (વેસેક્ટોમાઇઝ્ડ) બળદનો ઉપયોગ કરો—આ બળદો માદા પ્રાણીઓમાં માદાકાળની તપાસ કરવામાં મદદ કરી શકે છે, જેમાં શાંત માદાકાળ હોય છે.
૪. ગરમ હવામાન દરમિયાન, ગરમીના તાણને કારણે દેખાતા સંકેતો વધુ દબાઈ શકે છે. પ્રાણીને ઠંડી જગ્યા, ઠંડક અને પૂરતું પાણી આપો જેથી તે માદાકાળના સંકેતો બતાવી શકે.
૫. જો શાંત માદાકાળ હોવાની શંકા હોય, પરંતુ તેની પુષ્ટિ ન થઈ હોય, તો વધુ તપાસ અથવા હોર્મોનલ પરીક્ષણ માટે પશુચિકિત્સકની સલાહ લો.

સતત નિરીક્ષણ અને સારી રીતે રેકોર્ડ રાખવો જરૂરી છે. જો શાંત માદાકાળની સમસ્યા ચાલુ રહે, તો તમારા સ્થાનિક પશુચિકિત્સક પાસેથી મદદ અથવા માદાકાળને સુમેળમાં લાવવાના વિકલ્પો વિશે પૂછો. સ્ત્રોત: કૃષિગોષ્ઠા માર્ચ-૨૦૧૬, બનાસ ડેરી બ્રીડિંગ મેનેજમેન્ટ ગાઇડ્સ.",grammar_fluency_compare,,"Response B is slightly more concise and natural overall, with fewer awkward constructions than Response A.",3,"Mostly grammatical and understandable Gujarati, but it reads technical and somewhat translated rather than fully natural.",3,"Grammar is generally correct and fluent, though the wording is a bit formal/technical and not fully natural in places.",response_b,"Response B is slightly more concise and natural overall, with fewer awkward constructions than Response A.",1.6726,1364,108,1472,0.001509
187,196,3.at_parity,chat,3.at_parity,ગાય (ટેગ/આઈડી) 340174593282 ની AI (કૃત્રિમ ગર્ભાધાન) કરાવ્યાની તારીખ શું છે?,"માફ કરશો, પરંતુ તમારા પ્રોફાઇલમાં ટૅગ/આઈડી 340174593282 ધરાવતા કોઈ પણ પ્રાણીનો રેકોર્ડ મારી પાસે નથી. તેથી, હું આ ગાય માટે કૃત્રિમ ગર્ભાધાનની તારીખ આપી શકતો નથી.","તમારા પ્રોફાઇલમાં ટૅગ અથવા આઈડી 340174593282 સાથે કોઈ પણ પ્રાણી નોંધાયેલ નથી, તેથી હું આ ગાય માટે કૃત્રિમ ગર્ભાધાનની તારીખ આપી શકતો નથી. જો તમને લાગે કે આ કોઈ ભૂલ છે, તો કૃપા કરીને ટૅગ નંબર તપાસો અને ફરી પ્રયાસ કરો, અથવા મદદ માટે તમારા સમાજ (સોસાયટી)નો સંપર્ક કરો.",grammar_fluency_compare,,Response B sounds more natural and friendly while remaining grammatically correct.,3,"Grammatically correct and understandable, but the phrasing is a bit formal and slightly unnatural in places.",4,"Grammatically smooth, natural, and friendly; it reads more like native Gujarati.",response_b,Response B sounds more natural and friendly while remaining grammatically correct.,1.8345,463,100,563,0.00079725
188,1,3.at_parity,voice,3.at_parity,પશુ કિસાન ક્રેડિટ કાર્ડ (KCC) લોન મળે છે કે નહીં?,મારી પાસે પશુ કિસાન ક્રેડિટ કાર્ડ લોનની ઉપલબ્ધતા વિશે કોઈ ચોક્કસ માહિતી નથી. કૃપા કરીને માર્ગદર્શન માટે તમારા નજીકના પશુચિકિત્સક અથવા પશુપાલન અધિકારીની સલાહ લો.,મારે આપના ડેરી સંઘ માટેના પશુ કિસાન ક્રેડિટ કાર્ડ વિશે ચોક્કસ માહિતી નથી. કૃપા કરીને તમારા ગામની ડેરી સોસાયટી અથવા નજીકની બેંક શાખામાં પશુઓ માટેના કિસાન ક્રેડિટ કાર્ડ વિશે પૂછો.,grammar_fluency_compare,,"Response A is more natural and grammatically smoother, while Response B has more awkward, translated-sounding phrasing.",3,"Grammatically correct and understandable, but the phrasing is a bit formal and slightly unnatural in places.",2,"Mostly understandable, but some wording feels translated and awkward, especially 'મારે આપના ડેરી સંઘ માટેના' and the overall structure.",response_a,"Response A is more natural and grammatically smoother, while Response B has more awkward, translated-sounding phrasing.",2.5004,423,122,545,0.00086625
189,3,3.at_parity,voice,3.at_parity,ભાવફેર (price difference) કેવી રીતે ગણાય છે?,તમે કયા ડેરી સંઘ અથવા સહકારી સંસ્થા વિશે પૂછી રહ્યા છો?,તમે કયા ભાવના તફાવત વિશે પૂછી રહ્યા છો દૂધના ભાવમાં તફાવત કે અન્ય કોઈ બાબત વિશે?,grammar_fluency_compare,,"Response A is more natural and concise, so it reads more fluently.",4,"Grammatically correct Gujarati, natural and polite, with a friendly tone.",3,"Mostly correct, but the sentence is a bit long and slightly awkward in flow.",response_a,"Response A is more natural and concise, so it reads more fluently.",2.3525,345,95,440,0.00068625
190,5,3.at_parity,voice,3.at_parity,ગાય 8મા મહિને ગાભણ છે—વિયાણ પછી વધુ દૂધ માટે શું ખવડાવવું?,ગર્ભના છેલ્લા બે મહિના દરમિયાન દરરોજ એક કિલોગ્રામથી દોઢ કિલોગ્રામ જેટલું સંતુલિત ખાણ અથવા કણું આપો. આનાથી વિયાણ પછી દૂધ ઉત્પાદન વધારવામાં મદદ મળે છે અને સૂવાનો રોગ થવાનું જોખમ ઘટે છે. શું આપને કોઈ અન્ય માહિતીની જરૂર છે?,વિયાણ પછી તેને પહેલી દિવસથી જ પુષ્કળ પ્રમાણમાં સ્વચ્છ પાણી અને સારો લીલો અને સૂકો ચારો આપો. વધુ દૂધ મેળવવા માટે પશુઓને સંતુલિત ચારો આપો લગભગ એક કિલોગ્રામ જેટલો ચારો શરીરના યોગ્ય વિકાસ માટે આપો અને તેટલું જ દર એક લિટર દૂધ માટે લગભગ ચારસો ગ્રામ જેટલો વધારાનો ચારો આપો અને દરરોજ ખનિજ મિશ્રણ ઉમેરો.,grammar_fluency_compare,,"Response A is more grammatically correct and reads more naturally than Response B, which has more structural issues.",3,"Mostly grammatical and understandable Gujarati, but it sounds a bit technical and not fully natural.",2,"The sentence is understandable, but it is run-on and awkwardly structured, with several unnatural phrases.",response_a,"Response A is more grammatically correct and reads more naturally than Response B, which has more structural issues.",2.7323,501,107,608,0.00085725
191,6,3.at_parity,voice,3.at_parity,પ્રથમ વેતરી ભેંસ 5 મહિના 21 દિવસ ગાભણ છે—સારા દૂધ માટે શું ખવડાવવું?,રોજિંદા આહારમાં વીસથી પચ્ચીસ કિલોગ્રામ લીલો ચારો પાંચથી સાત કિલોગ્રામ સૂકો ચારો અને બેથી અઢી કિલોગ્રામ સંતુલિત દાણ આપો. વિયાણ પછી દૂધનું સારું ઉત્પાદન સુનિશ્ચિત કરવા માટે આપ દરરોજ પચાસ ગ્રામ ખનિજ મિશ્રણ અને ત્રીસ ગ્રામ મીઠું આપો. શું આપને કોઈ અન્ય માહિતીની જરૂર છે?,હાલમાં તેને દરરોજ વીસ કિલોગ્રામ જેટલો સારો લીલો ચારો પાંચથી સાત કિલોગ્રામ સૂકો ચારો અને બેથી અઢી કિલોગ્રામ જેટલું સંતુલિત દાણ આપો અને સાથે સ્વચ્છ પાણી પણ આપો. વધુ સારા દૂધ ઉત્પાદન માટે દરરોજ લગભગ પચાસ ગ્રામ ખનિજ મિશ્રણ અને ત્રીસ ગ્રામ સામાન્ય મીઠું ઉમેરો.,grammar_fluency_compare,,"Both responses are similarly fluent and grammatically sound, with no clear difference in correctness.",3,"Grammatically correct and understandable, but it reads a bit technical and less natural in tone.",3,"Also grammatically correct and clear, though slightly stiff and not fully natural-sounding.",both,"Both responses are similarly fluent and grammatically sound, with no clear difference in correctness.",3.7206,519,101,620,0.00084375
192,14,3.at_parity,voice,3.at_parity,હું લીલા ઘાસમાં રજકો તથા બાજરી ખવડાવવું છું તો તેનાથી ગાભણ પશુ પર કોઈ અસર થાય?,રજકો અને બાજરીને લીલો ચારો તરીકે આપવો સામાન્ય રીતે યોગ્ય છે પરંતુ એક સાથે વધારે પ્રમાણમાં તાજો રજકો આપવાનું ટાળો. વધુ પડતું લીલું ઘાસ જેમ કે રજકો ખવડાવવાથી પેટમાં ગેસ ભરાઈ શકે છે અથવા આફરો થઈ શકે છે. શું આપને કોઈ અન્ય માહિતીની જરૂર છે?,રજકો અને બાજરી જેવા મિશ્ર લીલા ચારાનું સેવન ગાભણ પશુઓ માટે સારું છે અને જો યોગ્ય માત્રામાં આપવામાં આવે તો તેનાથી તેમને કોઈ નુકસાન થતું નથી. ફક્ત એક જ વારમાં વધુ પડતું રજકો આપવાનું ટાળો અને દરરોજ કુલ લીલો ચારો પંદરથી વીસ કિલોગ્રામની આસપાસ રાખો જેમાં થોડો સૂકો ચારો અને ખનિજ મિશ્રણ પણ ઉમેરો.,grammar_fluency_compare,,"Both are similar in grammar quality, but Response B reads slightly more naturally and fluently overall.",3,"Grammatically correct and understandable, but the phrasing is a bit generic and not fully natural in tone.",3,"Mostly correct grammar and smooth structure, though it sounds somewhat technical and less conversational.",response_b,"Both are similar in grammar quality, but Response B reads slightly more naturally and fluently overall.",2.1178,501,106,607,0.00085275
193,15,3.at_parity,voice,3.at_parity,"એક પુખ્ત ગાયને દરરોજ કેટલો લીલો ચારો, સુકો ચારો અને ખાન દાણ ની જરુર હોય છે?",સામાન્ય રીતે એક પુખ્ત ગાયને દરરોજ પંદરથી વીસ કિલોગ્રામ લીલો ચારો અને ચારથી છ કિલોગ્રામ સૂકો ચારો જોઈએ છે. ખાણ અથવા કણું માટે સામાન્ય જાળવણી માટે એક કિલોગ્રામ અને ઉત્પાદિત દૂધના દરેક કિલોગ્રામ માટે ચારસો ગ્રામ એમ દાણ આપો. શું આપને કોઈ અન્ય માહિતીની જરૂર છે?,સામાન્ય રીતે એક પુખ્ત ગાયને દરરોજ વીસથી પચીસ કિલોગ્રામ લીલો ચારો અને પાંચથી છ કિલોગ્રામ સૂકો ચારો આપો ઉપરાંત શરીરના યોગ્ય વિકાસ માટે લગભગ એક કિલોગ્રામ દાણ આપો અને તે જેટલું દૂધ આપે છે તેના દરેક લિટર માટે આશરે ચારસો ગ્રામ જેટલું વધારાનું દાણ આપો.,grammar_fluency_compare,,"Response A is more grammatically polished and reads more naturally than Response B, even though both are somewhat technical.",3,"Grammatically correct overall and understandable, but a few word choices sound slightly unnatural or technical.",2,"Mostly understandable, but the sentence is run-on and less natural, with weaker structure and punctuation.",response_a,"Response A is more grammatically polished and reads more naturally than Response B, even though both are somewhat technical.",2.185,500,109,609,0.0008655
194,16,3.at_parity,voice,3.at_parity,કઠોળ અને ધાન્ય વર્ગ નો ચારો એટલે શું?,રજકો અને બરસીમ જેવા કઠોળવાળા ચારામાં પ્રોટીન અને કેલ્શિયમ ભરપૂર માત્રામાં હોય છે જ્યારે મકાઈ અને જુવાર જેવા અનાજવાળા ચારામાં ઊર્જા ભરપૂર માત્રામાં હોય છે. તમારે બંને પ્રકારના ચારાને ભેળવીને આપવું જોઈએ જેથી તમારા પશુઓને સંતુલિત પોષણ મળી રહે અને તેમનામાં આફરાની સમસ્યા અટકાવી શકાય.,કઠોળ પ્રકારનો ચારો એટલે કઠોળ પરિવારની પાકમાંથી મેળવેલો ચારો જેમ કે રજકો બરસીમ ચોળી અથવા ગુવાર જે પ્રોટીન અને કેલ્શિયમથી ભરપૂર હોય છે. અનાજ આધારિત ચારો એટલે કે જુવાર મકાઈ બાજરી અથવા ઓટ્સ જવ  જેવા અનાજની પાકમાંથી મેળવેલો ચારો જે મુખ્યત્વે ઊર્જા પૂરી પાડે છે તેથી વ્યવહારમાં તમારે બંને પ્રકારના ચારોને મિશ્ર કરીને પશુઓને આપવો જોઈએ.,grammar_fluency_compare,,"Response A sounds more natural and easier to understand, while Response B is more formal and technical.",4,"Grammatically correct, natural Gujarati, and friendly enough for a farmer audience.",3,"Mostly correct grammar, but it reads more technical and slightly less natural/friendly.",response_a,"Response A sounds more natural and easier to understand, while Response B is more formal and technical.",1.9051,515,100,615,0.00083625
195,18,3.at_parity,voice,3.at_parity,બારેમાસ ચારા માટે પિયત જમીન માં કયો ચારો વધારે સારો રહે?,સિંચાઈવાળી જમીન માટે હાઈબ્રિડ નેપિયર અથવા ગાજરાજ ઘાસ આખું વર્ષ લીલો ચારો મેળવવા માટે ખૂબ જ સારો વિકલ્પ છે. આપ રજકો પણ ઉગાડી શકો છો જે ત્રણથી ચાર વર્ષ સુધી પશુઓ માટે પૌષ્ટિક ચારો પૂરો પાડે છે. શું આપને કોઈ અન્ય માહિતીની જરૂર છે?,સિંચાઈવાળી જમીનમાં બાર મહિના સુધી લીલો ચારો આપવા માટે વધુ ઉત્પાદન આપતી અને વારંવાર કાપી શકાય તેવી હાઈબ્રિડ નેપિયર ઘાસ સામાન્ય રીતે શ્રેષ્ઠ પસંદગી છે. જો આપ વિવિધ પ્રકારનો ચારો આપવા માંગતા હો તો આપ ગિની ઘાસ અથવા મોસમી મકાઈ અથવા જુવારનું થોડું વાવેતર કરી શકો છો.,grammar_fluency_compare,,"Response A reads more naturally and friendly in Gujarati, while Response B is slightly more stiff and technical.",4,"Grammatically correct Gujarati with a natural, friendly tone and clear structure.",3,"Mostly correct grammar, but it sounds a bit more technical and less natural in phrasing.",response_a,"Response A reads more naturally and friendly in Gujarati, while Response B is slightly more stiff and technical.",2.9501,477,102,579,0.00081675
196,19,3.at_parity,voice,3.at_parity,યુરિયા પ્રક્રિયા કરેલ ચારો ખવડાવવાની ભલામણ શું છે?,યુરિયાથી પ્રક્રિયા કરેલો ચારો એ સૂકો ચારો છે જેમાં યુરિયા ઉમેરીને પ્રોટીન અને પાચનશક્તિ વધારવામાં આવે છે. દરેક પશુને દિવસમાં છ કિલોગ્રામથી વધુ ચારો આપશો નહીં અને છ મહિનાથી ઓછી ઉંમરના બચ્ચાંને ક્યારેય આ ચારો આપશો નહીં.,યુરિયાથી સારવાર કરેલું કડબ મુખ્ય સૂકો ચારો તરીકે આપો પરંતુ તે જ સમયે યુરિયા મોલાસીસ મિનરલ બ્લોક ન આપો. જે પશુઓ ગાભણ નથી અને જેમનાથી દૂધ નીકળતું નથી તેમના માટે આ ચારો મોટાભાગની જરૂરિયાતો પૂરી કરી શકે છે પરંતુ ગાભણ પશુઓ અથવા દૂધ આપતી પશુઓ માટે આપને નિયમિત રીતે પશુઓ માટેનો ચારો અથવા બાયપાસ પ્રોટીનવાળો ચારો આપવો જોઈએ.,grammar_fluency_compare,,"Response A is more natural, concise, and fluent in Gujarati, while Response B feels more technical and less smooth.",4,"Grammatically correct Gujarati with clear, natural structure and friendly tone.",3,"Mostly grammatical, but it sounds more technical and slightly less natural in places.",response_a,"Response A is more natural, concise, and fluent in Gujarati, while Response B feels more technical and less smooth.",2.0254,506,101,607,0.000834
197,20,3.at_parity,voice,3.at_parity,સાયલેજ ક્યા ક્યા ઘાસચારા માંથી બને છે?,સૌથી સારી ગુણવત્તાવાળી સિલેજ સંગ્રહિત ચારો  ધાન્ય વર્ગના પાકોમાંથી બનાવવામાં આવે છે જેમ કે મકાઈ જુવાર બાજરા ઓટ્સ જવ  અને જવ. તમે હાઈબ્રિડ નેપિયર લીલું ઘાસ અને અમુક નીંદણ અથવા શેરડીના પાંદડાનો પણ ઉપયોગ કરી શકો છો.,તમે મુખ્યત્વે મકાઈ જુવાર બાજરી અથવા મોતી બાજરી ઓટ્સ અને હાઈબ્રિડ નેપિયર અથવા ગિની ઘાસ અથવા પારા ઘાસ જેવા અન્ય સમાન ઊંચા ઘાસમાંથી સારી ગુણવત્તાવાળું સિલેજ બનાવી શકો છો.,grammar_fluency_compare,,"Both responses are similarly fluent and understandable, with no clear grammatical advantage for either one.",3,"Mostly grammatical and understandable, but it reads a bit technical and slightly unnatural in places.",3,"Grammatically correct overall, though the sentence is long and somewhat technical rather than naturally friendly.",both,"Both responses are similarly fluent and understandable, with no clear grammatical advantage for either one.",2.2992,447,101,548,0.00078975
198,21,3.at_parity,voice,3.at_parity,સાયલેજ ખવડાવવાના ફાયદા શું છે?,સિલેજ લીલા ચારાના પોષક તત્વો અને વિટામિન્સને જાળવી રાખે છે જેનાથી દૂધ ઉત્પાદન અને પશુઓના સ્વાસ્થ્યમાં વધારો થાય છે. શ્રેષ્ઠ પરિણામો માટે પાચનશક્તિ વધારવા અને બગાડ ઘટાડવા માટે સિલેજને સૂકા ચારા સાથે મિક્સ કરો.,સિલેજ તમને વધારાનો લીલો ચારો લાંબા સમય સુધી સંગ્રહિત કરવાની અને તેમાં વધુ પોષક તત્વો ખાસ કરીને પ્રોટીન અને વિટામિન એ જાળવી રાખવાની મંજૂરી આપે છે. તે સૂકા ઋતુમાં દૂધ ઉત્પાદન અને પશુઓના સ્વાસ્થ્યને જાળવવામાં મદદ કરે છે જ્યારે તાજો લીલો ચારો ઉપલબ્ધ હોતો નથી.,grammar_fluency_compare,,"Both are similar in fluency, but Response B reads a bit more smoothly and naturally overall.",3,"Grammatically correct and understandable, but it sounds a bit technical and less naturally conversational.",3,"Grammar is correct overall, though the wording is somewhat formal and slightly unnatural in places.",response_b,"Both are similar in fluency, but Response B reads a bit more smoothly and naturally overall.",2.473,475,103,578,0.00081975
199,22,3.at_parity,voice,3.at_parity,ગયો ભેસોના દુધમાં એસ એન એફ નો પ્રશ્ન હોય તો કયોખોરાક અપાય?,ભેંસના દૂધમાં એસ. એન. એફ. વધારવા માટે આપ એક અઠવાડિયા માટે દરરોજ એકસો પચાસથી બસો ગ્રામ ‘અમૂલ એસ. એન. એફ. વૃદ્ધિ’ પૂરક ખોરાક આપી શકો છો અને પછી નિયમિત રીતે સો ગ્રામ આપો. આપ ખનિજ મિશ્રણ બાયપાસ પ્રોટીન અને બાયપાસ ફેટ સહિત સંતુલિત આહાર પણ આપી શકો છો. શું આપને કોઈ અન્ય માહિતીની જરૂર છે?,ઓછી એસ. એન. એફ. વાળા દૂધ માટે સારી ગુણવત્તાવાળો લીલો ચારો પૂરતો સૂકો ચારો અને દૂધના ઉત્પાદન પ્રમાણે નિયમિત રીતે સંયુક્ત પશુ ચારો આપો. તમે તમારા સ્થાનિક પશુચિકિત્સક અથવા પોષણ નિષ્ણાતની સલાહ લીધા પછી ખનિજ મિશ્રણ અથવા એસ. એન. એફ. વધારવા માટેનું કોઈ પૂરક જેમ કે અમૂલ એસ. એન. એફ. વૃદ્ધિ ઉમેરી શકો છો.,grammar_fluency_compare,,"Both responses are similarly grammatical and fluent, with no clear advantage in grammar quality.",3,"Grammatically correct overall, but it sounds somewhat technical and less natural in places.",3,"Grammar is mostly correct and readable, though the phrasing is a bit stiff and technical.",both,"Both responses are similarly grammatical and fluent, with no clear advantage in grammar quality.",2.1757,537,81,618,0.00076725
200,24,3.at_parity,voice,3.at_parity,ખનિજ મિશ્રણ આપવું જરૂરી છે?,હા ખનિજ મિશ્રણ જરૂરી છે કારણ કે તે દૂધ ઉત્પાદન વધારે છે અને પ્રજનન કાર્યક્ષમતામાં સુધારો કરે છે. તેઓ રોગ પ્રતિકારક શક્તિને પણ વધારે છે અને સૂવાનો રોગ મિલ્ક ફીવર  જેવા ચયાપચયના રોગોને રોકવામાં મદદ કરે છે. શું આપને કોઈ અન્ય માહિતીની જરૂર છે?,હા નિયમિત ખનિજ મિશ્રણ મહત્વપૂર્ણ છે કારણ કે તે વૃદ્ધિ દૂધનો ઉતારો ફળદ્રુપતા અને રોગ પ્રતિકારક ક્ષમતામાં સુધારો કરે છે.,grammar_fluency_compare,,"Response A is more fluent overall and has better sentence flow, even though it still has some unnatural phrasing.",3,"Mostly grammatical and understandable, but a few phrases are unnatural and slightly awkward in Gujarati.",2,"The sentence is understandable, but it reads more like a direct translation and lacks natural structure.",response_a,"Response A is more fluent overall and has better sentence flow, even though it still has some unnatural phrasing.",1.7179,422,106,528,0.0007935
201,27,3.at_parity,voice,3.at_parity,10 દિવસના 45 કિ.ગ્રા. વાછરડાંને કૃમિનાશક દવા કેટલા ml અને ક્યારે આપવી?,જન્મ પછી દસ દિવસની અંદર બચ્ચાંને કૃમિનાશક દવા આપવી જોઈએ. ચોક્કસ ડોઝ અને દવાના નામ માટે કૃપા કરીને તમારા સ્થાનિક પશુચિકિત્સકની સલાહ લો જેથી તમારા વાછરડાના વજન પ્રમાણે યોગ્ય માત્રા મળી રહે.,દવાની માત્રા કયા કૃમિનાશક દવાનો ઉપયોગ કરવામાં આવી રહ્યો છે તેના પર આધાર રાખે છે તેથી માત્ર વજનના આધારે નક્કી કરશો નહીં. દસ દિવસના અને પિસ્તાલીસ કિલોગ્રામ વજનવાળા વાછરડા માટે કૃમિનાશક દવા ફક્ત લેબલ પર દર્શાવેલ માત્રામાં અથવા પશુચિકિત્સકની સલાહ મુજબ આપો અને તેમની સૂચવેલ સમયપત્રકનું પાલન કરો.,grammar_fluency_compare,,"Response A reads more naturally and friendly, while Response B is more formal and technical.",4,"Grammatically correct Gujarati with a natural, friendly tone and clear structure.",3,"Mostly correct Gujarati, but it sounds more technical and slightly less natural/friendly.",response_a,"Response A reads more naturally and friendly, while Response B is more formal and technical.",1.8403,493,97,590,0.00080625
202,31,3.at_parity,voice,3.at_parity,ચાચર/માકડ/જૂગોડા (ringworm/ticks/lice) માટે દવા શું?,ઇતરડી અને જીરવા માટે તમે સાયપરમેથ્રિન અથવા અમૂલ બોડી ગાર્ડ સ્પ્રે જેવા જંતુનાશક દવાનો ઉપયોગ કરી શકો છો. એક લિટર પાણીમાં ત્રણ મિલીલીટર જીવાણુ નાશક ભેળવો અને પશુના શરીર પર પશુચિકિત્સક દ્વારા સૂચવવામાં આવે તે પ્રમાણે છંટકાવ કરો.,ચાચર ઇતરડી અને જીઉં માટે જાતે કોઈ પણ દવા શરૂ કરશો નહીં અને તાત્કાલિક પશુચિકિત્સકનો સંપર્ક કરો. પશુચિકિત્સક સમસ્યાની પુષ્ટિ કરશે અને પછી તમારા પશુ માટે યોગ્ય એન્ટિફંગલ અને એન્ટિટિક અથવા લાઈસની દવાઓનો સુરક્ષિત રીતે ઉપયોગ કરશે.,grammar_fluency_compare,,"Response A reads more naturally and has better grammatical flow, even though both are somewhat technical.",3,"Grammatically correct overall, but some wording is a bit unnatural and technical for a farmer-friendly tone.",2,"The sentence is understandable, but several phrases sound translated and awkward, with less natural grammar and flow.",response_a,"Response A reads more naturally and has better grammatical flow, even though both are somewhat technical.",3.1654,483,108,591,0.00084825
203,32,3.at_parity,voice,3.at_parity,સીંગડા/શીંગદાણા (groundnut pods) માં જીવડાં/કીડા પડે તો શું કરવું?,જો તમને મગફળીના દાણામાં જંતુઓ અથવા પેટમાં કીડા કરમિયા દેખાય તો તે મગફળીના દાણાને ખાનાર જીવ હોઈ શકે છે. પીડિત કઠોળ એકત્રિત કરો અને તેનો નાશ કરો અને વાવણીના પિસ્તાલીસથી પચાસ દિવસ પછી દસ લિટર પાણીમાં મોનોક્રોટોફોસ બાર મિલીલીટર અથવા ડાયમેથોએટ પચ્ચીસ ઇસી વીસ મિલીલીટરનું છંટકાવ કરો. શું આપને કોઈ અન્ય માહિતીની જરૂર છે?,જો મગફળીના દાણામાં જંતુઓ અથવા પેટમાં કીડા હોય તો સૌ પ્રથમ ખેતરથી બધા ક્ષતિગ્રસ્ત દાણા એકત્રિત કરો અને તેનો નાશ કરો. બાકીના પાક માટે સ્થાનિક કૃષિ અધિકારી અથવા પ્રસાર કાર્યકરની સલાહ મુજબ મોનોક્રોટોફોસ અથવા ડાયમેથોએટ જેવા સૂચવેલ જંતુનાશકનો છંટકાવ કરો.,grammar_fluency_compare,,"Response B is smoother and more grammatically natural overall, with fewer awkward constructions than Response A.",2,"The Gujarati is understandable, but several phrases are unnatural or awkwardly translated, and some wording feels technically forced.",3,"The grammar is mostly correct and readable, though the tone is somewhat formal and technical rather than fully natural or friendly.",response_b,"Response B is smoother and more grammatically natural overall, with fewer awkward constructions than Response A.",3.6519,533,113,646,0.00090825
204,33,3.at_parity,voice,3.at_parity,ગાયમાં વારંવાર ડિસ્ચાર્જ/ઝાડા જેવું નીકળે અને પાથરી/જોર કરે તો શું કરવું?,કૃપા કરીને તાત્કાલિક એક પશુચિકિત્સકનો સંપર્ક કરો અને તેમને ગાયની તપાસ કરવા માટે કહો. આ લક્ષણો ગંભીર સમસ્યાઓ સૂચવી શકે છે જેમ કે મુશ્કેલ પ્રસૂતિ પશુ તરવાઈ જવું અથવા ગર્ભાશય બહાર નીકળી જવું જેના માટે વ્યાવસાયિક તબીબી સારવારની જરૂર પડે છે.,આ એક ગંભીર સ્થિતિ છે કારણ કે સતત ઝાડા થવાથી અને તેમાં પણ જો પશુને મળમૂત્ર કરવા માટે વધારે પ્રયત્નો કરવા પડે અને તે પથારીમાં જ રહે તો તેનાથી જીવનું જોખમ થઈ શકે છે. તેથી તાત્કાલિક પશુચિકિત્સકને બોલાવો અને ઘરેથી કોઈ પણ દવા આપશો નહીં. પશુચિકિત્સક આવે ત્યાં સુધી જો શક્ય હોય તો ગાયને ઊભી રાખો તેને થોડી થોડી માત્રામાં સ્વચ્છ પાણી આપો અને તેને સ્વચ્છ અને સૂકી જગ્યાએ રાખો.,grammar_fluency_compare,,"Both are grammatically acceptable, but Response B reads more naturally and is more helpful in tone.",3,"Grammatically correct overall, but it sounds a bit formal and slightly unnatural in places.",3,"Mostly correct and fluent, though it is somewhat long and a bit technical rather than fully natural and friendly.",response_b,"Both are grammatically acceptable, but Response B reads more naturally and is more helpful in tone.",1.5251,524,107,631,0.0008745
205,34,3.at_parity,voice,3.at_parity,ખરવા-મોવાસા રોગ નું ફરીથી રસીકરણ ક્યારે કરવી શકાય ?,સામાન્ય રીતે ખરવામોવાસાની રસી એક વર્ષમાં બે વાર એટલે કે દર છ મહિને આપવામાં આવે છે. કૃપા કરીને તમારા પશુઓ માટે યોગ્ય સમયપત્રક અને સલાહ મેળવવા માટે તમારા પશુચિકિત્સકની સલાહ લો.,સામાન્ય રીતે ખરવામોવાસાની રસી પશુ અને ભેંસને દર છ મહિને ફરીથી આપવામાં આવે છે. કૃપા કરીને તમારા નજીકના પશુચિકિત્સક અથવા પશુધન અધિકારીનો સંપર્ક કરો જેથી તમારા ગામમાં યોજાનારા શિબિરના સમયપત્રક સાથે તારીખોનું યોગ્ય સંકલન કરી શકાય.,grammar_fluency_compare,,"Response A is more natural and concise, with a friendlier tone and no awkward phrasing.",4,"Grammatically correct, natural Gujarati, and friendly in tone.",3,"Mostly correct grammar, but it sounds a bit technical and less natural/friendly.",response_a,"Response A is more natural and concise, with a friendlier tone and no awkward phrasing.",1.5747,444,97,541,0.0007695
206,35,3.at_parity,voice,3.at_parity,ગાંઠિયા તાવ માટે રસીકરણ કઈ સિજન માં કરવું જોઈએ ?,ગાંઠિયો રોગથી પશુઓને બચાવવા માટે મચ્છર અને ઇતરડી જેવા જંતુઓથી થતા રોગોથી રક્ષણ મેળવવા રસીકરણ ચોમાસાની શરૂઆત પહેલાં કરાવવું જોઈએ. કૃપા કરીને તમારા નજીકના પશુ આરોગ્ય કેન્દ્ર અથવા પશુચિકિત્સકનો સંપર્ક કરો અને તમારા વિસ્તાર માટે યોગ્ય રસીકરણનું પત્રક મેળવો. શું આપને કોઈ અન્ય માહિતીની જરૂર છે?,ગાંઠિયા રોગ માટે રસીકરણ ચોમાસાની શરૂઆત પહેલાં ઉનાળામાં કરાવવું શ્રેષ્ઠ છે. આનાથી મચ્છર અને કરડતા માખીઓની સંખ્યા વધે તે પહેલાં પશુઓને રક્ષણ મળે છે.,grammar_fluency_compare,,"Response B reads more naturally and smoothly in Gujarati, while Response A is slightly more awkward and technical.",3,"Grammatically correct and understandable, but a bit technical and slightly awkward in phrasing.",4,"Natural, fluent Gujarati with correct grammar and a clear, friendly tone.",response_b,"Response B reads more naturally and smoothly in Gujarati, while Response A is slightly more awkward and technical.",1.937,455,101,556,0.00079575
207,37,3.at_parity,voice,3.at_parity,બકરીઓમાં કયા રોગો જોવા મળે છે?,"બકરીઓમાં સામાન્ય રીતે જોવા મળતી બીમારીઓમાં પીએપીઆર કાળિયો તાવ એન્થ્રેક્સ,  ખરવામોવાસા અને એન્ટરોટોક્સેમીયાનો સમાવેશ થાય છે. તેમને ગેસ આફરો એસિડોસિસ ન્યુમોનિયા અને આંતરિક અથવા બાહ્ય પરજીવીઓથી થતી અન્ય બીમારીઓ પણ થઈ શકે છે. શું તમને કોઈ ચોક્કસ રોગ વિશે માહિતીની જરૂર છે?","બકરીઓમાં સામાન્ય રીતે જોવા મળતી બીમારીઓમાં પીએપીઆર એન્ટરોટોક્સેમીયા ખરવામોવાસા કાળિયો તાવ એન્થ્રેક્સ,  આંતરિક પેટમાં કીડા કરમિયા ન્યુમોનિયા પાતળા ઝાડા અને ખરીનો સડો વગેરેનો સમાવેશ થાય છે.",grammar_fluency_compare,,"Response A is slightly better because it has a friendlier closing question and a bit more natural flow, even though both are grammatically rough.",2,"The sentence is understandable, but it has awkward word order, missing punctuation, and several terms are jammed together in a way that feels translated rather than natural.",2,"It is mostly understandable, but the structure is clunky, punctuation is weak, and the list of diseases reads like a direct translation rather than fluent Gujarati.",response_a,"Response A is slightly better because it has a friendlier closing question and a bit more natural flow, even though both are grammatically rough.",2.5352,480,140,620,0.00099
208,41,3.at_parity,voice,3.at_parity,મારી બધી ગાયોને વારંવાર કથીરી પડે છે તેથી લોઈ નહિ લતી ને બીમાર પડે છે તો ઉપાય?,માટી ન ખસવી એ ત્યારે થાય છે જ્યારે વિયાણ પછી બાર કલાકની અંદર જર બહાર નીકળતી નથી જે મોટાભાગે પોષક તત્વોના અસંતુલન અથવા કતની કમીને કારણે થાય છે. કૃપા કરીને તાત્કાલિક પશુચિકિત્સકની સલાહ લો અને જાતે મેલી અથવા જરને બહાર કાઢવાનો પ્રયાસ ક્યારેય ન કરો.,વારંવાર માટી ન ખસવાની સમસ્યા થાય તો દરેક વખતે યોગ્ય પશુચિકિત્સા સારવાર આપવી જોઈએ અને ધણના સ્તરે નિવારક પગલાં લેવા જોઈએ. હાલમાં મેલીને ખેંચશો નહીં અથવા તેના પર વજન બાંધશો નહીં ગાયને સ્વચ્છ રાખો અને તાત્કાલિક પશુચિકિત્સકને બોલાવો જેથી તેઓ ગર્ભાશયની સારવાર કરી શકે અને ભવિષ્યમાં ગરમીમાં આવવા અને ગર્ભધારણ માટે દવાઓ આપી શકે.,grammar_fluency_compare,,"Response A is slightly more coherent and grammatically controlled, even though both responses sound unnatural.",2,"The Gujarati is understandable but several phrases are unnatural and awkwardly translated, with some technical wording that does not read smoothly.",2,"The grammar is mostly understandable, but the sentence is long, awkward, and feels translated word-for-word in several places.",response_a,"Response A is slightly more coherent and grammatically controlled, even though both responses sound unnatural.",2.2543,524,115,639,0.0009105
209,43,3.at_parity,voice,3.at_parity,લમ્પિ (ગાંઠદાર ચામડી નો રોગ – lsd ) રોગ ની રસી ક્યારે મુકાવવી જોઈએ?,રસીકરણ ઓછામાં ઓછું એક મહિના પહેલાં કરાવવું જોઈએ જેથી રોગ થવાની શક્યતા ઓછી થાય. રસીકરણ પહેલાં બેથી ત્રણ અઠવાડિયા પહેલાં તમારા પશુઓને કૃમિનાશક દવા આપવી પણ ફાયદાકારક છે જેથી રસીકરણ પ્રત્યે વધુ સારી પ્રતિભાવ મળે. શું આપને કોઈ અન્ય માહિતીની જરૂર છે?,ગાંઠિયો રોગની રસી વર્ષમાં એક વાર આપો અને શક્ય હોય તો ચોમાસાની શરૂઆત પહેલાં આપો.,grammar_fluency_compare,,"Both are good, but Response A is more complete and sounds a bit more helpful while still remaining natural.",4,"Grammatically correct Gujarati, natural flow, and friendly tone.",4,"Grammatically correct Gujarati and easy to understand, though slightly more concise.",response_a,"Both are good, but Response A is more complete and sounds a bit more helpful while still remaining natural.",3.1283,424,98,522,0.000759
210,44,3.at_parity,voice,3.at_parity,વેક્સિન ફેલ્યોર એટલે શું ? અને તે કેવી પરિસ્થિતિમાં થાય ?,જ્યારે રસી કોઈ રોગ સામે અપેક્ષિત રક્ષણ આપવામાં નિષ્ફળ જાય છે ત્યારે રસીની અસરકારકતા ઘટી જાય છે. આ નબળી ગુણવત્તાવાળા રસીના કારણે સંગ્રહ દરમિયાન રસીને યોગ્ય તાપમાને રાખવામાં નિષ્ફળતા અથવા નબળા અને અપૂરતા પોષણ પામેલા પ્રાણીઓમાં નબળી રોગપ્રતિકારક શક્તિના કારણે થાય છે.,રસી નિષ્ફળ જાય એનો અર્થ એ થાય છે કે યોગ્ય રસીકરણ કર્યા પછી પણ પશુને તે રોગ થઈ જાય છે. સામાન્ય રીતે જ્યારે રસીને ઠંડી જગ્યાએ રાખવામાં ન આવે પશુ નબળું હોય અથવા તેને પૂરતો ખોરાક ન મળતો હોય અથવા ધણમાં ફક્ત થોડાં જ પશુઓને રસી આપવામાં આવે ત્યારે આવું થાય છે.,grammar_fluency_compare,,"Response B reads a little more naturally and conversationally, so it is slightly better for fluency.",3,"Grammatically correct overall, but it sounds a bit technical and less natural in places.",3,"Grammar is correct and easy to understand, though some phrasing is slightly awkward and not fully natural.",response_b,"Response B reads a little more naturally and conversationally, so it is slightly better for fluency.",1.986,490,107,597,0.000849
211,45,3.at_parity,voice,3.at_parity,વેક્સિન માં કોલ્ડ ચેન નું શું મહત્વ છે ?,કોલ્ડ ચેઇન એ એક તાપમાન નિયંત્રિત સિસ્ટમ છે જે રસીઓને ઉત્પાદન થયા ત્યારથી લઈને પશુને આપવામાં આવે ત્યાં સુધી જરૂરી તાપમાને રાખે છે. આ પ્રક્રિયાને જાળવી રાખવી ખૂબ જ મહત્વપૂર્ણ છે કારણ કે તેમાં કોઈપણ પ્રકારની ખામી રસીને બિનઅકારક બનાવી શકે છે જેના પરિણામે રોગો ફેલાઈ શકે છે અને આર્થિક નુકસાન થઈ શકે છે.,કોલ્ડ ચેઇન એટલે કે રસીને ઉત્પાદન સ્થળથી પશુ સુધી સતત ભલામણ કરેલ ઠંડા તાપમાને રાખવી જેથી રસી બગડે નહીં. જો ઠંડી સાંકળ તૂટી જાય તો રસી અસરકારક ન પણ રહે અને તમારા પશુઓનું રક્ષણ ન થઈ શકે ભલે તેમને રસી આપવામાં આવી હોય.,grammar_fluency_compare,,"Both responses are equally fluent and grammatically sound, with no meaningful difference in correctness.",4,Grammatically correct Gujarati with clear structure and natural flow.,4,"Grammatically correct Gujarati, friendly and easy to understand.",both,"Both responses are equally fluent and grammatically sound, with no meaningful difference in correctness.",1.5224,471,89,560,0.00075375
212,47,3.at_parity,voice,3.at_parity,જન્મ પછી નાભી કેવી રીતે સાફ કરવી?,નાળની દોરીને સ્વચ્છ દોરાથી બાંધો જે નાળના મૂળથી લગભગ બે ઇંચ દૂર હોવી જોઈએ અને પછી બાકી રહેલી દોરીને જંતુરહિત સાધનથી કાપી નાખો. નાળને સાત ટકા અથવા તેનાથી વધુ સાંદ્રતાવાળા આયોડિનના દ્રાવણમાં ડુબાડો અને ચેપને રોકવા માટે બાર કલાક પછી આ પ્રક્રિયાનું પુનરાવર્તન કરો. શું આપને કોઈ અન્ય માહિતીની જરૂર છે?,બચ્ચાના જન્મ પછી નાભિની દોરીને સ્વચ્છ દોરાથી બાંધો દોરીને શરીરથી લગભગ બે ઇંચ દૂર રાખો પછી સ્વચ્છ બ્લેડથી વધારાનો ભાગ કાપી નાખો અને બાકી રહેલી દોરીને આયોડિનના દ્રાવણમાં ઓછામાં ઓછી અડધી મિનિટ માટે ડુબાડો અને બાર કલાક પછી આ પ્રક્રિયા ફરીથી કરો. જો નાળ ફૂલી જાય ભીની થઈ જાય અથવા તેમાંથી પરુ નીકળે તો તરત જ પશુચિકિત્સકને બોલાવો.,grammar_fluency_compare,,"Response A has clearer structure and better grammar overall, even if it is a bit technical.",3,"Grammatically understandable and mostly correct, but it sounds somewhat technical and not fully natural or friendly.",2,"The sentence is run-on and lacks punctuation, making it feel translated and less natural, though still understandable.",response_a,"Response A has clearer structure and better grammar overall, even if it is a bit technical.",1.4969,539,108,647,0.00089025
213,48,3.at_parity,voice,3.at_parity,ગાય ભેસને શેડમાં બાંધેલા રાખવા સારા કે ખુલ્લા વાડામાં?,સામાન્ય રીતે ખુલ્લાં આલમ વધુ સારાં હોય છે કારણ કે તેનાથી દૂધ ઉત્પાદનમાં દરરોજ દરેક પશુ દીઠ પાંચસો ગ્રામથી લઈને એક લિટર સુધી વધારો થઈ શકે છે. ખુલ્લાં આલમમાં રાખવામાં આવતા પશુઓ વધુ સ્વસ્થ રહે છે તેમનામાં આંતરડા સંબંધિત સમસ્યાઓ ઓછી થાય છે અને ગરમીમાં તેઓ ઓછી બેચેની અનુભવે છે. શું આપને કોઈ અન્ય માહિતીની જરૂર છે?,મોટાભાગના ડેરી ફાર્મ માટે એક સરળ છતવાળી ખુલ્લી જગ્યામાં પશુઓને રાખવું એ પશુઓને સતત બાંધી રાખવા કરતાં વધુ સારું છે. તે ગાયો અને ભેંસોને વધુ આરામદાયક રાખે છે ઈજાઓ ઘટાડે છે અને વેતરની ઓળખ અને વ્યવસ્થાપનને સરળ બનાવે છે.,grammar_fluency_compare,,"Response A is more fluent and structurally correct, even though it is a bit technical. Response B has more unnatural wording and a noticeable grammar problem.",3,"Grammatically correct overall, but it sounds somewhat technical and less natural/friendly in places.",2,"Mostly understandable, but it has awkward phrasing and a clear grammatical issue in the last part, making it feel translated.",response_a,"Response A is more fluent and structurally correct, even though it is a bit technical. Response B has more unnatural wording and a noticeable grammar problem.",1.3954,494,122,616,0.0009195
214,49,3.at_parity,voice,3.at_parity,મારી જોંટીને ચાર વર્ષ થયા છે હજુ ગરમીમાં દેખાતી નથી કઈ દવા કરવી અથવા ખોરાક કરવો,દરરોજ દસથી પંદર કિલોગ્રામ લીલો ચારો અને વીસથી પચ્ચીસ ગ્રામ ખનિજ મિશ્રણ આપીને સંતુલિત આહાર આપો. તમારે નિયમિતપણે કૃમિનાશક દવા આપવી જોઈએ અને યોગ્ય નિદાન અને શક્ય હોર્મોનલ સારવાર માટે પશુચિકિત્સકની સલાહ લેવી જોઈએ. શું આપને કોઈ અન્ય માહિતીની જરૂર છે?,તમારી જાતે કોઈ પણ દવા શરૂ કરશો નહીં કારણ કે ચાર વર્ષની ઉંમરે જો લાંબા સમયથી માસિક આવતું નથી તો ગર્ભાશય અને અંડાશયની તપાસ માટે પશુચિકિત્સકની સલાહ લેવી જરૂરી છે. એટલી સુધી પશુઓને સારી ગુણવત્તાવાળો લીલો અને સૂકો ચારો આપો નિયમિત રીતે દાણ આપો અને દરરોજ ચારામાં ખનિજ મિશ્રણ અને મીઠું આપો.,grammar_fluency_compare,,"Response A is more fluent and grammatically natural overall, even though both are somewhat technical.",3,"Grammatically correct and understandable Gujarati, but it sounds somewhat clinical and less natural/friendly.",2,"Mostly understandable, but several phrases feel translated and awkward, making it less natural.",response_a,"Response A is more fluent and grammatically natural overall, even though both are somewhat technical.",2.3268,510,102,612,0.0008415
215,50,3.at_parity,voice,3.at_parity,વાછરડીનું શીંગ દામ્યા પછી 5-6 મહિના થયા છતાં ઘા ન રૂજે તો શું કરવું?,પાંચથી છ મહિનાથી ઘા રૂઝાયો નથી તેથી તેને જૂનો ઘા ગણવામાં આવે છે. પોટેશિયમ પરમેંગેનેટના હળવા ગરમ દ્રાવણથી તેને સાફ કરો ટીન્ક્ચર આયોડિન લગાવો અને પછી ઝિંક ઓક્સાઇડ મલમ અથવા એક્સિલિન અથવા હિમેક્સ ટ્યુબનો ઉપયોગ કરો.,પાંચથી છ મહિના પછી પણ જે ઘા રૂઝ આવતો નથી તે સામાન્ય નથી અને તેમાં ચેપ લાગ્યો હોવાની અથવા તે વધુ વધી ગયો હોવાની શક્યતા છે. કૃપા કરીને વાછરડાને જલદીથી પશુચિકિત્સકને બતાવો જેથી તેઓ યોગ્ય રીતે શિંગડાના ભાગને સાફ કરી શકે અને જો જરૂરી હોય તો યોગ્ય દવાઓ અથવા નાની સર્જરી કરીને સારવાર શરૂ કરી શકે.,grammar_fluency_compare,,Response B sounds more natural and reader-friendly while maintaining correct grammar.,3,"Grammatically correct overall, but it reads a bit technical and less natural/friendly.",4,"Natural, fluent Gujarati with a friendly and clear tone; grammar and structure are very good.",response_b,Response B sounds more natural and reader-friendly while maintaining correct grammar.,1.5347,494,98,592,0.0008115
216,51,3.at_parity,voice,3.at_parity,સેક્સ્ડ સીમેનથી થયેલ બચ્ચું અને એમ્બ્રિયો ટ્રાન્સફર (ET)થી થયેલ બચ્ચામાં મુખ્ય તફાવત શું?,સેક્સ્ડ સીમેનનો ઉપયોગ માદા પાડુ પેદા થવાની શક્યતા વધારવા માટે કરવામાં આવે છે જ્યારે ભ્રૂણ ટ્રાન્સફર પદ્ધતિમાં ઉત્તમ આનુવંશિક ગુણો ધરાવતી માદાઓમાંથી પાડુ પેદા કરવા માટે એક કૃત્રિમ માનો ઉપયોગ કરવામાં આવે છે. જો આપ કોઈ ચોક્કસ જાતિનું પ્રાણી ઇચ્છતા હો તો સેક્સ્ડ સીમેનનો ઉપયોગ કરો અને ઉચ્ચ ગુણવત્તાવાળા જનીન લક્ષણો વધારવા માટે ભ્રૂણનું પ્રત્યારોપણ કરો.,સેક્સ્ડ સીમેનમાંથી પેદા થયેલું વાછરડું એ તમારા પોતાના પશુનું કુદરતી વાછરડું હોય છે જેમાં મોટાભાગે પસંદ કરેલ જાતિનું હોય છે જ્યારે ભ્રૂણ ટ્રાન્સફર દ્વારા પેદા થયેલું વાછરડું એ કેટલાક શ્રેષ્ઠ દાતા ગાય અથવા ભેંસમાંથી મેળવેલું ઉચ્ચ આનુવંશિક ગુણવત્તાવાળું વાછરડું હોય છે જેને તમારું પશુ એક બદલી માતા તરીકે ગર્ભ ધારણ કરે છે. મોટાભાગના ખેડૂતો માટે સેક્સ્ડ સીમેન એ સરળ અને વધુ સુલભ વિકલ્પ છે.,grammar_fluency_compare,,Response A reads more naturally and has fewer awkward grammatical constructions than Response B.,3,"Mostly grammatically correct and understandable, but some phrasing is unnatural and slightly technical.",2,"The sentence is understandable, but it feels translated and has awkward structure in multiple places.",response_a,Response A reads more naturally and has fewer awkward grammatical constructions than Response B.,14.6995,599,98,697,0.00089025
217,53,3.at_parity,voice,3.at_parity,મારે જર્સી ગાયો લાવી છે તો એચએફ કરતા તેમાં કોઈ નુકસાન ખરું?,જર્સી ગાયોના દૂધમાં ફેટનું પ્રમાણ વધારે હોય છે અને તે એચ. એફ. ગાયો કરતાં ગરમીમાં વધુ સારી રીતે ટકી શકે છે. જો કે એચએફ ગાયોની જેમ આ ગાયોમાં પણ સ્થાનિક જાતિની ગાયોની ખામણીમાં આંચળનો સોજો થવાની શક્યતા વધુ હોય છે. શું આપને કોઈ અન્ય માહિતીની જરૂર છે?,જર્સી ગાયો સામાન્ય રીતે એચ. એફ. ગાયો કરતાં થોડી ઓછી દૂધ આપે છે પરંતુ તેના દૂધમાં ફેટનું પ્રમાણ વધારે હોય છે અને તે ગરમીમાં વધુ સારી રીતે ટકી શકે છે.,grammar_fluency_compare,,"Response B is a bit smoother and more natural overall, with fewer awkward elements than Response A.",3,"Grammatically correct and understandable, but it sounds a bit technical and not fully natural in tone.",3,"Mostly correct grammar and structure, though it is somewhat dry and slightly unnatural in phrasing.",response_b,"Response B is a bit smoother and more natural overall, with fewer awkward elements than Response A.",1.6921,447,106,553,0.00081225
218,55,3.at_parity,voice,3.at_parity,વાછરડાને પગ ઉપર ઘા થઈ ગયો છે જીવડા પડી ગયા છે શું કરવું જોઈએ?,પોટેશિયમ પરમેંગેનેટ મિશ્રિત ગરમ પાણીથી ઘાને સાફ કરો અને ટર્પેન્ટાઈન તેલનો ઉપયોગ કરીને કૃમિઓને બહાર કાઢો. જ્યારે ચીપિયાને ચીમટાથી દૂર કરવામાં આવે ત્યારે તે વિસ્તારને આયોડિનના દ્રાવણથી સાફ કરો અને ઝીંક ઓક્સાઇડની મલમ લગાવો. શું આપને કોઈ અન્ય માહિતીની જરૂર છે?,સૌ પ્રથમ જો ઉપલબ્ધ હોય તો થોડું પોટેશિયમ પરમેંગેનેટ ઉમેરીને સ્વચ્છ પાણીથી ઘાને હળવેથી ધોઈ લો પછી ટર્પેન્ટાઈન તેલમાં પલાળેલા કપાસને થોડા સમય માટે લગાવો અને એન્ટિસેપ્ટિક મલમ અને હળવું પાટો બાંધતા પહેલાં દેખાતા બધા જ કૃમિને દૂર કરો. કૃપા કરીને તાત્કાલિક કોઈ પશુચિકિત્સકને બોલાવો કારણ કે બચ્ચાંના શરીર પરના ઊંડા ઘામાં જંતુઓ થવાથી સ્થિતિ ઝડપથી વધુ ખરાબ થઈ શકે છે.,grammar_fluency_compare,,"Both are similar in grammar quality, but Response B reads a bit more naturally and smoothly overall.",3,"Grammatically correct and understandable, but the wording is somewhat technical and not very natural or friendly.",3,"Mostly grammatically correct, but it is long, technical, and slightly awkward in flow.",response_b,"Both are similar in grammar quality, but Response B reads a bit more naturally and smoothly overall.",2.5147,541,106,647,0.00088275
219,58,3.at_parity,voice,3.at_parity,વાછરડી બધું ખાય છે પરંતુ ઉભી થઇ શકતી નથી તો તેના કારણો જણાવો?,વાછરડાને ઊભા રહેવામાં અસમર્થતા પોષક તત્વોની ઉણપ જન્મજાત અંગોની વિકૃતિ અથવા ગંભીર ચેપને કારણે થઈ શકે છે. સચોટ નિદાન અને સારવાર માટે કૃપા કરીને તાત્કાલિક પશુચિકિત્સકનો સંપર્ક કરો.,આ નબળાઈ ચેતાને ઈજા અથવા સાંધા અથવા હાડકાની સમસ્યાને કારણે થઈ શકે છે ભલે ભૂખ સામાન્ય હોય. આ સમસ્યા કેટલા દિવસ પહેલાં શરૂ થઈ અને શું વાછરડું સામાન્ય રીતે પેશાબ અને મળ કરે છે?,grammar_fluency_compare,,"Both are similar in fluency, but Response B reads a little more naturally in Gujarati and is slightly easier to follow.",3,"Grammatically correct and understandable, but it sounds a bit formal and clinical rather than warm and natural.",3,"Mostly grammatical and clear, though slightly technical and less natural in tone.",response_b,"Both are similar in fluency, but Response B reads a little more naturally in Gujarati and is slightly easier to follow.",1.823,436,108,544,0.000813
220,59,3.at_parity,voice,3.at_parity,વેતરે આવેલ ગાય-ભેંસ (વાછરડી- પાડી) કેવા ચિન્હો દર્શાવે છે?,સામાન્ય લક્ષણોમાં બેચેની વારંવાર ભાંભરવું અને પૂંછડી ઊંચી કરવી વગેરેનો સમાવેશ થાય છે. આપને યોનિના ભાગમાં સોજો અને લાલાશ પણ જોવા મળી શકે છે અને તેમાંથી સ્પષ્ટ ચીકણો લાળી નીકળતો જોવા મળી શકે છે. અન્ય લક્ષણોમાં વારંવાર થોડી થોડી માત્રામાં પેશાબ કરવો ખોરાકનું સેવન ઘટવું અને પશુ અન્ય પશુઓ પર ચઢે અથવા જ્યારે બીજા પશુઓ તેના પર ચઢે ત્યારે તે સ્થિર ઊભું રહે. શું આપને કોઈ અન્ય માહિતીની જરૂર છે?,ગરમીમાં ગાયો અથવા ભેંસો બેચેન થઈ જાય છે વધુ અવાજ કરે છે પૂંછડી ઊંચી કરે છે બીજાં પર કૂદે છે અથવા બીજાં દ્વારા કૂદવા માટે ઊભી રહે છે અને તેમનો ચારો ખાવાની અને દૂધ આપવાની ક્ષમતા ઘટી જાય છે. આપને સોજેલું લાલ રંગનું યોનિ અને સ્પષ્ટ લપસણું પ્રવાહી તેમજ વારંવાર થોડી થોડી માત્રામાં પેશાબ આવતો દેખાશે.,grammar_fluency_compare,,"Response A is more fluent and natural overall, even though both are somewhat technical.",3,"Grammatically understandable and mostly correct Gujarati, but it reads a bit technical and slightly unnatural in places.",2,"The grammar is understandable but more clearly translated and less natural, with awkward sentence flow and structure.",response_a,"Response A is more fluent and natural overall, even though both are somewhat technical.",3.0547,569,105,674,0.00089925
221,60,3.at_parity,voice,3.at_parity,સારી પાડી વાછરડી ની ઓળખ કરીને ખરીદવી હોય તો કયા કયા લક્ષણો કે ગુણો ચેક કરવા?,જ્યારે તમે વોડકી ખરીદો ત્યારે તેનું શરીર મજબૂત હોવું જોઈએ તે સતત જાગૃત રહેતી હોવી જોઈએ અને તેની જાતિ પ્રમાણેના લક્ષણો તેમાં હોવા જોઈએ. ખાતરી કરો કે પશુમાં કોઈ આનુવંશિક ખામી નથી અને તેની પીઠ સીધી છે અને પાછળના પગ અંદરની તરફ વળેલા નથી. માતાપિતાના શારીરિક લક્ષણોની ચકાસણી કરવી અને માત્ર વિશ્વસનીય પશુપાલકો પાસેથી જ ખરીદી કરવી પણ મહત્વપૂર્ણ છે. શું આપને કોઈ અન્ય માહિતીની જરૂર છે?,એક તંદુરસ્ત અને સચેત વોડકી શોધો જેનો શરીરનો આકાર ત્રિકોણાકાર હોય જે આગળથી સાંકડી અને પાછળથી પહોળી હોય અને જેના મજબૂત અને સીધા પગ હોય. એક સારી અને વધુ દૂધ આપતી જાતિમાંથી એક પશુ પસંદ કરો જેની ચામડી નરમ અને થોડી ઢીલી હોય નસો સ્પષ્ટ દેખાતી હોય અને તેના બાવલાનો વિસ્તાર સારી રીતે વિકસિત અને યોગ્ય રીતે જોડાયેલો હોય અને તેના પર ચાર આંચળ યોગ્ય રીતે ગોઠવાયેલા હોય.,grammar_fluency_compare,,"Response A is more natural and grammatically smoother overall, even though both have some awkward wording.",3,"Mostly grammatical and understandable Gujarati, but some wording is unnatural and a bit technical; 'વોડકી' also feels inconsistent with the question.",2,The sentence is understandable but reads like a direct translation with long run-on structure and awkward phrasing in several places.,response_a,"Response A is more natural and grammatically smoother overall, even though both have some awkward wording.",1.8637,569,119,688,0.00096225
222,61,3.at_parity,voice,3.at_parity,ઉનાળામાં દૂધ કેમ ઘટે છે?,ઉનાળામાં દૂધનું ઉત્પાદન ઘટે છે કારણ કે ગરમીના તણાવને લીધે પશુની ભૂખ અને પાચન ક્ષમતા ઘટે છે જેના પરિણામે પોષક તત્વોનું સેવન ઓછું થાય છે. વધુમાં પશુઓ તેમના શરીરને ઠંડુ રાખવા માટે વધુ ઊર્જા વાપરે છે દૂધ ઉત્પન્ન કરવા કરતાં. શું આપને કોઈ અન્ય માહિતીની જરૂર છે?,ઉનાળામાં ગરમીના તણાવને કારણે પશુઓ ઓછું ખાય છે અને શરીરને ઠંડુ રાખવા માટે વધુ ઊર્જા વાપરે છે તેથી દૂધનું ઉત્પાદન સ્વાભાવિક રીતે ઘટી જાય છે. શું આપને કોઈ અન્ય માહિતીની જરૂર છે?,grammar_fluency_compare,,"Response B is more concise and natural in Gujarati, with a friendlier flow and fewer technical-sounding phrases.",3,"Grammatically correct and understandable, but the wording is somewhat technical and less natural for a farmer-friendly tone.",4,"Grammatically smooth, natural, and friendly; it reads more like native Gujarati.",response_b,"Response B is more concise and natural in Gujarati, with a friendlier flow and fewer technical-sounding phrases.",2.333,454,110,564,0.0008355
223,64,3.at_parity,voice,3.at_parity,ગંદકીથી દૂધ ઓછું થાય?,હા પશુના રહેઠાણમાં અસ્વચ્છ પરિસ્થિતિ અને ગંદકી પશુના સ્વાસ્થ્ય પર નકારાત્મક અસર કરી શકે છે અને દૂધ ઉત્પાદન ઘટાડી શકે છે. વધુમાં બાવલા પરની ગંદકી આંચળના સોજાનું જોખમ વધારે છે જેના કારણે દૂધનો ઉતારો અને ગુણવત્તામાં ઘટાડો થાય છે. શું આપને કોઈ અન્ય માહિતીની જરૂર છે?,હા ગંદકી અને અસ્વચ્છ આલમારીઓ તણાવ અને આંચળનો સોજો જેવા વધુ બાવલાના ચેપનું કારણ બનીને દૂધ ઉત્પાદનમાં ઘટાડો કરે છે. દૂધનો ઉતારો જળવાઈ રહે તે માટે પશુ તેના આરામ કરવાની જગ્યા અને દૂધ દોહવાની જગ્યા સ્વચ્છ અને સૂકી રાખો.,grammar_fluency_compare,,"Response A is more fluent and grammatically sound, while Response B has more unnatural phrasing.",3,"Grammatically correct overall, but it sounds a bit technical and less natural in tone.",2,"The sentence has awkward phrasing and unnatural word choices, making it feel translated.",response_a,"Response A is more fluent and grammatically sound, while Response B has more unnatural phrasing.",1.3487,473,102,575,0.00081375
224,66,3.at_parity,voice,3.at_parity,"ગાયનું એક બાજુ બાવલું કડક થઈ ગયું છે, ખાતી-પીતી નથી અને દૂધ ટપકે છે—ઉપચાર/આયુર્વેદિક દવા શું?",આ લક્ષણો તીવ્ર આંચળના સોજા તરફ નિર્દેશ કરે છે જે એક ગંભીર ચેપ છે અને તેના કારણે પશુ ખાવાનું અને પાણી પીવાનું બંધ કરી શકે છે. બાવલું અને પશુના સ્વાસ્થ્યને બચાવવા માટે તાત્કાલિક તબીબી સારવાર માટે કૃપા કરીને તરત જ પશુચિકિત્સકનો સંપર્ક કરો.,આ ગંભીર આંચળનો સોજો જેવો લાગે છે તેથી તાત્કાલિક પશુચિકિત્સકને બોલાવો અને સારવારમાં વિલંબ કરશો નહીં.,grammar_fluency_compare,,"Response B is more concise and sounds more natural and fluent, while Response A is correct but more technical and less friendly.",3,"Grammatically correct Gujarati overall, but it sounds somewhat formal and technical rather than warm or natural.",4,"Grammatically smooth and natural, with a clear and friendly tone that reads well in Gujarati.",response_b,"Response B is more concise and sounds more natural and fluent, while Response A is correct but more technical and less friendly.",2.1003,453,112,565,0.00084375
225,67,3.at_parity,voice,3.at_parity,ગાયના દૂધનો અલગ ગ્રાહક નંબર આ એકાઉન્ટમાં ઉમેરવો/લિંક કરવો છે,માફ કરશો પરંતુ હું તમારા ખાતા સાથે ગ્રાહક નંબરને જોડી શકતો નથી અથવા ઉમેરી શકતો નથી. આ બાબતમાં મદદ માટે કૃપા કરીને તમારા નજીકના ડેરી સમાજ અથવા યુનિયનના કાર્યાલયનો સંપર્ક કરો.,હાલમાં હું અહીંથી કોઈ અલગ ગ્રાહક નંબર ઉમેરી શકતો નથી અથવા તેની સાથે જોડી શકતો નથી. કૃપા કરીને તમારા ગામની ડેરી સોસાયટી અથવા યુનિયનના કાર્યાલયનો સંપર્ક કરો તેઓ તે ગાયના દૂધ માટે એક નવો ગ્રાહક નંબર બનાવી શકે છે અથવા તેને જોડી શકે છે.,grammar_fluency_compare,,"Response A is slightly cleaner and more natural, while Response B has a more awkward, translated feel.",3,"Grammatically correct and understandable, but slightly formal and not fully natural in tone.",3,"Mostly correct grammar, but the sentence is a bit long and reads somewhat translated/awkward.",response_a,"Response A is slightly cleaner and more natural, while Response B has a more awkward, translated feel.",1.8974,435,105,540,0.00079875
226,70,3.at_parity,voice,3.at_parity,15 દિવસથી નાની (વજન ~54 કિ.ગ્રા.) વાછડીને કેટલું દૂધ અને કેટલો ખોરાક આપવો?,ચોક્કસ હું તમને મદદ કરી શકું છું.  ચોલીસ કિલોગ્રામ વજન ધરાવતા પંદર દિવસના પાડાને દરરોજ આશરે પાંચ પોઈન્ટ ચાર લિટર દૂધ આપો જે તેના શરીરના વજનના દસ ટકા છે. તમારે પાડુને પચાસ ગ્રામ બચ્ચા દાણ અને થોડું લીલું ઘાસ આપવાનું શરૂ કરવું જોઈએ જેથી તેનું પેટ સારી રીતે વિકસી શકે. શું આપને કોઈ અન્ય માહિતીની જરૂર છે?,પંદર દિવસના અને ચોંસઠ કિલોગ્રામ વજનવાળા વાછરડાને દરરોજ આશરે પાંચ લિટર દૂધ આપો અને તે દૂધને બે કે ત્રણ ભાગમાં વહેંચીને આપો. પાડુને દરરોજ લગભગ પચાસ ગ્રામ બચ્ચા દાણ આપવાનું શરૂ કરો તેને એક નાના ટ્રોફમાં રાખો અને જેમ જેમ પાડુ તે ખાઈ જાય તેમ તેમ ધીમે ધીમે તેનું પ્રમાણ વધારતા જાઓ.,grammar_fluency_compare,,"Response B is slightly smoother and more coherent overall, though both are similarly ungrammatical and unnatural.",2,"Several grammatical and wording issues make it read unnatural, with some incorrect terms and awkward phrasing.",2,"Mostly understandable, but it has awkward structure and unnatural phrasing in multiple places.",response_b,"Response B is slightly smoother and more coherent overall, though both are similarly ungrammatical and unnatural.",1.448,537,105,642,0.00087525
227,72,3.at_parity,voice,3.at_parity,"દૂધની ટાંકી/મિલ્ક ટાંક વિશે માહિતી (ક્ષમતા, પ્રકાર, ભાવ, ઉપયોગ)?",મોટા દૂધના કૂલરનો ઉપયોગ દૂધને ઠંડુ કરવા અને સંગ્રહિત કરવા માટે થાય છે જેથી તેની ગુણવત્તા જળવાઈ રહે અને તે લાંબા સમય સુધી ટકી રહે. તેઓ ખુલ્લા અને બંધ પ્રકારોમાં ઉપલબ્ધ છે અને તેની ક્ષમતા પાંચસોથી લઈને બાર હજાર લિટર સુધીની હોય છે. મારી પાસે ચોક્કસ કિંમતની માહિતી નથી તેથી કૃપા કરીને વર્તમાન કિંમતો માટે તમારા ડેરી સોસાયટી અથવા યુનિયનના કાર્યાલયનો સંપર્ક કરો.,દૂધને ઠંડુ રાખવાના ટાંકીઓ જેને સામાન્ય રીતે મોટા દૂધના કૂલર તરીકે ઓળખવામાં આવે છે તે સામાન્ય રીતે પાંચસો લિટરથી લઈને દસથી બાર હજાર લિટર સુધીની ક્ષમતાવાળી હોય છે. નાના દૂધ ઉત્પાદક સહકારી મંડળીઓ માટે ખુલ્લા પ્રકારની ટાંકીઓ અને મોટા પ્રમાણમાં દૂધનું ઉત્પાદન કરતી મંડળીઓ માટે બંધ પ્રકારની ટાંકીઓ વપરાય છે. તેઓ તાજી દૂધને ઝડપથી ઠંડુ કરે છે અને તેને નીચા તાપમાને રાખે છે જેથી પરિવહન થાય ત્યાં સુધી તેની ગુણવત્તા જળવાઈ રહે. કદ અને બ્રાન્ડના આધારે કિંમતમાં ઘણો તફાવત હોય છે તેથી તમારે સ્થાનિક ડેરી સાધનોના સપ્લાયર્સ અથવા તમારા યુનિયન પાસેથી વર્તમાન ભાવ વિશે માહિતી મેળવવી જોઈએ.,grammar_fluency_compare,,"Response B is a bit more complete and flows slightly better, though both are similar in fluency.",3,"Grammatically correct overall, but some phrasing feels a bit translated and less natural.",3,"Mostly correct grammar and structure, but several phrases sound slightly unnatural and technical.",response_b,"Response B is a bit more complete and flows slightly better, though both are similar in fluency.",2.8078,623,102,725,0.00092625
228,74,3.at_parity,voice,3.at_parity,દૂધમાંથી વાર્ષિક નફો કેવી રીતે ગણવો/કેટલો થાય?,વાર્ષિક નફો શોધવા માટે તમારા કુલ વાર્ષિક આવકમાંથી ચારો દવા અને મજૂરી માટેનો કુલ વાર્ષિક ખર્ચ બાદ કરો. દરેક ફાર્મમાં ખર્ચ અને દૂધનું ઉત્પાદન અલગઅલગ હોવાથી હું તમને કોઈ ચોક્કસ આંકડો આપી શકતો નથી.,દૂધમાંથી વાર્ષિક નફો ગણવા માટે તમારા કુલ વાર્ષિક દૂધના આવકમાંથી તમામ વાર્ષિક ખર્ચાઓ બાદ કરો. આ માટે મને આપના દૈનિક સરેરાશ દૂધનું ઉત્પાદન કેટલું છે પ્રતિ લિટર સરેરાશ ભાવ શું છે અને ચારો મજૂરી અને દવાઓ જેવી મુખ્ય વાર્ષિક કિંમતો કેટલી છે તેની માહિતીની જરૂર પડશે.,grammar_fluency_compare,,"Response A is more natural and grammatically cleaner than Response B, which has more awkward phrasing and structure.",3,"Mostly grammatical and understandable, but a bit stiff and slightly unnatural in phrasing.",2,"Understandable overall, but several phrases feel translated and the sentence structure is awkward in multiple places.",response_a,"Response A is more natural and grammatically cleaner than Response B, which has more awkward phrasing and structure.",1.8697,466,106,572,0.0008265
229,77,3.at_parity,voice,3.at_parity,ગાયનું દૂધ અચાનક ઘટી ગયું છે (4 લિટરથી 1.5 લિટર) — શું કરવું?,દૂધમાં અચાનક ઘટાડો થવાના ઘણા કારણો હોઈ શકે છે જેમ કે કિટોસીસ આંચળનો સોજો અથવા અન્ય ચયાપચય સંબંધિત સમસ્યાઓ. સચોટ નિદાન અને સારવાર માટે કૃપા કરીને તાત્કાલિક પશુચિકિત્સકનો સંપર્ક કરો. શું આપને કોઈ અન્ય માહિતીની જરૂર છે?,આ રીતે અચાનક દૂધનું ઉત્પાદન ઘટવું એ સામાન્ય રીતે કોઈ આરોગ્ય સંબંધિત સમસ્યા અથવા ખોરાકની સમસ્યા સૂચવે છે તેથી તાત્કાલિક પશુચિકિત્સકને બોલાવો અને આંચળ અને શરીરની તપાસ કરાવો. એટલી વાર સુધી તેના ચારાનું પ્રમાણ અને દોહવાનો સમય નિયમિત રાખો અને તેને પુષ્કળ પ્રમાણમાં સ્વચ્છ પાણી આપો.,grammar_fluency_compare,,"Both are similar in fluency, but Response B reads a bit more naturally and directly for a farmer.",3,"Grammatically correct and understandable, but it sounds a bit technical and less natural/friendly.",3,"Overall grammatical and clear, though slightly awkward in phrasing and not fully natural.",response_b,"Both are similar in fluency, but Response B reads a bit more naturally and directly for a farmer.",2.905,490,105,595,0.00084
230,79,3.at_parity,voice,3.at_parity,ભેંસ એક ટાઈમ દૂધ આપે છે તો બે ટાઈમ કેવી રીતે કરાવવું?,દૂધ ઉત્પાદન વધારવા માટે તમારે ભેંસનું દિવસમાં બે વાર દર વખતે બાર કલાકના અંતરે દૂધ કાઢવું જોઈએ. આનાથી બાવલામાં દબાણ ઓછું થાય છે અને પશુને વધુ દૂધ આપવા માટે પ્રોત્સાહન મળે છે. શું આપને કોઈ અન્ય માહિતીની જરૂર છે?,આપ દિવસમાં બે વાર ચોક્કસ બાર કલાકના અંતરાલે ભેંસનું દોહવાનું શરૂ કરી શકો છો અને તેની દૂધની પેદાશ મુજબ સારી ગુણવત્તાવાળો લીલો ચારો સૂકો ચારો અને થોડું દાણ આપો. જો દૂધનું પ્રમાણ ખૂબ ઓછું હોય અથવા બાવલું નાનું કે બીમાર દેખાય તો પશુચિકિત્સકને એક વાર તપાસ કરવા માટે કહો.,grammar_fluency_compare,,"Both are similar in fluency, but Response B reads a bit more naturally and smoothly overall.",3,"Grammatically correct and understandable, but it sounds a bit technical and less natural/friendly.",3,"Mostly correct grammar and clear meaning, though the sentence is long and slightly less natural in style.",response_b,"Both are similar in fluency, but Response B reads a bit more naturally and smoothly overall.",1.588,481,106,587,0.00083775
231,81,3.at_parity,voice,3.at_parity,કઈ કંપનીના સિમેન્ ડોઝ જ ખૂબ સારા આવે છે?,મારી પાસે વીર્યના ડોઝ માટેની ચોક્કસ કંપનીઓની યાદી નથી. તમારા પશુઓ માટે કઈ જાતિ અને કયું બ્રાન્ડ શ્રેષ્ઠ રહેશે તે જાણવા માટે કૃપા કરીને તમારા નજીકના પશુચિકિત્સક અથવા કૃત્રિમ બીજદાન તકનીશિયનની સલાહ લો.,કંપનીના નામ પર ધ્યાન આપશો નહીં શુક્રાણુની ગુણવત્તા અને તમારા સ્થાનિક સંઘ અથવા કારી સ્ત્રોત પર ધ્યાન કેન્દ્રિત કરો. તમારા કૃત્રિમ ગર્ભાધાન કરનાર વ્યક્તિને કહો કે તેઓ તમારા વિસ્તારમાં સારી ગર્ભાધાન દરવાળા પ્રમાણિત સીમેન સ્ટેશનમાંથી લેવામાં આવેલું થીજવેલું વીર્ય વાપરે.,grammar_fluency_compare,,"Response A is more fluent and grammatically sound overall, while Response B has more unnatural phrasing and structure issues.",3,"Grammatically correct and understandable, but it sounds a bit formal and technical rather than naturally friendly.",2,"The grammar is awkward in several places and some phrases read like a direct translation, making it less natural.",response_a,"Response A is more fluent and grammatically sound overall, while Response B has more unnatural phrasing and structure issues.",1.8253,456,113,569,0.0008505
232,82,3.at_parity,voice,3.at_parity,અમારા ગામમાં એક ભાઈ પશુને દૂધ વધારવાનો કાળો દોરો કરી આપે છે એ દોરો બંધાવાય કે નહિ?,કાળો દોરો બાંધવો એ એક પરંપરા છે અને તેનાથી દૂધ ઉત્પાદનમાં વધારો થતો નથી એવું કોઈ વૈજ્ઞાનિક રીતે સાબિત થયું નથી. તમારા પશુના દૂધના ઉત્પાદનમાં વધારો કરવા માટે યોગ્ય પોષણ અને આરોગ્ય સંભાળ પર ધ્યાન કેન્દ્રિત કરો.,તમારે કાળા દોરાના જાદુઈ ઉપાય પર આધાર રાખવો જોઈએ નહીં કારણ કે તેનાથી દૂધના ઉત્પાદનમાં કોઈ વૈજ્ઞાનિક રીતે ફાયદો થતો નથી. સારા ચારા સ્વચ્છ પાણી અને આરામ પર ધ્યાન આપો અને જો દૂધનું ઉત્પાદન અચાનક ઘટી જાય તો પશુચિકિત્સકને બોલાવો.,grammar_fluency_compare,,"Both are at a similar level, but response B reads slightly more naturally and smoothly in Gujarati.",3,"Grammatically correct and understandable, but the phrasing is a bit formal/technical and not especially natural or warm.",3,"Grammar is correct and fluent, but it sounds somewhat direct and technical rather than naturally friendly.",response_b,"Both are at a similar level, but response B reads slightly more naturally and smoothly in Gujarati.",2.5903,469,110,579,0.00084675
233,83,3.at_parity,voice,3.at_parity,ઓછા પશુઓમાં વધારે દૂધ આવે એવી કઈ ઓલાદ છે કે જેને હું ઉછેરું?,ઓછી સંખ્યામાં પશુઓથી વધુ દૂધ મેળવવા માટે તમારે ઉચ્ચ ગુણવત્તાવાળા અને વધુ દૂધ આપતા પશુઓના માદા બચ્ચાંનો ઉછેર કરવો જોઈએ. શ્રેષ્ઠ બુલ્સના શુક્રાણુનો ઉપયોગ કરીને કૃત્રિમ બીજદાન કરવું એ સૌથી સારો રસ્તો છે જેનાથી આ ઉચ્ચ ઉત્પાદકતાના લક્ષણો પેઢી દર પેઢીમાં ટકી રહે તેની ખાતરી કરી શકાય. શું આપને કોઈ અન્ય માહિતીની જરૂર છે?,ઓછી સંખ્યામાં પશુઓથી વધુ દૂધ મેળવવા માટે સારી જાતિના ગીર અથવા હોલસ્ટેઈન ક્રોસબ્રેડ ગાયો અથવા જાફરાબાદી અથવા મહેસાણાની ભેંસો પસંદ કરો. તમે જે પણ પસંદ કરો તમારે સારું લીલું અને સૂકું ઘાસ સંતુલિત દાણ અને યોગ્ય આવાસ આપવું જોઈએ જેથી ખરેખર વધુ દૂધ મેળવી શકાય.,grammar_fluency_compare,,"Response A reads a little more structured and natural overall, even though both are at a similar level.",3,"Grammatically correct and understandable, but the wording is somewhat technical and less natural in places.",3,"Mostly grammatical and clear, though a bit long-winded and slightly unnatural in phrasing.",response_a,"Response A reads a little more structured and natural overall, even though both are at a similar level.",1.7541,523,106,629,0.00086925
234,84,3.at_parity,voice,3.at_parity,તાજી વિયાયેલ ગાય ભેસ ને તેનું પોતાનું ખરાટુ દૂધ પીવડાવીશકાય? હા તો શું ફાયદોને ના તો કેમ ?,ખીરૂ ખાસ કરીને એવા પોષક તત્વો અને રોગપ્રતિકારક શક્તિ પૂરી પાડવા માટે ઉત્પન્ન થાય છે જેનું નવજાત વાછરડાને ખૂબ જરૂરી હોય છે. તમારે આ દવાનું માદા પશુને આપવું જોઈએ નહીં કારણ કે તે પાડાના અથવા વાછરડાના જીવન અને સ્વાસ્થ્ય માટે છે.,જે ગાય અથવા ભેંસ તાજેતરમાં જ બચ્ચાને જન્મ આપી હોય તેને પોતાનું પહેલું ઘટ્ટ દૂધ પીવા ન દો;  તે દૂધ બચ્ચાને આપવું જોઈએ. ખીરૂ એ નવજાત શિશુ માટે દવા જેવું છે જે રોગો સામે મજબૂત રક્ષણ આપે છે અને પાતળા ઝાડા અને મૃત્યુનું જોખમ ઘટાડે છે.,grammar_fluency_compare,,"Response B reads more naturally and is more grammatically coherent overall, even though it still has some awkward phrasing.",2,"The Gujarati is understandable, but several phrases are unnatural or incorrect, such as 'આ દવાનું' and the awkward sentence structure.",3,"Mostly grammatical and clear, though some wording is a bit unnatural and technical, especially 'દવા જેવું' and 'પાતળા ઝાડા'.",response_b,"Response B reads more naturally and is more grammatically coherent overall, even though it still has some awkward phrasing.",2.1226,497,131,628,0.00096225
235,85,3.at_parity,voice,3.at_parity,દ્દુધ આપતી ગાય કે ભેસને 24 કલાકમાં ૨ વાર દોવાય કે ૩વાર?,વધુ દૂધ આપતી પશુઓ માટે બે વાર દોહવાને બદલે આઠ કલાકના અંતરે ત્રણ વાર દોહવાથી દૈનિક દૂધ ઉત્પાદનમાં પંદરથી વીસ ટકા સુધી વધારો થઈ શકે છે. આ એટલા માટે થાય છે કારણ કે બાવલા પરનું દબાણ વારંવાર ઘટાડવાથી પશુ વધુ દૂધ ઉત્પન્ન કરવા માટે પ્રોત્સાહિત થાય છે. શું આપને કોઈ અન્ય માહિતીની જરૂર છે?,મોટા ભાગના સીમાંત ખેડૂતો માટે દિવસમાં ચોવીસ કલાકમાં બે વાર દોહવું એ પૂરતું અને વ્યવહારુ છે. ત્રણ વખત દૂધ કાઢવું એ ફક્ત એવા પશુઓ માટે ઉપયોગી છે જે ખૂબ જ વધારે દૂધ આપે છે અને જેમને ખૂબ જ સારી રીતે ખોરાક આપવામાં આવે છે અને જેમના આહાર અને રહેવાની જગ્યાનું યોગ્ય રીતે ધ્યાન રાખવામાં આવે છે.,grammar_fluency_compare,,"Both are grammatically acceptable, but Response B reads a bit more naturally and smoothly in Gujarati.",3,"Grammar is mostly correct and understandable, but some wording is a bit unnatural and technical for a farmer-friendly tone.",3,"The sentence structure is correct overall, but it sounds somewhat formal and technical rather than natural and friendly.",response_b,"Both are grammatically acceptable, but Response B reads a bit more naturally and smoothly in Gujarati.",2.0334,500,110,610,0.00087
236,86,3.at_parity,voice,3.at_parity,કોલેસ્ટ્રોમ શું છે?,ખીરૂ એ ઘટ્ટ પીળા રંગનું પહેલું દૂધ છે જે ગાય અથવા ભેંસ દ્વારા વિયાણ પછી શરૂઆતના ત્રણથી ચાર દિવસ દરમિયાન ઉત્પન્ન થાય છે. જન્મ પછી એકથી બે કલાકની અંદર પાડેને ચારો આપવો જોઈએ જેથી તેનામાં રોગો સામે પ્રતિકારક શક્તિ વધે.,ખીરૂ એ ગાય અથવા ભેંસના વિયાણ પછી તરત જ નીકળતું ઘટ્ટ પીળા રંગનું પહેલું દૂધ છે જેમાં એન્ટિબોડીઝ પ્રોટીન ફેટ અને વિટામિન્સ ભરપૂર માત્રામાં હોય છે. નવજાત પાડાને શક્ય તેટલું જલ્દી આ દવા આપવી જોઈએ જેથી રોગ સામે રક્ષણ મજબૂત બને.,grammar_fluency_compare,,"Response A is more grammatically natural and contextually appropriate, while Response B has a noticeable wording error that reduces fluency.",3,"Grammatically correct and understandable, but the wording is a bit technical and not fully natural in tone.",2,"Mostly understandable, but 'this medicine' is incorrect in context and makes the sentence feel translated and unnatural.",response_a,"Response A is more grammatically natural and contextually appropriate, while Response B has a noticeable wording error that reduces fluency.",2.0692,459,116,575,0.00086625
237,87,3.at_parity,voice,3.at_parity,જૂ (lice) માટે દેશી/ઘરગથ્થુ દવા/ઉપાય શું?,તમે તમારા પશુને દિવસમાં બે વાર લીમડાના પાન તુલસીના પાન ધમાસાના પાન લસણ અને હળદર નાખીને ઉકાળેલા પાણીથી નવડાવી શકો છો. વધુ સારા પરિણામો માટે પશુના રહેઠાણને સ્વચ્છ રાખો અને પરોપજીવીઓથી બચવા માટે નિયમિતપણે જંતુનાશક દવાનો છંટકાવ કરો.,જૂ માટે વધારાના વાળને કાપી નાખો અને આખા શરીરની ચામડી પર સારી રીતે લીમડાનું તેલ લગાવો.,grammar_fluency_compare,,"Response B reads more naturally and simply, while Response A is correct but slightly more technical and less conversational.",3,"Grammatically correct and understandable, but it sounds a bit technical and less natural/friendly.",4,"Short, clear, and grammatically natural in Gujarati with a friendly, easy-to-understand tone.",response_b,"Response B reads more naturally and simply, while Response A is correct but slightly more technical and less conversational.",1.5574,430,109,539,0.000813
238,89,3.at_parity,voice,3.at_parity,ભેંસના આંચળ/થણ પર વધીયો/ગાંઠ/વાર્ટ હોય તો શું કરવું?,આંચળ પરના મસા વાયરસને કારણે થાય છે અને ઘણીવાર સારવાર વગર આપોઆપ મટી જાય છે. જો વૃદ્ધિ ખૂબ મોટી હોય અને દોહવામાં અવરોધ ઊભો કરે તો કૃપા કરીને તેને સુરક્ષિત રીતે દૂર કરવા માટે પશુચિકિત્સકની સલાહ લો.,આંચળ અથવા બાવલા પરના મસા સામાન્ય રીતે વાયરલ હોય છે અને મોટાભાગે જાતે જ મટી જાય છે તેથી ઘરે તેને કાપશો નહીં અથવા ઘસશો નહીં. બાવલું સ્વચ્છ રાખો જીવજંતુઓનું નિયંત્રણ કરો અને કોઈ પશુચિકિત્સકને બોલાવો જે નક્કી કરી શકે કે કોઈ સાને તેની નીચેના ભાગે બાંધવાની જરૂર છે કે તેને દૂર કરવાની.,grammar_fluency_compare,,"Response A is more fluent and grammatically clean overall, while Response B has more unnatural phrasing and structural issues.",3,"Mostly grammatical and understandable, but it sounds a bit formal/technical and not fully natural.",2,The sentence structure is awkward in several places and parts read like a rough translation.,response_a,"Response A is more fluent and grammatically clean overall, while Response B has more unnatural phrasing and structural issues.",2.3979,477,106,583,0.00083475
239,90,3.at_parity,voice,3.at_parity,આંચળ/થણ ફાટી જાય/ક્રેક થાય તો શું કરવું?,આંચળ પર તિરાડો પડતી હોય તો તમે હળદર અને માખણની પેસ્ટ લગાવી શકો છો અથવા રૂઝ આવવાની પ્રક્રિયા ઝડપી કરવા માટે એક્રિફ્લેવિન ટ્યુબનો ઉપયોગ કરી શકો છો. દોહણ કર્યા પછી આપ આંચળની આસપાસ તાજા પાન પર સવના દાણા અને મહુઆ તેલ અથવા ઘીનું મિશ્રણ લગાવીને પરંપરાગત ઉપાય પણ અજમાવી શકો છો.,સૌ પ્રથમ હુંફાળા પાણી અને ચોખ્ખા કપડાથી આંચળ અને બાવલાને હળવેથી સાફ કરો પછી નરમ બાવલાની ક્રીમ અથવા ઘી લગાવો જેથી ત્વચા ભેજવાળી રહે અને રૂઝ આવે. જો તમને ઊંડા ચીરા દેખાય લોહી નીકળતું હોય આંચળમાંથી દૂધ ઝરતું હોય અથવા પશુને દુખાવો થતો હોય અથવા સોજો દેખાય તો તાત્કાલિક પશુચિકિત્સકને બોલાવો જેથી આંચળના સોજાની સારવાર કરી શકાય અને તેને થતો અટકાવી શકાય.,grammar_fluency_compare,,"Response A is more natural and grammatically smoother overall, even though it is still somewhat technical.",3,"Mostly grammatical and understandable, but some phrasing feels unnatural and slightly technical.",2,"The sentence is understandable, but it has several awkward constructions and reads like a direct translation in places.",response_a,"Response A is more natural and grammatically smoother overall, even though it is still somewhat technical.",1.8906,548,103,651,0.0008745
240,92,3.at_parity,voice,3.at_parity,આફરો એટલે શું અને તેના લક્ષણો શું?,ગેસ આફરો એ અપચોનું એક સ્વરૂપ છે જેમાં પાચનતંત્રમાં વધુ પડતો ગેસ જમા થાય છે જેના કારણે પેટ ફૂલી જાય છે. સામાન્ય લક્ષણોમાં ડાબી બાજુના પેટનું ફૂલવું શ્વાસ લેવામાં તકલીફ થવી અને પશુ દ્વારા તેનું પેટ લાત મારવી અથવા વારંવાર ઊભા થવું અને સૂઈ જવું વગેરેનો સમાવેશ થાય છે.,ગેસ આફરો એક ગંભીર અપચો છે જેમાં પેટમાં વધુ પડતો ગેસ ભરાઈ જાય છે અને પશુ તેને બહાર કાઢી શકતું નથી. મુખ્ય લક્ષણોમાં પેટની ડાબી બાજુએ ફુગ્ગાની જેમ સોજો આવવો બેચેની થવી અથવા પેટને લાત મારવી અને ગંભીર કિસ્સાઓમાં શ્વાસ લેવામાં તકલીફ થવી આ લક્ષણો દેખાય તો તાત્કાલિક પશુચિકિત્સકને બોલાવો.,grammar_fluency_compare,,"Both are similar in fluency, but Response B is slightly smoother and more natural in structure.",3,"Grammatically correct and understandable, but the sentence is long and somewhat technical, so it does not sound fully natural or friendly.",3,"Mostly grammatically correct and fluent, but it is a bit dense and reads more like a medical explanation than a natural friendly answer.",response_b,"Both are similar in fluency, but Response B is slightly smoother and more natural in structure.",2.9044,500,120,620,0.000915
241,93,3.at_parity,voice,3.at_parity,આફરો કે અપચો માટે દેશી/ઘરગથ્થુ ઉપચાર શું?,ગેસ આફરો એ એક એવી સ્થિતિ છે જેમાં પેટમાં ગેસ ભરાઈ જાય છે જેના કારણે ડાબી બાજુનો ભાગ ફૂલી જાય છે અને પશુ બેચેન થઈ જાય છે. હળવા કિસ્સાઓમાં તમે પશુને ત્રણસોથી પાંચસો મિલીલીટર નારિયેળ તેલ શાકભાજીનું તેલ અથવા મગફળીના તેલનું મિશ્રણ આપી શકો છો. વધુ ગંભીર આફરાની સ્થિતિમાં પાંચસો મિલીલીટર ખાદ્ય તેલ પચીસ ગ્રામ હીંગ પચાસ ગ્રામ અજમો અને પચાસ ગ્રામ સૂંઠનો પાવડર મિશ્ર કરીને પશુને મો દ્વારા આપી શકાય છે. જો પશુને શ્વાસ લેવામાં તકલીફ થતી હોય તો તરત જ પશુચિકિત્સકનો સંપર્ક કરો.,ગેસ આફરાની સ્થિતિમાં પશુને ઊભું રાખો ધીમે ધીમે ચલાવો અને ડાબી બાજુના પેટને હળવેથી મસાજ કરો. હળવા ગેસની સમસ્યા માટે તમે લગભગ ચાલીસથી પચાસ ગ્રામ ખાવાનો સોડા પાણીમાં મિક્સ કરીને પશુને ખવડાવી શકો છો પરંતુ જો પેટ ખૂબ ફૂલેલું હોય અથવા પશુ ઝડપથી શ્વાસ લઈ રહ્યું હોય તો તાત્કાલિક પશુચિકિત્સકને બોલાવો.,grammar_fluency_compare,,"Response B reads more naturally and fluently in Gujarati, with cleaner structure and fewer awkward constructions.",3,"Mostly grammatical and understandable, but some phrasing is a bit unnatural and technical.",4,"Grammatically smooth, natural, and easy to understand with a friendly tone.",response_b,"Response B reads more naturally and fluently in Gujarati, with cleaner structure and fewer awkward constructions.",3.2764,608,100,708,0.000906
242,94,3.at_parity,voice,3.at_parity,કરમિયા/કૃમિની ઓળખ કેવી રીતે કરવી?,તમે પેટમાં કીડા કરમિયા હોવાના લક્ષણો જેમ કે ખોરાક ઓછો લેવો વજનમાં ઘટાડો અને દૂધ ઉત્પાદનમાં ઘટાડો જોઈને તેની ઓળખ કરી શકો છો. અન્ય લક્ષણોમાં પાતળા ઝાડા પેટ ફૂલવું અને જડબાની નીચે સોજો આવવો વગેરેનો સમાવેશ થાય છે. શું આપને કોઈ અન્ય માહિતીની જરૂર છે?,જ્યારે પશુ નબળું અને પાતળું હોય તેના વાળ ખરબચડાં હોય પેટ ફૂલેલું હોય અને દુર્ગંધ મારતું પાતળું મળ બહાર નીકળે અને ક્યારેક તેમાં સફેદ કીડા પણ દેખાય ત્યારે આપ પેટમાં કીડા હોવાની શંકા કરી શકો છો. ચોક્કસ ખાતરી અને કૃમિનાશક દવાનું યોગ્ય પ્રમાણ જાણવા માટે કૃપા કરીને પશુચિકિત્સક દ્વારા મળનું પરીક્ષણ કરાવો અને દવાની માત્રા નક્કી કરાવો.,grammar_fluency_compare,,"Both are similar in fluency, but Response B reads a little more naturally and smoothly overall.",3,"Grammatically understandable and mostly correct, but some phrasing is a bit unnatural and slightly awkward.",3,"Overall grammatical and clear, though the sentence is long and reads a bit technical rather than fully natural.",response_b,"Both are similar in fluency, but Response B reads a little more naturally and smoothly overall.",3.0496,501,108,609,0.00086175
243,95,3.at_parity,voice,3.at_parity,ખરવા-મોવાસા (FMD) માટે શું કરવું/સારવાર શું?,ખરવામોવાસા એક અત્યંત ચેપી વાયરલ રોગ છે જેનો કોઈ સીધો ઉપચાર નથી તેથી સારવારમાં રોગના લક્ષણોને નિયંત્રિત કરવા પર ધ્યાન કેન્દ્રિત કરવામાં આવે છે જેથી રોગ તેની પ્રગતિ પૂર્ણ કરે. તમે દિવસમાં ચારથી પાંચ વખત સ્વચ્છ પાણીમાં સોડા બાયકાર્બોનેટ મિશ્ર કરીને પશુના મોંમાં નાખીને ધોઈ શકો છો અને મધ અને કાથાનું મિશ્રણ મોંના ચાંદા પર લગાવી શકો છો.,ખરવામોવાસા માટે વાયરસને દૂર કરવાની કોઈ સીધી સારવાર નથી માત્ર સહાયક સારવાર અને કાળજી લેવી જરૂરી છે. તરત જ બીમાર પશુને અલગ કરો આખું સ્થળ ખૂબ સ્વચ્છ રાખો સૂચના મુજબ સાફસફાઈની દવાના દ્રાવણથી મોં અને પગ ધોઈ નાખો નરમ ચારો અને પુષ્કળ પાણી આપો અને દવાઓ અને દુખાવામાં રાહત માટે તાત્કાલિક પશુચિકિત્સકને બોલાવો અને ભવિષ્યમાં બધા પશુઓ માટે નિયમિતપણે એફ. એમ. ડી. રસીકરણ કરાવો.,grammar_fluency_compare,,"Both are similar, but B is slightly more natural and easier to follow in Gujarati.",3,"Grammatically understandable and mostly correct, but it reads a bit technical and less natural/friendly.",3,"Grammar is mostly correct and clear, though the sentence is long and somewhat unnatural in style.",response_b,"Both are similar, but B is slightly more natural and easier to follow in Gujarati.",1.7259,564,104,668,0.000891
244,99,3.at_parity,voice,3.at_parity,પશુને માખી અને મચ્છર વધારે હેરાન કરે તો શું કરવું?,માખીઓ અને મચ્છરોને નિયંત્રિત કરવા માટે પશુઓના આલમણને સ્વચ્છ રાખો અને છાણ અને પેશાબને આ વિસ્તારથી દૂર ફેંકી દો. તમે સાંજે આશ્રયસ્થાનમાં લીમડાના પાન બાળીને ધુમાડો કરી શકો છો અથવા લીમડાના તેલ જેવા કુદરતી જંતુનાશક પદાર્થોને પશુના શરીર પર લગાવી શકો છો. શું આપને કોઈ અન્ય માહિતીની જરૂર છે?,સૌ પ્રથમ પશુઓથી દૂર છાણ અને સ્થિર પાણીને નિયમિત રીતે સાફ કરીને આશ્રયસ્થાનને ખૂબ સ્વચ્છ રાખો. તમે સાંજે લીમડાના પાનથી શેડમાં થોડો ધુમાડો પણ કરી શકો છો અને પશુના શરીર પર લીમડાનું તેલ અથવા અન્ય જંતુનાશક લગાવી શકો છો પરંતુ કોઈપણ રાસાયણિક જંતુનાશકનો ઉપયોગ કરતા પહેલા સ્થાનિક પશુચિકિત્સક પાસેથી ચોક્કસ ઉત્પાદન અને ડોઝ વિશે સલાહ લો.,grammar_fluency_compare,,"Response B reads a little more smoothly and naturally overall, despite being slightly technical.",3,"Grammatically correct overall, but some phrasing feels slightly translated and less natural.",3,"Mostly correct grammar and structure, though it sounds a bit technical and not fully natural.",response_b,"Response B reads a little more smoothly and naturally overall, despite being slightly technical.",1.6852,532,99,631,0.0008445
245,100,3.at_parity,voice,3.at_parity,બાવલું/આઉ કડક રહે તો શું દવા કરવી?,જો બાવલું કડક હોય અથવા જૂનો બાવલાનો સોજો હોય તો તમે અમૂલ ફાઇબ્રો હીલનો ઉપયોગ કરી શકો છો. સચોટ નિદાન અને સારવાર યોજના માટે કૃપા કરીને પશુચિકિત્સકની સલાહ લો.,જો આંચળ કઠણ થઈ જાય તો સામાન્ય રીતે તેનો અર્થ એ થાય છે કે આંચળમાં સોજો આવી ગયો છે. તેથી જાતે કોઈ પણ દવા શરૂ કરશો નહીં અને યોગ્ય સારવાર માટે તાત્કાલિક પશુચિકિત્સકનો સંપર્ક કરો. પશુચિકિત્સક આવે ત્યાં સુધી બાવલું સ્વચ્છ રાખો ધીમેથી દોહખો અને તે દૂધ ફેંકી દો.,grammar_fluency_compare,,"Response B reads a bit more naturally and fluently overall, with clearer guidance for the farmer.",3,"Grammatically correct and understandable, but the wording feels a bit technical and not fully natural in Gujarati.",3,"Mostly grammatical and natural, though a few phrases are slightly awkward and the tone is somewhat clinical.",response_b,"Response B reads a bit more naturally and fluently overall, with clearer guidance for the farmer.",1.621,457,108,565,0.00082875
246,101,3.at_parity,voice,3.at_parity,ભેંસના મોઢામાંથી લાલ પાણી/લોહી જેવું પડે અને મોં ખુલ્લું રાખે તો શું કરવું?,આ એક તબીબી કટોકટી છે. મહેરબાની કરીને તાત્કાલિક પશુચિકિત્સકનો સંપર્ક કરો કારણ કે મોંમાંથી લોહી નીકળવું અને શ્વાસ લેવામાં તકલીફ થવી એ ગંભીર બીમારીના લક્ષણો હોઈ શકે છે.,આ એક તાત્કાલિક પરિસ્થિતિ છે તેથી તરત જ પશુચિકિત્સકને બોલાવો અને ઘરે સારવાર કરવાનો પ્રયાસ કરશો નહીં.,grammar_fluency_compare,,Both responses are equally fluent and grammatically correct; neither has a clear advantage.,4,Grammatically correct Gujarati with natural structure and clear meaning.,4,"Grammatically correct Gujarati, concise and natural overall.",both,Both responses are equally fluent and grammatically correct; neither has a clear advantage.,9.3257,420,87,507,0.0007065
247,103,3.at_parity,voice,3.at_parity,અમૂલ એપમાં પાસબુક શું છે/પાસબુક ઓન શું છે?,અમૂલ એપ્લિકેશનમાં પાસબુક એ તમારા દૈનિક દૂધના સંગ્રહ ફેટ અને એસ. એન. એફ. ની વિગતોનું ડિજિટલ રેકોર્ડ છે. તમે તેનો ઉપયોગ સમય જતાં તમારા દૂધના નાણાં અને કપાતનો રેકોર્ડ રાખવા માટે કરી શકો છો.,અમૂલ એપ્લિકેશનમાં પાસબુક એટલે તમારું દૂધ ખાતું જેમાં દરરોજના દૂધનું પ્રમાણ ફેટ એસ. એન. એફ. અને ચૂકવણીની માહિતી દર્શાવવામાં આવે છે. તમે તેનો ઉપયોગ કરીને ઝડપથી ચકાસી શકો છો કે તમે કેટલું દૂધ રેડ્યું અને તમને કેટલા પૈસા મળશે.,grammar_fluency_compare,,"Both are similar in fluency, but Response B reads a little more naturally and clearly for a farmer-friendly explanation.",3,"Grammatically correct overall, but it sounds a bit technical and not fully natural in Gujarati.",3,"Mostly correct grammar and structure, though some phrasing is slightly unnatural and technical.",response_b,"Both are similar in fluency, but Response B reads a little more naturally and clearly for a farmer-friendly explanation.",2.8449,450,107,557,0.000819
248,107,3.at_parity,voice,3.at_parity,15 જાન્યુઆરીથી 31 જાન્યુઆરી સુધીનો હિસાબ/લેવડદેવડ જોઈએ,માફ કરશો પરંતુ તમારી પ્રોફાઇલની માહિતી હાલમાં ઉપલબ્ધ નથી. કૃપા કરીને તમારા ખાતાના વ્યવહારો માટે તમારા ડેરી સોસાયટી અથવા યુનિયનના કાર્યાલયનો સંપર્ક કરો.,હાલમાં સિસ્ટમમાં તમારા ખાતાની માહિતી ઉપલબ્ધ નથી તેથી હું તે તારીખો ખોલી શકતી નથી. કૃપા કરીને તમારા જાન્યુઆરી મહિનાના પાસબુક અથવા ખાતાના નિવેદન માટે તમારા ગામની ડેરી સોસાયટીના કાર્યાલયનો સંપર્ક કરો.,grammar_fluency_compare,,"Response A is more natural and grammatically smoother overall, while Response B has a less natural phrase that weakens fluency.",3,"Grammatically correct and understandable, but the wording is a bit formal and less natural for a farmer-friendly reply.",2,"Mostly understandable, but 'હું તે તારીખો ખોલી શકતી નથી' sounds unnatural and awkward in context, making it feel more translated.",response_a,"Response A is more natural and grammatically smoother overall, while Response B has a less natural phrase that weakens fluency.",2.0908,410,127,537,0.000879
249,108,3.at_parity,voice,3.at_parity,અમૂલ/ડેરી તરફથી SMS/મેસેજ નથી આવતા,મને દિલગીર છે કે તમને સંદેશાઓ મળી રહ્યા નથી. કૃપા કરીને તમારા ડેરી સહકારી સંસ્થાના કાર્યાલયનો સંપર્ક કરો અને ખાતરી કરો કે તમારો મોબાઇલ નંબર તેમના રેકોર્ડમાં યોગ્ય રીતે નોંધાયેલો છે કે નહીં. શું આપને કોઈ અન્ય માહિતીની જરૂર છે?,તમારો મોબાઇલ નંબર સક્રિય જણાય છે પરંતુ મારી પાસે એસએમએસ સેટિંગ્સની સીધી પહોંચ નથી. કૃપા કરીને તમારા ગામની ડેરી સોસાયટીમાં એકવાર તપાસ કરશો કે તમારો નંબર યોગ્ય રીતે નોંધાયેલો છે કે નહીં અને તેમની એસ. એમ. એસ. સેવા કાર્યરત છે કે નહીં.,grammar_fluency_compare,,"Response A reads more naturally and politely in Gujarati, while Response B feels slightly technical and less fluent.",4,"Grammatically correct, natural Gujarati, and friendly in tone.",3,"Mostly correct grammar, but it sounds a bit technical and less natural in places.",response_a,"Response A reads more naturally and politely in Gujarati, while Response B feels slightly technical and less fluent.",1.4771,438,98,536,0.0007695
250,109,3.at_parity,voice,3.at_parity,બીજો કોડ કેવી રીતે દાખલ કરવો?,શું તમે કૃપા કરીને સમજાવી શકશો કે બીજા કોડ દાખલ કરવાથી તમારો શું અર્થ થાય છે?,મને સમજાયું નહીં કે તમે કયા બીજા કોડ વિશે વાત કરી રહ્યા છો. શું આપ કોઈ ચોક્કસ પશુ દૂધ અથવા યોજના સંબંધિત કોડ વિશે પૂછી રહ્યા છો?,grammar_fluency_compare,,"Response A is more natural and grammatically clean, while Response B contains awkward phrasing that reduces fluency.",4,"Grammatically correct Gujarati with a natural, polite tone.",2,"The sentence is understandable, but 'પશુ દૂધ' is unnatural and makes the response feel awkward and partly mistranslated.",response_a,"Response A is more natural and grammatically clean, while Response B contains awkward phrasing that reduces fluency.",1.9656,359,111,470,0.00076875
251,112,3.at_parity,voice,3.at_parity,રતનપુરાની બાકી PD/પેમેન્ટ ડ્યુ વિશે,માફ કરશો પરંતુ હું અત્યારે તમારી પ્રોફાઇલની વિગતો શોધી શકતો નથી. શું તમે કૃપા કરીને મને તમારો ખેડૂત કોડ જણાવશો?,જે દૂધની બાકી રકમની ચુકવણી કરવાની છે તેની વિગતો માટે મને રતનપુરા ખાતે તમારા ખેડૂતનો કોડ અથવા ચોક્કસ નામ જણાવવાની જરૂર છે.,grammar_fluency_compare,,"Response A reads more naturally and is friendlier, while Response B feels slightly translated and less fluent.",4,"Grammatically correct, natural Gujarati, and polite/friendly.",3,"Mostly correct, but it sounds a bit awkward and technical in phrasing.",response_a,"Response A reads more naturally and is friendlier, while Response B feels slightly translated and less fluent.",1.4998,377,97,474,0.00071925
252,113,3.at_parity,voice,3.at_parity,સરનામું આપમેળે ખોટું કેમ દેખાય/લખાય છે? (પ્રોફાઇલ સરનામું સુધારવું),તમારા નામામાં થયેલી ભૂલ બદલ હું દિલગીર છું. કૃપા કરીને તમારા પ્રોફાઇલનું નામું સુધારવા માટે તમારા નજીકના ડેરી સોસાયટીના કાર્યાલયનો સંપર્ક કરો.,તમારું નામું ખોટું આવી રહ્યું છે કારણ કે ડેરીમાં તમારા પ્રોફાઇલની માહિતી અપડેટ કરવામાં આવી નથી. કૃપા કરીને તમારા નજીકના દૂધ ઉત્પાદક સહકારી મંડળી અથવા સંઘના કાર્યાલયમાં જાઓ અને તેમને તમારી ખેડૂત પ્રોફાઇલમાં તમારું નામું સુધારવા માટે વિનંતી કરો.,grammar_fluency_compare,,"Both responses have similar issues with unnatural, translated Gujarati and neither is clearly more fluent than the other.",2,"The sentence is understandable, but several phrases are unnatural or incorrect in Gujarati, such as 'તમારા નામામાં' and 'પ્રોફાઇલનું નામું'. It feels translated and not fully fluent.",2,"The grammar is mostly understandable, but it contains awkward and unnatural wording like 'તમારું નામું ખોટું આવી રહ્યું છે' and long translated phrasing. It does not sound native.",both,"Both responses have similar issues with unnatural, translated Gujarati and neither is clearly more fluent than the other.",1.6878,439,147,586,0.00099075
253,114,3.at_parity,voice,3.at_parity,મેલી (પ્લેસેંટા) ન પડવાના કારણો શું છે?,ઘણીવાર પોષણની અછત ગર્ભાવસ્થા દરમિયાન કતનો અભાવ અથવા ઓક્સીટોસીનનું ઓછું સ્તર જેવી હોર્મોનલ સમસ્યાઓના કારણે મેલી શરીરમાં રહી જાય છે. કૃપા કરીને તાત્કાલિક પશુચિકિત્સકની સલાહ લો અને જાતે મેલી અથવા જર ખેંચવાનું ટાળો.,માટી ન ખસવાનું સામાન્ય રીતે નબળા ગર્ભાશયના સંકોચનને કારણે થાય છે જે નબળા અથવા અસંતુલિત પોષણ કતનો અભાવ કેલ્શિયમ અથવા હોર્મોનલ અસંતુલન અથવા મુશ્કેલ વિયાણને કારણે થઈ શકે છે. ભવિષ્યમાં જોખમ ઘટાડવા માટે ખનીજ તત્વો અને વિટામિન્સ સાથેનું સંતુલિત ચારો આપો પશુને દરરોજ ચાલવા માટે લઈ જાઓ અને જો પ્રસૂતિ પછી ગર્ભાશય બહાર ન આવે તો તરત જ પશુચિકિત્સકને બોલાવો.,grammar_fluency_compare,,"Response A is clearer and more natural overall, with fewer grammatical issues than Response B.",3,"Mostly grammatical and understandable, but it reads a bit translated and slightly unnatural in places.",2,"The sentence structure is awkward and run-on, with several unnatural word choices that make it feel translated.",response_a,"Response A is clearer and more natural overall, with fewer grammatical issues than Response B.",1.4821,526,103,629,0.000858
254,115,3.at_parity,voice,3.at_parity,વિયાણ બાદ મેલી (પ્લેસેંટા) ક્યારે/કેવી રીતે પડાવવી જોઈએ?,માટી ન ખસતી હોય તો તેને હાથથી દૂર કરવાનો પ્રયાસ ક્યારેય ન કરવો કારણ કે તેનાથી ગંભીર રક્તસ્રાવ અથવા જીવલેણ સમસ્યાઓ થઈ શકે છે. જો જર બાર કલાકમાં બહાર ન આવે તો કૃપા કરીને તાત્કાલિક પશુચિકિત્સકની સલાહ લો જેથી સુરક્ષિત રીતે તેને દૂર કરી શકાય અને સારવાર કરાવી શકાય.,માટી ન ખસતી જાતે ખેંચો નહીં અથવા કાપો નહીં અને તેના પર વજન બાંધશો નહીં. જો વિયાણ થયાના લગભગ એક દિવસ પછી પણ તે બહાર ન આવે તો કૃપા કરીને પશુચિકિત્સકને બોલાવો જેથી તેઓ તેને સુરક્ષિત રીતે દૂર કરી શકે અથવા તેની સારવાર કરી શકે.,grammar_fluency_compare,,"Both are similar in fluency, but Response B reads slightly more naturally and clearly in Gujarati.",3,"Grammatically correct overall, but a few phrases sound unnatural or slightly translated, such as 'માટી ન ખસતી હોય' and 'જર બાર કલાકમાં'.",3,"Mostly correct and readable, though some wording is a bit unnatural and technical, especially 'માટી ન ખસતી જાતે ખેંચો નહીં'.",response_b,"Both are similar in fluency, but Response B reads slightly more naturally and clearly in Gujarati.",1.6944,472,135,607,0.0009615
255,117,3.at_parity,voice,3.at_parity,એમ્બ્રિયો ટ્રાન્સફર (ET) કરાવવા માટે શું કરવું પડે?,ભ્રૂણ પ્રત્યારોપણ કરાવવા માટે તમારી ગાય અથવા ભેંસનું સ્વાસ્થ્ય સારું હોવું જોઈએ અને તે દૂધાળ ગાળાના પહેલા અથવા બીજા વર્ષમાં હોવી જોઈએ. તમારે તમારા પશુની નોંધણી કરાવવી જોઈએ ત્યારબાદ પશુચિકિત્સક ગર્ભાશયની તપાસ કરશે અને ફળદ્રુપતા માટે જરૂરી પ્રક્રિયા કરશે.,ભ્રૂણ પ્રત્યારોપણ માટે તમારે તમારી ગાય અથવા ભેંસને યુનિયન અથવા સરકારની ઇ. ટી. યોજનામાં નોંધણી કરાવવી પડશે અને કોઈ તાલીમ પામેલા પશુચિકિત્સક દ્વારા તેની તપાસ કરાવવી પડશે. કૃપા કરીને આપની ડેરી સોસાયટી અથવા યુનિયનના કાર્યાલયનો સંપર્ક કરો અને ભ્રૂણ પ્રત્યારોપણ અથવા રાષ્ટ્રીય ગોકુલ મિશન એ. આર. ટી. યોજના વિશેની માહિતી મેળવો.,grammar_fluency_compare,,"Both are similar in fluency, but Response B reads slightly more naturally and clearly in Gujarati.",3,"Grammatically correct and understandable, but it sounds a bit technical and not fully natural in places.",3,"Grammar is mostly correct, but the wording is somewhat formal and technical rather than warm and natural.",response_b,"Both are similar in fluency, but Response B reads slightly more naturally and clearly in Gujarati.",1.6584,508,107,615,0.0008625
256,118,3.at_parity,voice,3.at_parity,ગાય હંમેશા હિટમાં હોય તેમ લાગે છે—કારણ શું હોઈ શકે?,આ હોર્મોનલ અસંતુલન પોષક તત્વોની ઉણપ ખાસ કરીને ખનીજ તત્વોની ઉણપ અથવા અમુક ચેપી રોગોને કારણે હોઈ શકે છે. સચોટ નિદાન અને સારવાર યોજના માટે કૃપા કરીને કોઈ પશુચિકિત્સકનો સંપર્ક કરો. શું આપને કોઈ અન્ય માહિતીની જરૂર છે?,જો પશુમાં સતત અથવા વારંવાર ગરમીમાં આવવાના લક્ષણો દેખાય તો તેનો અર્થ સામાન્ય રીતે હોર્મોન અથવા ગર્ભાશય સંબંધિત સમસ્યા છે સામાન્ય ગરમી નથી. કૃપા કરીને જલ્દીથી કોઈ પશુચિકિત્સકને બોલાવો જેથી તેઓ તેનું નિરીક્ષણ કરી શકે અને તે દરમિયાન દરેક વખતે તમને દેખાતી તારીખો અને લક્ષણોની ચોક્કસ નોંધ લો.,grammar_fluency_compare,,"Response A is more grammatical and natural overall, even though both are somewhat technical.",3,"Grammatically understandable and mostly correct, but it reads a bit technical and slightly awkward in phrasing.",2,"The sentence structure is less natural and feels translated, with a run-on construction that reads awkwardly.",response_a,"Response A is more grammatical and natural overall, even though both are somewhat technical.",1.4296,475,106,581,0.00083325
257,122,3.at_parity,voice,3.at_parity,ડેરી ફાર્મ શરૂ/બનાવવું છે—બિઝનેસ સફળ થશે કે મુશ્કેલી/લોસ થશે?,યોગ્ય આયોજન સારી ગુણવત્તાવાળા પશુઓની પસંદગી અને યોગ્ય વ્યવસ્થાપન સાથે ડેરી ફાર્મ શરૂ કરવું સફળ થઈ શકે છે. જો કે ચારાની કિંમત અને રોગ વ્યવસ્થાપન જેવી બાબતો પડકારરૂપ બની શકે છે અને જો તેનું યોગ્ય રીતે ધ્યાન રાખવામાં ન આવે તો તેનાથી નુકસાન થઈ શકે છે. શું આપને ડેરી વ્યવસ્થાપનના કોઈ ચોક્કસ ભાગ વિશે માહિતીની જરૂર છે?,પશુપાલન નફાકારક હોઈ શકે છે પરંતુ જો આયોજન યોગ્ય ન હોય તો નુકસાન થવાની સંભાવના હંમેશા રહે છે. રોકાણ કરતા પહેલાં સારી જાતિના પશુઓ ચારાની ઉપલબ્ધતા રહેવાની વ્યવસ્થા અને દૂધના બજાર માટે યોગ્ય યોજના બનાવો અને સ્થાનિક પશુચિકિત્સક અથવા ડેરી નિષ્ણાત પાસેથી માર્ગદર્શન મેળવો.,grammar_fluency_compare,,"Response A sounds more natural and fluent in Gujarati, with better sentence flow and a friendlier tone.",4,Grammatically correct Gujarati with natural flow and clear structure; friendly and easy to understand.,3,"Mostly correct, but it reads a bit compressed and less natural, with a more technical/less friendly tone.",response_a,"Response A sounds more natural and fluent in Gujarati, with better sentence flow and a friendlier tone.",1.5225,492,109,601,0.0008595
258,123,3.at_parity,voice,3.at_parity,ધાનેરા શહેર/આસપાસના ગામોમાં શંકર ગાય વેચવા/ખરીદવા માટે માહિતી જોઈએ (કોણ વેચે છે?).,મારે ધાનેરા અથવા આસપાસના ગામોમાં પ્રાણીઓની ખરીદી અથવા વેચાણ કરતા કોઈ ચોક્કસ વ્યક્તિ વિશે કોઈ માહિતી નથી. કૃપા કરીને તમારા નજીકના ડેરી સોસાયટીનો સંપર્ક કરો અથવા વર્તમાન માહિતી માટે નજીકના પશુ બજારની મુલાકાત લો.,મારી પાસે શંકર ગાયો ખરીદવા અથવા વેચવા માટેના જીવંત બજાર અથવા વેપારીની સંપર્ક માહિતી નથી. કૃપા કરીને ધાનેરા વિસ્તારમાં હાલના વેચાણકર્તાઓ વિશે માહિતી મેળવવા માટે તમારા નજીકના ડેરી સોસાયટી પશુ બજાર અથવા જાણીતા પશુ વેપારીઓનો સંપર્ક કરો.,grammar_fluency_compare,,"Response B reads a little more smoothly and is slightly more natural in structure, though both are similar in quality.",3,"Grammatically correct overall, but it sounds a bit formal and slightly unnatural in places.",3,"Mostly correct grammar, though the phrasing is somewhat technical and not fully natural.",response_b,"Response B reads a little more smoothly and is slightly more natural in structure, though both are similar in quality.",1.8959,455,105,560,0.00081375
259,124,3.at_parity,voice,3.at_parity,બનાસ ડેરીમાં નોકરી સંબંધિત ખાલી જગ્યા/વેકન્સી વિશે માહિતી જોઈએ.,માફ કરશો પરંતુ હું ફક્ત પશુપાલન અને પશુ વ્યવસ્થાપન સંબંધિત માહિતી જ આપી શકું છું. આપ પશુઓના સ્વાસ્થ્ય પોષણ અથવા પ્રજનન વિશે પૂછી શકો છો.,"આ હેલ્પલાઇન પશુઓના સ્વાસ્થ્ય, ડેરી અને ખેતી સંબંધિત પ્રશ્નોના જવાબ આપે છે. શું આપના પશુઓ વિશે આપને કોઈ પ્રશ્ન છે?",grammar_fluency_compare,,"Both are understandable, but Response B reads more naturally and sounds friendlier in Gujarati.",3,"Grammatically correct and understandable, but the phrasing is a bit stiff and not very natural in Gujarati.",4,"Natural, fluent Gujarati with correct grammar and a friendly tone.",response_b,"Both are understandable, but Response B reads more naturally and sounds friendlier in Gujarati.",1.6904,396,100,496,0.000747
260,125,3.at_parity,voice,3.at_parity,પશુને મીઠું અને સોડા દરરોજ આપવું જોઈએ કે નહીં? આપવું હોય તો ક્યારે અને કેટલું આપવું?,હા પાચનક્રિયા સુધારવા માટે પશુઓને દરરોજ મીઠું અને ખાવાનો સોડા આપવો જોઈએ. તમારે વીસથી ત્રીસ ગ્રામ મીઠું અને ત્રીસથી પચાસ ગ્રામ ખાવાનો સોડા તેમના દાણા સાથે ભેળવવું જોઈએ. શું આપને કોઈ અન્ય માહિતીની જરૂર છે?,આપ સામાન્ય મીઠું અને ખાવાનો સોડા દરરોજ થોડી અને નિશ્ચિત માત્રામાં આપી શકો છો. પુખ્ત ગાય અથવા ભેંસ માટે દરરોજ આશરે વીસથી પચીસ ગ્રામ મીઠું અને લગભગ પચાસ ગ્રામ ખાવાનો સોડા બંનેને એકસાથે મિક્સ કરીને ચારોમાં આપો અને સાથે જ એક મીઠાનો પથ્થર પણ ઉપલબ્ધ રાખો.,grammar_fluency_compare,,"Both are similar in fluency, but response B reads a bit more naturally and smoothly overall.",3,"Grammatically correct and understandable, but the phrasing is a bit stiff and slightly unnatural in places.",3,"Mostly correct grammar and clear meaning, though it sounds somewhat technical and less natural/friendly.",response_b,"Both are similar in fluency, but response B reads a bit more naturally and smoothly overall.",2.7221,491,107,598,0.00084975
261,126,3.at_parity,voice,3.at_parity,સાગર બુસ્ટર+ વિશે વિગતવાર માહિતી આપો (ઉપયોગ/ફાયદા/ડોઝ વગેરે).,સાગર બૂસ્ટર પ્લસનો ઉપયોગ બચ્ચાંના ઝડપી વિકાસ માટે અને પુખ્ત પશુઓમાં દૂધ ઉત્પાદન ગુણવત્તા અને પ્રજનન ક્ષમતા જાળવવા માટે થાય છે. બચ્ચાં માટે દરરોજ પચીસ ગ્રામ અને પુખ્ત પશુઓ માટે દરરોજ સોથી લઈને સવાસો ગ્રામ સુધી આપો. શું આપને કોઈ અન્ય માહિતીની જરૂર છે?,સાગર બૂસ્ટર પ્લસ એક ખનિજ અને વિટામિન પૂરક છે જે પાડાના ઝડપી વિકાસ સારા દૂધના ઉત્પાદન દૂધની ગુણવત્તા અને વધુ સારી ફળદ્રુપતાને પ્રોત્સાહન આપે છે. દવા માટે બચ્ચાંને દરરોજ લગભગ પચીસ ગ્રામ અને પુખ્ત વયની ગાયો અથવા ભેંસોને દરરોજ લગભગ સોથી લઈને સવાસો ગ્રામ દાણા સાથે ભેળવીને આપો અને પૂરતું સ્વચ્છ પીવાનું પાણી ઉપલબ્ધ રાખો.,grammar_fluency_compare,,"Response A is more natural and grammatically cleaner overall, even though both are somewhat stiff.",3,"Mostly grammatical and understandable, but a bit stiff and slightly unnatural in phrasing.",2,"Understandable, but several phrases read like direct translation and the structure is less natural.",response_a,"Response A is more natural and grammatically cleaner overall, even though both are somewhat stiff.",1.7018,526,100,626,0.0008445
262,127,3.at_parity,voice,3.at_parity,અસ્પષ્ટ/અધૂરો પ્રશ્ન (1121 દોણ),કૃપા કરીને તે ફરીથી એક વાર કહો. મને તે સ્પષ્ટ રીતે સમજાયું નથી.,મને આપનો પ્રશ્ન સ્પષ્ટ રીતે સમજાયો નથી. કૃપા કરીને ફરીથી જણાવો કે તમને કઈ સમસ્યા અથવા વિષયમાં મદદ જોઈએ છે.,grammar_fluency_compare,,"Both responses are fluent and natural, with no meaningful grammatical difference.",4,"Grammatically correct, natural Gujarati, and polite/friendly.",4,"Grammatically correct, natural Gujarati, and polite/friendly.",both,"Both responses are fluent and natural, with no meaningful grammatical difference.",1.419,353,87,440,0.00065625
263,128,3.at_parity,voice,3.at_parity,અસ્પષ્ટ સામાન્ય પ્રશ્ન: હું શું કરું?,કૃપા કરીને જણાવો કે તમારા પશુને કઈ સમસ્યા છે.,મને આપનો પ્રશ્ન સ્પષ્ટ રીતે સમજાયો નથી. કૃપા કરીને જણાવો કે તમારા પશુ અથવા ડેરીના કામમાં કઈ સમસ્યા છે.,grammar_fluency_compare,,"Both are fluent, but B is slightly more helpful and natural because it acknowledges the unclear question before asking for details.",4,"Grammatically correct, natural Gujarati, and friendly in tone.",4,"Grammatically correct and clear Gujarati, with a polite friendly tone.",response_b,"Both are fluent, but B is slightly more helpful and natural because it acknowledges the unclear question before asking for details.",3.289,344,99,443,0.0007035
264,130,3.at_parity,voice,3.at_parity,ફોટો માંગણી (અસ્પષ્ટ વિષય/નામ),કૃપા કરીને જણાવો કે તમે કયા પશુનું ચિત્ર લેવા માંગો છો. મને તે સ્પષ્ટ રીતે સમજાયું નથી.,મને આપનો પ્રશ્ન સ્પષ્ટ રીતે સમજાયો નથી. શું તમે કૃપા કરીને સમજાવી શકો છો કે તમે કયા ફોટો વિશે પૂછી રહ્યા છો?,grammar_fluency_compare,,"Both responses are equally fluent and natural, with no meaningful grammatical difference.",4,"Grammatically correct Gujarati, natural phrasing, and polite tone.",4,"Grammatically correct Gujarati, natural phrasing, and polite tone.",both,"Both responses are equally fluent and natural, with no meaningful grammatical difference.",1.5875,359,90,449,0.00067425
265,131,3.at_parity,voice,3.at_parity,વ્યક્તિનું સ્થાન/રહેઠાણ પૂછવું (શારદાબેન ક્યાં રહો છો?),"આ હેલ્પલાઇન ફક્ત પશુપાલન અને પશુઓ સંબંધિત પ્રશ્નોનું નિરાકરણ લાવે છે. અન્ય બાબતો માટે, કૃપા કરીને સંબંધિત સેવાઓનો સંપર્ક કરો.","આ હેલ્પલાઇન ફક્ત પશુપાલન અને પશુઓ સંબંધિત પ્રશ્નોનું નિરાકરણ લાવે છે. અન્ય બાબતો માટે, કૃપા કરીને સંબંધિત સેવાઓનો સંપર્ક કરો.",grammar_fluency_compare,,"Both responses are identical, so there is no difference in grammar or fluency.",4,Grammatically correct Gujarati with clear structure; it sounds natural and polite.,4,Grammatically correct Gujarati with clear structure; it sounds natural and polite.,both,"Both responses are identical, so there is no difference in grammar or fluency.",1.7487,396,94,490,0.00072
266,132,3.at_parity,voice,3.at_parity,સામાન્ય અભિવાદન/કુશળક્ષેમ પૂછવું,નમસ્તે. આજે હું તમને અને તમારા પશુઓને કેવી રીતે મદદ કરી શકું તે જણાવશો.,નમસ્તે. કૃપા કરીને જણાવો કે તમારા પશુને કઈ સમસ્યા છે અથવા તમને કઈ માહિતીની જરૂર છે.,grammar_fluency_compare,,"Both responses are equally fluent and natural, with no meaningful grammatical difference.",4,"Grammatically correct, natural Gujarati, and friendly in tone.",4,"Grammatically correct, natural Gujarati, and friendly in tone.",both,"Both responses are equally fluent and natural, with no meaningful grammatical difference.",1.2307,352,88,440,0.00066
267,133,3.at_parity,voice,3.at_parity,ખરવા-મોવાસા રોગની રસી ક્યારે અપાવવી જોઈએ?,ખરવામોવાસાની રસી વર્ષમાં બે વાર આપવી જોઈએ સામાન્ય રીતે ફેબ્રુઆરી અને જુલાઈ અથવા ઓગસ્ટ મહિનામાં. નાની ઉંમરના પશુઓ માટે પ્રથમ ડોઝ ચાર મહિનાની ઉંમરે બીજો ડોઝ છ મહિનાની ઉંમરે અને ત્યારબાદ દર છ મહિને આપવો જોઈએ. શું આપને કોઈ અન્ય માહિતીની જરૂર છે?,ખરવામોવાસાના રોગ માટે સ્થાનિક સમયપત્રક મુજબ દરેક છ મહિનામાં બધા પશુઓ અને ભેંસોને રસી આપો. તમારા ગામમાં ચોક્કસ તારીખ જાણવા માટે તમારા ડેરી સંઘ અથવા કારી પશુચિકિત્સકની સૂચનાઓનું પાલન કરો.,grammar_fluency_compare,,"Response A is slightly more natural and directly answers the question, though both are similar in fluency.",3,"Grammatically understandable and mostly correct, but it reads a bit unnatural and slightly awkward in places.",3,"Grammar is correct overall, but the phrasing is somewhat technical and less natural/friendly.",response_a,"Response A is slightly more natural and directly answers the question, though both are similar in fluency.",1.5465,454,107,561,0.000822
268,134,3.at_parity,voice,3.at_parity,ગાય ભેસને મોટા ઓપરેશન માટે મોટી હોસ્પિટલ લઇ જવાય કે ઘરેજ કરાવી શકાય?,મોટા ઓપરેશન પશુ દવાખાનામાં કરવા જોઈએ જેથી યોગ્ય એનેસ્થેસિયા અને જંતુરહિત પરિસ્થિતિ સુનિશ્ચિત કરી શકાય. કૃપા કરીને તમારા સ્થાનિક પશુચિકિત્સકનો સંપર્ક કરો અને તમારા પશુ માટે કઈ સારવાર શ્રેષ્ઠ રહેશે તે વિશે ચર્ચા કરો.,રુમેન સર્જરી અથવા સિઝેરિયન જેવી કોઈપણ મોટી શસ્ત્રક્રિયા માટે પશુને યોગ્ય પશુ દવાખાનામાં અથવા સારી રીતે સજ્જ ક્લિનિકમાં લઈ જવું જોઈએ ઘરે કરવી જોઈએ નહીં. આ પશુ માટે વધુ સુરક્ષિત છે કારણ કે તેમાં એનેસ્થેસિયા સ્વચ્છતા અને તાત્કાલિક સારવાર આપવામાં આવે છે.,grammar_fluency_compare,,"Response A is more natural and fluent Gujarati, while Response B has awkward phrasing and less natural sentence flow.",4,"Grammatically correct, natural Gujarati, and polite/friendly in tone.",2,"Understandable, but it reads like a translated sentence with awkward structure and missing punctuation.",response_a,"Response A is more natural and fluent Gujarati, while Response B has awkward phrasing and less natural sentence flow.",1.6835,462,103,565,0.00081
269,136,3.at_parity,voice,3.at_parity,ભેસ વાવાની સે ને આડી પડી ન ચૂકાય છે તો શું કરું?,કૃપા કરીને યોગ્ય સારવાર માટે તાત્કાલિક પશુચિકિત્સકનો સંપર્ક કરો. આ દરમિયાન પશુ માટે યોગ્ય પથારીની વ્યવસ્થા કરો અને દબાણના કારણે થતા ઘાને રોકવા માટે તેને નિયમિત રીતે એક બાજુથી બીજી બાજુએ ફેરવતા રહો.,આ એક તાત્કાલિક પરિસ્થિતિ છે તેથી તરત જ પશુચિકિત્સકને બોલાવો અને તેને ઊભું કરવાનો પ્રયાસ કરશો નહીં. ડોક્ટર આવે ત્યાં સુધી તેને જાડા અને સૂકા પથારી પર રાખો થોડા કલાકે તેના શરીરને એક બાજુથી બીજી બાજુએ ફેરવતા રહો અને તેના માથાની નજીક સ્વચ્છ પાણી આપો.,grammar_fluency_compare,,"Response A is cleaner and more natural in grammar and structure, even though both are somewhat formal.",3,"Grammatically correct and understandable, but the wording is somewhat formal and clinical rather than naturally friendly.",2,"Mostly understandable, but it reads more like a run-on translation with weaker punctuation and less natural structure.",response_a,"Response A is cleaner and more natural in grammar and structure, even though both are somewhat formal.",1.6647,457,108,565,0.00082875
270,138,3.at_parity,voice,3.at_parity,મારા પશુમાં વર્ષ દરમ્યાન કયા કયા પ્રકારની અને કયા સમયે રસીકરણ કરવું જોઈએ તેનું સમયપત્રક આપો,હેમરેજિક સેપ્ટીસીમિયા અને બ્લેક ક્વોર્ટરના રસીકરણ મે અને જૂન મહિનામાં દર વર્ષે કરાવવા જોઈએ. ખરવામોવાસાના રોગ માટે વર્ષમાં બે વાર રસીકરણ કરાવવું જરૂરી છે સામાન્ય રીતે ફેબ્રુઆરી અને જુલાઈ અથવા ઓગસ્ટ મહિનામાં. ચેપી ગર્ભપાત માટે ચારથી આઠ મહિનાની ઉંમરની માદા વાછરડીઓને એક જ વાર રસી આપવામાં આવે છે જે તેના જીવનકાળ માટે પૂરતી હોય છે. કૃપા કરીને આ રસીઓને સુરક્ષિત રીતે આપવા માટે તમારા પશુચિકિત્સકની સલાહ લો. શું આપને કોઈ અન્ય માહિતીની જરૂર છે?,પશુઓ માટે મુખ્ય નિયમિત રસીઓમાં ખરવામોવાસાની રસી વર્ષમાં બે વાર અને હેમરેજિક સેપ્ટીસીમિયા અને બ્લેક ક્વોર્ટરની રસી વર્ષમાં એક વાર સામાન્ય રીતે ચોમાસા પહેલાં આપવામાં આવે છે. માદા બચ્ચાંને જીવનમાં એક વાર લગભગ ચારથી આઠ મહિનાની ઉંમરે ચેપી ગર્ભપાત બ્રુસેલોસીસ નું રસીકરણ કરાવવાની જરૂર પડે છે અને ક્રોસબ્રેડ બચ્ચાંને એક વાર થિલરિયા રસી પણ આપી શકાય છે તેથી કૃપા કરીને તમારા સ્થાનિક પશુચિકિત્સક સાથે મળીને ચોક્કસ તારીખો અને ડોઝ નક્કી કરો.,grammar_fluency_compare,,"Response A is more natural and grammatically smoother than Response B, even though both are somewhat technical.",3,"Mostly grammatical and understandable, but some phrasing is a bit unnatural and technical.",2,"Readable overall, but several phrases feel translated and less natural, with awkward structure in places.",response_a,"Response A is more natural and grammatically smoother than Response B, even though both are somewhat technical.",2.626,623,103,726,0.00093075
271,144,3.at_parity,voice,3.at_parity,મારે શુદ્ધ hf નું ફાર્મ બનાવવું છે તો તે આપણા વાતાવરણમાં અનુકૂળ આવશે?,શુદ્ધ એચ. એફ. ગાયો કુદરતી રીતે ગુજરાતના ગરમ અને ભેજવાળા વાતાવરણ માટે યોગ્ય નથી. વધુ સારા પરિણામો માટે ક્રોસબ્રેડ ગાયોનો ઉપયોગ કરવાની અથવા યોગ્ય હવાની અવરજવર અને ઠંડક આપવાની પદ્ધતિ સાથે અત્યંત નિયંત્રિત પર્યાવરણ પ્રદાન કરવાની ભલામણ કરવામાં આવે છે. શું આપને કોઈ અન્ય માહિતીની જરૂર છે?,શુદ્ધ હોલસ્ટેઈન ફ્રિઝિયન ગાયો આપણી આકરી ગરમીને સ્થાનિક અથવા ક્રોસબ્રેડ ગાયો જેટલી સારી રીતે સહન કરી શકતી નથી તેથી તેમને ખૂબ સારી ઠંડકની અને આરામદાયક રહેવાની જગ્યાની જરૂર પડે છે. જો તમારા વિસ્તારમાં ઉનાળામાં ખૂબ ગરમી પડતી હોય તો સામાન્ય રીતે એચએફની સંપૂર્ણ જાતિવાળા પશુઓના ધણની ખામણીમાં થોડી સ્થાનિક જાતિના મિશ્રિત પશુઓને રાખવાનું વધુ સુરક્ષિત હોય છે.,grammar_fluency_compare,,"Response A is more grammatically polished and reads more naturally than Response B, even though both are somewhat formal.",3,"Grammatically correct overall, but it sounds a bit formal and technical rather than fully natural and friendly.",2,"Mostly understandable, but several phrases are unnatural or awkwardly translated, making it less fluent.",response_a,"Response A is more grammatically polished and reads more naturally than Response B, even though both are somewhat formal.",2.8902,518,110,628,0.0008835
272,145,3.at_parity,voice,3.at_parity,રસી આપ્યા પસી બધ પશુઓ બીમાર થાય છે તો રસીકરણ કરાવાય?,હા રસીકરણ કરાવવું જોઈએ કારણ કે તે ઘણા જીવલેણ રોગોને રોકવાનો એકમાત્ર રસ્તો છે. રસીકરણ પછી પશુઓને બેથી ત્રણ દિવસ સુધી તાવ આવવો અથવા દૂધમાં થોડો ઘટાડો થવો એ સામાન્ય બાબત છે. જો તાવ ગંભીર હોય અથવા લાંબા સમય સુધી રહે તો કૃપા કરીને તાત્કાલિક પશુચિકિત્સકનો સંપર્ક કરો. શું આપને કોઈ અન્ય માહિતીની જરૂર છે?,હા તમારે હજી પણ રસી આપવી જોઈએ કારણ કે રસીઓ પશુઓને વધુ ગંભીર રોગોથી બચાવે છે. જો રસીકરણ પછી ઘણાં પશુઓ બીમાર પડે તો પશુચિકિત્સકને બોલાવી રસીનો પ્રકાર ડોઝ અને તેને કેવી રીતે અપાઈ તેની તપાસ કરાવો અને નબળા અથવા વિયાણ નજીકના પશુઓને રસી આપવાનું ટાળો.,grammar_fluency_compare,,"Response A is more natural, smoother, and friendlier in Gujarati, so it better matches the rubric.",4,"Grammatically correct Gujarati, natural flow, and friendly tone. It reads smoothly and is easy for a farmer to understand.",3,"Mostly correct grammar, but the sentence is a bit dense and less natural in style. It feels slightly more technical and less friendly.",response_a,"Response A is more natural, smoother, and friendlier in Gujarati, so it better matches the rubric.",2.1901,502,121,623,0.000921
273,146,3.at_parity,voice,3.at_parity,રસીકરણ વખતે શું ધ્યાન રાખવું?,પશુચિકિત્સકની સલાહ મુજબ જ પશુઓને રસી આપો અને તંદુરસ્ત પશુઓને પ્રાથમિકતા આપો. ઇન્જેક્શન આપવાની જગ્યાને સાફ કરો અને જંતુમુક્ત કરો એક વાર વપરાતી સિરીંજ અને સોયનો ઉપયોગ કરો અને વપરાયેલી સિરીંજ અને સોયને યોગ્ય રીતે દફનાવો અથવા ચામડી બળવી. શું આપને કોઈ અન્ય માહિતીની જરૂર છે?,રસીકરણ કરતી વખતે પશુને સ્વસ્થ રાખો તેને માનસિક આઘાત ન આપો અને ખૂબ જ બીમાર અથવા તાવથી પીડિત પશુનું રસીકરણ ક્યારેય ન કરો. ખાતરી કરો કે રસીને સૂચવેલ રીતે ઠંડી જગ્યાએ રાખો સ્વચ્છ અને જંતુરહિત સોયનો ઉપયોગ કરો અને યોગ્ય જગ્યાએ રસી આપો અને હંમેશાં રસી આપવા અને રસી આપ્યા પછી કોઈપણ સોજો અથવા શ્વાસ લેવામાં તકલીફ જેવી બાબતો માટે પશુચિકિત્સકને બોલાવો અને પશુનું ધ્યાન રાખો.,grammar_fluency_compare,,"Response A is slightly clearer and more concise, so it reads a bit better overall despite the same grammatical issues.",2,"The Gujarati is understandable, but it is run-on and lacks punctuation, making several parts read awkwardly and translated.",2,"The sentence is understandable, but it is also a long run-on with missing punctuation and some unnatural phrasing.",response_a,"Response A is slightly clearer and more concise, so it reads a bit better overall despite the same grammatical issues.",1.5611,536,116,652,0.000924
274,147,3.at_parity,voice,3.at_parity,રોગચાળો ફાટી નીકળ્યો હોય ત્યારે રસીકરણ કરવી શકાય ?,તે રોગ અને પશુના સ્વાસ્થ્ય પર આધાર રાખે છે. ઉદાહરણ તરીકે ખરવામોવાસાના રોગચાળા દરમિયાન એવા પ્રાણીઓને રસી આપવાની ભલામણ કરવામાં આવતી નથી કે જેમનામાં રોગના લક્ષણો દેખાતા નથી પરંતુ આસપાસના વિસ્તારોમાં રિંગ રસીકરણ કરવું ખૂબ જ મહત્વપૂર્ણ છે જેથી રોગ વધુ ફેલાતો અટકે. શું તમને કોઈ ચોક્કસ રોગ વિશે માહિતીની જરૂર છે?,રોગચાળા દરમિયાન બીમાર પશુઓ અને જે પશુઓમાં રોગના લક્ષણો દેખાઈ રહ્યા છે તેમને રસી ન આપવી જોઈએ. નજીકના અસરગ્રસ્ત વિસ્તારોમાં રહેલા તંદુરસ્ત પશુઓને પશુચિકિત્સકની સલાહ મુજબ રસી આપી શકાય છે અને સામાન્ય રીતે અસરગ્રસ્ત ગામની આસપાસ રિંગ રસીકરણ કરવામાં આવે છે.,grammar_fluency_compare,,"Response B sounds more natural and fluent overall, while Response A is slightly more technical and less smooth.",3,"Grammatically correct and understandable, but the sentence is a bit long and reads somewhat technical rather than fully natural and friendly.",4,"Clear, grammatically smooth, and natural Gujarati with a friendly, practical tone.",response_b,"Response B sounds more natural and fluent overall, while Response A is slightly more technical and less smooth.",1.5854,496,110,606,0.000867
275,148,3.at_parity,voice,3.at_parity,ગામમાં વેતરે આવેલ ગાય- ભેંસોને કુદરતી રીતે ફળવવા /બાંધાવવા માટે સાંઢ/પાડો કેવો હોવો જોઈએ?,"પ્રજનન માટે વપરાતો વરડો અથવા ભેંસ શુદ્ધ ઓલાદનો હોવો જોઈએ તેની ઉંમર ઓછામાં ઓછી ત્રણ વર્ષ હોવી જોઈએ અને તેના અંડકોષો એકખા કદના હોવા જોઈએ અને તે વધારે પડતા નીચે ન લટકતા હોવા જોઈએ. તેનું રસીકરણ કરાવવું જોઈએ અને તે ચેપી રોગો જેમ કે ચેપી ગર્ભપાત બ્રુસેલોસીસ,  ક્ષય અને ખરવામોવાસાથી મુક્ત હોવું જોઈએ. શું આપને કોઈ અન્ય માહિતીની જરૂર છે?",કુદરતી પ્રજનન માટે વધુ દૂધ આપતી માતામાંથી એક મજબૂત સ્વસ્થ અને રોગમુક્ત સાંઢ પસંદ કરો. સાંઢ શુદ્ધ જાતિનો અથવા સારી જાતિ ધરાવતો હોવો જોઈએ તેના ટેસ્ટીકલ સામાન્ય હોવા જોઈએ તે યોગ્ય રીતે ચાલી શકતો હોવો જોઈએ તેમાં સારી રીતે સમાગમ કરવાની ઇચ્છા હોવી જોઈએ અને તે ચેપી ગર્ભપાત બ્રુસેલોસીસ  અને અન્ય પ્રજનન સંબંધિત રોગોથી મુક્ત હોવો જોઈએ તેની તપાસ કરાવવી જોઈએ.,grammar_fluency_compare,,"Both are similar in fluency, but Response B is slightly more coherent and natural overall, despite still sounding translated.",2,"The Gujarati is understandable, but it reads like a direct translation with awkward phrasing, missing punctuation, and some unnatural word choices.",2,"The response is mostly understandable, but it is long, run-on, and translated in a stiff way with several unnatural constructions.",response_b,"Both are similar in fluency, but Response B is slightly more coherent and natural overall, despite still sounding translated.",1.9346,568,123,691,0.0009795
276,150,3.at_parity,voice,3.at_parity,ડોક્ટરો 079 કોર્સ કરવાનું કહે છે તો તેનાથી કોઈ નુકસાન ખરું?,મારી પાસે શૂન્યસાતનવ નંબરના કોર્સ વિશે કોઈ ચોક્કસ માહિતી નથી. કૃપા કરીને તમારા પશુચિકિત્સકની સલાહ લો જેથી તમે આ કોર્સનો હેતુ સમજી શકો અને તે તમારા પશુ માટે સલામત છે કે નહીં તે જાણી શકો.,મને ખાતરી નથી કે આ ઝીરો સેવન નાઈન કોર્સનો અર્થ શું છે તેથી હું એ નથી કહી શકતો કે તે નુકસાનકારક છે કે નહીં. કૃપા કરીને તમારા પશુચિકિત્સકને પૂછો કે આ સારવારમાં કઈ દવાઓ અથવા કયા પ્રકારની સારવાર આપવામાં આવશે અને તેનાથી કયા આડઅસરો થઈ શકે છે.,grammar_fluency_compare,,"Response A sounds slightly more natural and fluent in Gujarati, even though both are similarly acceptable.",3,"Grammatically correct and understandable, but phrases like 'શૂન્યસાતનવ નંબરના કોર્સ' sound a bit unnatural and technical.",3,"Overall correct grammar and clear meaning, but 'ઝીરો સેવન નાઈન કોર્સ' feels translated and not fully natural in Gujarati.",response_a,"Response A sounds slightly more natural and fluent in Gujarati, even though both are similarly acceptable.",2.0181,454,126,580,0.0009075
277,151,3.at_parity,voice,3.at_parity,બીજદાન કરવાનો યોગ્ય સમય કયો?,કૃત્રિમ બીજદાન ગરમીમાં આવવાની પ્રથમ નિશાની દેખાયા પછી બારથી અઢાર કલાકની વચ્ચે કરવું જોઈએ. સામાન્ય રીતે જો કોઈ પશુ સવારે ગરમીમાં આવતું હોય તો સાંજે તેનું કૃત્રિમ બીજદાન કરો અને જો સાંજે ગરમીના લક્ષણો દેખાય તો બીજા દિવસે સવારે બીજદાન કરો.,શ્રેષ્ઠ પરિણામો માટે જ્યારે તમને પ્રથમ વખત ગરમીમાં આવવાના સ્પષ્ટ સંકેતો દેખાય ત્યાર પછી લગભગ દસથી બાર કલાકમાં કૃત્રિમ બીજદાન કરવું જોઈએ. જો સવારે ગરમીમાં આવવાનું શરૂ થાય તો સાંજે કૃત્રિમ બીજદાન માટે ટેકનિશિયનને બોલાવો અને જો સાંજે ગરમીમાં આવવાનું શરૂ થાય તો બીજા દિવસે સવારે તે કરાવો.,grammar_fluency_compare,,"Both responses are fluent and grammatically sound in Gujarati, with no meaningful difference in grammar quality.",4,"Grammatically correct, natural Gujarati, and easy to understand.",4,"Also grammatically correct and natural, with clear and friendly wording.",both,"Both responses are fluent and grammatically sound in Gujarati, with no meaningful difference in grammar quality.",1.4531,456,93,549,0.0007605
278,158,3.at_parity,voice,3.at_parity,વિયાણ બાદ મેલી પડ્યા પહેલા બચ્યાને ધવરાવીશકાય?,હા તમારે વાછરડાના જન્મ પછી તરત જ તેને ખીરૂ આપવું જોઈએ અને મેલી બહાર નીકળે તેની રાહ જોવી જોઈએ નહીં. ખીરૂ તાત્કાલિક આપવાથી પાડાને જરૂરી રોગ પ્રતિકારક શક્તિ મળે છે અને તેનાથી માને જરને સરળતાથી બહાર કાઢવામાં મદદ મળી શકે છે.,હા તમારે વાછરડાને લગભગ બે કલાકની અંદર સ્તનપાન કરાવવા દેવું જોઈએ ભલે મેલી હજી પણ અંદર જ હોય. જો વિયાણ પછી લગભગ બાર કલાકમાં મેલી બહાર ન આવે તો સારવાર માટે પશુચિકિત્સકને બોલાવો.,grammar_fluency_compare,,"Both responses are similarly fluent and grammatically acceptable, with only minor naturalness issues and no clear winner.",3,"Mostly grammatical and understandable, but a few phrases sound unnatural or slightly awkward in Gujarati.",3,"Grammatically correct overall, though it sounds a bit technical and less natural/friendly.",both,"Both responses are similarly fluent and grammatically acceptable, with only minor naturalness issues and no clear winner.",2.006,446,104,550,0.0008025
279,160,3.at_parity,voice,3.at_parity,સાંઢ / પાડામાં પણ બ્રુસેલા રોગ નું રસીકરણ કરાવવું જોઈએ કે નહીં ?,બ્રુસેલા રસીકરણ ફક્ત ચારથી આઠ મહિનાની વયની માદા બચ્ચાં માટે જ કરવું જોઈએ. બુલ્સનું રસીકરણ ચેપ સામે તેમને સુરક્ષિત કરવામાં કોઈ ઉપયોગી નથી અને તેથી તે કરવું જોઈએ નહીં. શું આપને કોઈ અન્ય માહિતીની જરૂર છે?,ચેપી ગર્ભપાત બ્રુસેલોસીસ  માટે માત્ર ચારથી આઠ મહિનાની વયની માદા વાછરડીઓને રસીકરણ આપવાની ભલામણ કરવામાં આવે છે બુલ અથવા નર વાછરડીઓને નહીં.,grammar_fluency_compare,,"Response A is much more natural and fluent Gujarati, while Response B feels translated and less grammatically polished.",4,"Grammatically correct, natural Gujarati, and friendly in tone.",2,"Understandable, but it reads like a translated sentence with awkward structure and missing punctuation.",response_a,"Response A is much more natural and fluent Gujarati, while Response B feels translated and less grammatically polished.",1.7289,432,100,532,0.000774
280,162,3.at_parity,voice,3.at_parity,નવજાત બચ્ચાની શું કાળજી લેવી?,જન્મ થયા પછી તરત જ વાછરડાના નાક અને મોં સાફ કરો અને તેને શ્વાસ લેવામાં મદદ કરવા માટે છાતી પર હળવેથી માલિશ કરો. જન્મ પછીના પહેલા કલાકમાં ખીરૂ આપો અને ચેપ અટકાવવા માટે નાળ પર ટીન્ક્ચર આયોડિન લગાવો. શું આપને કોઈ અન્ય માહિતીની જરૂર છે?,વાછરડાના જન્મ પછી બે કલાકની અંદર તેને પહેલું દૂધ એટલે કે ખીરું આપો અને તેને સ્વચ્છ સૂકી અને ગરમ જગ્યાએ રાખો. ચેપને રોકવા માટે આયોડિનથી નાભિને સાફ કરો અને પછી કૃમિનાશક દવા અને રસીકરણના પત્રક વિશે તમારા પશુચિકિત્સકની સલાહ લો.,grammar_fluency_compare,,"Both are fluent, but Response A sounds a bit more natural and friendly for a farmer.",4,"Grammatically correct, natural Gujarati, and friendly in tone.",4,"Grammatically correct and understandable, though slightly more technical in tone.",response_a,"Both are fluent, but Response A sounds a bit more natural and friendly for a farmer.",1.6001,466,94,560,0.0007725
281,163,3.at_parity,voice,3.at_parity,બચ્ચાના વાળ વધુ ખરે છે શું કરવું જોઈએ?,બચ્ચાંમાં વાળ ખરવાનું કારણ ફૂગથી થતો રોગ જેમ કે ચાચર બાહ્ય પરોપજીવી અથવા પોષક તત્વોની ઉણપ હોઈ શકે છે. તમે પાડુને ઉકાળેલા અને ઠંડા કરેલા લીમડાના પાનવાળા પાણીથી નવડાવી શકો છો અને યોગ્ય નિદાન માટે પશુચિકિત્સકની સલાહ લઈ શકો છો.,વાછરડામાં વધુ પડતું વાળ ખરવું સામાન્ય રીતે ત્વચાના ચેપ જીવાત જેમ કે જૂ અથવા માઈટ્સ અથવા અપૂરતા પોષણના કારણે થાય છે તેથી પશુચિકિત્સકે ત્વચાની તપાસ કરવી જોઈએ અને તે મુજબ સારવાર કરવી જોઈએ. એટલી વાર સુધી વાછરડું અને આસપાસનો વિસ્તાર ખૂબ જ સ્વચ્છ રાખો સારું અને સંતુલિત દાણ આપો અને પશુચિકિત્સકની સલાહ લીધા વિના કોઈપણ દવા અથવા રસાયણ ત્વચા પર લગાવવાનું ટાળો.,grammar_fluency_compare,,"Response A is more natural and grammatically cleaner overall, even though both are somewhat technical.",3,"Mostly grammatical and understandable, but some wording is unnatural and slightly technical, so it does not sound fully native.",2,"The sentence is understandable, but it feels more like a direct translation with awkward structure and run-on phrasing in several places.",response_a,"Response A is more natural and grammatically cleaner overall, even though both are somewhat technical.",2.0655,521,114,635,0.00090375
282,168,3.at_parity,voice,3.at_parity,તબેલાની પાછળની ઊંચાઈ કેટલી હોવી જોઈએ,પશુના રહેઠાણની પાછળની બાજુની ઊંચાઈ સાત ફૂટ હોવી જોઈએ. યોગ્ય હવાના પરિભ્રમણની ખાતરી કરવા માટે આગળની ઊંચાઈ દસ ફૂટ હોવી જોઈએ.,સામાન્ય ગાયના છાપરા માટે પાછળની બાજુનું છાપરું જમીનથી આશરે સાતથી આઠ ફૂટ ઊંચું રાખો. આ નીચો પાછળનો ભાગ અને ઊંચો આગળનો ભાગ ગરમ હવાને બહાર જવા દે છે અને સારી હવાની અવરજવર જાળવી રાખે છે.,grammar_fluency_compare,,"Response B reads more naturally and sounds more like native Gujarati, while Response A is correct but slightly more technical.",3,"Grammatically correct and understandable, but it sounds a bit technical and less natural/friendly.",4,"Natural, fluent Gujarati with correct grammar and a friendly, easy-to-understand tone.",response_b,"Response B reads more naturally and sounds more like native Gujarati, while Response A is correct but slightly more technical.",1.5299,421,107,528,0.00079725
283,171,3.at_parity,voice,3.at_parity,નવું પશુ ખરીદતી વખતે શું કાળજી રાખવી?,વિશ્વસનીય સ્ત્રોતો અથવા રોગમુક્ત ફાર્મ્સમાંથી પશુઓ ખરીદો અને માલિકના સ્થળેથી સીધા જ ખરીદવાનું પસંદ કરો. તમારા ધણમાં ભેળવતા પહેલાં નવા પશુને પંદરથી ત્રીસ દિવસ સુધી અલગ રાખો. શું આપને કોઈ અન્ય માહિતીની જરૂર છે?,સૌ પ્રથમ પશુની એકંદર તંદુરસ્તી ગર્ભની સ્થિતિ અને રસીકરણના ઇતિહાસ માટે પશુચિકિત્સક દ્વારા તપાસ કરાવો. ખરીદી કર્યા પછી નવા પશુને તમારા ધણથી લગભગ ત્રણ અઠવાડિયા સુધી અલગ રાખો અને આ સમયગાળા દરમિયાન કૃમિનાશક દવા અને રસીકરણ કરાવો.,grammar_fluency_compare,,"Both are fluent, but Response A sounds a bit more natural and friendly for a farmer.",4,"Grammatically correct, natural Gujarati, and easy to understand.",4,"Grammatically correct and fluent, though slightly more technical in tone.",response_a,"Both are fluent, but Response A sounds a bit more natural and friendly for a farmer.",1.5346,457,94,551,0.00076575
284,172,3.at_parity,voice,3.at_parity,મારી આર્થિક ક્ષમતા મધ્યમ વર્ગની છે તો મારે કઈ ગાયની બ્રીડ રાખવાથી ફાયદો થશે?,સંતુલિત લાભ માટે આપ ગીર અથવા કાંકરેજ જેવી દેશી જાતિઓ અથવા જર્સી અને હોલસ્ટેઈન ફ્રીઝિયન જેવી સંકર ગાયોને ધ્યાનમાં લઈ શકો છો જે વધુ દૂધનું ઉત્પાદન આપે છે. કૃપા કરીને સ્થાનિક પશુચિકિત્સકની સલાહ લો જેથી તમે એવી જાતિ પસંદ કરી શકો જે તમારા સંસાધનો અને પર્યાવરણને અનુરૂપ હોય. શું આપને કોઈ અન્ય માહિતીની જરૂર છે?,મધ્યમ આવક ધરાવતા ખેડૂત માટે ગીર કાંકરેજ જર્સી ક્રોસ અથવા એચ. એફ. ક્રોસ જેવી મજબૂત અને વધુ દૂધ આપતી દેશી અથવા સંકર ગાયો સામાન્ય રીતે સૌથી વધુ ફાયદાકારક હોય છે. સારા દૂધ ઉત્પાદનનો ઇતિહાસ અને શાંત સ્વભાવ ધરાવતી તંદુરસ્ત પ્રથમ અથવા બીજી દૂધાળ ગાળો ધરાવતી પશુઓની પસંદગી કરો અને તમારી સ્થાનિક આબોહવા અને ઉપલબ્ધ ઘાસચારોને ધ્યાનમાં રાખીને જાતિની પસંદગી કરો.,grammar_fluency_compare,,"Response A reads much more naturally and fluently in Gujarati, while Response B has several awkward, less natural constructions.",4,"Grammatically correct Gujarati with smooth structure and a friendly, natural tone.",2,"Meaning is understandable, but the phrasing is awkward and feels translated, with unnatural word order and some unclear expressions.",response_a,"Response A reads much more naturally and fluently in Gujarati, while Response B has several awkward, less natural constructions.",1.7957,547,110,657,0.00090525
285,173,3.at_parity,voice,3.at_parity,કપાસ ખોળ સારો કે મકાઈ ખોળ?,કપાસિયા ખોળ પ્રોટીન માટે વધુ સારું છે કારણ કે મકાઈના ખોળમાં પ્રોટીનનું પ્રમાણ ઓછું હોય છે. જો કે મકાઈના પિનો ખોરાક વધુ ઊર્જા પૂરી પાડે છે અને તેને પલાળીને આપવાથી તે વધુ સ્વાદિષ્ટ લાગે છે.,સામાન્ય રીતે કપાસના બીજમાંથી બનાવેલી ખોળ વધુ સારી હોય છે કારણ કે તેમાં મકાઈના તેલમાંથી બનાવેલી ખોળ કરતાં વધુ પ્રોટીન હોય છે. મકાઈના ખોળનો ઉપયોગ ઊર્જા આપનાર ચારા તરીકે અને કપાસિયાના ખોળનો ઉપયોગ પ્રોટીનનો મુખ્ય ભાગ તરીકે કરો પરંતુ વધુ પડતું ખવડાવશો નહીં અને હંમેશાં અન્ય ચારા સાથે મિક્સ કરીને ખવડાવો.,grammar_fluency_compare,,"Both are similar in fluency, but Response B reads a bit more smoothly and naturally overall.",3,"Grammatically correct overall, but some wording is a bit unnatural and technical for a farmer-friendly tone.",3,"Mostly correct grammar and structure, but it sounds somewhat technical and slightly awkward in places.",response_b,"Both are similar in fluency, but Response B reads a bit more smoothly and naturally overall.",1.6947,465,106,571,0.00082575
286,174,3.at_parity,voice,3.at_parity,ગાયને લાંબા સમય સુધી બાંધેલી રાખવી સારું કે ખુલ્લી રાખવી સારું?,ગાયોને ખુલ્લા અને હલવાહલવા જગ્યામાં રાખવાથી સામાન્ય રીતે ફાયદો થાય છે કારણ કે તેનાથી તેમનું સ્વાસ્થ્ય સુધરે છે અને દૂધ ઉત્પાદનમાં દરરોજ પાંચસો ગ્રામથી એક લિટર સુધી વધારો થઈ શકે છે. તેનાથી વેતરની ઓળખ સરળ બને છે અને પશુઓને બાંધી રાખવા કરતાં આફરા અને આંતરડા સંબંધિત સમસ્યાઓનું જોખમ પણ ઘટે છે.,ગાયને સ્વચ્છ અને ખુલ્લી જગ્યામાં રાખવી એ સામાન્ય રીતે લાંબા સમય સુધી બાંધી રાખવા કરતાં વધુ સારું છે. તે આરામ વધારે છે તણાવ અને પગની સમસ્યાઓ ઘટાડે છે અને સામાન્ય રીતે દૂધ ઉત્પાદનમાં મદદ કરે છે.,grammar_fluency_compare,,"Response B is more natural and concise, with fewer awkward phrases than Response A.",3,"Grammatically understandable and mostly correct, but some phrasing is a bit unnatural and technical for a farmer-friendly answer.",3,"Overall grammatical and clear, though it reads slightly translated and the sentence flow is somewhat stiff.",response_b,"Response B is more natural and concise, with fewer awkward phrases than Response A.",1.5945,469,107,576,0.00083325
287,176,3.at_parity,voice,3.at_parity,બળદમાં કાંધ આવવાના કારણો?,બળદના શરીર પર જુવા યોક સોર  એવા ઘર્ષણને કારણે થાય છે જ્યારે જુવા યોગ્ય રીતે પહેરવામાં ન આવે અથવા ખભાના ભાગમાં પૂરતું ગાદી ન હોય. આ સમસ્યાને રોકવા માટે ખાતરી કરો કે જુવા યોગ્ય રીતે બંધ બેસે છે અને પશુની ત્વચાને સુરક્ષિત રાખવા માટે પૂરતું ગાદી લગાવો.,બળદના ખભા પર સોજો આવવાનું સામાન્ય કારણ વધારે કામ કરાવવું ખરાબ અથવા ખાડાટેકરાવાળી સડક ખોટી ઊંચાઈ પર બે જોડણી કરવી અથવા ખભા પર દબાણ કરતી ખરાબ રીતે બંધબેસતી અથવા કઠોર જોડણી હોઈ શકે છે. પશુને આરામ આપો અને તેને થતું નુકસાન અટકાવવા માટે જુવા અને કામ કરવાની પરિસ્થિતિઓને સુધારો.,grammar_fluency_compare,,"Response A is slightly clearer and more structured, even though both responses have similar grammar problems.",2,"The Gujarati is understandable, but several phrases are awkward and look translated word-for-word, with some unclear wording.",2,"The sentence is mostly understandable, but it is run-on and contains unnatural phrasing and grammar issues throughout.",response_a,"Response A is slightly clearer and more structured, even though both responses have similar grammar problems.",1.5938,487,110,597,0.00086025
288,178,3.at_parity,voice,3.at_parity,ભેસ માં કેટલી ઓલાદ જોવા મળે છે?,સામાન્ય રીતે ભેંસ તેના જીવનકાળ દરમિયાન સરેરાશ આઠથી દસ બચ્ચાંને જન્મ આપે છે. આમાંથી સામાન્ય રીતે ચારથી પાંચ માદા વાછરડીઓ જીવિત રહે છે.,ભેંસમાં સામાન્ય રીતે દરેક ગર્ભમાં ફક્ત એક જ પાડું અથવા વાછરડું જન્મે છે અને જોડિયાં ખૂબ જ દુર્લભ હોય છે.,grammar_fluency_compare,,"Response B reads more naturally and fluently in Gujarati, while Response A feels more technical and less directly aligned with the question.",3,"Grammatically correct and understandable, but it answers a different question and sounds somewhat technical rather than friendly.",4,"Grammatically natural and clear in Gujarati, with a smooth structure and friendly tone.",response_b,"Response B reads more naturally and fluently in Gujarati, while Response A feels more technical and less directly aligned with the question.",1.6878,382,112,494,0.0007905
289,181,3.at_parity,voice,3.at_parity,કપાસીયો આપવો યોગ્ય છે?,કપાસિયા ખોળ દૂધમાં ફેટનું પ્રમાણ વધારી શકે છે પરંતુ તેનો ઉપયોગ સાવધાનીથી કરવો જોઈએ કારણ કે તેમાં ગોસિપોલ નામનું ઝેરી તત્વ હોય છે. ગાભણ અથવા દૂધ આપતી પશુઓને આ ચારો આપવાનું ટાળો અને હંમેશાં તેને મર્યાદિત માત્રામાં અન્ય ચારા સાથે ભેળવીને આપો. શું આપને કોઈ અન્ય માહિતીની જરૂર છે?,કપાસિયા ખોળ ઉપયોગી છે પરંતુ તે અન્ય ચારા સાથે મિશ્ર કરીને મર્યાદિત માત્રામાં જ આપવું જોઈએ. ગાભણ પશુઓ અથવા જે પશુઓએ તાજેતરમાં બચ્ચાંને જન્મ આપ્યો છે તેમને આ ખોરાક ન આપો. જો આપ ઈચ્છો તો હું આશરે કેટલું પ્રમાણ સુરક્ષિત રહેશે તે વિશે માર્ગદર્શન આપી શકું છું.,grammar_fluency_compare,,"Both are similar in fluency, but Response B reads a little smoother and more natural overall.",3,"Grammatically correct and understandable, but a bit technical and not fully natural in tone.",3,"Mostly correct grammar and clear wording, though slightly formal and not fully natural-sounding.",response_b,"Both are similar in fluency, but Response B reads a little smoother and more natural overall.",1.7452,476,103,579,0.0008205
290,182,3.at_parity,voice,3.at_parity,ગાયો વેતર/ગરમીમાં કેમ નથી આવતી (કારણો શું)?,ગાયોમાં પોષક તત્વોની ઉણપ હોર્મોનલ અસંતુલન પ્રજનન તંત્રની સમસ્યાઓ અથવા તે પહેલાથી જ ગાભણ હોવાને કારણે ગરમીમાં ન આવી શકે. ખાતરી કરો કે તમે ખનિજ મિશ્રણ સાથે સંતુલિત આહાર આપો છો અને જો પશુમાં ગરમીના કોઈ લક્ષણો દેખાતા નથી તો યોગ્ય તપાસ માટે પશુચિકિત્સકની સલાહ લો.,ગાયો સામાન્ય રીતે નબળા પોષણ રોગ અથવા હોર્મોનલ સમસ્યાઓના કારણે નબળી પશુની તંદુરસ્તીને લીધે ગરમીમાં આવતી નથી. તમારા પશુચિકિત્સકને ગર્ભાશય અને અંડાશયની તપાસ કરાવો અને તે દરમિયાન ચારામાં લીલો ચારો દાણ અને દૈનિક ખનિજ મિશ્રણની ગુણવત્તામાં સુધારો કરો.,grammar_fluency_compare,,"Response A is more natural and grammatically smoother than Response B, which has more awkward phrasing.",3,"Grammatically correct overall and easy to understand, but it sounds a bit technical and slightly unnatural in phrasing.",2,"The sentence structure is awkward in several places and feels more like a direct translation, though still understandable.",response_a,"Response A is more natural and grammatically smoother than Response B, which has more awkward phrasing.",1.9006,496,112,608,0.000876
291,183,3.at_parity,voice,3.at_parity,3 વર્ષના પાડી/વાછરડીને ગરમીમાં લાવવા માટે દેશી ઉપાય શું છે?,ઘણી વાર પોષણની ઉણપ અથવા આંતરિક પરજીવીઓ આંતરડામાં રહેતા જીવાત ના કારણે તરુણી ગાયોમાં માસિક ચક્ર શરૂ થવામાં વિલંબ થાય છે અથવા તે શરૂ જ થતું નથી. દરરોજ ત્રીસથી પચાસ ગ્રામ ખનિજ મિશ્રણ આપો અને ખાતરી કરો કે પશુને યોગ્ય રીતે કૃમિનાશક દવા આપવામાં આવી છે જેથી તેને નિયમિત રીતે ગરમીમાં આવવામાં મદદ મળે.,ત્રણ વર્ષની એવી વોડકી કે જે ગરમીમાં નથી આવી તેના માટે સૌ પ્રથમ સારા પોષણ અને નિયમિત ખનિજ મિશ્રણ આપો જેથી તેનું શરીર યોગ્ય વજન સુધી પહોંચે અને તે પ્રજનન માટે તૈયાર થાય. માત્ર પરંપરાગત ઘરેલું ઉપાયો પર આધાર રાખવો યોગ્ય નથી તેથી જો તે હજી પણ ગરમીમાં નથી આવતી તો તમારે પશુચિકિત્સકને બોલાવીને તેના પ્રજનન અંગોની તપાસ કરાવવી જોઈએ અને યોગ્ય સારવાર કરાવવી જોઈએ.,grammar_fluency_compare,,"Response B reads more naturally and fluently in Gujarati, with better style and friendliness.",3,"Grammatically correct overall, but it sounds somewhat technical and less natural for a farmer-friendly reply.",4,"Well-formed Gujarati with smooth structure and a friendly, natural tone.",response_b,"Response B reads more naturally and fluently in Gujarati, with better style and friendliness.",1.5269,526,100,626,0.0008445
292,184,3.at_parity,voice,3.at_parity,50 દિવસ પછી વેતર/હીટ આવે તો ગાભણ હોવાની શક્યતા છે?,જો પશુમાં ગરમીમાં આવવાના સ્પષ્ટ લક્ષણો દેખાય છે તો તે સંભવતઃ ગાભણ નથી. ખાલી ગાભણની ખાતરી કરવા માટે કૃપા કરીને પશુચિકિત્સકની સલાહ લો.,જો પચાસ દિવસ પછી યોગ્ય રીતે માના લક્ષણો દેખાવા લાગે તો સામાન્ય રીતે એ પશુ ગાભણ હોતું નથી. કૃપા કરીને ગર્ભાવસ્થાની પુષ્ટિ કરવા માટે પશુચિકિત્સક દ્વારા ગર્ભાવસ્થાની તપાસ કરાવો.,grammar_fluency_compare,,Response A is more natural and grammatically smoother than Response B.,3,"Grammatically correct and understandable, but a bit unnatural/technical in phrasing.",2,"Several phrases sound translated and awkward, especially 'માના લક્ષણો' and 'ગર્ભાવસ્થાની તપાસ'.",response_a,Response A is more natural and grammatically smoother than Response B.,2.0012,421,104,525,0.00078375
293,187,3.at_parity,voice,3.at_parity,ગાય 4 દિવસ કાચી છે અને ગરમીના લક્ષણો બતાવે છે—દવા શું?,હું માદા પશુઓમાં માસિક ધર્મ માટે કોઈ ચોક્કસ દવા સૂચવી શકતી નથી કારણ કે આ માટે વ્યાવસાયિક નિદાન જરૂરી છે. કૃપા કરીને તાત્કાલિક કોઈ પશુચિકિત્સકનો સંપર્ક કરો જેથી તમારી ગાય માટે યોગ્ય સારવાર નક્કી કરી શકાય.,ઘરમાં કોઈ પણ દવા આપશો નહીં કારણ કે ગરમીમાં આવવાના લક્ષણો સાથેનું પ્રારંભિક ગર્ભ યોગ્ય તપાસની જરૂરિયાત દર્શાવે છે. તરત જ કોઈ પશુચિકિત્સકને બોલાવો જેથી તેઓ ગર્ભાશયની તપાસ કરી શકે અને યોગ્ય સારવાર નક્કી કરી શકે.,grammar_fluency_compare,,"Both are similar in fluency, but Response B reads slightly more naturally and is a bit clearer in context.",3,"Grammatically correct and understandable, but the phrasing is somewhat formal and clinical rather than natural or friendly.",3,"Mostly correct grammar and structure, but it sounds a bit technical and unnatural in places.",response_b,"Both are similar in fluency, but Response B reads slightly more naturally and is a bit clearer in context.",1.786,447,110,557,0.00083025
294,188,3.at_parity,voice,3.at_parity,ગાય ગાભણ છે છતાં અવાજ કરે છે અને ગરમીના લક્ષણો બતાવે છે—કારણ/ઉપાય?,કૃપા કરીને તાત્કાલિક પશુચિકિત્સકનો સંપર્ક કરો જેથી ગર્ભની ખાતરી કરી શકાય અને કોઈ પણ સમસ્યા છે કે કેમ તે તપાસી શકાય. ગાભણ હોય ત્યારે ગરમીમાં આવવાના લક્ષણો દેખાય તો ક્યારેક તે ગર્ભમાં કોઈ સમસ્યા હોવાનું અથવા પ્રજનન અંગોમાં ચેપ હોવાનું સૂચવી શકે છે.,સામાન્ય રીતે જે ગાય ગાભણ હોય છે તે વાસ્તવિક રીતે વેતરમો આવતી નથી તેથી આવા લક્ષણોનો અર્થ એ થઈ શકે છે કે તે ખોટું વેતર છે અથવા ગર્ભ શંકાસ્પદ છે અથવા ગર્ભાશય અથવા અંડાશયમાં કોઈ સમસ્યા છે. આપ તેને તાત્કાલિક કોઈ પશુચિકિત્સક પાસે તપાસ કરાવો જેમાં આંતરિક તપાસ અથવા અલ્ટ્રાસાઉન્ડનો સમાવેશ થાય અને તે દરમિયાન તેને સંવનન અથવા કૃત્રિમ બીજદાન કરવાની મંજૂરી આપશો નહીં.,grammar_fluency_compare,,"Response A is more natural and grammatically smoother, while Response B feels more translated and less fluent.",3,"Grammatically correct and understandable, but the tone is somewhat clinical and not especially natural or friendly.",2,"Mostly understandable, but it reads more like a direct translation and has several awkward, unnatural phrases.",response_a,"Response A is more natural and grammatically smoother, while Response B feels more translated and less fluent.",1.7434,517,108,625,0.00087375
295,191,3.at_parity,voice,3.at_parity,પશુ ગાભણ છે કે નહીં કેવી રીતે ખબર પડે?,બીજદાન કર્યા પછી સાઈથી માંડીને  દિવસની વચ્ચે વ્યાવસાયિક ખાલી ગાભણ તપાસ માટે પશુચિકિત્સકનો સંપર્ક કરો. કૃત્રિમ બીજદાન કર્યા પછી જો પશુ અઢારથી એકવીસ દિવસમાં ફરીથી ગરમીમાં ન આવે તો તે એક પ્રારંભિક સંકેત હોઈ શકે છે જે તમે ચકાસી શકો છો.,માત્ર પશુચિકિત્સક દ્વારા કરવામાં આવતી ગર્ભાવસ્થાની તપાસ દ્વારા જ તમે ખાતરી કરી શકો છો જેમાં સંવનન અથવા કૃત્રિમ બીજદાનના લગભગ બેથી ત્રણ મહિના પછી આંતરિક તપાસ કરવામાં આવે છે. કૃપા કરીને તમારા નજીકના પશુચિકિત્સક અથવા પશુ હોસ્પિટલને ફોન કરો અને તમારી ગાય અથવા ભેંસ માટે ખાલી ગાભણ તપાસ કરાવવા વિનંતી કરો.,grammar_fluency_compare,,"Response B is more grammatically coherent and reads more naturally overall, despite being a bit formal.",2,"The Gujarati is understandable, but there are clear grammatical and wording issues such as awkward phrasing and a missing/incorrect segment near the beginning.",3,"The grammar is mostly correct and understandable, though the wording is somewhat technical and not fully natural or friendly.",response_b,"Response B is more grammatically coherent and reads more naturally overall, despite being a bit formal.",2.9522,479,117,596,0.00088575
296,192,3.at_parity,voice,3.at_parity,પહાડી ગાય ઉનાળામાં ગરમીમાં નથી આવતી—શું કરવું?,ઉનાળામાં તમારી ગાયને ગરમીમાં લાવવામાં મદદ કરવા માટે તેને દરરોજ પચાસ ગ્રામ ખનિજ મિશ્રણયુક્ત પૌષ્ટિક આહાર આપો અને તેની પાસે પૂરતી છાંયડો અને ઠંડક હોય તેની ખાતરી કરો. જો તે હજી પણ ગરમીમાં આવવાના કોઈ ચિહ્નો બતાવતી નથી તો કૃપા કરીને યોગ્ય તપાસ માટે પશુચિકિત્સકની સલાહ લો. શું આપને કોઈ અન્ય માહિતીની જરૂર છે?,ઉનાળામાં ગાયને ગરમીથી બચાવો દિવસમાં ઘણી વખત પુષ્કળ પ્રમાણમાં સ્વચ્છ અને ઠંડુ પાણી આપો અને દરરોજ ખનિજ મિશ્રણ સાથે વધુ લીલો અને રસદાર ચારો આપો. જો છાંયો પાણી અને ચારો સુધાર્યા પછી પણ ગાય બેથી ત્રણ મહિના સુધી વેતરમો આવતી નથી તો પશુચિકિત્સકને બોલાવીને તપાસ કરાવો કે તેને વિયાણ પછી ગરમીમાં ન આવવાની સમસ્યા છે કે કોઈ અન્ય સમસ્યા છે.,grammar_fluency_compare,,"Response A is more fluent and natural in Gujarati, with fewer grammatical issues than Response B.",3,"Grammatically correct overall and easy to understand, but it sounds a bit formal/technical and slightly less natural in places.",2,"The sentence structure is awkward in multiple places and reads more like a direct translation, though still understandable.",response_a,"Response A is more fluent and natural in Gujarati, with fewer grammatical issues than Response B.",1.8943,531,112,643,0.00090225
297,195,3.at_parity,voice,3.at_parity,સાઇલન્ટ હિટ (ખડેલી ગરમી) કેવી રીતે ઓળખવી?,શાંત વેતર ત્યારે થાય છે જ્યારે કોઈ પશુમાં વેતરની કોઈ દેખીતી નિશાની દેખાતી નથી અને આ ભેંસોમાં ખૂબ સામાન્ય છે. આપ નજીકથી ધ્યાનથી જોશો તો થોડા સૂક્ષ્મ સંકેતોથી તેને ઓળખી શકો છો જેમ કે વારંવાર પેશાબ કરવો થોડી થોડી માત્રામાં બેચેની અથવા દૂધના ઉત્પાદનમાં થોડો ઘટાડો.,શાંત વેતરનો અર્થ એ છે કે તેમાં ખૂબ જ ઓછા લક્ષણો દેખાય છે તેથી તમારે સવારે અને સાંજે પશુને ખૂબ ધ્યાનથી જોવું જોઈએ અને બેચેની વારંવાર થોડી થોડી પેશાબ પૂંછડી ઉંચી કરવી અને યોનિમાંથી સ્પષ્ટ સ્ત્રાવ જેવા લક્ષણો જોવા જોઈએ અને સાથે જ દૂધમાં ઘટાડો થાય છે કે કેમ તે પણ જોવું જોઈએ. જો તમને હજુ પણ ખાતરી ન હોય તો પશુચિકિત્સકને તપાસ કરવા માટે કહો અથવા ગરમીમાં છે કે કેમ તે જાણવા માટે એક બુલનો ઉપયોગ કરો.,grammar_fluency_compare,,"Response A is more natural and grammatically smoother than Response B, which has more awkward and less fluent phrasing.",3,"Mostly grammatical and understandable, but some phrasing is unnatural and slightly translated in style.",2,"Understandable, but it reads more like a direct translation with awkward structure and run-on phrasing.",response_a,"Response A is more natural and grammatically smoother than Response B, which has more awkward and less fluent phrasing.",1.8544,529,109,638,0.00088725
298,196,3.at_parity,voice,3.at_parity,ગાય (ટેગ/આઈડી) 340174593282 ની AI (કૃત્રિમ ગર્ભાધાન) કરાવ્યાની તારીખ શું છે?,માફ કરશો પરંતુ હાલમાં હું આપના પ્રોફાઇલમાં કોઈ પણ નોંધાયેલ પશુ શોધી શકતો નથી. કૃપા કરીને ટૅગ નંબર તપાસો અને ફરી પ્રયાસ કરો.,હું આ વાતચીતમાં તે નંબર જેવી ટૅગની વિગતો જોઈ શકતો નથી તેથી હું કૃત્રિમ બુદ્ધિમત્તા એ. આઈ.  તારીખ કહી શકતો નથી. કૃપા કરીને તમારા સ્થાનિક સમાજ અથવા જે બીજદાન કાર્યકરે આ સેવા પૂરી પાડી હોય તેમને રેકોર્ડ તપાસવા માટે કહો.,grammar_fluency_compare,,"Response A is much more natural and grammatically fluent, while Response B contains awkward and unnatural constructions.",4,"Grammatically correct Gujarati, natural and friendly tone, and easy to understand.",2,"The sentence has awkward phrasing and unnatural word choice, with some parts reading like a direct translation.",response_a,"Response A is much more natural and grammatically fluent, while Response B contains awkward and unnatural constructions.",1.6347,430,105,535,0.000795
299,198,3.at_parity,voice,3.at_parity,વિયાણ પછી 1.5 મહિને ગાય/ભેંસનું દૂધ 10-12 લિટરથી 7 લિટર થઈ જાય છે—ઉપાય શું?,વિયાણ પછી એકથી બે મહિનામાં દૂધ ઉત્પાદનમાં ઘટાડો થવો એ કિટોસીસ અથવા ઊર્જાની કમીથી થતો રોગ હોઈ શકે છે જે વધુ દૂધ આપતી પશુઓમાં ઊર્જાની અછતને કારણે થાય છે. તમે સામાન્ય ઉપાય તરીકે ગોળનો સીરપ આપી શકો છો પરંતુ યોગ્ય સારવાર અને નિદાન માટે કૃપા કરીને પશુચિકિત્સકનો સંપર્ક કરો.,વિયાણ પછી એકથી બે મહિનામાં અચાનક દૂધનું ઉત્પાદન ઘટવું એ સામાન્ય રીતે નબળા પોષણ અથવા કિટોસીસ અથવા ઊર્જાની કમીથી થતો રોગ જેવી ઊર્જા સંબંધિત સમસ્યાનો સંકેત આપે છે. લીલા અને સૂકા ઘાસચારાની ગુણવત્તામાં સુધારો કરો પશુને પૂરતું દાણ અને ખનિજ મિશ્રણ દરરોજ આપો અને જો દૂધનો ધારો ઝડપથી આવતો હોય અથવા પશુ સુસ્ત દેખાતું હોય તો રોગો માટે તપાસ કરવા માટે પશુચિકિત્સકને બોલાવો.,grammar_fluency_compare,,"Response B is a bit more complete and reads slightly more naturally, even though both are similarly technical.",3,"Grammatically correct overall, but it sounds a bit technical and less natural/friendly.",3,"Mostly correct grammar and structure, though it is long, technical, and slightly awkward in flow.",response_b,"Response B is a bit more complete and reads slightly more naturally, even though both are similarly technical.",1.7806,559,106,665,0.00089625
300,199,3.at_parity,voice,3.at_parity,"બજારમાં ઘણા બધા દાણ જાનવર તેની ઉમર અને દુધાળું/બાખ્ડું, ખાલી કે ગાભણ અવસ્થા પ્રમાણે મળેછે જેખરેખર જરૂરી છે કે વેપારી વૃતિ?",તે ખરેખર જરૂરી છે કારણ કે દરેક પ્રાણીની ઉંમર અને તેના જીવનના તબક્કા પ્રમાણે તેની પોષણની જરૂરિયાતો અલગ અલગ હોય છે. ઉદાહરણ તરીકે ગાભણ પશુઓને પાડા માટે વધારાની ઊર્જાની જરૂર પડે છે જ્યારે યુવાનાઓને વિકાસ પામવા અને પ્રજનન માટે યોગ્ય વજન સુધી પહોંચવા માટે ચોક્કસ પોષક તત્વોની જરૂર પડે છે. શું આપને કોઈ અન્ય માહિતીની જરૂર છે?,પાડુ વોડકી દોહણકાળની ગાય અથવા ગર્ભવતી ગાય જેવા જુદા જુદા તબક્કાઓ માટે અલગ અલગ પ્રકારના દાણની જરૂર પડે છે પરંતુ બજારમાં ઉપલબ્ધ દરેક બ્રાન્ડ અથવા નાના ફેરફારોની તમને જરૂર નથી. પશુની તબક્કા અને દૂધના ઉત્પાદન મુજબ એક સારું અને સંતુલિત દાણ પસંદ કરો અને તેનો નિયમિત ઉપયોગ કરો અથવા તમારા સ્થાનિક પશુચિકિત્સક અથવા પોષણ નિષ્ણાતની સલાહ લો.,grammar_fluency_compare,,"Response A is more fluent and grammatically natural overall, even though both are somewhat technical.",3,"Mostly grammatical and understandable, but a few phrases sound slightly unnatural or technical in Gujarati.",2,"Meaning is understandable, but several phrases feel translated and awkward, with less natural sentence flow.",response_a,"Response A is more fluent and grammatically natural overall, even though both are somewhat technical.",2.0903,548,102,650,0.00087
301,2,4.dev_better,chat,4.dev_better,સુમૂલમાંથી લોન મળે છે કે નહીં?,"હા, દૂધ ઉત્પાદકો માટે લોન અને વ્યાજ સહાય યોજનાઓ ઉપલબ્ધ છે. સામાન્ય રીતે લોન બેંકો દ્વારા મંજૂર કરવામાં આવે છે, જ્યારે કેન્દ્ર સરકાર અને રાજ્ય સરકાર વ્યાજ સહાય અને અન્ય સુવિધાઓ પૂરી પાડે છે.

લોન સંબંધિત કેટલીક મહત્વપૂર્ણ વિગતો નીચે મુજબ છે:

*   **લોન માટેની સુવિધા:** અમુક લોન માટે (જેમ કે ₹10 લાખની BOI અથવા ₹5 લાખની HDFC મીની ડેરી યોજના), દૂધ ઉત્પાદક સહકારી મંડળી તમારી દૂધની ચુકવણીમાંથી માસિક હપ્તો આપવા માટે સંમતિ આપે છે.
*   **વ્યાજ સહાય:**
    *   **નાના એકમો (1-10 પશુઓ):** તમે પશુઓ ખરીદવા માટે બેંક લોન પર કુલ **7%** વ્યાજ સહાય મેળવી શકો છો (રાજ્ય સરકાર તરફથી 5% અને જિલ્લા દૂધ ઉત્પાદક મંડળી તરફથી 2%).
    *   **ચોક્કસ એકમનું કદ:** 1 થી 4 પશુઓના એકમ માટે, **100% વ્યાજ સહાય** (12% વાર્ષિક વ્યાજ સુધી) ઉપલબ્ધ થઈ શકે છે.
    *   **સ્વ-રોજગાર યોજનાઓ (12 પશુઓ):** વ્યાજ સહાય શ્રેણી (સામાન્ય, મહિલા, અનુસૂચિત જાતિ, અનુસૂચિત જનજાતિ) ના આધારે **7.5% થી 8.5%** સુધીની હોય છે, અને ગીર/કાંકરેજ જાતિના પશુઓ માટે તે **12%** સુધીની હોઈ શકે છે.
*   **જરૂરીયાતો:** સામાન્ય રીતે, તમારે સહકારી મંડળીના સભ્ય હોવા જોઈએ અને છેલ્લા 6 મહિનાનું કમ્પ્યુટરાઇઝ્ડ દૂધ પાસબુક રજૂ કરવું પડશે. લોનની મંજૂરી તમારા **સિબિલ સ્કોર** પર આધારિત છે.

આ લાભોમાંથી ઘણા માટે, તમે **આઈ-ખેડૂત પોર્ટલ** ([www.ikhedut.gujarat.gov.in](http://www.ikhedut.gujarat.gov.in)) દ્વારા ઓનલાઈન અરજી કરી શકો છો. હું ભલામણ કરું છું કે તમે તમારી સ્થાનિક મંડળી અથવા ડેરી કચેરીનો સંપર્ક કરો જેથી તમને અરજી કરવાની સૌથી નવી પ્રક્રિયા વિશે માહિતી મળી શકે.","માફ કરશો, તમારી પ્રોફાઇલ માટે સુમુલ દ્વારા ચલાવવામાં આવતી લોન યોજનાઓ વિશે મારી પાસે કોઈ માહિતી નથી, કારણ કે તમારી નોંધાયેલ યુનિયન હાલમાં સિસ્ટમમાં ""ડેમો"" તરીકે સેટ કરેલી છે. જો તમે ખાસ કરીને સુમુલ ડેરી તરફથી લોન મેળવવા માંગતા હો, તો કૃપા કરીને તમારી સ્થાનિક સુમુલ સોસાયટી અથવા સુમુલ ડેરી કચેરીનો સીધો સંપર્ક કરો, કારણ કે મારી પાસે તમારા ખાતા માટે તેમની યોજનાઓની વિગતો ઉપલબ્ધ નથી. જો તમને તમારી નોંધાયેલ યુનિયનમાં લોન યોજનાઓ વિશે માહિતી જોઈતી હોય, તો કૃપા કરીને યુનિયનનું નામ જણાવો અથવા તમારી સોસાયટી સાથે તપાસ કરો.",grammar_fluency_compare,,"Response A is slightly more fluent and natural in Gujarati, while Response B sounds more bureaucratic and less conversational.",3,"Grammar is mostly correct and understandable, but the response feels technical and somewhat unnatural in places.",3,"Grammar is correct overall, but the wording is a bit formal and not very natural or friendly.",response_a,"Response A is slightly more fluent and natural in Gujarati, while Response B sounds more bureaucratic and less conversational.",1.857,976,108,1084,0.001218
302,15,4.dev_better,chat,4.dev_better,"એક પુખ્ત ગાયને દરરોજ કેટલો લીલો ચારો, સુકો ચારો અને ખાન દાણ ની જરુર હોય છે?","પુખ્ત વયની ગાય માટે દૈનિક ખોરાકની જરૂરિયાત ગાય દુધ આપે છે કે નહીં અને તેના કુલ દૂધ ઉત્પાદન પર આધાર રાખે છે. આપેલ માર્ગદર્શિકાના આધારે:

### **૧. દુધ આપતી ગાયો માટે**
*   **લીલો ચારો:** સામાન્ય રીતે દરરોજ **૨૦ થી ૨૫ કિલો**. આ વિટામિન એ અને પોષક તત્વોનો પૂરતો પુરવઠો સુનિશ્ચિત કરે છે.
*   **સૂકો ચારો:** પૂરતી માત્રામાં આપો (સામાન્ય રીતે ગાયના કદના આધારે **૫ થી ૧૦ કિલો**), જેથી બીજા દિવસે થોડો ચારો બાકી રહે.
*   **સંકેન્દ્રિત ખોરાક:**
    *   **જાળવણી:** શરીરની જાળવણી માટે દરરોજ **૧ કિલો** સંતુલિત સંકેન્દ્રિત ખોરાક.
    *   **ઉત્પાદન:** **દરેક ૧ કિલો દૂધ ઉત્પાદન માટે વધારાના ૪૦૦ ગ્રામ (૦.૪ કિલો)** સંતુલિત સંકેન્દ્રિત ખોરાક.

### **૨. દુધ ન આપતી ગાયો માટે**
*   **સંકેન્દ્રિત ખોરાક:** **૧ કિલો** સંતુલિત ખોરાક.
*   **લીલો ચારો:** આશરે **૩ કિલો** લીલો ચારો.
*   **સૂકો/ધાન્યનો ખોરાક:** આશરે **૧૦ કિલો** ધાન્યનો ખોરાક (અથવા જો સૂક્ષ્મ પોષક તત્વો અને સખત ચારો ઉપલબ્ધ હોય તો ૫ થી ૭ કિલો).

### **સામાન્ય ખોરાક આપવાની ટિપ્સ:**
*   **ખોરાક આપવાનો ક્રમ:** દૂધ ઉત્પાદન કરતી પ્રાણીઓ માટે, પહેલાં **સંકેન્દ્રિત ખોરાક**, પછી **લીલો ચારો** અને છેલ્લે **સૂકો ચારો** આપો.
*   **સંતુલિત આહાર:** સ્વસ્થ આહારમાં આદર્શ રીતે લીલા અને સૂકા ચારોમાંથી ૨/૩ સૂકી સામગ્રી અને ૧/૩ સંકેન્દ્રિત ખોરાક હોવો જોઈએ.
*   **સપ્લિમેન્ટ:** દરરોજ ખોરાકમાં **૩૦-૫૦ ગ્રામ ખનિજ મિશ્રણ** ભેળવવું સલાહભર્યું છે.","સામાન્ય રીતે, એક પુખ્ત દૂધ આપતી ગાયને દરરોજ નીચે મુજબના પ્રમાણમાં ખોરાકની જરૂર પડે છે:

- લીલો ચારો: ૨૫–૩૦ કિલો
- સૂકો ચારો: ૬–૮ કિલો
- ઘાટો ચારો: ૩–૪ કિલો

આ આંકડાઓ ગાયના વજન, દૂધ ઉત્પાદન અને તેની સ્થિતિ (સામાન્ય અથવા દૂધ આપતી)ના આધારે બદલાઈ શકે છે. વધુ દૂધ આપતી ગાયો માટે, આ પ્રમાણ થોડું વધારે હોઈ શકે છે. હંમેશાં સ્વચ્છ પાણી આપો અને તમારા પશુઓ માટે યોગ્ય ખોરાક વિશે વધુ માહિતી માટે તમારા સ્થાનિક પશુધન અધિકારીની સલાહ લો.",grammar_fluency_compare,,"Response B sounds more natural and fluent in Gujarati, while Response A is more technical and less native-like.",3,"Grammar is mostly correct and understandable, but it is somewhat technical and reads less naturally in places.",4,"The Gujarati is smooth, grammatical, and friendly, with a natural structure that is easy to understand.",response_b,"Response B sounds more natural and fluent in Gujarati, while Response A is more technical and less native-like.",1.7098,1019,109,1128,0.00125475
303,17,4.dev_better,chat,4.dev_better,પૂરતા પ્રમાણમાં ચારો ને દાન આપીએ તો પણ મીનરલ મિક્સર પાવડર આપવો જ પડે?,"જો તમે પૂરતું ચારો અને ઘન ખોરાક આપો છો, તો પણ મિનરલ મિશ્રણ પાવડર આપવું જરૂરી છે.

આનું કારણ એ છે કે જમીનમાં રહેલા ખનિજોની ઘણીવાર અછત હોય છે, એટલે કે તે પૂરતા પ્રમાણમાં તમારા પશુઓ દ્વારા ખાવામાં આવતા ચારામાં સ્થાનાંતરિત થતા નથી. આનાથી પશુઓમાં સતત ખનિજોની ઉણપ રહે છે, જે તેમની વૃદ્ધિ, આરોગ્ય અને દૂધ ઉત્પાદન પર નકારાત્મક અસર કરી શકે છે.

**મિનરલ મિશ્રણ આપવાના મુખ્ય ફાયદા:**
*   **વધુ સારી પ્રજનન ક્ષમતા:** વધુ સારી પ્રજનન ક્ષમતા, યુવાન牝ઢોર/બચ્ચાંમાં સમયસર માસિક ચક્ર (એસ્ટ્રસ), અને વારંવાર થતી પ્રજનન સંબંધિત સમસ્યાઓમાં ઘટાડો.
*   **વધુ ઉત્પાદકતા:** દૂધ ઉત્પાદનમાં વધારો અને બચ્ચાં પાડવાના સમયગાળામાં ઘટાડો.
*   **વધુ સારું આરોગ્ય:** રોગો સામે રોગપ્રતિકારક શક્તિમાં વધારો, બચ્ચાંના મૃત્યુદરમાં ઘટાડો અને દૂધ તાવ જેવી ચયાપચયની બિમારીઓથી રક્ષણ.
*   **વૃદ્ધિ:** યુવાન પશુઓ અને બચ્ચાં માટે ઝડપી વૃદ્ધિ દર.

**ખોરાક આપવાની માર્ગદર્શિકા:**
*   **દૈનિક ડોઝ:** તંદુરસ્ત પુખ્ત વયના પશુઓ માટે, સામાન્ય રીતે દરરોજ **30 થી 50 ગ્રામ** મિનરલ મિશ્રણ પાવડર આપવાની ભલામણ કરવામાં આવે છે. યુવાન牝ઢોર અથવા બચ્ચાં માટે, સામાન્ય રીતે **15 થી 25 ગ્રામ** આપવાની સલાહ આપવામાં આવે છે.
*   **કેવી રીતે આપવું:** તમે પાવડરને સીધો ઘન ખોરાકમાં મિક્સ કરી શકો છો. જો તમે કોઈ સહકારી સંસ્થા પાસેથી સંતુલિત સંયોજન ખોરાકનો ઉપયોગ કરી રહ્યા છો, તો તપાસો કે તેમાં પહેલેથી જ ખનિજો છે કે નહીં; જો ન હોય, તો તેને અલગથી ઉમેરો.

તમારા પશુના દૂધ ઉત્પાદન અને વજન અનુસાર યોગ્ય ડોઝ માટે, તમારા સ્થાનિક પશુચિકિત્સક અથવા પશુપાલન અધિકારીની સલાહ લેવાની ભલામણ કરવામાં આવે છે.","હા, તમારા પશુઓને પૂરતા પ્રમાણમાં ચારો અને અનાજ આપતા હોવ તો પણ તેમને મિનરલ મિશ્રણ પાવડર આપવું જરૂરી છે. માત્ર ચારો અને અનાજ પૂરતા પ્રમાણમાં ન હોવાથી પશુઓને સારી તંદુરસ્તી, દૂધ ઉત્પાદન, પ્રજનન ક્ષમતા અને વૃદ્ધિ માટે જરૂરી તમામ ખનિજો પૂરા પાડતા નથી. મિનરલ મિશ્રણ કેલ્શિયમ, ફોસ્ફરસ, મીઠું, અને ટ્રેસ એલિમેન્ટ્સ (જેમ કે ઝીંક, કોપર, કોબાલ્ટ વગેરે) જેવા મહત્વપૂર્ણ ખનિજો પૂરા પાડે છે, જે સામાન્ય રીતે નિયમિત ચારામાં ઓછી માત્રામાં હોય છે અથવા અસંતુલિત હોય છે. મિનરલ મિશ્રણનો નિયમિત ઉપયોગ આરોગ્ય સંબંધિત સમસ્યાઓ અને પ્રજનન સંબંધિત સમસ્યાઓને અટકાવવામાં મદદ કરે છે, અને દૂધનું ઉત્પાદન અને પશુઓની રોગપ્રતિકારક શક્તિ વધારે છે. ચોક્કસ ડોઝ માટે, હંમેશા ઉત્પાદન પર આપેલી સૂચનાઓનું પાલન કરો અથવા તમારા સ્થાનિક પશુચિકિત્સક અથવા ડેરી નિષ્ણાતની સલાહ લો.",grammar_fluency_compare,,"Response B reads more naturally and fluently in Gujarati, while Response A is correct but slightly less natural and more technical.",3,"Mostly grammatical and understandable, but it feels somewhat technical and includes a few unnatural phrases and formatting issues.",4,"Grammatically smooth, natural, and friendly overall, with clear structure and good readability.",response_b,"Response B reads more naturally and fluently in Gujarati, while Response A is correct but slightly less natural and more technical.",6.0142,1119,111,1230,0.00133875
304,18,4.dev_better,chat,4.dev_better,બારેમાસ ચારા માટે પિયત જમીન માં કયો ચારો વધારે સારો રહે?,"સતત ચરાઈ અને સિંચિત જમીનમાં ચારોના ઉત્પાદન માટે, **હાઇબ્રિડ નેપિયર (બાજરાની ઘાસ)** એ શ્રેષ્ઠ વિકલ્પોમાંનું એક છે. તે એક ઊંચું, ઝડપથી વિકસતું બહુવર્ષીય ઘાસ છે જે સિંચિત વિસ્તારોમાં વર્ષભર ઉગાડી શકાય છે. તે પૌષ્ટિક (10% પ્રોટીન ધરાવે છે), રસદાર અને સ્વાદિષ્ટ છે.

તમારા ચોક્કસ ધ્યેયોના આધારે, તમે આ વિકલ્પો ધ્યાનમાં લઈ શકો છો:

*   **સતત પુરવઠા માટે:**
    *   **હાઇબ્રિડ નેપિયર:** જો સિંચાઈ ઉપલબ્ધ હોય તો વર્ષના કોઈપણ સમયે વાવી શકાય છે અને દર 45-60 દિવસે લણણી સાથે સતત ચારો પૂરો પાડે છે.
    *   **લુસર્ન (રાજકો):** આ એક ઉચ્ચ-પ્રોટીન (18-22% ક્રુડ પ્રોટીન) ધરાવતું કઠોળવાળું ચારો છે જે 3-4 વર્ષ સુધી પૌષ્ટિક ચારો પૂરો પાડી શકે છે. તે સિંચિત વિસ્તારો માટે સારી રીતે અનુકૂળ છે અને દૂધના ઉત્પાદનમાં મદદ કરે છે.

*   **મોસમી રોટેશન માટે (સંતુલિત પોષણ સુનિશ્ચિત કરવા):**
    *   **ઉનાળો અને ચોમાસુ:** મકાઈ, જુવાર અને ચોળી ઉત્તમ છે. ચોળી ખાસ કરીને અનાજ સાથે મિશ્ર પાક તરીકે ઉપયોગી છે.
    *   **શિયાળો:** ઓટ્સ અને બરસીમની ભલામણ કરવામાં આવે છે.

**વર્ષભર ઉપલબ્ધતા માટેની ઉપયોગી ટીપ:**
સૂકા સમયગાળા દરમિયાન અછત ટાળવા માટે, ચોમાસા દરમિયાન વધુ મકાઈ અથવા જુવારની ખેતી કરવાની અને તેને **સિલેજ** માં રૂપાંતરિત કરવાની ભલામણ કરવામાં આવે છે. આ લીલા ચારોને રસદાર સ્વરૂપમાં સાચવે છે, જેથી તાજો ચારો ઉપલબ્ધ ન હોય ત્યારે પણ તમારા પશુઓને ઉચ્ચ-ગુણવત્તાવાળો ખોરાક મળી રહે.","સિંચાઈવાળી જમીનમાં આખું વર્ષ લીલો ચારો મળી રહે તે માટે, હાઇબ્રિડ નેપિયર (બીએન હાઇબ્રિડ, દા.ત., સીઓ-3 અથવા સીઓ-4) જેવા બહુવિધ વાર કાપી શકાય તેવા ઘાસ શ્રેષ્ઠ વિકલ્પ છે, જે આખું વર્ષ નિયમિત રીતે ચારો પૂરો પાડે છે. તમે શિયાળામાં લ્યુસર્ન (અલ્ફાલ્ફા) અને બર્સીમ જેવા કઠોળવાળા ચારો સાથે વાવેતર પણ કરી શકો છો, જેથી પ્રોટીનયુક્ત આહાર મળી રહે. આ બધાને જોડીને વાવવાથી તમારા પશુઓ માટે સતત અને ઉચ્ચ ગુણવત્તાવાળો ચારો મળી રહે છે. તમારા વિસ્તારની જમીન અને આબોહવાને અનુરૂપ પાકની પસંદગી કરવા માટે તમારા સ્થાનિક કૃષિ અથવા ડેરી વિસ્તરણ અધિકારીની સલાહ લો.",grammar_fluency_compare,,"Both responses are equally fluent and grammatically sound, with no meaningful difference in grammar quality.",4,Grammatically correct Gujarati with natural flow and clear structure; friendly and easy to understand.,4,"Also grammatically correct and natural Gujarati, with a friendly tone and smooth phrasing.",both,"Both responses are equally fluent and grammatically sound, with no meaningful difference in grammar quality.",1.9211,992,101,1093,0.0011985
305,20,4.dev_better,chat,4.dev_better,સાયલેજ ક્યા ક્યા ઘાસચારા માંથી બને છે?,"ઘણા પ્રકારના લીલા ચારાનો ઉપયોગ સિલેજ બનાવવા માટે કરી શકાય છે, પરંતુ જે ચારામાં દ્રાવ્ય કાર્બોહાઇડ્રેટ્સ (ખાંડ)નું પ્રમાણ વધુ હોય છે, તે ઉચ્ચ ગુણવત્તાવાળું સિલેજ બનાવવા માટે સૌથી યોગ્ય છે.

**૧. સૌથી યોગ્ય (ઉચ્ચ કાર્બોહાઇડ્રેટ ધરાવતા) પાકો:**
*   **ધાન્ય ચારો:** મકાઈ, જુવાર, બાજરી, ઓટ્સ અને જવ.
*   **વર્ષાયુ ઘાસ:** હાઇબ્રિડ નેપિયર, ગિની ઘાસ, કોઈમ્બતુર ઘાસ અને પારા ઘાસ.

**૨. અન્ય ઉપયોગી ચારો:**
*   **ઉપયોગમાં ન લેવાયેલ લીલો ચારો:** શેરડીના પાંદડા, જંગલી ઘાસ (*કુવાડિયા*), *ઝાંઝવો* (જુવારનો દાંડો) અને *ધમણ* (સેન્ચરસ સિલિયારિસ).
*   **કઠોળવાળો ચારો:** બરસીમ અને લ્યુસર્ન (અલ્ફાલ્ફા). નોંધ કરો કે કઠોળવાળો ચારો એકલો ઉચ્ચ ગુણવત્તાવાળું સિલેજ ઉત્પન્ન કરી શકતો નથી કારણ કે તેમાં કાર્બોહાઇડ્રેટનું પ્રમાણ ઓછું હોય છે; તેથી તેને યોગ્ય પ્રમાણમાં ધાન્ય પાકો સાથે ભેળવવું શ્રેષ્ઠ છે.

**ઉચ્ચ ગુણવત્તાવાળા સિલેજ માટેની મહત્વપૂર્ણ ટિપ્સ:**
*   **કાપણીનો તબક્કો:** મકાઈ, જુવાર અને ઓટ્સ માટે, જ્યારે ૫૦% દાણા દૂધ જેવા તબક્કામાં હોય (અથવા દૂધથી કઠણ થવાના તબક્કામાં હોય) ત્યારે કાપણી કરો.
*   **ભેજનું પ્રમાણ:** ચારામાં ભેજનું આદર્શ પ્રમાણ ૬૫% થી ૭૫% ની વચ્ચે હોવું જોઈએ.","સામાન્ય રીતે, મકાઈ (ભટ્ટા), જુવાર, ઓટ્સ, બાજરી અને હાઇબ્રિડ નેપિયર ઘાસ જેવા ઊંચું ઉત્પાદન આપતા, ઝડપથી વિકસતા લીલા ઘાસનો ઉપયોગ સિલેજ બનાવવા માટે થાય છે. આ ઘાસો ખાંડ અને ભેજથી ભરપૂર હોય છે, જે સિલેજ બનાવવાની પ્રક્રિયા દરમિયાન યોગ્ય આથો લાવવા માટે જરૂરી છે. કેટલાક ખેડૂતો વધુ સારા પોષક તત્ત્વો માટે આ પાકોનું મિશ્રણ પણ વાપરે છે. હંમેશાં એ સુનિશ્ચિત કરો કે ઘાસ યોગ્ય સમયે (સામાન્ય રીતે મકાઈ અને તેના જેવા પાકો માટે શરૂઆતના દૂધ જેવા તબક્કામાં) કાપવામાં આવે, જેથી પોષક તત્ત્વોથી ભરપૂર સિલેજ મળી શકે. શ્રેષ્ઠ પરિણામો માટે, તમારા વિસ્તાર માટે સૌથી યોગ્ય ઘાસ પસંદ કરવા માટે તમારા સ્થાનિક કૃષિ વિસ્તરણ અધિકારી અથવા ડેરી નિષ્ણાતની સલાહ લો.",grammar_fluency_compare,,Both responses are fluent and grammatically sound; neither has a clear advantage in grammar_fluency.,4,Grammatically correct Gujarati with natural structure and clear phrasing.,4,"Also grammatically correct and fluent, with a friendly, natural tone.",both,Both responses are fluent and grammatically sound; neither has a clear advantage in grammar_fluency.,1.7961,954,95,1049,0.001143
306,21,4.dev_better,chat,4.dev_better,સાયલેજ ખવડાવવાના ફાયદા શું છે?,"ચારો તરીકે સિલેજ આપવાથી પશુઓ અને ખેતર વ્યવસ્થાપન માટે ઘણા મહત્વપૂર્ણ ફાયદા થાય છે:

### **પશુઓનું સ્વાસ્થ્ય અને ઉત્પાદકતા**
*   **વધુ સારું પોષણ:** સિલેજ સૂકા ચારા કરતાં વધુ સારી રીતે પોષક તત્વોને જાળવી રાખે છે, ખાસ કરીને **કેરોટીન (વિટામિન એ)**નું રક્ષણ કરે છે. તે પ્રોટીન, ખનિજો અને વિટામિન્સથી ભરપૂર હોય છે.
*   **વધુ સારી પાચનક્રિયા:** આથો લાવવાની પ્રક્રિયા ચારાની **પાચનક્ષમતા અને સ્વાદને વધારે** છે, જેનાથી તે પશુઓ માટે વધુ આકર્ષક અને પચવામાં સરળ બને છે.
*   **વધારે ઉત્પાદન:** તે પશુઓના સ્વાસ્થ્ય, વૃદ્ધિ, દૂધ ઉત્પાદન અને પ્રજનન ક્ષમતામાં સુધારો લાવે છે.
*   **રોગ નિયંત્રણ:** સિલેજ બનાવવાની પ્રક્રિયા દરમિયાન લીલા ચારામાં રહેલા પરોપજીવી જીવાણુઓને નાશ પાડીને પરોપજીવી રોગોને નિયંત્રિત કરવામાં મદદ કરે છે.

### **ખેતર અને સંસાધન વ્યવસ્થાપન**
*   **વર્ષભર પુરવઠો:** તે દુષ્કાળ અથવા સિંચાઈની સુવિધા ન હોય તેવા વિસ્તારોમાં પણ ઉચ્ચ ગુણવત્તાવાળા લીલા ચારાનો સતત પુરવઠો સુનિશ્ચિત કરે છે.
*   **ઓછો બગાડ:** વરસાદની ઋતુમાં વધારાના લીલા ચારાને બગાડવાને બદલે સાચવી શકાય છે.
*   **જમીનની કાર્યક્ષમતા:** સિલેજ પાક વહેલો લણવામાં આવે છે, તેથી ખેડૂતો એ જ જમીન પર અન્ય પાક ઉગાડી શકે છે, જેનાથી તેઓ પ્રતિ એકરમાં વધુ પશુઓ રાખી શકે છે.
*   **શ્રમ બચત:** તૈયાર સિલેજનો ઉપયોગ કરવાથી (ખાસ કરીને બેલ્સમાં) તાજા લીલા ચારાને કાપવા અને ખવડાવવા માટે જરૂરી દૈનિક શ્રમ ઓછો થાય છે.

### **સંગ્રહ અને ખર્ચના ફાયદા**
*   **ઓછી જગ્યા અને સલામતી:** સિલેજને સંગ્રહિત કરવા માટે સૂકા ચારા કરતાં **ઓછી જગ્યાની જરૂર પડે છે** અને સૂકા ચારાના સંગ્રહની જેમ તેમાં **આગ લાગવાનું જોખમ રહેતું નથી**.
*   **ખર્ચ-અસરકારક:** તે સમગ્ર વર્ષ દરમિયાન ગુણવત્તાયુક્ત ચારો સુનિશ્ચિત કરવાનો એક સસ્તો રસ્તો છે. કેટલાક કિસ્સાઓમાં, ચોક્કસ માત્રામાં સિલેજ મોંઘા સૂકા ચારાનો નોંધપાત્ર હિસ્સો બદલી શકે છે.","સિલેજ ખવડાવવાથી ડેરી અને પશુપાલન ખેડૂતોને ઘણા ફાયદા થાય છે:

૧. સિલેજ એ પૌષ્ટિક, ઊર્જાથી ભરપૂર ખોરાક છે જે આખું વર્ષ ઉપલબ્ધ હોય છે, પછી ભલે તે શુષ્ક કે ચારાની અછતવાળા સમયગાળામાં હોય.
૨. તે પુષ્કળ પ્રમાણમાં ઉપલબ્ધ હોય ત્યારે લીલા ચારાને સાચવવામાં મદદ કરે છે, જેનાથી બગાડ ઓછો થાય છે.
૩. સિલેજ પાચનક્રિયા અને સ્વાદમાં સુધારો થવાથી પશુઓના દૂધનું ઉત્પાદન અને એકંદર આરોગ્ય વધારે છે.
૪. તેનાથી દૈનિક ચારો કાપવા માટે જરૂરી સમય અને શ્રમ બચે છે.
૫. સિલેજમાં થતી આથોની પ્રક્રિયા કેટલાક પોષક તત્વોને વધુ ઉપલબ્ધ બનાવે છે અને કેટલાક છોડના ઝેરી તત્વોને ઘટાડવામાં મદદ કરે છે.

સિલેજને બગડતું અને તેમાં ફૂગ ન લાગે તે માટે યોગ્ય રીતે તૈયાર કરવું અને સંગ્રહિત કરવું જરૂરી છે. શ્રેષ્ઠ પરિણામો માટે તમારા સ્થાનિક પશુ નિષ્ણાત સાથે ચારાના પ્રમાણ વિશે ચર્ચા કરો.",grammar_fluency_compare,,"Response B sounds more natural and concise in Gujarati, with smoother structure and a friendlier tone.",3,"Mostly grammatical and understandable Gujarati, but it reads a bit technical and list-like rather than fully natural and friendly.",4,"Clear, fluent, and grammatically natural Gujarati with a friendly tone that is easy for farmers to understand.",response_b,"Response B sounds more natural and concise in Gujarati, with smoother structure and a friendlier tone.",1.9225,1190,111,1301,0.001392
307,22,4.dev_better,chat,4.dev_better,ગયો ભેસોના દુધમાં એસ એન એફ નો પ્રશ્ન હોય તો કયોખોરાક અપાય?,"ભૈંસના દૂધમાં SNF (સોલિડ-નોટ-ફેટ) વધારવા માટે, તમે નીચેના ખોરાક અને પૂરક પદાર્થોનો ઉપયોગ કરી શકો છો:

**1. વિશિષ્ટ પૂરક પદાર્થો**
*   **અમૂલ એસએનએફ વૃદ્ધિ:** ખાસ કરીને ઓછા એસએનએફવાળા પ્રાણીઓ માટે બનાવેલ છે.
    *   **ખોરાક આપવાનો સમયપત્રક:** પ્રથમ અઠવાડિયા માટે દરરોજ પ્રતિ પ્રાણી 150-200 ગ્રામ આપો, પછી નિયમિતપણે 100 ગ્રામ આપવાનું ચાલુ રાખો. બધા પ્રાણીઓમાં એસએનએફ જાળવવા માટે, દરરોજ 50 ગ્રામ આપવાની ભલામણ કરવામાં આવે છે.
*   **અમૂલ મિલ્ક-ઓ-ગોલ્ડ (ચીલેટેડ મિનરલ મિશ્રણ):** આ એસએનએફ, ચરબી અને એકંદર દૂધ ઉત્પાદનમાં સુધારો કરવામાં મદદ કરે છે.
    *   **ખોરાક આપવાનો સમયપત્રક:** મોટા પ્રાણીઓ માટે દરરોજ 50 થી 100 ગ્રામ.

**2. ભલામણ કરેલ ખોરાક ઉમેરણો**
*   **બાયપાસ પ્રોટીન અને બાયપાસ ફેટ:** વધુ ઉત્પાદન આપતા પ્રાણીઓમાં, દરરોજ 1 થી 2 કિલો બાયપાસ પ્રોટીન આપવાથી દૂધ ઉત્પાદન, ચરબી અને એસએનએફ વધારી શકાય છે.
*   **મિનરલ મિશ્રણ અને મીઠું:** પૂરતા પ્રમાણમાં મિનરલ મિશ્રણ અને સામાન્ય મીઠું આપવાનું સુનિશ્ચિત કરો.
*   **બેકિંગ સોડા (સોડિયમ બાયકાર્બોનેટ):** રૂમેન પીએચને નિયંત્રિત કરવામાં અને એસએનએફ સુધારવામાં મદદ કરવા માટે મીઠું સાથે બેકિંગ સોડા આપો.

**એસએનએફ સુધારણા માટે સારાંશ ચેકલિસ્ટ:**
*   મિનરલ મિશ્રણ (પૂરતું પ્રમાણ)
*   બાયપાસ પ્રોટીન
*   બાયપાસ ફેટ
*   બેકિંગ સોડા + મીઠું","ભ ભેંસોના દૂધમાં SNF (સોલિડ્સ-નોટ-ફેટ) વધારવા માટે, ખાતરી કરો કે પ્રાણીઓને સંતુલિત અને ઉચ્ચ ગુણવત્તાવાળો ખોરાક મળે. લીલા ચારાનું પ્રમાણ વધારો, સારી ગુણવત્તાવાળો સૂકો ચારો (જેમ કે ઘઉં અથવા ચણાનો દાણો) આપો અને ઊર્જાથી ભરપૂર ખોરાક જેમ કે મકાઈ, જવ અથવા ઘઉં આપો. તેલના પદાર્થો (કપાસના બીજ, મગફળી અથવા સોયાબીનનો પદાર્થ) જેવા પ્રોટીન સ્ત્રોતો ઉમેરો અને ખાતરી કરો કે પ્રાણીઓને ખનિજ મિશ્રણ અને મીઠું મળી રહે. નબળી ગુણવત્તાવાળો અથવા જૂનો સૂકો ચારો આપવાનું ટાળો, કારણ કે તેનાથી SNF ઘટે છે. પાણીનો યોગ્ય પુરવઠો જાળવો અને પ્રાણીઓનું એકંદર સ્વાસ્થ્ય જાળવો, કારણ કે બીમારીથી પણ SNF ઘટી શકે છે. તમારા વિસ્તાર અને પ્રાણીઓ માટે યોગ્ય હોય તેવા ખોરાકની ફોર્મ્યુલેશન માટે તમારા સ્થાનિક પોષણ નિષ્ણાત અથવા પશુચિકિત્સકની સલાહ લો.",grammar_fluency_compare,,"Response A is more structured and grammatically smoother overall, even though it is somewhat technical.",3,"Mostly grammatical and understandable, but it sounds technical and a bit unnatural in places.",2,"Generally understandable, but it has a noticeable typo at the start and reads more like a direct translation.",response_a,"Response A is more structured and grammatically smoother overall, even though it is somewhat technical.",1.7726,1085,103,1188,0.00127725
308,24,4.dev_better,chat,4.dev_better,ખનિજ મિશ્રણ આપવું જરૂરી છે?,"પશુઓને ખનિજ મિશ્રણ આપવું ખૂબ જ જરૂરી છે. કારણ કે પ્રાણીઓ જાતે ખનિજો ઉત્પન્ન કરી શકતા નથી, તેથી તેઓએ તે તેમના આહારમાંથી મેળવવા જોઈએ. જો જમીન અથવા ખોરાકમાં આ આવશ્યક તત્વોનો અભાવ હોય, તો પશુઓ સ્વસ્થ અને ઉત્પાદક રહે તે સુનિશ્ચિત કરવા માટે પૂરક આહારની જરૂર પડે છે.

ખનિજ મિશ્રણ આપવાથી ઘણા મહત્વપૂર્ણ ફાયદા થાય છે:
*   **ઉત્પાદન અને વૃદ્ધિ:** તે દૂધનું ઉત્પાદન વધારે છે, બચ્ચાંની વૃદ્ધિમાં મદદ કરે છે અને પશુના એકંદર ઉત્પાદક આયુષ્યમાં વધારો કરે છે.
*   **પ્રજનન:** તે નર અને માદા બંનેમાં પ્રજનન કાર્યક્ષમતામાં સુધારો કરે છે, બચ્ચાં વચ્ચેના સમયગાળાને ઘટાડે છે અને સ્વસ્થ બચ્ચાંના જન્મની ખાતરી કરે છે.
*   **સ્વાસ્થ્ય અને પાચન:** તે પશુની રોગો સામે પ્રતિકારક શક્તિ વધારે છે, ખોરાકની પાચનક્રિયામાં સુધારો કરે છે અને ગંભીર પ્રજનન વિકારો જેમ કે પ્લેસેન્ટા જાળવી રાખવું, ડિસ્ટોસિયા (બચ્ચાંને જન્મ આપવામાં મુશ્કેલી) અને પ્રોલેપ્સને અટકાવે છે.

તમારા પશુઓ માટે યોગ્ય ડોઝ અથવા યોગ્ય પ્રકારના ખનિજ મિશ્રણ માટે, તમારા સ્થાનિક પશુચિકિત્સક અથવા પશુપાલન અધિકારીની સલાહ લેવાની ભલામણ કરવામાં આવે છે.","હા, દૂધાળાં પશુઓ માટે ખનિજ મિશ્રણ આપવું જરૂરી છે. ખનિજો પશુઓના સ્વાસ્થ્યને જાળવવામાં, દૂધ ઉત્પાદનમાં સુધારો કરવામાં અને પ્રજનન અને રોગપ્રતિકારક શક્તિને ટેકો આપવામાં મહત્વપૂર્ણ ભૂમિકા ભજવે છે. ખનિજોની ઉણપને કારણે દૂધનું ઓછું ઉત્પાદન, નબળી પ્રજનન ક્ષમતા અને રોગો જેવી સમસ્યાઓ થઈ શકે છે. પશુઓની જરૂરિયાત અને સ્થાનિક પશુચિકિત્સકની સલાહ મુજબ, દૈનિક ખોરાકમાં યોગ્ય માત્રામાં ખનિજ મિશ્રણ ઉમેરવાની ભલામણ કરવામાં આવે છે.",grammar_fluency_compare,,"Both are fluent, but Response B is more concise and reads slightly more naturally for a farmer-friendly answer.",4,"Grammatically correct, natural Gujarati, and friendly overall.",4,"Grammatically correct and natural, with a clear friendly tone.",response_b,"Both are fluent, but Response B is more concise and reads slightly more naturally for a farmer-friendly answer.",2.2571,811,95,906,0.00103575
309,31,4.dev_better,chat,4.dev_better,ચાચર/માકડ/જૂગોડા (ringworm/ticks/lice) માટે દવા શું?,"પશુઓમાં જીવાત (બાહ્ય પરોપજીવી) જેવા કે ટિક અને લાઈસને નિયંત્રિત કરવા માટે, તમે નીચેના વિકલ્પોનો ઉપયોગ કરી શકો છો:

### **ભલામણ કરેલ દવાઓ અને ઉત્પાદનો**
*   **અમૂલ બોડી ગાર્ડ સ્પ્રે:** આ એક વિશિષ્ટ સ્પ્રે છે, જેનો ઉપયોગ પશુઓના શરીર પરના ટિક, માઈટ્સ, લાઈસ અને માખીઓને નિયંત્રિત કરવા માટે થાય છે.
*   **જંતુનાશક દવાઓ:** સાયપરમેથ્રિન, ડેલ્ટામેથ્રિન, ફ્લુમેથ્રિન અને બ્યુટોક્સ જેવી દવાઓનો ઉપયોગ થાય છે.
    *   **મિશ્રણનું પ્રમાણ:** કેટલીક જંતુનાશક દવાઓ માટે, સામાન્ય માર્ગદર્શિકા એ છે કે **1 લિટર પાણીમાં 3 મિલી જંતુનાશક દવા મિક્સ કરો** અને સ્પ્રે કરો.
    *   **ઉપયોગ કરવાની રીત:** સાયપરમેથ્રિનને પશુના કરોડરજ્જુની સાથે એક લાઈનમાં લગાડવાથી ટિક દૂર કરવામાં મદદ મળી શકે છે.

### **મહત્વપૂર્ણ સાવચેતીઓ**
*   **સંવેદનશીલ વિસ્તારોથી દૂર રાખો:** દવાને સીધી પશુની આંખો અથવા નાક પર સ્પ્રે કરશો નહીં.
*   **ચાટતા અટકાવો:** સ્પ્રે કર્યા પછી એક કલાક માટે પશુને બાંધો જેથી તે દવાને ચાટી ન શકે.
*   **પર્યાવરણીય કાળજી:** સ્પ્રે કરતા પહેલા તે વિસ્તારમાંથી ચારો દૂર કરો અને જગ્યાને સાફ કરો.
*   **પુનરાવર્તિત સારવાર:** જો જીવાતનું પ્રમાણ વધારે હોય, તો અઠવાડિયાના અંતરાલે 2-3 વાર સ્પ્રેનું પુનરાવર્તન કરો.

### **નિવારણ અને આશ્રયસ્થાન વ્યવસ્થાપન**
*   **સ્વચ્છતા:** પશુના રહેવાના વિસ્તારને સ્વચ્છ રાખો અને આશ્રયસ્થાનની આસપાસની બિનજરૂરી ઘાસને દૂર કરો, જ્યાં જીવાત છુપાય છે.
*   **આશ્રયસ્થાનની જાળવણી:** શેડની દિવાલો અને ફ્લોર પરના તિરાડોને ઠીક કરો, કારણ કે જીવાત આ તિરાડોમાં છુપાય છે. તમે સીધા આ તિરાડોમાં દવા સ્પ્રે કરી શકો છો.
*   **જમીનની સારવાર:** લાઈસને દૂર કરવા માટે, તમે ફ્લોર પરથી લગભગ એક હાથની ઊંડાઈ જેટલી જમીન ખોદી શકો છો, તેને ઘાસ સાથે બાળી શકો છો, દવા સ્પ્રે કરી શકો છો અને પછી તાજી જમીનથી બદલી શકો છો.

**નોંધ:** આ દવાઓનો વધુ પડતો ઉપયોગ કરવાથી ત્વચામાં બળતરા થઈ શકે છે, તેથી કૃપા કરીને તમારા સ્થાનિક પશુચિકિત્સકની સલાહ લો અને તમારા પશુની ચોક્કસ સ્થિતિ માટે યોગ્ય ડોઝ અને દવા વિશે જાણો.","ગાયોમાં થતી રિંગવોર્મ (ફંગલ ઇન્ફેક્શન), ટિક્સ અને જીઉં માટે:

- રિંગવોર્મ માટે: આ એક ફંગલ રોગ છે. સામાન્ય રીતે, આ માટે ચોક્કસ એન્ટિફંગલ દવાઓની જરૂર પડે છે, તેથી યોગ્ય દવા અને ડોઝ માટે પશુચિકિત્સકની સલાહ લેવી જોઈએ.
- ટિક્સ અને જીઉં માટે: આને નિયંત્રિત કરવાનો શ્રેષ્ઠ માર્ગ એ છે કે પશુચિકિત્સકની દેખરેખ હેઠળ પશુ અને પશુચોરા પર ટિક્સ/જીઉં મારતી જંતુનાશક દવાઓનો છંટકાવ કરવો. માનવીય દવાઓ અથવા ઘરેલું ઉપાયોનો ઉપયોગ કરશો નહીં - ખોટી સારવારથી તમારા પશુઓને નુકસાન થઈ શકે છે.
- ટિક્સ અને જીઉંને દૂર કરવા અને તેને નિયંત્રિત કરવાથી આ પરોપજીવી દ્વારા ફેલાતા ગંભીર રોગોને રોકવામાં પણ મદદ મળે છે.

તમારા પશુઓ માટે સૌથી સલામત અને અસરકારક સારવાર નક્કી કરવા માટે હંમેશા પશુચિકિત્સકની સલાહ લો. વહેલી અને યોગ્ય સારવાર શ્રેષ્ઠ પરિણામો આપે છે. નિષ્ણાતની સલાહ વિના કોઈપણ દવાનો ઉપયોગ કરશો નહીં.

સ્રોત: બનાસ ડેરી, અમૂલ પશુચિકિત્સા પ્રકાશન.",grammar_fluency_compare,,"Response B is slightly more concise and natural overall, with fewer awkward constructions than Response A.",3,"Mostly grammatical and understandable Gujarati, but it sounds somewhat technical and a bit unnatural in places.",3,"Generally correct and readable Gujarati, though some phrasing feels translated and not fully natural.",response_b,"Response B is slightly more concise and natural overall, with fewer awkward constructions than Response A.",2.9128,1322,102,1424,0.0014505
310,33,4.dev_better,chat,4.dev_better,ગાયમાં વારંવાર ડિસ્ચાર્જ/ઝાડા જેવું નીકળે અને પાથરી/જોર કરે તો શું કરવું?,"એવું લાગે છે કે તમારા પ્રાણીને તબીબી સારવારની જરૂર પડી શકે છે. શું તમે હેલ્થ કૉલ બુક કરવા માંગો છો?

તમે વર્ણવેલા લક્ષણોના આધારે, આ થોડી અલગ પરિસ્થિતિઓ સાથે સંબંધિત હોઈ શકે છે:

1.  **ગર્ભાશયનું ચેપ:** જો ""સ્ત્રાવ"" યોનિમાંથી આવી રહ્યો હોય, તો તે ગર્ભાશયનો બેક્ટેરિયલ ચેપ હોઈ શકે છે. લક્ષણોમાં દુર્ગંધવાળો, લાલ-ભૂરો સ્ત્રાવ અને પ્રાણી વારંવાર તેને બહાર કાઢવાનો પ્રયાસ કરે છે. આવા કિસ્સાઓમાં, પ્રાણીને સ્વચ્છ, સૂકી જગ્યાએ અલગ રાખવું જોઈએ અને સારવાર માટે પશુચિકિત્સકની સલાહ લેવી જોઈએ (જેમ કે એન્ટિસેપ્ટિક દ્રાવણો અથવા ઓક્સીટોસિન જેવી ઇન્જેક્શનનો ઉપયોગ કરવો).
2.  **પાચન સંબંધિત સમસ્યાઓ (ઝાડા):** જો મળ પાતળો, ચીકણો અને દુર્ગંધવાળો હોય, તો તે પરોપજીવી અથવા એસિડોસિસ (વધુ પડતું અનાજ ખાવાથી)ને કારણે હોઈ શકે છે.
3.  **અન્ય સમસ્યાઓ:** તાણ અને બેચેની એ ગંભીર પેટનું ફૂલવું અથવા ગર્ભપાતની શરૂઆતનાં લક્ષણો પણ હોઈ શકે છે.

કારણ કે આ લક્ષણો વિવિધ સ્વાસ્થ્ય સમસ્યાઓમાં એકસરખા હોઈ શકે છે, તેથી યોગ્ય સારવાર સુનિશ્ચિત કરવા માટે પશુચિકિત્સક દ્વારા ગાયની તપાસ કરાવવી ખૂબ જ મહત્વપૂર્ણ છે.","જો ગાયને વારંવાર યોનિમાર્ગમાંથી પ્રવાહી નીકળતું હોય અથવા જાડું, ચીકણું પ્રવાહી નીકળતું હોય, અને તેને મળ ત્યાગ કરવામાં તકલીફ થતી હોય અથવા તે માટે વધુ પ્રયત્નો કરવા પડતા હોય, તો તે ગંભીર પ્રજનન અથવા પાચન સંબંધિત સમસ્યાનું લક્ષણ હોઈ શકે છે, જેમ કે ગર્ભાશયનું ચેપ (મેટ્રાઇટિસ), યોનિમાર્ગ બહાર નીકળવું અથવા પાચનતંત્રમાં અવરોધ. આ લક્ષણોને તાત્કાલિક પશુચિકિત્સાની સારવારની જરૂર છે, કારણ કે તે ઝડપથી જીવલેણ બની શકે છે.

એવું લાગે છે કે તમારા પશુને તબીબી સારવારની જરૂર પડી શકે છે. શું તમે હેલ્થ કૉલ બુક કરવા માંગો છો?",grammar_fluency_compare,,"Response B is more concise and flows a bit more naturally in Gujarati, even though both are similarly technical.",3,"Mostly grammatically correct Gujarati, but it reads somewhat technical and less natural/friendly in places.",3,"Grammar is generally correct, but the wording is a bit stiff and medical, so it sounds less natural.",response_b,"Response B is more concise and flows a bit more naturally in Gujarati, even though both are similarly technical.",2.0447,871,110,981,0.00114825
311,37,4.dev_better,chat,4.dev_better,બકરીઓમાં કયા રોગો જોવા મળે છે?,"બકરીઓમાં સામાન્ય રીતે જોવા મળતી સામાન્ય બીમારીઓ આ પ્રમાણે છે:

*   **ગંભીર વાયરલ અને બેક્ટેરિયલ રોગો:**
    *   **પીપીઆર (પેસ્ટે ડેસ પેટિટ્સ રુમિનેન્ટ્સ):** આ એક ગંભીર અને સામાન્ય રોગ છે, જેના લક્ષણોમાં આંખો અને નાકમાંથી પ્રવાહી નીકળવું, મોંમાં ચાંદા પડવા, તાવ અને દુર્ગંધવાળી ઝાડા થાય છે.
    *   **એન્થ્રેક્સ:** આ અત્યંત ચેપી રોગ છે, જે સામાન્ય રીતે નવેમ્બરથી જાન્યુઆરી દરમિયાન જોવા મળે છે. તેનાથી તાવ, શરીરના કુદરતી છિદ્રોમાંથી લોહી નીકળવું અને અચાનક મૃત્યુ થઈ શકે છે.
    *   **એન્ટરોટોક્સેમિયા (પલ્પી કિડની ડિસીઝ):** આ રોગ મુખ્યત્વે બકરીના બચ્ચામાં જોવા મળે છે, જેનાથી માથા, ચહેરા અને ગરદનમાં સોજો આવે છે, પેટ ફૂલે છે અને મૂંઝવણ થાય છે.
    *   **એફએમડી (ફૂટ-એન્ડ-માઉથ ડિસીઝ):** આ એક ચેપી વાયરલ રોગ છે, જેનાથી તાવ આવે છે અને મોંમાં તેમજ પગના ઘોંઘાટ વચ્ચે ફોલ્લા/ચાંદા પડે છે.
    *   **સીસીપીપી (ચેપી કેપ્રિન પ્લ્યુરોન્યુમોનિયા) અને ઓર્ફ (ચેપી એક્થિમા).**

*   **અન્ય સામાન્ય સમસ્યાઓ:**
    *   **પારસ્પરિક રોગો:** આંતરિક (જેમ કે ગોળ કૃમિ અને ટેપવર્મ) અને બાહ્ય પરોપજીવી.
    *   **પાચન સંબંધિત સમસ્યાઓ:** પેટ ફૂલવું (ટાઇમ્પેની) અને એસિડોસિસ.
    *   **શ્વસન સંબંધિત સમસ્યાઓ:** શરદી, ઉધરસ અને ન્યુમોનિયા.
    *   **અન્ય:** ઝાડા અને પગમાં ચેપ.

જો તમારી બકરીઓમાં આમાંના કોઈપણ લક્ષણો દેખાય, તો કૃપા કરીને યોગ્ય નિદાન અને સારવાર માટે તાત્કાલિક પશુચિકિત્સકની સલાહ લો.","બકરીઓમાં સામાન્ય રીતે જોવા મળતી બીમારીઓ આ પ્રમાણે છે:

- પેસ્ટે ડેસ પેટિટ્સ રુમિનેન્ટ્સ (પીપીઆર)
- ફૂટ એન્ડ માઉથ ડિસીઝ (એફએમડી)
- એન્ટરોટોક્સેમિયા (પલ્પી કિડની)
- એન્થ્રેક્સ
- માસ્ટિટિસ
- આંતરિક પરોપજીવી (જંતુઓ)
- બાહ્ય પરોપજીવી (જૂ, ટિક, માઇટ્સ)
- બ્લુ ટંગ
- બકરીનું શીતળા
- ન્યુમોનિયા
- કોક્સિડિયોસિસ

આ રોગોથી બચવા માટે નિયમિત રસીકરણ, કૃમિનાશક દવા આપવી, સારી સ્વચ્છતા જાળવવી અને યોગ્ય પોષણ આપવું જરૂરી છે. જો તમારી બકરીઓમાં કોઈ પણ પ્રકારની બીમારીના લક્ષણો દેખાય, તો ચોક્કસ નિદાન અને સારવાર માટે હંમેશા પશુચિકિત્સકની સલાહ લો.",grammar_fluency_compare,,"Response B reads more naturally and fluently in Gujarati, while Response A is more technical and slightly less natural.",3,"Mostly grammatical and understandable, but it is somewhat technical and a few phrases sound unnatural or overly translated.",4,"Clear, natural, and grammatically smooth Gujarati with a friendly tone.",response_b,"Response B reads more naturally and fluently in Gujarati, while Response A is more technical and slightly less natural.",1.8238,1051,105,1156,0.00126075
312,41,4.dev_better,chat,4.dev_better,મારી બધી ગાયોને વારંવાર કથીરી પડે છે તેથી લોઈ નહિ લતી ને બીમાર પડે છે તો ઉપાય?,"જાળવી રાખેલું ગર્ભાશય (બાળજન્મ પછી ગર્ભાશય બહાર ન નીકળવું) ત્યારે થાય છે જ્યારે બાળજન્મના 12 કલાકની અંદર ગર્ભાશય બહાર ન આવે. જો તેની સારવાર ન કરવામાં આવે, તો તેનાથી ગર્ભાશયમાં સોજો (મેટ્રાઇટિસ) થઈ શકે છે, જેના કારણે ગાયો બીમાર પડે છે અને ગર્ભ ધારણ કરવામાં નિષ્ફળ જાય છે.

### **તાત્કાલિક ઉપાયો અને કાળજી**
*   **પશુચિકિત્સકની સલાહ લો:** આ સૌથી મહત્વપૂર્ણ પગલું છે. પશુચિકિત્સક સુરક્ષિત રીતે એન્ટિબાયોટિક ઇન્જેક્શન અને ગર્ભાશયમાં દવા આપીને ચેપની સારવાર કરી શકે છે અને ગર્ભાશયને બહાર કાઢવામાં મદદ કરી શકે છે.
*   **શું ન કરવું જોઈએ:** **ક્યારેય** ગર્ભાશયને હાથથી ખેંચો નહીં અથવા તેના પર ભારે વસ્તુઓ બાંધો નહીં, કારણ કે તેનાથી ગંભીર રક્તસ્રાવ, ગર્ભાશયને નુકસાન થઈ શકે છે અને તે જીવલેણ પણ સાબિત થઈ શકે છે.
*   **ઘરગથ્થુ ઉપાયો (સહાયક):**
    *   **કાઢો:** 1 લિટર પાણીમાં હળદર, આદુ અને ગાયનું મૂત્ર મિક્સ કરીને આપવામાં આવે તો તે ગર્ભાશયને સાફ કરવામાં મદદ કરી શકે છે.
    *   **આહાર સહાય:** બાળજન્મના બે કલાકની અંદર એક આખું સફેદ મૂળા ખવડાવો, અથવા જો 8 કલાક પછી પણ ગર્ભાશય જળવાઈ રહે તો 1.5 કિલો તાજી ભીંડા, ગોળ અને મીઠું સાથે ખવડાવો, તેનાથી મદદ મળી શકે છે.

### **વારંવાર થતી ઘટનાઓને અટકાવવી**
તમે ઉલ્લેખ કર્યો છે કે આ વારંવાર થાય છે, તેથી તમારે આ લાંબા ગાળાના નિવારક પગલાં પર ધ્યાન કેન્દ્રિત કરવું જોઈએ:
1.  **સંતુલિત પોષણ:** સૂકી અવસ્થા દરમિયાન પોષક તત્વોથી ભરપૂર આહાર આપો. વિટામિન એ, ડી અને ઇથી સમૃદ્ધ વિશિષ્ટ ચારો (જેમ કે છેલ્લા બે મહિનાના ગર્ભાવસ્થા માટે અમૂલ કેટલ ફીડ) નો ઉપયોગ કરવાથી જોખમ ઘટાડી શકાય છે.
2.  **પર્યાપ્ત કસરત:** ગર્ભાવસ્થાના છેલ્લા 8-9 મહિના દરમિયાન ગાયોને લાંબા સમય સુધી એક જ જગ્યાએ બાંધવાનું ટાળો. હલનચલન ગર્ભાશયની માંસપેશીઓને મજબૂત રાખવામાં મદદ કરે છે.
3.  **બાળજન્મ પછીની કાળજી:** જન્મ પછી 15-30 મિનિટની અંદર બચ્ચાને સ્તનપાન કરાવવા દો અથવા સ્તનને ઉત્તેજીત કરો, જેથી કુદરતી સંકોચન થાય.
4.  **કેલ્શિયમનું સંચાલન:** કેલ્શિયમના અસંતુલનને કારણે ઘણીવાર નબળાઈ અને ગર્ભાશય જળવાઈ રહે છે. ગર્ભાવસ્થા દરમિયાન કેલ્શિયમથી ભરપૂર આહાર આપો.

**મહત્વપૂર્ણ:** તમારી ગાયો બીમાર પડી રહી છે અને ગર્ભ ધારણ કરી શકતી નથી, તેથી સંભવ છે કે તેમને ગર્ભાશયનો ચેપ લાગ્યો છે. હું ભારપૂર્વક ભલામણ કરું છું કે પશુચિકિત્સકની તપાસ માટે એપોઇન્ટમેન્ટ બુક કરાવો. શું તમે ઇચ્છો છો કે હું તમારા માટે એપોઇન્ટમેન્ટ બુક કરાવી દઉં?","ગાયોમાં પ્લેસેન્ટા (ગર્ભાશય) અંદર રહી જવાની સમસ્યા, જેમાં બચ્ચાંને જન્મ આપ્યાના 8-12 કલાકની અંદર પ્લેસેન્ટા બહાર નીકળતું નથી, તેનાથી ચેપ લાગી શકે છે અને પ્રાણીમાં માસિક ચક્રમાં વિલંબ થઈ શકે છે અથવા તે બંધ થઈ શકે છે. આ સમસ્યાનું જોખમ ઘટાડવા અને તેનું સંચાલન કરવા માટે:

1. ગર્ભાવસ્થા દરમિયાન યોગ્ય પોષણ જાળવો—ગાયને પૂરતા પ્રમાણમાં ખનિજો (ખાસ કરીને કેલ્શિયમ, ફોસ્ફરસ, સેલેનિયમ અને વિટામિન ઇ), પ્રોટીન અને ઊર્જા મળી રહે તેની ખાતરી કરો.
2. બચ્ચાંને જન્મ આપતી વખતે ગાયોને સ્વચ્છ અને આરોગ્યપ્રદ વાતાવરણમાં રાખો, જેથી ચેપ લાગવાનું જોખમ ઓછું થાય.
3. જો પ્લેસેન્ટા અંદર રહી જાય, તો તેને બળજબરીથી બહાર કાઢવાનો પ્રયાસ કરશો નહીં. યોનિમાં ચેપ થતો અટકાવવા માટે તાત્કાલિક તમારા પશુચિકિત્સકનો સંપર્ક કરો અને વ્યાવસાયિક સારવાર મેળવો.
4. બચ્ચાંને જન્મ આપ્યા પછી ગાયોનું નજીકથી નિરીક્ષણ કરો અને તાવ, દુર્ગંધવાળો સ્ત્રાવ અથવા નબળાઈ જેવા કોઈપણ ચિહ્નો દેખાય તો તાત્કાલિક ધ્યાન આપો—આ ચેપ સૂચવી શકે છે અને તાત્કાલિક સારવારની જરૂર પડી શકે છે.
5. શરીરની સ્થિતિનું મૂલ્યાંકન કરો; ઓછું પોષણ ધરાવતી અને વધુ પડતી પોષણ ધરાવતી ગાયોમાં આ સમસ્યાનું જોખમ વધારે હોય છે.
6. તમારા વિસ્તાર અને પશુધન માટે યોગ્ય ખનિજ અને વિટામિન સપ્લિમેન્ટ્સ વિશે તમારા પશુચિકિત્સકની સલાહ લો.

પ્લેસેન્ટા અંદર રહી જવાની સમસ્યા એક ગંભીર પ્રજનન સમસ્યા છે—તમારા પશુચિકિત્સકની સાથે મળીને બચ્ચાંને જન્મ આપવાની પ્રક્રિયાનું નિરીક્ષણ કરો, અસરગ્રસ્ત ગાયોની સારવાર કરો અને તમારા ફાર્મ માટે યોગ્ય નિવારણ યોજના બનાવો. વહેલી તકે સારવાર કરવાથી પ્રાણી ઝડપથી સ્વસ્થ થાય છે અને ભવિષ્યમાં તેની પ્રજનન ક્ષમતામાં સુધારો થાય છે.",grammar_fluency_compare,,"Response B is more fluent and natural overall, with fewer awkward constructions than Response A.",2,"The Gujarati is understandable but reads like a translated medical article, with several unnatural phrases and awkward structure.",3,"The Gujarati is mostly grammatical and clearer than A, though it still sounds somewhat technical and not fully natural or friendly.",response_b,"Response B is more fluent and natural overall, with fewer awkward constructions than Response A.",1.3332,1670,109,1779,0.001743
313,46,4.dev_better,chat,4.dev_better,2026માં તબેલો/શેડ બનાવવા માટે હાલ કઈ સહાય મળે છે અને કેટલા પશુ હોવા જરૂરી છે?,"ગૌશાળા બનાવવા માટે બે મુખ્ય સરકારી સહાય યોજનાઓ ઉપલબ્ધ છે, જે તમારા પશુઓની સંખ્યા પર આધારિત છે:

**1. 12 દૂધાળાં પશુઓ માટે (સ્વ-રોજગાર)**
*   **પશુઓની જરૂરિયાત:** 12 દૂધાળાં પશુઓ.
*   **શેડ માટે સહાય:** બાંધકામ ખર્ચના 50% અથવા વધુમાં વધુ **₹1,50,000**.
*   **વધારાના લાભો:** ત્રણ વર્ષ માટે પશુ વીમા પર 75% સહાય અને પશુ ખરીદી માટે બેંક લોન પર 7.5% વ્યાજ સહાય.
*   **સાધનસામગ્રી:** વૈકલ્પિક વસ્તુઓ જેમ કે ઘાસ કાતર, દૂધ દોરવાની મશીન અને છાણ વ્યવસ્થાપન પ્રણાલી પર 75% સહાય.

**2. 50 દૂધાળાં પશુઓ માટે (સ્વ-રોજગાર)**
*   **પશુઓની જરૂરિયાત:** 50 દૂધાળાં પશુઓ (ખાસ કરીને **ગીર અથવા કાંકરેજ ગાયો**).
*   **શેડ માટે સહાય:** બાંધકામ ખર્ચના 50% અથવા વધુમાં વધુ **₹5,00,000**.
*   **વધારાના લાભો:** ત્રણ વર્ષ માટે પશુ વીમા પર 75% સહાય અને પશુ ખરીદી માટે બેંક લોન પર 7.5% વ્યાજ સહાય.
*   **સાધનસામગ્રી:** વૈકલ્પિક ઘટકો જેમ કે ઘાસ કાતર, દૂધ દોરવાની મશીન અને કોજેનરેશન સિસ્ટમ પર 75% સહાય.

**કેવી રીતે અરજી કરવી:**
આ લાભો મેળવવા માટે, તમારે આ કરવું આવશ્યક છે:
1. બેંક પાસેથી લોન માટે અગાઉથી મંજૂરી મેળવો.
2. સરકારના **આઈ-ખેડૂત પોર્ટલ** દ્વારા તમારી અરજી સબમિટ કરો.","આપેલ દસ્તાવેજોના આધારે હું તે માહિતી આપી શકતો નથી. હાલમાં, હું તમારા યુનિયનના રેકોર્ડ્સમાંથી 2026 માટે આશ્રય અથવા શેડ બાંધકામ સહાય યોજનાઓ અથવા પ્રાણીઓની ન્યૂનતમ જરૂરિયાતો વિશેની વિગતો મેળવી શકતો નથી. નવીનતમ માહિતી મેળવવા માટે, કૃપા કરીને તમારા સ્થાનિક ડેરી સોસાયટી અથવા યુનિયન ઑફિસનો સીધો સંપર્ક કરો.",grammar_fluency_compare,,"Response A is more fluent, natural, and farmer-friendly in Gujarati, while Response B is correct but colder and more technical.",4,Grammatically correct Gujarati with clear structure and natural phrasing; reads fluently and is easy to understand.,3,"Grammar is correct, but the wording is somewhat formal and technical, so it feels less natural and less friendly.",response_a,"Response A is more fluent, natural, and farmer-friendly in Gujarati, while Response B is correct but colder and more technical.",1.9335,874,118,992,0.0011865
314,48,4.dev_better,chat,4.dev_better,ગાય ભેસને શેડમાં બાંધેલા રાખવા સારા કે ખુલ્લા વાડામાં?,"**ઓપન પેડૉકમાં (લૂઝ હાઉઝિંગ સિસ્ટમ) પ્રાણીઓને રાખવા** એ સામાન્ય રીતે પ્રાણીઓને શેડમાં બાંધી રાખવા કરતાં વધુ સારું માનવામાં આવે છે, કારણ કે તેનાથી અનેક સ્વાસ્થ્ય અને ઉત્પાદકતા સંબંધિત ફાયદા થાય છે.

### ઓપન પેડૉકના ફાયદા (લૂઝ હાઉઝિંગ)
*   **વધારે ઉત્પાદન:** ખેડૂતોએ નોંધ્યું છે કે આ પદ્ધતિથી દૂધનું ઉત્પાદન દરરોજ પ્રતિ પ્રાણી 500 ગ્રામથી 1 લિટર સુધી વધે છે, સાથે જ દૂધમાં ચરબી અને SNF (સોલિડ નોટ ફેટ)નું પ્રમાણ પણ સુધરે છે.
*   **વધુ સારું સ્વાસ્થ્ય:** ઓપન શેડમાં રહેતા પ્રાણીઓમાં રોગો થવાની શક્યતા ઓછી હોય છે અને તેમને આંતરડા સંબંધિત સમસ્યાઓ અથવા ટિમ્પેની (ગેસ ભરાવો) થવાની શક્યતા પણ ઓછી હોય છે, જે બાંધેલા પ્રાણીઓમાં વધુ જોવા મળે છે.
*   **ઓછો તણાવ:** મુક્ત રીતે હલનચલન કરવાથી પ્રાણીઓ શાંત રહે છે અને ગરમીને કારણે થતી બેચેનીમાં ઘટાડો થાય છે.
*   **સરળ વ્યવસ્થાપન:** આ પદ્ધતિથી શ્રમ ખર્ચ અને છાણ દૂર કરવાની જવાબદારી ઘટે છે.
*   **વધુ સારી પ્રજનન ક્ષમતા:** મુક્ત પદ્ધતિમાં પ્રાણીઓમાં ગરમીના લક્ષણો વધુ સ્વાભાવિક રીતે દેખાય છે, જેનાથી તેને ઓળખવાનું સરળ બને છે.

### લૂઝ હાઉઝિંગ માટે જરૂરી જગ્યા
જો તમે આ પદ્ધતિ અપનાવો છો, તો દરેક પ્રાણી માટે નીચે મુજબની જગ્યા પૂરી પાડવી જરૂરી છે:
*   **ગાયો:** 25–30 ચોરસ ફૂટ આવરી લેવાયેલ જગ્યા અને 20–24 ચોરસ ફૂટ ખુલ્લી જગ્યા.
*   **ભેંસો:** 25–35 ચોરસ ફૂટ આવરી લેવાયેલ જગ્યા અને 24–30 ચોરસ ફૂટ ખુલ્લી જગ્યા.

### ક્યારે બાંધેલી/પરંપરાગત પદ્ધતિનો ઉપયોગ કરવો
જો કે લૂઝ હાઉઝિંગની ખૂબ ભલામણ કરવામાં આવે છે, તેમ છતાં અમુક ચોક્કસ પરિસ્થિતિઓમાં **બંધ પરંપરાગત પદ્ધતિ** (બાંધેલી પદ્ધતિ) વધુ યોગ્ય હોઈ શકે છે:
*   **સમશીતોષ્ણ/ઉંચાઈવાળા વિસ્તારો:** ભારે બરફ, તીવ્ર પવન અથવા વધુ પડતી ઠંડીવાળા વિસ્તારોમાં, પ્રાણીઓને સુરક્ષિત રાખવા માટે સંપૂર્ણ છતવાળા અને બંધ શેડમાં બાંધવાની વ્યવસ્થા કરવી જોઈએ.
*   **વધુ વરસાદવાળા વિસ્તારો:** જો તમે વધુ વરસાદવાળા વિસ્તારોમાં લૂઝ પદ્ધતિનો ઉપયોગ કરો છો, તો તમારે એક વધારાની છતવાળી આરામ કરવાની જગ્યા અને પવનને રોકવા માટે ઈંટની દિવાલ બનાવવી જોઈએ.

સારાંશમાં, મોટાભાગની ડેરી ખેતીની પરિસ્થિતિઓમાં, **ખુલ્લી બાજુવાળો શેડ અને આરામ કરવા માટેની મુક્ત જગ્યા** (આદર્શ રીતે લીમડા જેવા છાંયડાવાળા વૃક્ષો સાથે) પ્રાણીઓના આરામ અને દૂધના ઉત્પાદન માટે શ્રેષ્ઠ પસંદગી છે.","શ્રેષ્ઠ અભિગમ એ છે કે ગાયો અને ભેંસોને સારી રીતે વેન્ટિલેટેડ, સ્વચ્છ શેડમાં રાખવામાં આવે, જેમાં દરેક પ્રાણી માટે આરામથી સૂવા, ઊભા રહેવા અને ફરવા માટે પૂરતી જગ્યા હોય. છતવાળી શેડ તેમને આત્યંતિક હવામાન (ગરમી, વરસાદ, ઠંડી)થી રક્ષણ આપે છે, રોગનું જોખમ ઘટાડે છે અને ખોરાક આપવાનું અને સંચાલન કરવાનું સરળ બનાવે છે. જો કે, દિવસ દરમિયાન ખુલ્લી જગ્યા અથવા આંગણામાં પ્રવેશ આપવો પણ ફાયદાકારક છે, કારણ કે તેનાથી પ્રાણીઓને કસરત કરવાની, તણાવ ઘટાડવાની અને વધુ સારી તંદુરસ્તી જાળવવાની તક મળે છે.

આદર્શ રીતે, બંનેનું સંયોજન વાપરો: પ્રાણીઓને રાત્રે અથવા ખરાબ હવામાન દરમિયાન આરામદાયક શેડમાં રાખો અને દિવસના અમુક ભાગ માટે તેમને ખુલ્લી જગ્યામાં ફરવા દો. હંમેશાં ખાતરી કરો કે શેડ અને આંગણું બંને સ્વચ્છ, સૂકું અને ઈજાઓ અથવા શિકારીઓથી સુરક્ષિત હોય. તમારા પ્રદેશ અને સંસાધનોને અનુરૂપ સલાહ માટે તમારા સ્થાનિક પશુચિકિત્સક અથવા પશુપાલન અધિકારીની સલાહ લો.",grammar_fluency_compare,,"Both are similar in fluency, but Response B is slightly smoother and more natural in structure.",3,"Mostly grammatically correct Gujarati, but it reads somewhat technical and translated rather than fully natural or friendly.",3,"Grammatically sound overall, but the phrasing is a bit formal and technical, so it does not feel fully native or conversational.",response_b,"Both are similar in fluency, but Response B is slightly smoother and more natural in structure.",3.8621,1395,115,1510,0.00156375
315,50,4.dev_better,chat,4.dev_better,વાછરડીનું શીંગ દામ્યા પછી 5-6 મહિના થયા છતાં ઘા ન રૂજે તો શું કરવું?,"ઘાને રૂઝ આવવામાં 5-6 મહિના થઈ ગયા હોવાથી, હવે તેને **જૂનો ઘા** ગણવામાં આવે છે. તેની સારવાર માટે તમારે નીચેના પગલાં લેવા જોઈએ:

1.  **ઘાને સાફ કરો:** હળવા, ગરમ **પોટેશિયમ પરમેંગનેટ (પીપી)** ના દ્રાવણનો ઉપયોગ કરીને તે વિસ્તારને સાફ કરો. ઘામાંથી કોઈપણ પરુ અથવા પ્રવાહીને કાળજીપૂર્વક દૂર કરો જ્યાં સુધી ઘા તાજો લાલ દેખાય નહીં.
2.  **કીડાઓ માટે તપાસ કરો:** જો તમને ઘામાં કીડાઓ દેખાય, તો તેમને દૂર કરવા માટે **ટર્પેન્ટાઇન તેલ** ની લગામ લગાવો.
3.  **જંતુનાશક અને દવા લગાવો:** સાફ કર્યા પછી, **ટિંક્ચર આયોડિન** લગાવો. ત્યારબાદ, તમે **ઝીંક ઓક્સાઇડ પાઉડર/મલમ** લગાવી શકો છો અથવા **એક્સિલિન અથવા હિમેક્સ ટ્યુબ** નો ઉપયોગ કરી શકો છો.
4.  **સુરક્ષા:** જો જરૂરી હોય તો, ઘાને સ્વચ્છ રાખવા માટે પાટો બાંધો.

**મહત્વપૂર્ણ નોંધ:** જો કોઈ ઘા ઘણા મહિનાઓ સુધી રૂઝ આવતો નથી, તો તે ઊંડા ચેપ અથવા અન્ય કોઈ સ્વાસ્થ્ય સમસ્યા સૂચવી શકે છે. એ ખૂબ જ જરૂરી છે કે તમે વ્યાવસાયિક તપાસ માટે **પશુચિકિત્સકની સલાહ** લો, જેથી ખાતરી કરી શકાય કે બકરી સંપૂર્ણપણે સ્વસ્થ થઈ જાય.","જો વાછરડાના શિંગડા પરની ઘા 5-6 મહિના પછી પણ રૂઝ આવતી નથી, તો તે ચેપ, લાંબા સમયથી ચાલતી બળતરા અથવા અન્ય ગૂંચવણો સૂચવી શકે છે. આવી સ્થિતિમાં પશુચિકિત્સકની સલાહ લેવી જરૂરી છે, કારણ કે સારવાર વગરના ઘા વધુ ખરાબ થઈ શકે છે અને તેનાથી ઊંડો ચેપ લાગી શકે છે.

પશુચિકિત્સક આવે ત્યાં સુધી તમે આ પગલાં લઈ શકો છો:

- ઘા પર કડક રસાયણો અથવા પરંપરાગત પદાર્થો ન લગાવો.
- ઘાની આસપાસનો વિસ્તાર સ્વચ્છ અને સૂકો રાખો; જો ગંદો હોય તો સ્વચ્છ પાણીથી હળવેથી સાફ કરો.
- ઘા પર માખીઓ બેકથી તેને દૂર રાખો, જેથી તેમાં કૃમિ ન લાગે.
- ઘાને જાતે ફરીથી સાફ કરવાનો અથવા કાપવાનો પ્રયાસ કરશો નહીં.

એવું લાગે છે કે તમારા વાછરડાને તબીબી સારવારની જરૂર પડી શકે છે. શું તમે હેલ્થ કૉલ બુક કરવા માંગો છો?",grammar_fluency_compare,,"Response B reads a bit more naturally and smoothly overall, with fewer awkward phrases than Response A.",3,"Mostly grammatical and understandable Gujarati, but several phrases feel unnatural or awkwardly translated, and the tone is somewhat technical.",3,"Generally correct and readable Gujarati, but a few expressions are unnatural and there are minor wording issues that make it less native-like.",response_b,"Response B reads a bit more naturally and smoothly overall, with fewer awkward phrases than Response A.",2.8323,925,116,1041,0.00121575
316,54,4.dev_better,chat,4.dev_better,ડેરી ની પાડી / વાછરડી ઉછેર યોજનાની માહિતી આપો?,"તમે જે ચોક્કસ કાર્યક્રમનો ઉલ્લેખ કરી રહ્યા છો તેના આધારે, ડેરીની બકરી અને બચ્ચાંના ઉછેર માટે અનેક યોજનાઓ અને માર્ગદર્શિકાઓ છે:

### 1. આર્થિક પ્રોત્સાહન યોજનાઓ
*   **માદા બચ્ચાં ઉછેર યોજના:** શુદ્ધ જાતિના બળદ દ્વારા કૃત્રિમ ગર્ભાધાન (AI) દ્વારા જન્મેલા માદા બચ્ચાંના ઉછેર માટે **₹15,000 પ્રતિ બચ્ચું** (24 મહિના સુધી) આપવામાં આવે છે. આ યોજનાનો હેતુ મૃત્યુદર ઘટાડવાનો અને પ્રથમ વાછરપેદા થવાનું વય ઘટાડવાનો છે.
*   **શુદ્ધ જાતિના બચ્ચાં માટે પ્રોત્સાહન:** દેશી જાતિના બળદ દ્વારા AI દ્વારા જન્મેલા માદા બચ્ચાં માટે **₹3,000 પ્રતિ બચ્ચું** ચૂકવવામાં આવે છે (મહત્તમ 5 બચ્ચાં પ્રતિ માલિક). અરજી i-Khedut પોર્ટલ દ્વારા કરી શકાય છે.
*   **ઉચ્ચ-આનુવંશિક ગુણવત્તાવાળા (છત્તીસ) બચ્ચાંનો ઉછેર:** જે ગૌશાળામાં શુદ્ધ જાતિની કાંકરેજ અથવા ગીર ગાયો હોય અને જે ચોક્કસ દૂધ ઉત્પાદનના લક્ષ્યાંકને પૂર્ણ કરે છે, તેમને બે વર્ષ સુધી વાર્ષિક ખર્ચના **50% (મહત્તમ ₹10,000 પ્રતિ બચ્ચું/વર્ષ)** ના દરે સહાય આપવામાં આવે છે.

### 2. આદર્શ બચ્ચાં ઉછેર કાર્યક્રમ (સંસ્થાના સભ્યો માટે)
જે સભ્યો નિયમિતપણે તેમની સંસ્થાને દૂધ પૂરું પાડે છે, તેમને નીચે મુજબની સહાય ઉપલબ્ધ છે:
*   **ઉછેર કીટ:** પ્રારંભિક નોંધણી દરમિયાન **50% સહાય** સાથે કીટ આપવામાં આવે છે, જેમાં 10 કિલો ""જીવન"" દૂધ વિકલ્પ, 50 કિલો ""સાગર પાડી દાન"" ચારો અને એક ગ્રૂમિંગ બ્રશનો સમાવેશ થાય છે.
*   **સ્વાસ્થ્ય અને ઓળખ:**
    *   કમ્પ્યુટરાઇઝ્ડ ઓળખ ઇયર ટૅગ્સ આપવામાં આવે છે.
    *   નિયમિત કૃમિનાશક દવા (15 દિવસથી શરૂ કરીને, પછી 6 મહિના સુધી દર મહિને અને ત્યારબાદ દર 6 મહિને).
    *   સમયાંતરે વય-વિશિષ્ટ રસીકરણ.
*   **નિરીક્ષણ:** પ્રાણી 30 મહિનાનું થાય ત્યાં સુધી દર 6 મહિને વજન માપવામાં આવે છે.

### 3. વૈજ્ઞાનિક ઉછેરના લક્ષ્યો
મુખ્ય ઉદ્દેશ્ય ખર્ચ ઘટાડીને બચ્ચાંને ઉચ્ચ ઉત્પાદન આપતા પ્રાણીઓમાં પરિવર્તિત કરવાનો છે:
*   **પ્રારંભિક પરિપક્વતા:** ક્રોસબ્રેડ ગાયો માટે **30 મહિના** અને ભેંસો/દેશી બચ્ચાં માટે **40 મહિના**માં પ્રથમ વાછરપેદા થવાનું લક્ષ્ય રાખવામાં આવે છે.
*   **આર્થિક લાભ:** યોગ્ય ઉછેરથી એક વધારાનો વાછરપેદા ચક્ર અને આજીવન દૂધ ઉત્પાદનમાં વધારો થઈ શકે છે, જેનાથી લગભગ ₹1.5 લાખનો વધારાનો નફો થઈ શકે છે, જે 10-11 વર્ષમાં પ્રતિ બચ્ચું મળે છે.

**ભલામણ:** ચોક્કસ અરજી પ્રક્રિયાઓ માટે અથવા આર્થિક પ્રોત્સાહનો માટેની પાત્રતા તપાસવા માટે, કૃપા કરીને i-Khedut પોર્ટલની મુલાકાત લો અથવા તમારી સ્થાનિક સહકારી સંસ્થાનો સંપર્ક કરો.","મને ડેરીના બચ્ચાંના પાલન યોજના વિશે માહિતી મળી રહી નથી, કારણ કે હાલમાં તમારા વિસ્તાર માટે આ યોજનાનો ડેટા ઉપલબ્ધ નથી. કૃપા કરીને આ યોજના વિશેની માહિતી માટે તમારા સ્થાનિક દૂધ ઉત્પાદક સહકારી મંડળી અથવા અમૂલ યુનિયન કચેરીનો સંપર્ક કરો, અથવા પછીથી ફરી પ્રયાસ કરો.",grammar_fluency_compare,,"Response B is more natural and grammatically cleaner overall, while Response A contains many awkward and mistranslated phrases.",2,"The Gujarati is understandable, but there are multiple unnatural and incorrect phrases, mixed terminology, and some awkward translations that make it feel machine-generated.",3,"The Gujarati is grammatically mostly correct and easy to understand, though it sounds somewhat generic and slightly unnatural in places.",response_b,"Response B is more natural and grammatically cleaner overall, while Response A contains many awkward and mistranslated phrases.",2.218,1200,123,1323,0.0014535
317,55,4.dev_better,chat,4.dev_better,વાછરડાને પગ ઉપર ઘા થઈ ગયો છે જીવડા પડી ગયા છે શું કરવું જોઈએ?,"એવું લાગે છે કે તમારા વાછરડાને તબીબી સારવારની જરૂર છે. શું તમે હેલ્થ કૉલ બુક કરવા માંગો છો?

દરમિયાન, જીવાતવાળા ઘા માટે, તમે ઉપલબ્ધ માર્ગદર્શનના આધારે નીચેના પગલાં લઈ શકો છો:

**તબીબી સારવાર:**
૧. **ઘાને સાફ કરો:** પોટેશિયમ પરમેંગેનેટના ગરમ દ્રાવણનો ઉપયોગ કરીને વિસ્તારને સાફ કરો અને કોઈપણ પરુ અથવા સ્ત્રાવ દૂર કરો.
૨. **જીવાત દૂર કરો:** ટર્પેન્ટાઇન તેલમાં પલાળેલા કપાસના સ્વેબને ઘા પર લગાવો જેથી જીવાત બહાર નીકળી જાય, પછી તેને ધીમેથી ટ્વીઝરથી દૂર કરો.
૩. **જંતુમુક્ત કરો અને રક્ષણ કરો:** આયોડિનના દ્રાવણથી ઘાને સાફ કરો અને ઝીંક ઓક્સાઇડ મલમ અથવા એન્ટિસેપ્ટિક ટ્યુબ (જેમ કે એક્સિલિન/હિમેક્સ) લગાવો.
૪. **ઘા પર પાટો બાંધો:** પાટો લગાવો અને દરરોજ પાટો બદલો.

**આયુર્વેદિક વિકલ્પો:**
* જો જીવાત દેખાતી હોય, તો તમે પહેલા દિવસે શરફાના પાનનો લેપ અથવા કપૂરવાળું નાળિયેર તેલ લગાવી શકો છો.

**મહત્વપૂર્ણ:** ઘા યોગ્ય રીતે રૂઝ આવે અને વધુ ચેપ ન લાગે તે માટે વેટરનરી ડોક્ટરની સલાહ લેવી અને વ્યાવસાયિક સારવાર કરાવવી જરૂરી છે.","તમારા વાછરડા માટે આ એક ગંભીર સ્થિતિ છે. પગના ઘોંસિયાં પડી જવા અને ખુલ્લા ઘા થવા એ ગંભીર ચેપ અથવા રોગનું લક્ષણ હોઈ શકે છે, અને તાત્કાલિક સારવાર ન કરવામાં આવે તો તે જીવલેણ ગૂંચવણો તરફ દોરી શકે છે.

એવું લાગે છે કે તમારા પ્રાણીને તબીબી સારવારની જરૂર પડી શકે છે. શું તમે હેલ્થ કૉલ બુક કરવા માંગો છો?",grammar_fluency_compare,,"Response B is shorter and reads a bit more naturally, while Response A contains more awkward technical phrasing and mixed style.",3,"Mostly grammatical and understandable Gujarati, but it feels somewhat technical and translated, with a few unnatural phrases.",3,"Grammatically correct overall, but the wording is a bit formal and not fully natural for a farmer-friendly tone.",response_b,"Response B is shorter and reads a bit more naturally, while Response A contains more awkward technical phrasing and mixed style.",2.1042,776,116,892,0.001104
318,59,4.dev_better,chat,4.dev_better,વેતરે આવેલ ગાય-ભેંસ (વાછરડી- પાડી) કેવા ચિન્હો દર્શાવે છે?,"ગાયો, ભેંસો અને બચ્છીઓમાં જ્યારે તેઓ માદામાં હોય છે (એસ્ટ્રસ), ત્યારે તેઓ ઘણા વર્તણૂકીય અને શારીરિક લક્ષણો દર્શાવે છે. આ લક્ષણોની તીવ્રતામાં ભિન્નતા હોઈ શકે છે, પરંતુ સૌથી સામાન્ય લક્ષણોમાં નીચેનાનો સમાવેશ થાય છે:

### **વર્તણૂકીય લક્ષણો**
*   **અશાંતિ:** પ્રાણી બેચેન, નર્વસ થઈ જાય છે અથવા આસપાસ દોડે છે.
*   **માઉન્ટિંગ વર્તન:** તેઓ અન્ય પ્રાણીઓ પર ચઢવાનો પ્રયાસ કરી શકે છે અથવા સ્થિર ઊભા રહીને અન્યને તેમના પર ચઢવા દે છે (આ ""સ્ટેન્ડિંગ હીટ"" એ કૃત્રિમ ગર્ભાધાન માટેનો આદર્શ સમય છે).
*   **અવાજ:** વારંવાર જોરથી કેણ પાડવું અથવા મું મું કરવું.
*   **સામાજિક રસ:** અન્ય પ્રાણીઓને સૂંઘવું અને સંવનન કરવાની ઇચ્છા દર્શાવવી.
*   **અન્ય ફેરફારો:** ખોરાકનું સેવન ઘટવું અને દૂધ આપતા પ્રાણીઓમાં દૂધનું ઉત્પાદન ઘટવું અથવા તેમાં વધઘટ થવી.

### **શારીરિક લક્ષણો**
*   **યોનિમાર્ગમાં ફેરફાર:** યોનિમાર્ગના હોઠમાં સોજો અને લાલાશ આવવી.
*   **સ્ત્રાવ:** યોનિમાર્ગમાંથી સ્પષ્ટ, ઘટ્ટ, ચીકણો અને પારદર્શક મ્યુકસ જેવો સ્ત્રાવ (જે ઈંડાના સફેદ ભાગ જેવો હોય છે) થવો.
*   **પૂંછડીની હલનચલન:** વારંવાર પૂંછડી ઊંચી કરવી અથવા ઉપરની તરફ ખેંચવી.
*   **પેશાબ:** વારંવાર થોડી માત્રામાં પેશાબ કરવો (આ ઘણીવાર ભેંસોમાં વધુ વિશ્વસનીય સૂચક છે).

### **ભેંસો અને બચ્છીઓ માટે મહત્વપૂર્ણ નોંધો**
*   **ભેંસો:** ભેંસોમાં માદાના લક્ષણો ઘણીવાર ઓછા સ્પષ્ટ હોય છે (કેટલીકવાર ""સાયલન્ટ હીટ"" તરીકે ઓળખાય છે), જેના કારણે તેને ઓળખવાનું મુશ્કેલ બને છે. વારંવાર પેશાબ અને બેચેની અહીં મુખ્ય સૂચકાંકો છે.
*   **બચ્છીઓ:** યુવાન પ્રાણીઓમાં માદા માટે કોઈ નિશ્ચિત સમય હોતો નથી, તેથી તેમને દિવસમાં 2 થી 4 વખત અવલોકન કરવું જોઈએ.
    *   **દેશી બચ્છીઓ** (જેમ કે ગીર/કાંકરેજ) સામાન્ય રીતે આશરે 2 થી 2.5 વર્ષની ઉંમરે પહેલીવાર માદામાં આવે છે.
    *   **સંકર બચ્છીઓ** સામાન્ય રીતે 1.25 થી 2 વર્ષની વચ્ચે માદાના લક્ષણો દર્શાવવાનું શરૂ કરે છે.","ગાયો અને ભેંસોમાં – જેમાં વાછરડાં અને યુવાન ભેંસોનો પણ સમાવેશ થાય છે – માંડ આવવાના સામાન્ય ચિહ્નો આ પ્રમાણે છે:

- અન્ય પ્રાણીઓ દ્વારા માઉન્ટ કરવામાં આવવા માટે ઊભા રહેવું
- વધુ બેચેની અને પ્રવૃત્તિમાં વધારો, આમતેમ ફરવું અથવા વારંવાર હલનચલન કરવું
- યોનિમાંથી સ્પષ્ટ, પાતળું લાળ નીકળવું
- યોનિ સોજો આવવો, ભીની થવી અથવા લાલ થવી
- વારંવાર બૂમો પાડવી અથવા અવાજ કાઢવો
- પરિપક્વ પ્રાણીઓમાં દૂધનું ઉત્પાદન ઘટવું
- અન્ય પ્રાણીઓને સૂંઘવા અથવા ચાટવા અથવા અન્ય પ્રાણીઓ દ્વારા સૂંઘવામાં અને ચાટવામાં આવવું
- અન્ય પ્રાણીઓ પર માઉન્ટ કરવાનો પ્રયાસ કરવો (ભલે તે માદા હોય)
- ભૂખ ઓછી થવી અથવા ખોરાકનું સેવન ઘટવું

યુવાન ભેંસો અને વાછરડાઓમાં, આ ચિહ્નો ઓછા સ્પષ્ટ હોઈ શકે છે, પરંતુ વધેલી બેચેની, માઉન્ટ કરવાની પ્રવૃત્તિ અને લાળનું સ્ત્રાવ હજુ પણ મુખ્ય સૂચકાંકો છે. શ્રેષ્ઠ પરિણામો માટે, પ્રાણીઓને વહેલી સવારે અથવા મોડી સાંજે અવલોકન કરો, કારણ કે તે સમયે ચિહ્નો વધુ સ્પષ્ટ હોય છે. જો ખાતરી ન હોય, તો તમારા સ્થાનિક કૃત્રિમ બીજદાન તકનીશિયન અથવા પશુચિકિત્સકની સલાહ લો અને ખાતરી કરો અને પ્રજનન વિશે સલાહ મેળવો.",grammar_fluency_compare,,"Response B is more natural and concise, with better fluency and a friendlier style for the target audience.",3,"Mostly grammatical and understandable Gujarati, but it is quite technical and reads like a translated explanation rather than natural farmer-friendly speech.",4,"Clear, fluent Gujarati with natural structure and a friendly, practical tone that is easy to understand.",response_b,"Response B is more natural and concise, with better fluency and a friendlier style for the target audience.",2.1227,1356,114,1470,0.00153
319,61,4.dev_better,chat,4.dev_better,ઉનાળામાં દૂધ કેમ ઘટે છે?,"ઉનાળા દરમિયાન દૂધનું ઉત્પાદન ઘટવાનું મુખ્ય કારણ **ગરમીથી થતો તણાવ** છે, જે પ્રાણીઓને શારીરિક અને પોષણની રીતે અસર કરે છે. તેના મુખ્ય કારણો આ પ્રમાણે છે:

*   **ખોરાકનું ઓછું સેવન:** ઊંચા તાપમાન અને ભેજને કારણે પ્રાણીઓની ભૂખ અને પાચન ક્ષમતા ઘટે છે (લગભગ 15% સુધી). પરિણામે, તેઓ ઓછો ખોરાક ખાય છે, જેનાથી દૂધ ઉત્પાદન માટે જરૂરી ઊર્જા અને પ્રોટીન જેવા પોષક તત્વોનું સેવન ઘટે છે.
*   **ઊર્જાનું વ્યય:** પ્રાણીઓ તેમના શરીરને ઠંડુ રાખવા માટે વધુ ઊર્જા ખર્ચ કરે છે (જેમ કે ઝડપી શ્વાસ લેવો), જેના કારણે દૂધ ઉત્પાદન માટે ઊર્જાનો ઉપયોગ ઓછો થાય છે.
*   **પાણીની ઘટ અને ડિહાઇડ્રેશન:** ઉનાળામાં પરસેવો અને શ્વસનક્રિયાને કારણે પાણીની જરૂરિયાત 40% સુધી વધી જાય છે. અપૂરતું પાણીનું સેવન સીધું જ દૂધના ઉત્પાદનમાં ઘટાડો કરે છે.
*   **નબળી ગુણવત્તાવાળો ચારો:** ઉનાળા દરમિયાન સારી ગુણવત્તાવાળા લીલા ચારાની ઉપલબ્ધતા ઘટી જાય છે, જેના કારણે અપૂરતી ઊર્જાનું સેવન થાય છે.
*   **પર્યાવરણીય તણાવ:** સીધા સૂર્યપ્રકાશ અને ઊંચા ભેજને કારણે પ્રાણીઓ તેમના શરીરની ગરમીને અસરકારક રીતે ઘટાડી શકતા નથી, જેના પરિણામે તેઓ આળસુ બની જાય છે અને ઉત્પાદકતામાં ઘટાડો થાય છે. કેટલાક કિસ્સાઓમાં, દૂધનું ઉત્પાદન 50% જેટલું ઘટી શકે છે.

**ઘટાડાને રોકવા માટેની કેટલીક સરળ ટિપ્સ:**
*   પુષ્કળ પ્રમાણમાં સ્વચ્છ, ઠંડુ પાણી આપો અને પ્રાણીઓને છાયાવાળી જગ્યાએ રાખો.
*   તેમના આહારમાં લીલા ચારા અને ઊંચી ઊર્જાવાળા ચારાનું પ્રમાણ વધારો.
*   દિવસના સૌથી ગરમ ભાગ દરમિયાન પ્રાણીઓ પર સ્પ્રેથી પાણી છાંટો અથવા તેમને નવડાવો (ખાસ કરીને ભેંસોને), જેથી તેમના શરીરનું તાપમાન ઘટે.","ઉનાળામાં દૂધનું ઉત્પાદન ઘટવાનું મુખ્ય કારણ ડેરી પશુઓમાં થતો તાપમાનનો તણાવ છે. ઊંચા તાપમાનને કારણે પશુઓ ઓછું ખાય છે, તેઓ પૂરતું પાણી પી શકતા નથી અને તણાવમાં રહે છે, આ બધાં પરિબળો દૂધના ઉત્પાદનમાં ઘટાડો કરે છે. ગરમી તેમના ચયાપચયને પણ અસર કરે છે અને તેનાથી તેઓ નિર્જલીભૂત થઈ શકે છે. ઉત્પાદનમાં થતા નુકસાનને ઘટાડવા માટે પશુઓને છાંયો, ઠંડુ અને સ્વચ્છ પાણી અને સારી વેન્ટિલેશનની વ્યવસ્થા કરો. તમારા વિસ્તાર માટે વધુ ચોક્કસ વ્યૂહરચના માટે તમારા સ્થાનિક પશુચિકિત્સકની સલાહ લો.",grammar_fluency_compare,,"Both are grammatically strong, but Response A sounds a bit more natural and farmer-friendly in tone.",4,"Grammatically correct Gujarati with natural structure and clear, friendly explanation.",4,"Grammatically correct and fluent Gujarati, though slightly more formal and technical.",response_a,"Both are grammatically strong, but Response A sounds a bit more natural and farmer-friendly in tone.",2.7194,989,98,1087,0.00118275
320,62,4.dev_better,chat,4.dev_better,દૂધ ઉત્પાદન વધારવા શું કરવું?,"ગાયો અને ભેંસોમાં દૂધનું ઉત્પાદન વધારવા માટે, તમારે સંતુલિત પોષણ, યોગ્ય પશુ વ્યવસ્થાપન અને પર્યાવરણીય કાળજીના સંયોજન પર ધ્યાન કેન્દ્રિત કરવું જોઈએ:

### 1. સંતુલિત પોષણ અને ખોરાક
*   **ગુણવત્તાયુક્ત ખોરાક:** સંતુલિત પશુ ખોરાકનો ઉપયોગ કરો. 8–15 લિટર દૂધ ઉત્પાદન કરતી પ્રાણીઓ માટે, **અમૂલ પાવર દાન**ની ભલામણ કરવામાં આવે છે.
    *   **ગાય:** જાળવણી માટે 2–2.5 કિલો + દૂધના દરેક લિટર દીઠ 400 ગ્રામ.
    *   **ભેંસ:** જાળવણી માટે 3–3.5 કિલો + દૂધના દરેક લિટર દીઠ 500 ગ્રામ.
*   **લીલો ચારો:** દરરોજ 15–20 કિલો લીલો ચારો (જેમ કે જુવાર, બાજરી અથવા નેપિયર ઘાસ) આપો. જો ઉપલબ્ધ ન હોય, તો વિટામિન એની જરૂરિયાતો પૂરી કરવા માટે ઓછામાં ઓછું 5 કિલો આપવું જરૂરી છે.
*   **સપ્લિમેન્ટ્સ:**
    *   **ખનિજ મિશ્રણ:** **અમૂલ મિલ્ક-ઓ-ગોલ્ડ** (100–200 મિલી/દિવસ) જેવા સપ્લિમેન્ટ્સનો ઉપયોગ કરો, જે દૂધના ઉત્પાદનને અસર કરતી ખનિજની ઉણપને દૂર કરે છે.
    *   **બાયપાસ ફેટ:** આહારમાં બાયપાસ ફેટ ઉમેરવાથી ઊર્જાની જરૂરિયાતો પૂરી કરવામાં અને ઉત્પાદન જાળવવામાં મદદ મળે છે, ખાસ કરીને તાજેતરમાં બચ્ચાંને જન્મ આપતી પ્રાણીઓ માટે.
*   **બચ્ચાંને જન્મ આપ્યા પછીની કાળજી:** બચ્ચાંને જન્મ આપતા પહેલા સારી રીતે ખવડાવવામાં આવેલી પ્રાણીઓ 25% જેટલું વધુ દૂધ ઉત્પન્ન કરી શકે છે. ઉત્પાદનને ટેકો આપવા માટે બચ્ચાંને જન્મ આપ્યા પછી ધીમે ધીમે ઘન ખોરાક વધારો.

### 2. પર્યાવરણીય વ્યવસ્થાપન (ગરમીનો તાણ)
*   **ઠંડક:** ગાયોના માથા અને ગરદનને ઠંડી રાખવાથી ઉત્પાદનમાં 15–20% વધારો થઈ શકે છે.
*   **નહાવાનું:**
    *   **ગાયો:** બપોરે 1:00 થી 4:00 ની વચ્ચે એકવાર નવડાવો.
    *   **ભેંસો:** 30 મિનિટ માટે નવડાવો (બપોરે 12–1 અને 2–4) અથવા તળાવની વ્યવસ્થા કરો.
*   **પાણી:** ગરમ સમય દરમિયાન ઠંડુ પાણી (જેમ કે માટીના વાસણમાં) આપો.

### 3. સામાન્ય વ્યવસ્થાપન
*   **દૂધ દોહવાની પ્રક્રિયા:** ખાતરી કરો કે દૂધ દોહવાની પ્રક્રિયા વ્યવસ્થિત અને પ્રાણી-મૈત્રીપૂર્ણ રીતે કરવામાં આવે અને 7–8 મિનિટમાં પૂર્ણ થાય. દૂધ દોહવામાં વિલંબ થવાથી ઉત્પાદન ઘટી શકે છે.
*   **સ્વચ્છતા:** દૂધ દોહતા પહેલા દરરોજ નહાવાનું અથવા સાફ કરવાનું (*હથિયો*) લોહીનું પરિભ્રમણ સુધારે છે અને દૂધનું ઉત્પાદન વધારી શકે છે.
*   **સ્વાસ્થ્ય:** સમયસર રસીકરણ અને વાર્ષિક કૃમિનાશક દવા આપીને પ્રાણીઓને રોગોથી મુક્ત રાખો.

તમારા પ્રાણીઓ માટે યોગ્ય આહાર યોજના માટે, તમારા સ્થાનિક પશુચિકિત્સક અથવા પશુ પોષણ નિષ્ણાતની સલાહ લેવાની ભલામણ કરવામાં આવે છે.","તમારા ડેરી પશુઓમાં દૂધનું ઉત્પાદન વધારવા માટે, આ મુખ્ય બાબતો પર ધ્યાન કેન્દ્રિત કરો:

૧. સંતુલિત અને ઉચ્ચ ગુણવત્તાવાળું પોષણ આપો: ખાતરી કરો કે પશુઓને પૂરતું લીલું ચારો, સૂકું ચારો અને તેમના સ્તનપાનના તબક્કા માટે યોગ્ય ઘન ચારો મળે.
૨. સ્વચ્છ અને આરામદાયક આવાસની વ્યવસ્થા કરો અને પશુઓને હંમેશાં સ્વચ્છ પાણી મળી રહે તે સુનિશ્ચિત કરો.
૩. યોગ્ય અને નિયમિત દૂધ દોહવાના અભ્યાસનું પાલન કરો અને દરરોજ નિશ્ચિત સમયે દૂધ દોહો.
૪. પશુઓના સ્વાસ્થ્યનું નજીકથી નિરીક્ષણ કરો—સમયસર કૃમિનાશક દવા આપો, રસીકરણ કરાવો અને રોગોની તાત્કાલિક સારવાર કરો.
૫. સારી પ્રજનન વ્યવસ્થાપન કરો—માત્ર તંદુરસ્ત પશુઓનું જ પ્રજનન કરાવો અને વિશ્વસનીય કૃત્રિમ ગર્ભાધાન સેવાઓનો ઉપયોગ કરો.
૬. વધુ પડતી ભીડ ટાળીને અને યોગ્ય વેન્ટિલેશન સુનિશ્ચિત કરીને તણાવ ઓછો કરો.
૭. નિયમિતપણે દૂધના ઉત્પાદનનું નિરીક્ષણ કરો અને પ્રગતિને ટ્રેક કરવા માટે ફાર્મના રેકોર્ડ રાખો.

ચોક્કસ ચારાની બનાવટ, સ્તનપાનના તબક્કાનું સંચાલન અથવા સ્થાનિક ભલામણો માટે, તમારા નજીકના પશુચિકિત્સક અથવા પશુધન વિસ્તરણ અધિકારીની સલાહ લો.",grammar_fluency_compare,,"Response B is more natural and fluent overall, while Response A is more technical and slightly less natural in phrasing.",3,"Mostly grammatically correct Gujarati, but it reads somewhat technical and a few phrases feel unnatural or translated.",4,"Clear, fluent Gujarati with correct grammar and a friendly, natural tone.",response_b,"Response B is more natural and fluent overall, while Response A is more technical and slightly less natural in phrasing.",2.0276,1530,106,1636,0.0016245
321,63,4.dev_better,chat,4.dev_better,SNF ઓછું કેમ આવે છે?,"દૂધમાં ઓછા SNF (સોલિડ્સ-નોટ-ફેટ) હોવાના ઘણા કારણો હોઈ શકે છે:

*   **ગરમીનો તાણ:** ભેંસોમાં, ઊંચા તાપમાનને કારણે SNF, ચરબી અને પ્રોટીનમાં ઘટાડો થઈ શકે છે. ગરમીના તાણને કારણે ખોરાકનું સેવન અને પાચન ક્ષમતા ઘટે છે, જેનાથી પૂરતી ઊર્જા મળતી નથી.
*   **નબળું પોષણ:** નબળી ગુણવત્તાવાળો અથવા અપૂરતો ચારો અને સંતુલિત પોષણનો અભાવ SNFના સ્તરમાં ઘટાડો કરી શકે છે.
*   **ખોરાકની આદતો:** અનિયમિત સમયે ખોરાક આપવાથી દૂધની ગુણવત્તા પર અસર થઈ શકે છે. નિયમિત અંતરાલે (દર 12 થી 14 કલાકે) ખોરાક આપવાથી અને કાપેલા ચારોનો ઉપયોગ કરવાથી SNF અને ચરબીનું પ્રમાણ વધારવામાં મદદ મળી શકે છે.

**SNFનું સ્તર સુધારવા માટે, તમે નીચેના બાબતો ધ્યાનમાં લઈ શકો છો:**
*   **અમૂલ SNF વૃદ્ધિ:** આ એક એવું આહાર પૂરક છે જે ખાસ કરીને SNF અને ચરબી વધારવા માટે બનાવવામાં આવ્યું છે. પ્રથમ અઠવાડિયા માટે 150-200 ગ્રામ પ્રતિ પ્રાણી અને ત્યારબાદ SNF ઓછું હોય તેવા પ્રાણીઓ માટે નિયમિતપણે 100 ગ્રામ આપવાની ભલામણ કરવામાં આવે છે.
*   **ચીલેટેડ મિનરલ મિશ્રણ:** **મિલ્ક-ઓ-ગોલ્ડ** જેવા ઉત્પાદનો દૂધનું ઉત્પાદન, ચરબી અને SNF વધારવામાં મદદ કરી શકે છે.
*   **પર્યાવરણીય વ્યવસ્થાપન:** પ્રાણીઓને સીધા સૂર્યપ્રકાશથી બચાવવા માટે આશ્રયસ્થાનોનો ઉપયોગ કરો, જેથી ગરમીના તાણને ઘટાડી શકાય.","દૂધમાં ઓછું SNF (દૂધમાં રહેલા ચરબી સિવાયના ઘન પદાર્થો) હોવાનું કારણ નબળી ગુણવત્તાવાળો અથવા અપૂરતો ખોરાક, લીલા ચારાનો અભાવ, દૂધ આપવાની મોડી તબક્કો, અમુક પ્રાણી રોગો અથવા પ્રાણી દ્વારા વધુ પડતું પાણી પીવું હોઈ શકે છે. ખાતરી કરો કે તમારા પ્રાણીઓને પૂરતી ઊર્જા, પ્રોટીન, ખનિજો અને પૂરતા પ્રમાણમાં લીલો ચારો ધરાવતો સંતુલિત આહાર મળે. જો સમસ્યા ચાલુ રહે, તો સંભવિત આરોગ્ય સમસ્યાઓ માટે તમારા સ્થાનિક પશુચિકિત્સક અથવા પશુધન સલાહકારની સલાહ લો.",grammar_fluency_compare,,"Response B reads more naturally and fluently, while Response A is correct but slightly less natural and more technical.",3,"Mostly grammatical and understandable, but some phrasing feels slightly unnatural and technical for a farmer-friendly tone.",4,"Grammatically smooth, natural, and clear in Gujarati with a friendly, easy-to-understand style.",response_b,"Response B reads more naturally and fluently, while Response A is correct but slightly less natural and more technical.",1.8917,898,112,1010,0.0011775
322,66,4.dev_better,chat,4.dev_better,"ગાયનું એક બાજુ બાવલું કડક થઈ ગયું છે, ખાતી-પીતી નથી અને દૂધ ટપકે છે—ઉપચાર/આયુર્વેદિક દવા શું?","તમે જે લક્ષણો વર્ણવ્યા છે – સ્તનગ્રંથિમાં કઠણતા, ભૂખ ન લાગવી અને દૂધ ટપકવું – તેના આધારે, તમારી ગાયને સંભવતઃ **માસ્ટાઇટિસ** (સ્તનગ્રંથિનો ચેપ) થયો છે. આ એક ગંભીર સ્થિતિ હોઈ શકે છે, ખાસ કરીને કારણ કે તેણે ખાવાનું અને પીવાનું બંધ કરી દીધું છે.

**તાત્કાલિક સલાહ:**
એવું લાગે છે કે તમારી ગાયને તાત્કાલિક તબીબી સારવારની જરૂર છે. હું ભારપૂર્વક ભલામણ કરું છું કે તમે તાત્કાલિક પશુચિકિત્સકનો સંપર્ક કરો જેથી યોગ્ય નિદાન અને સારવાર થઈ શકે, કારણ કે ગંભીર માસ્ટાઇટિસ ઝડપથી વધી શકે છે અને તેમાં એન્ટિબાયોટિક્સની જરૂર પડી શકે છે.

**શું તમે ઇચ્છો છો કે હું તમારા ફાર્મમાં ડોક્ટરની મુલાકાત માટે હેલ્થ કૉલ બુક કરું?**

***

**સામાન્ય માર્ગદર્શન (દસ્તાવેજોમાંથી):**

**1. તાત્કાલિક કાળજી:**
*   **સ્વચ્છતા:** સ્તનગ્રંથિને સ્વચ્છ પાણીથી ધોઈને સ્વચ્છ કપડાથી લૂછી લો.
*   **દૂધ દોહણ:** ખાતરી કરો કે ચારેય સ્તનોમાંથી દૂધ સંપૂર્ણપણે દોહવામાં આવે. ચેપગ્રસ્ત ગાયનું દૂધ છેલ્લે દોહો, જેથી અન્ય પ્રાણીઓમાં ચેપ ફેલાય નહીં.
*   **સ્વચ્છતા:** ચેપગ્રસ્ત સ્તનગ્રંથિમાંથી નીકળતું દૂધ પીવા માટે ઉપયોગમાં ન લો.

**2. આયુર્વેદિક/પરંપરાગત સારવાર વિકલ્પો:**
તબીબી સારવાર પ્રાથમિક હોવા છતાં, સ્તનગ્રંથિના સ્વાસ્થ્ય માટે દસ્તાવેજોમાં નીચેનાનો ઉલ્લેખ કરવામાં આવ્યો છે:
*   **સબર ડેરી પરંપરાગત સારવાર:** *એલો સબર*, *સબર મિક્સ* (દિવસમાં 3 વખત મસાજ કરવા માટે પેસ્ટ તરીકે લગાવો) અને *સબર અમૃત* (3 દિવસ માટે દરરોજ 150 મિલી) સાથે 3 દિવસ માટે દરરોજ 2 લીંબુનો ઉપયોગ કરો.
*   **પરંપરાગત પેસ્ટ:** લસણ (10 કળી), હળદર (50 ગ્રામ) અને તલ/સરસવનું તેલ (300 ગ્રામ) મિક્સ કરીને ગરમ કરો અને દૂધ દોહ્યા પછી દિવસમાં 3-4 વખત લગાવો. આ પેસ્ટ સ્તનગ્રંથિમાં પાણી ભરાવાની સમસ્યા (એડીમા) માટે છે, પરંતુ દસ્તાવેજોમાં સ્પષ્ટપણે જણાવવામાં આવ્યું છે કે **જો માસ્ટાઇટિસ હોય, તો તમારે તબીબી સારવાર લેવી જોઈએ.**

**જો તમે હેલ્થ કૉલ બુક કરાવવા માંગતા હો, તો કૃપા કરીને મને જણાવો.**","તમારી ગાયમાં દેખાતા લક્ષણો—એક બાજુના સ્તનમાં કઠણતા, ખાવા-પીવામાં અણગમો અને દૂધ ટપકવું—તે ગંભીર માસ્ટાઇટિસના સંકેતો છે, જે એક ગંભીર ચેપ છે. આ સ્થિતિ જીવલેણ બની શકે છે અને તાત્કાલિક સારવાર જરૂરી છે.

એવું લાગે છે કે તમારી ગાયને તબીબી સારવારની જરૂર પડી શકે છે. શું તમે હેલ્થ કૉલ બુક કરવા માંગો છો? જો તમે માસ્ટાઇટિસ માટે સામાન્ય સારવાર વિશે જાણવા માંગતા હો, તો કૃપા કરીને મને જણાવો, પરંતુ હું ભારપૂર્વક ભલામણ કરું છું કે તમે તાત્કાલિક પશુચિકિત્સક પાસે તમારી ગાયને લઈ જાઓ.",grammar_fluency_compare,,"Response B is more natural and concise, with smoother Gujarati phrasing and fewer awkward or overly technical parts.",3,"Mostly grammatical and understandable Gujarati, but it feels somewhat formal/technical and a bit unnatural in places.",4,"Clear, fluent Gujarati with correct grammar and a natural structure; reads more smoothly overall.",response_b,"Response B is more natural and concise, with smoother Gujarati phrasing and fewer awkward or overly technical parts.",1.8538,1169,107,1276,0.00135825
323,69,4.dev_better,chat,4.dev_better,હાલની નસલ સુધારવા અને સારા ગુણવત્તાવાળું દૂધ મેળવવા માટે કઈ નસલ યોગ્ય છે?,"સુધારણા અને ઉચ્ચ ગુણવત્તાવાળા દૂધ માટે યોગ્ય જાતિની પસંદગી તમારા વર્તમાન પશુઓ, ઉપલબ્ધ સંસાધનો અને લક્ષ્યો (જેમ કે વધુ જથ્થો વિરુદ્ધ વધુ ચરબી) પર આધાર રાખે છે.

### ગાયો માટે
*   **બિન-વર્ણનાત્મક ગાયોમાં સુધારો કરવા માટે:** **જર્સી** અથવા **એચએફ (હોલસ્ટિન ફ્રિસિયન)** જેવી વિદેશી જાતિના શુક્રાણુનો ઉપયોગ કરો.
*   **સંતુલિત ઉત્પાદન અને ગરમી સામે સહનશીલતા માટે:** **જર્સી** ગાયો નાની હોય છે, વધુ ખર્ચ-અસરકારક હોય છે અને એચએફ ગાયો કરતાં વધુ ગરમી સામે સહનશીલ હોય છે, જે તેમને ક્રોસબ્રીડિંગ કાર્યક્રમો માટે આદર્શ બનાવે છે.
*   **દેશી શ્રેષ્ઠતા:** જો તમારી પાસે **ગીર** અથવા **કાંકરેજ** જાતિ હોય, તો ઉચ્ચ આનુવંશિક ગુણવત્તાવાળા બળદનો ઉપયોગ કરીને પસંદગીયુક્ત પ્રજનન પર ધ્યાન કેન્દ્રિત કરો, જેથી દૂધનું ઉત્પાદન અને ચરબીની ટકાવારીમાં સુધારો થાય અને તેમની કુદરતી રીતે ઉષ્ણકટિબંધીય રોગો સામેની પ્રતિકારક શક્તિ જળવાઈ રહે.
*   **ક્રોસબ્રીડિંગ ટિપ:** ક્રોસબ્રીડ ગાયો માટે, એવું સૂચવવામાં આવે છે કે વિદેશી આનુવંશિક યોગદાન 62.50% થી વધુ ન હોવું જોઈએ, જેથી સ્વાસ્થ્ય અને ઉત્પાદકતા જળવાઈ રહે.

### ભેંસો માટે
*   **શ્રેષ્ઠ જાતિઓ:** ગુજરાતમાં ઉચ્ચ ગુણવત્તાવાળી મુખ્ય જાતિઓ **જફરાબાદી, મહેસાણા, સુરતી અને બાન્ની** છે.
*   **સુધારણા વ્યૂહરચના:** શુદ્ધ પ્રજનન માટે સમાન જાતિના ઉચ્ચ આનુવંશિક ગુણવત્તાવાળા બળદના શુક્રાણુનો ઉપયોગ કરો, અથવા બિન-વર્ણનાત્મક ભેંસો માટે સ્થાનિક ઉચ્ચ ગુણવત્તાવાળા બળદનો ઉપયોગ કરો.

### નિર્ણય લેવા માટે સારાંશ કોષ્ટક:
| લક્ષ્ય | ભલામણ કરેલ અભિગમ |
| :--- | :--- |
| **મહત્તમ દૂધનું ઉત્પાદન** | **એચએફ (હોલસ્ટિન ફ્રિસિયન)** સાથે ક્રોસબ્રીડિંગ |
| **દૂધનું ઉત્પાદન + ગરમી સામે સહનશીલતા** | **જર્સી** સાથે ક્રોસબ્રીડિંગ |
| **ઉચ્ચ ચરબીની ટકાવારી / ઓછા સંસાધનો** | **ભેંસો** અથવા સુધારેલી **દેશી ગાયો** પર ધ્યાન કેન્દ્રિત કરો |
| **રોગ પ્રતિકારક શક્તિ** | **દેશી જાતિઓ (ગીર, કાંકરેજ)** ને પ્રાથમિકતા આપો |

આ સુધારાઓ હાંસલ કરવા માટે, એ ખૂબ જ ભલામણ કરવામાં આવે છે કે સાબિત બળદ (પ્રોજેની ટેસ્ટેડ) ના શુક્રાણુ સાથે **કૃત્રિમ ગર્ભાધાન (એઆઈ)** નો ઉપયોગ કરો, જેથી આગામી પેઢીમાં શ્રેષ્ઠ ઉત્પાદન લક્ષણો વારસામાં મળે.","તમારા વર્તમાન પશુધન સુધારવા અને સારી ગુણવત્તાવાળું દૂધ મેળવવા માટે શ્રેષ્ઠ જાતિ તમારા સ્થાન, આબોહવા અને તમે ગાય કે ભેંસને પસંદ કરો છો તેના પર આધાર રાખે છે.

- ગાયો માટે: દૂધની ગુણવત્તા અને ઉત્પાદન વધારવા માટે હોલસ્ટેઇન ફ્રિસિયન, જર્સી અને ભારતીય પરિસ્થિતિઓમાં વધુ સારી રીતે અનુકૂલન સાધવા માટે આ જાતિઓ સાથેના ક્રોસબ્રીડ્સ લોકપ્રિય ડેરી જાતિઓ છે. સાહીવાલ અને ગીર પણ સારી સ્થાનિક જાતિઓ છે જે તેમની ગુણવત્તા અને સ્થિતિસ્થાપકતા માટે જાણીતી છે.
- ભેંસો માટે: દૂધનું ઉત્પાદન અને ગુણવત્તા વધારવા માટે મુર્રા ભેંસની ખૂબ ભલામણ કરવામાં આવે છે.

શ્રેષ્ઠ જાતિની પસંદગી કરતી વખતે સ્થાનિક આબોહવા, ચારાની ઉપલબ્ધતા અને રોગ પ્રતિકારક ક્ષમતાને ધ્યાનમાં લેવી જોઈએ. તમારા ફાર્મ માટે યોગ્ય જાતિની પસંદગી અને ક્રોસબ્રીડિંગ વ્યૂહરચના માટે તમારા સ્થાનિક પશુચિકિત્સક અથવા પશુધન નિષ્ણાતની સલાહ લો.",grammar_fluency_compare,,"Response B sounds more natural and fluent in Gujarati, while Response A is correct but more technical and less natural.",3,"Mostly grammatical and understandable, but it reads somewhat technical and a few phrases feel unnatural or overly translated.",4,"Clear, fluent, and grammatically natural overall, with a friendly tone that is easy to understand.",response_b,"Response B sounds more natural and fluent in Gujarati, while Response A is correct but more technical and less natural.",2.7811,1360,111,1471,0.0015195
324,70,4.dev_better,chat,4.dev_better,15 દિવસથી નાની (વજન ~54 કિ.ગ્રા.) વાછડીને કેટલું દૂધ અને કેટલો ખોરાક આપવો?,"આશરે 54 કિલો વજનવાળા 15 દિવસના બચ્ચા માટે, અહીં આપેલ દસ્તાવેજોના આધારે આહાર માર્ગદર્શિકા છે:

**1. દૂધનું સેવન**
*   **માત્રા:** પ્રથમ 8 થી 12 અઠવાડિયા સુધી, બચ્ચાને દરરોજ તેના શરીરના વજનના **10% જેટલું દૂધ** આપવું જોઈએ.
*   **ગણતરી:** 54 કિલોના બચ્ચા માટે, આ આશરે **દરરોજ 5.4 લિટર દૂધ** છે, જેને દિવસ દરમિયાન થોડા ભાગમાં આપવું.

**2. ખોરાક અને પૂરક આહાર**
*   **બચ્ચા માટેનો પ્રારંભિક ખોરાક:** તમે 2 અઠવાડિયા (14 દિવસ) પછી બચ્ચા માટેનો પ્રારંભિક ખોરાક (દા.ત., અમૂલ બચ્ચા માટેનો પ્રારંભિક ખોરાક) આપવાનું શરૂ કરી શકો છો.
    *   નાની માત્રાથી શરૂઆત કરો, આશરે **50 ગ્રામને થોડા પાણી સાથે મિક્સ કરો**.
    *   જો બચ્ચો તે ખાય છે, તો ધીમે ધીમે દરરોજ માત્રા વધારતા જાઓ, જેથી મહિનાના અંત સુધીમાં 200 ગ્રામ સુધી પહોંચી શકાય.
*   **લીલો ચારો:** પ્રથમ અઠવાડિયા પછી, બચ્ચાને તેના શરીરના વજનના **0.1% થી 0.4% જેટલો લીલો ચારો** આપો. 54 કિલોના બચ્ચા માટે, આ આશરે **દરરોજ 54 ગ્રામથી 216 ગ્રામ** છે.
*   **અન્ય જરૂરી વસ્તુઓ:** ખાતરી કરો કે બચ્ચાને સ્વચ્છ પીવાના પાણી અને સૂકા ઘાસની ઉપલબ્ધતા હોય.

**15 દિવસના બચ્ચા (54 કિલો) માટે સારાંશ કોષ્ટક**
| વસ્તુ | ભલામણ કરેલ માત્રા |
| :--- | :--- |
| **દૂધ** | ~5.4 લિટર પ્રતિ દિવસ (ભાગમાં) |
| **બચ્ચા માટેનો પ્રારંભિક ખોરાક** | 50 ગ્રામથી શરૂ કરો (પાણી સાથે મિક્સ કરેલું) |
| **લીલો ચારો** | 54 ગ્રામથી 216 ગ્રામ પ્રતિ દિવસ |
| **પાણી** | સ્વચ્છ પાણી હંમેશા ઉપલબ્ધ હોવું જોઈએ |","15 દિવસના અને આશરે 54 કિલો વજનવાળા વાછરડા માટે:

- દૂધ: વાછરડાને દરરોજ તેના શરીરના વજનના આશરે 10% જેટલું દૂધ આપો. 54 કિલોના વાછરડા માટે, આ દરરોજ આશરે 5-5.5 લિટર દૂધ થાય છે. આ દૂધને દિવસમાં 2-3 વાર આપો.
- અન્ય ખોરાક: આ ઉંમરે, વાછરડાનો મુખ્ય ખોરાક દૂધ હોવો જોઈએ. તમે સારી ગુણવત્તાવાળો વાછરડા માટેનો ખોરાક અને સ્વચ્છ પાણી થોડી માત્રામાં આપવાનું શરૂ કરી શકો છો, જેથી વાછરડો ઘન ખોરાક ખાવાનું શીખે, પરંતુ તેને દબાણ ન કરો—ઘન ખોરાક ખાવાની તૃષ્ણા આગામી અઠવાડિયામાં ધીમે ધીમે વધે છે.

હંમેશાં ખાતરી કરો કે વાસણો સ્વચ્છ હોય. વાછરડાના સ્વાસ્થ્ય, પાચન અને વિકાસ પર નજર રાખો. જો તમને કોઈ સ્વાસ્થ્ય સમસ્યા જણાય, તો સ્થાનિક માર્ગદર્શન માટે તમારા પશુચિકિત્સકની સલાહ લો.",grammar_fluency_compare,,"Both responses are fluent and grammatically sound in Gujarati, with no meaningful difference in grammar quality.",4,"Grammatically correct Gujarati with clear structure and friendly, understandable wording.",4,"Grammatically correct Gujarati, natural and easy to understand, with a friendly tone.",both,"Both responses are fluent and grammatically sound in Gujarati, with no meaningful difference in grammar quality.",2.123,1129,98,1227,0.00128775
325,76,4.dev_better,chat,4.dev_better,HF ગાય હાલ ~4.5 લિટર દૂધ આપે છે—દૂધ વધારી શકાય? મહત્તમ કેટલું થઈ શકે?,"હા, યોગ્ય પોષણ, વ્યવસ્થાપન અને જાતિ સુધારણાના સંયોજન દ્વારા તમારી એચએફ ગાયના દૂધનું ઉત્પાદન વધારી શકાય છે.

### દૂધનું ઉત્પાદન કેવી રીતે વધારવું
1.  **સંતુલિત પોષણ:**
    *   **સંકેન્દ્રિત ખોરાક:** દર 1 લિટર દૂધના ઉત્પાદન માટે **400 ગ્રામ સંકેન્દ્રિત ખોરાક** આપો, અને શરીરની જાળવણી માટે વધારામાં **દરરોજ 1 કિલો** આપો. જેમ જેમ દૂધનું ઉત્પાદન વધે છે, તેમ તેમ સંકેન્દ્રિત ખોરાકની માત્રા પ્રમાણસર વધારો.
    *   **લીલો ચારો:** ગાયને જરૂરી વિટામિન એ મળી રહે તે માટે **દરરોજ 20 કિલો લીલો ચારો** આપો.
    *   **સૂકો ચારો:** પૂરતો સૂકો ચારો (જેમ કે જુવારનો દાણો) આપો, જેથી બીજા દિવસે થોડો ચારો બાકી રહે.
    *   **સપ્લિમેન્ટ્સ:** વધુ ઉત્પાદન આપતી ગાયો માટે, **દરરોજ 1 થી 2 કિલો બાયપાસ પ્રોટીન** અને **દર કિલો દૂધ દીઠ 10 ગ્રામ બાયપાસ ફેટ** ઉમેરવાથી ઉત્પાદન અને ચરબીની ટકાવારીમાં વધારો થઈ શકે છે.
    *   **ખનિજ તત્વો:** ખનિજ તત્વોનું મિશ્રણ (દર લિટર દૂધ દીઠ 10 ગ્રામ) અથવા ચૂનો અને મીઠાનો મુઠ્ઠીભર ભાગ દરરોજ આપવાથી કેલ્શિયમની ઉણપ પૂરી કરી શકાય છે અને પાચનમાં મદદ મળે છે.
2.  **વ્યવસ્થાપન પદ્ધતિઓ:**
    *   **દૂધ દોહવાની આવર્તન:** જો તમે ગાયને દિવસમાં **ત્રણ વાર 8 કલાકના અંતરે** દોહશો (બે વાર દોહવાને બદલે), તો દૈનિક દૂધનું ઉત્પાદન **15-20%** સુધી વધી શકે છે.
    *   **પાણી:** પૂરતું પાણી આપો; દરેક વધારાના લિટર દૂધ માટે, પ્રાણીને આશરે 3 લિટર વધારાનું પાણી જોઈએ.
    *   **પર્યાવરણ:** દૂધ દોહતી વખતે શાંત વાતાવરણ જાળવો અને યોગ્ય રીતે સ્તન સાફ કરો.

### મહત્તમ ઉત્પાદન ક્ષમતા
મહત્તમ ઉત્પાદન પ્રાણીની આનુવંશિક ક્ષમતા પર આધાર રાખે છે. **એચએફ (હોલસ્ટીન ફ્રિસિયન) ગાયો** માટે, સરેરાશ દૂધનું ઉત્પાદન લગભગ **6,500 લિટર** હોય છે, જો કે કેટલીક વિદેશી જાતિઓ એક લેક્ટેશનમાં **5,000 થી 6,000 લિટર** સુધી ઉત્પાદન કરી શકે છે.

પોષણ અને કાળજી પ્રાણીને તેની મહત્તમ આનુવંશિક સંભાવના સુધી પહોંચવામાં મદદ કરી શકે છે, પરંતુ લાંબા ગાળાના નોંધપાત્ર વધારાનું ઉત્પાદન આયોજિત **જાતિ સુધારણા** અને શ્રેષ્ઠ આનુવંશિક જાતિઓની પસંદગી દ્વારા પ્રાપ્ત કરી શકાય છે.","હા, સારી રીતે સંચાલન કરવાથી એચએફ (હોલસ્ટેઇન ફ્રિસિયન) ગાયના દૂધનું ઉત્પાદન સામાન્ય રીતે વધારી શકાય છે. એચએફ ગાયમાં દૂધના વધુ ઉત્પાદન માટે આનુવંશિક ક્ષમતા હોય છે—ભારતમાં સારી રીતે પોષણ પામેલી અને સ્વસ્થ એચએફ ગાય 15 થી 25 લિટર અથવા તેનાથી પણ વધુ દૂધ પ્રતિ દિવસ આપી શકે છે, જે આનુવંશિકતા, ખોરાક અને સંચાલન પર આધાર રાખે છે.

દૂધનું ઉત્પાદન વધારવા માટે:

- સંતુલિત પોષણ આપો: સારી ગુણવત્તાવાળા લીલા ચારા, સૂકા ચારા (જેમ કે ઘઉંનો દાણો) અને ખનિજો અને વિટામિન્સ સાથેનું ઘન ચારો આપો.
- પૂરતું સ્વચ્છ પાણી હંમેશા ઉપલબ્ધ થાય તેની ખાતરી કરો.
- નિયમિત દૂધ દોહવાની અને સ્વચ્છતા જાળવો.
- નિયમિતપણે કૃમિનાશક દવા અને રસી આપો.
- તણાવ ઓછો કરો અને આરામદાયક પથારી પૂરી પાડો.

જો તમારી ગાય માત્ર 4.5 લિટર દૂધ આપી રહી છે, તો તે ખોરાક, આરોગ્ય, આનુવંશિકતા અથવા ઉંમર સંબંધિત સમસ્યાઓ સૂચવે છે. ચારાની ગુણવત્તામાં સુધારો કરવાથી અને સારી રીતે સંચાલન કરવાથી ઉત્પાદન વધારી શકાય છે, પરંતુ આનુવંશિક રીતે સરેરાશ ગાયોમાં સૌથી વધુ ઉત્પાદન શક્ય નથી. કૃપા કરીને તમારી ગાયનું મૂલ્યાંકન કરવા અને ચોક્કસ ખોરાક અને સંચાલન યોજના મેળવવા માટે તમારા સ્થાનિક પશુચિકિત્સક અથવા ડેરી નિષ્ણાતની સલાહ લો.",grammar_fluency_compare,,"Response B sounds more natural and fluent overall, while Response A is more technical and slightly less natural.",3,"Mostly grammatical and understandable Gujarati, but it reads somewhat technical and translated in places.",4,"Natural, fluent Gujarati with correct grammar and a friendly, farmer-friendly tone.",response_b,"Response B sounds more natural and fluent overall, while Response A is more technical and slightly less natural.",1.6416,1447,82,1529,0.00145425
326,77,4.dev_better,chat,4.dev_better,ગાયનું દૂધ અચાનક ઘટી ગયું છે (4 લિટરથી 1.5 લિટર) — શું કરવું?,"દૂધના ઉત્પાદનમાં અચાનક અને નોંધપાત્ર ઘટાડો (4 લિટરથી ઘટીને 1.5 લિટર) થવાના ઘણાં વિવિધ કારણો હોઈ શકે છે. લક્ષણોના આધારે, અહીં સૌથી સંભવિત કારણો આપ્યા છે:

### સંભવિત કારણો
*   **માસ્ટિટિસ (સ્તનનો ચેપ):** આ અચાનક દૂધના ઉત્પાદનમાં ઘટાડો થવાનું એક સામાન્ય કારણ છે. તપાસો કે શું સ્તન સોજોવાળું, કડક અથવા સ્પર્શ કરવા માટે ગરમ છે, અથવા દૂધમાં ગઠ્ઠો, ટુકડા છે અથવા પાણી જેવું લાગે છે.
*   **કીટોસિસ (ઊર્જાની ઉણપ):** આ ખાસ કરીને બચ્ચાંને જન્મ આપ્યા પછીના પ્રથમ બે મહિનામાં વધુ દૂધ આપતી ગાયોમાં સામાન્ય છે. લક્ષણોમાં ઝડપી વજન ઘટવું, ભૂખ ઓછી થવી અને કેટલીકવાર અસામાન્ય વર્તન (જેમ કે ગોળ ગોળ ફરવું અથવા વસ્તુઓ ચાટવી) શામેલ છે.
*   **અન્ય ચયાપચય સંબંધિત સમસ્યાઓ:** પોસ્ટ-પાર્ટમ હેમોગ્લોબિનુરિયા (જે ઘણીવાર ફોસ્ફરસની ઉણપ સાથે સંકળાયેલું હોય છે) અથવા હાયપોમેગ્નેસેમિયા જેવી પરિસ્થિતિઓ પણ દૂધના ઉત્પાદનમાં નોંધપાત્ર ઘટાડો કરી શકે છે.

### ભલામણ કરેલ પગલાં
1.  **સ્તનની તપાસ કરો:** સ્તનમાં સોજો અથવા દુખાવો છે કે કેમ તે માટે કાળજીપૂર્વક તપાસ કરો અને દૂધની ગુણવત્તામાં કોઈ અસામાન્યતા છે કે કેમ તે તપાસો.
2.  **વર્તનનું નિરીક્ષણ કરો:** નોંધ કરો કે શું ગાય ખાવાનું બંધ કરી દીધું છે, સુસ્ત વર્તન કરી રહી છે અથવા તેને તાવ છે.
3.  **અચાનક આહારમાં ફેરફાર કરવાનું ટાળો:** આહારમાં અચાનક મોટા ફેરફારો ન કરો, કારણ કે તેનાથી કેટલીકવાર ચયાપચય સંબંધિત સમસ્યાઓ વધી શકે છે.

**મહત્વપૂર્ણ:** દૂધના ઉત્પાદનમાં અચાનક ઘટાડો થવો એ ઘણીવાર કોઈ તબીબી સમસ્યા સૂચવે છે જેના માટે ચોક્કસ નિદાનની જરૂર પડે છે (જેમ કે માસ્ટિટિસ સ્ટ્રીપ ટેસ્ટ અથવા બ્લડ ગ્લુકોઝ તપાસ), તેથી **તમારે તાત્કાલિક પશુચિકિત્સકનો સંપર્ક કરવો જોઈએ** જેથી યોગ્ય નિદાન અને સારવાર કરી શકાય.

એવું લાગે છે કે તમારા પ્રાણીને તબીબી સારવારની જરૂર પડી શકે છે. **શું તમે ઇચ્છો છો કે હું તમારા માટે આરોગ્ય તપાસ માટે એપોઇન્ટમેન્ટ બુક કરું?**","ગાયના દૂધનું ઉત્પાદન અચાનક 4 લિટરથી ઘટીને 1.5 લિટર થવાના ઘણા કારણો હોઈ શકે છે, જેમાં બીમારી (જેમ કે મેસ્ટિટિસ, તાવ, પાચનની સમસ્યા), અચાનક ખોરાક અથવા પાણીની અછત, તણાવ અથવા પર્યાવરણીય ફેરફારોનો સમાવેશ થાય છે. સૌ પ્રથમ, તપાસો કે ગાયમાં કોઈ બીમારીના લક્ષણો છે કે કેમ—તાવ, સામાન્ય ન હોય તેવું સ્તન (લાલાશ, સોજો, કઠણતા), ભૂખ ન લાગવી, ઓછી હલનચલન અથવા અન્ય કોઈ અસામાન્ય વર્તન. ખાતરી કરો કે ખોરાક અને પાણી સામાન્ય છે અને તેમાં કોઈ ફેરફાર કરવામાં આવ્યો નથી, અને ગાય તણાવમાં નથી.

જો તમને કોઈ પણ પ્રકારની બીમારી અથવા સ્તનમાં કોઈ સમસ્યા જણાય, તો વેટરનરી ડોક્ટર દ્વારા ગાયની તપાસ કરાવવી ખૂબ જ મહત્વપૂર્ણ છે. શું તમે તમારી ગાય માટે હેલ્થ કૉલ બુક કરવા માંગો છો?",grammar_fluency_compare,,"Response B is a bit more concise and reads slightly more naturally for a farmer, even though both are similar in fluency.",3,"Mostly grammatical and understandable, but it sounds a bit technical and less natural in places.",3,"Grammatically correct overall, though some wording feels slightly translated and not fully natural.",response_b,"Response B is a bit more concise and reads slightly more naturally for a farmer, even though both are similar in fluency.",1.9747,1191,108,1299,0.00137925
327,78,4.dev_better,chat,4.dev_better,દૂધ કાઢવાની મશીનથી કોઈ સમસ્યા થાય છે?,"યોગ્ય રીતે ઉપયોગ કરવામાં આવે તો, દૂધ દોહવાના મશીનો સામાન્ય રીતે સલામત અને કાર્યક્ષમ હોય છે. આપવામાં આવેલી માહિતી અનુસાર, તેનાથી સ્તનો અથવા દૂધ ઉત્પન્ન કરનાર અંગને નુકસાન થતું નથી, અને દૂધમાં લોહી ભળતું પણ નથી. હકીકતમાં, તે હાથથી દૂધ દોહવા કરતાં વધુ કાર્યક્ષમ હોઈ શકે છે, કારણ કે તેનાથી દૂધ દોહવાનો સમય ઘટે છે અને દૂધનું ઉત્પાદન 8% થી 13% સુધી વધે છે.

જો કે, કેટલીક સંભવિત સમસ્યાઓ અને મર્યાદાઓ છે જેના વિશે જાણવું જરૂરી છે:

*   **સ્વચ્છતાનું જોખમ:** જો દૂધ દોહવાના મશીનની સ્વચ્છતા યોગ્ય રીતે જાળવવામાં ન આવે તો, દૂધ ઉત્પન્ન કરનાર અંગના રોગો થઈ શકે છે.
*   **પ્રાણીની અનુકૂલન ક્ષમતા:** કેટલીક ગાયો, જે હાથથી દૂધ દોહવા માટે ટેવાયેલી હોય છે, તે મશીનથી દૂધ દોહવા દેતી નથી.
*   **તકનીકી જરૂરિયાતો:** તેના માટે સતત વીજ પુરવઠા અને શરૂઆતમાં રોકાણની જરૂર પડે છે.
*   **જાળવણી અને તાલીમ:** કામદારોને મશીન ચલાવવા અને જાળવણી માટે યોગ્ય તાલીમ આપવી જરૂરી છે. પૂરતા દબાણનો ઉપયોગ કરવામાં નિષ્ફળતા અથવા ખોટી રીતે સ્થાપિત કરવાથી (જેમ કે, ખોટી પાઇપની ઢાળ) સમસ્યાઓ થઈ શકે છે.

સમસ્યાઓ ટાળવા માટે, મશીન પ્રમાણિત વ્યાવસાયિકો દ્વારા સ્થાપિત કરાવવું અને કડક સફાઈ અને જાળવણીના નિયમોનું પાલન કરવું, જેમાં દર 10-12 મહિને રબરના લાઇનર બદલવાનો સમાવેશ થાય છે.","તમારા મિલ્કિંગ મશીનમાં તમને કઈ સમસ્યા આવી રહી છે તેનું તમે વર્ણન કરી શકશો? ઉદાહરણ તરીકે, શું તે કામ કરતું નથી, તેમાંથી લીકેજ થઈ રહ્યું છે, વિચિત્ર અવાજ કરી રહ્યું છે અથવા કોઈ ભૂલ દર્શાવી રહ્યું છે? મને ચોક્કસ સમસ્યા જણાવો જેથી હું તમને યોગ્ય સલાહ આપી શકું.",grammar_fluency_compare,,"Response A is more grammatically polished and complete in Gujarati, while Response B feels more translated and less natural.",3,"Grammar is mostly correct and understandable, but the wording is somewhat technical and reads a bit formal rather than fully natural and friendly.",2,"The Gujarati is understandable, but it mixes in English terms and sounds more like a translated support prompt than natural fluent Gujarati.",response_a,"Response A is more grammatically polished and complete in Gujarati, while Response B feels more translated and less natural.",1.8895,805,120,925,0.00114375
328,79,4.dev_better,chat,4.dev_better,ભેંસ એક ટાઈમ દૂધ આપે છે તો બે ટાઈમ કેવી રીતે કરાવવું?,"તમારી ભેંસને દિવસમાં બે વાર દૂધ આપવા અને તેના એકંદર ઉત્પાદનમાં સુધારો કરવા માટે, તમે આ વ્યવહારુ પગલાં અનુસરી શકો છો:

**1. દૂધ દોરવાની તકનીક અને ઉત્તેજના**
*   **બચ્ચાની હાજરી:** ભેંસોમાં દૂધ આપવાની પ્રક્રિયા ધીમી હોય છે. બચ્ચાની હાજરી દૂધ આપવાની પ્રક્રિયાને ઉત્તેજીત કરવા માટે જરૂરી છે; દૂધ સરળતાથી વહે તે માટે દૂધ દોરતી વખતે બચ્ચાને હાજર રાખો.
*   **સતતતા:** દરરોજ સવારે અને સાંજે એક જ સમયે દૂધ દોરવાની કડક નિયમિતતા સ્થાપિત કરો.

**2. પોષણ અને ખોરાક**
*   **સંકેન્દ્રિત ખોરાક:** સવાર અને સાંજના દૂધ દોરવાના સમય દરમિયાન સંકેન્દ્રિત ખોરાક (દાણા) આપો. ભલામણ કરેલ પ્રમાણ એ પ્રાણીના દૂધના ઉત્પાદનના 33% થી 50% હોવું જોઈએ.
*   **સપ્લિમેન્ટ્સ:** યુરિયા અને મોલાસીસનું મિશ્રણ (જેમ કે યુએમએમબી બ્લોક લિક્સ) વાપરવાથી ખરબચડા ખોરાકની પાચનક્રિયામાં સુધારો થાય છે અને દૂધનું ઉત્પાદન વધે છે.
*   **હર્બલ સપોર્ટ:** જે પ્રાણીઓને દૂધના ઉત્પાદનમાં મુશ્કેલી આવી રહી છે, તેમના માટે પરંપરાગત ઉપાયોમાં નીચેનાનો સમાવેશ થાય છે:
    *   **શતાવરી (એસ્પારગસનું મૂળ):** 250 ગ્રામ પીસેલું મૂળ 3 થી 5 દિવસ માટે મૌખિક રીતે આપો.
    *   **જીવંતી (લેપ્ટાડેનિયા રેટિક્યુલાટા):** 50 ગ્રામ પાંદડા અને દાંડી 30 દિવસ માટે દિવસમાં બે વાર ખોરાક સાથે આપો.

**3. સામાન્ય કાળજી**
*   **તાપમાન નિયંત્રણ:** ઉનાળામાં, તમારી ભેંસને દિવસમાં બે વાર નવડાવો અથવા તેને ગરમીના સમયે લગભગ એક કલાક માટે તળાવમાં બેસાડો, કારણ કે આનાથી દૂધના ઉત્પાદન પર સકારાત્મક અસર પડે છે.
*   **આરામ:** પ્રાણીઓને રાત્રે પેનમાં મુક્તપણે રાખો અને સવારે તાજા લીલા અથવા સૂકા ચારા આપો.

જો ભેંસ આ ફેરફારો છતાં પણ દિવસમાં માત્ર એક જ વાર દૂધ આપવાનું ચાલુ રાખે છે, તો તે કોઈ અંતર્ગત સ્વાસ્થ્ય સમસ્યાને કારણે હોઈ શકે છે. હું ભલામણ કરું છું કે તમે વ્યાવસાયિક તપાસ માટે તમારા સ્થાનિક પશુચિકિત્સકની સલાહ લો.","ભૈંસને દિવસમાં એક વારને બદલે બે વાર દૂધ આપવા માટે પ્રોત્સાહિત કરવા, તમારે એક સુસંગત દૂધ દોહવાના નિયમનું પાલન કરવું પડશે. લગભગ દર 12 કલાકે (ઉદાહરણ તરીકે, સવાર અને સાંજ) નિયમિત અંતરાલે ભૈંસનું દૂધ દોહવાનું શરૂ કરો. આનાથી પ્રાણીના શરીરને વધુ વાર દૂધ ઉત્પન્ન કરવા અને છોડવા માટે સંકેત મળે છે.

સફળ પરિવર્તન માટેની ટિપ્સ:

- ખાતરી કરો કે ખોરાક, પાણી અને સંભાળ સુસંગત હોય.
- નવી દિનચર્યા ધીમે ધીમે શરૂ કરો, જેથી ભૈંસને અનુકૂલન સાધવાનો સમય મળે.
- તણાવ ટાળવા માટે શાંત અને નમ્રતાથી સંભાળ રાખો.
- ખાતરી કરો કે ભૈંસ સ્વસ્થ છે અને તેને સંતુલિત આહાર મળી રહ્યો છે, ખાસ કરીને પૂરતું લીલું ચારો અને પાણી મળી રહેવું જોઈએ.
- દૂધ દોહવાનું સ્થળ સ્વચ્છ અને આરામદાયક રાખો.

ધીરજ અને નિયમિતતાથી, મોટાભાગની સ્વસ્થ ભૈંસો દિવસમાં બે વાર દૂધ આપવાની દિનચર્યામાં અનુકૂલન સાધે છે અને આ સમયપત્રક જાળવી શકે છે, જેનાથી દૂધનું ઉત્પાદન વધે છે. જો પ્રાણી દૂધ આપવાનો વિરોધ કરે અથવા દૂધનું ઉત્પાદન ઘટે, તો આરોગ્ય અથવા સંચાલન સંબંધિત સમસ્યાઓને નકારી કાઢવા માટે સ્થાનિક પશુચિકિત્સકની સલાહ લો.",grammar_fluency_compare,,"Response B sounds more natural and fluent in Gujarati, while Response A is more technical and less native-like.",3,"Grammar is mostly correct and understandable, but the wording is very technical and reads like a translated advisory article rather than natural, friendly Gujarati.",4,"The Gujarati is smooth, grammatical, and natural overall, with a friendly tone that is easy to understand.",response_b,"Response B sounds more natural and fluent in Gujarati, while Response A is more technical and less native-like.",2.6314,1306,118,1424,0.0015105
329,84,4.dev_better,chat,4.dev_better,તાજી વિયાયેલ ગાય ભેસ ને તેનું પોતાનું ખરાટુ દૂધ પીવડાવીશકાય? હા તો શું ફાયદોને ના તો કેમ ?,"સ્થાપિત પશુ વ્યવસ્થાપન પદ્ધતિઓના આધારે, **ના, તાજેતરમાં બચ્ચાંને જન્મ આપેલ ગાય અથવા ભેંસને તેનું પોતાનું કોલોસ્ટ્રમ (પ્રથમ દૂધ) ખવડાવવું જોઈએ નહીં.**

કોલોસ્ટ્રમ ખાસ કરીને **નવજાત બચ્ચા માટે** બનાવવામાં આવે છે, માતા માટે નહીં. તે બચ્ચાના જીવન અને સ્વાસ્થ્ય માટે ખૂબ જ મહત્વપૂર્ણ છે, કારણો નીચે મુજબ છે:

*   **રોગપ્રતિકારક શક્તિ (નિષ્ક્રિય ટ્રાન્સફર):** નવજાત બચ્ચામાં પોતાની રોગપ્રતિકારક શક્તિ હોતી નથી. કોલોસ્ટ્રમમાં આવશ્યક એન્ટિબોડીઝ (IgG, IgM અને IgA) હોય છે, જે બચ્ચાને તાત્કાલિક રોગપ્રતિકારક શક્તિ પ્રદાન કરે છે.
*   **પોષક તત્વોથી ભરપૂર:** તેમાં પ્રોટીન (લગભગ 20-21%), ચરબી અને ખનિજો ભરપૂર માત્રામાં હોય છે, જે બચ્ચાના શરૂઆતના શારીરિક વિકાસ માટે જરૂરી છે.
*   **પાચનતંત્રને મદદરૂપ:** કોલોસ્ટ્રમ રેચક તરીકે કામ કરે છે, જે નવજાત બચ્ચાને તેનું પાચનતંત્ર સાફ કરવામાં મદદ કરે છે.
*   **મહત્વપૂર્ણ વિટામિન્સ:** તે વિટામિન એ જેવા મહત્વપૂર્ણ વિટામિન્સ પ્રદાન કરે છે, જે નવજાત બચ્ચું પોતે ઉત્પન્ન કરી શકતું નથી.

માતા ગાય અથવા ભેંસને તેના પોતાના સ્વાસ્થ્ય માટે કોલોસ્ટ્રમની જરૂર નથી; તેના બદલે, તેને બચ્ચાને જન્મ આપ્યા પછી તેના સ્વાસ્થ્યને સુધારવા અને દૂધ ઉત્પાદનને વધારવા માટે **સંતુલિત આહાર, જેમાં અનાજ અને ઉચ્ચ ગુણવત્તાવાળા લીલા ચારાનો સમાવેશ થાય છે** (લગભગ 15 થી 20 કિલો લીલો ચારો) ની જરૂર હોય છે.","નવજાત બચ્ચાંને તેમની માતાના પ્રથમ દૂધ (કોલોસ્ટ્રમ)ને બદલે અથવા તેની સાથે ભેળવીને તાજું દૂધ આપવું જોઈએ નહીં. કોલોસ્ટ્રમ એ માતા દ્વારા બચ્ચાંને જન્મ આપ્યા પછી ઉત્પન્ન થતું પ્રથમ ઘટ્ટ, પીળા રંગનું દૂધ છે, અને તેમાં એન્ટિબોડીઝ (ઇમ્યુનોગ્લોબ્યુલિન), ઊર્જા અને પોષક તત્વોનું પ્રમાણ વધુ હોય છે, જે બચ્ચાંને જન્મ પછીના શરૂઆતના દિવસોમાં રોગોથી બચાવવા માટે જરૂરી છે.

કોલોસ્ટ્રમની જગ્યાએ તાજું દૂધ (કોઈપણ ગાય અથવા ભેંસનું દૂધ) આપવાથી બચ્ચાંને નુકસાન થઈ શકે છે, કારણ કે:

- તાજા દૂધમાં એન્ટિબોડીનું પ્રમાણ ઓછું હોય છે, જે નવજાત બચ્ચાં માટે મજબૂત રોગપ્રતિકારક શક્તિ માટે જરૂરી છે.
- તાજા દૂધને કોલોસ્ટ્રમ સાથે ભેળવવાથી કોલોસ્ટ્રમમાં એન્ટિબોડીની સાંદ્રતા ઓછી થઈ જાય છે, જેનાથી તેની અસરકારકતા ઘટી જાય છે.
- જે બચ્ચાંને જન્મ પછીના પ્રથમ 4-6 કલાકમાં પૂરતું કોલોસ્ટ્રમ મળતું નથી, તેઓને ચેપ લાગવાનું જોખમ વધારે હોય છે અને તેમની વૃદ્ધિ ધીમી થાય છે.

તેથી, હંમેશાં બચ્ચાંને પ્રથમ 3-4 દિવસ સુધી ફક્ત તેની માતાનું કોલોસ્ટ્રમ જ આપો. ત્યારબાદ, તમે નિયમિત દૂધ અથવા દૂધના વિકલ્પ આપવાનું શરૂ કરી શકો છો. બચ્ચાંને કેવી રીતે દૂધ આપવું તે અંગે વધુ માહિતી માટે તમારા સ્થાનિક પશુચિકિત્સકની સલાહ લો.",grammar_fluency_compare,,"Both are similar in fluency, but Response B is slightly more natural and better structured in Gujarati.",3,"Grammar is mostly correct and understandable, but the wording is somewhat technical and not fully natural or farmer-friendly.",3,"The Gujarati is grammatically sound overall, but it reads a bit formal and technical rather than warm and natural.",response_b,"Both are similar in fluency, but Response B is slightly more natural and better structured in Gujarati.",2.0287,1188,112,1300,0.001395
330,86,4.dev_better,chat,4.dev_better,કોલેસ્ટ્રોમ શું છે?,"કોલોસ્ટ્રમ (જેને *ખીરુ* તરીકે ઓળખવામાં આવે છે) એ ગાય અથવા ભેંસ દ્વારા બચ્ચાને જન્મ આપ્યા પછી ઉત્પન્ન થતું પ્રથમ દૂધ છે. તે સામાન્ય દૂધ કરતાં વધુ પોષક તત્વોથી ભરપૂર હોય છે અને નવજાત બચ્ચાના અસ્તિત્વ અને વિકાસ માટે તે ખૂબ જ જરૂરી છે.

**કોલોસ્ટ્રમના મુખ્ય ફાયદા:**
*   **રોગપ્રતિકારક શક્તિ:** તેમાં ઉચ્ચ સ્તરના ઇમ્યુનોગ્લોબ્યુલિન (એન્ટિબોડીઝ જેમ કે IgG, IgM અને IgA) હોય છે, જે બેક્ટેરિયલ ચેપ અને રોગો સામે તાત્કાલિક રક્ષણ પૂરું પાડે છે.
*   **ઉચ્ચ પોષણ:** તેમાં સામાન્ય દૂધ કરતાં 3 થી 5 ગણું વધુ પ્રોટીન હોય છે, સાથે જ વિટામિન A, D, E, B કોમ્પ્લેક્સ અને આયર્ન, કેલ્શિયમ અને મેગ્નેશિયમ જેવા ખનિજોનું પ્રમાણ પણ નોંધપાત્ર રીતે વધારે હોય છે.
*   **પાચનતંત્રને મદદરૂપ:** તે રેચક તરીકે કાર્ય કરે છે, જે નવજાત બચ્ચાને તેનું પ્રથમ મળ (મીકોનિયમ) બહાર કાઢવામાં અને આંતરડાને સાફ કરવામાં મદદ કરે છે, જેથી પોષક તત્વોનું વધુ સારી રીતે શોષણ થઈ શકે.

**ખોરાક આપવાની માર્ગદર્શિકા:**
*   **સમય ખૂબ જ મહત્વપૂર્ણ છે:** પ્રથમ ડોઝ શક્ય તેટલી વહેલી તકે આપવો જોઈએ, આદર્શ રીતે જન્મના **30 મિનિટથી 1.5 કલાકની અંદર**, કારણ કે સમય જતાં બચ્ચાની રોગપ્રતિકારક તત્વોને શોષવાની ક્ષમતા ઝડપથી ઘટી જાય છે.
*   **પ્રમાણ:**
    *   **પ્રથમ ડોઝ:** 500 મિલીથી 1 લિટર.
    *   **પછીનો ખોરાક:** દિવસમાં બે વાર 2 લિટર, અથવા આશરે બચ્ચાના શરીરના વજનના 10% (2-3 લિટર) દિવસમાં બેથી ત્રણ વાર.

**મહત્વપૂર્ણ ટિપ:** બચ્ચાને કોલોસ્ટ્રમ આપતા પહેલાં પ્લેસેન્ટા (ગર્ભાશય) બહાર નીકળે તેની રાહ જોશો નહીં.","વાછરું જન્મ્યા પછી તરત જ ગાયો અથવા ભેંસો દ્વારા ઉત્પન્ન થતું પહેલું દૂધ કોલોસ્ટ્રમ કહેવાય છે. તેમાં એન્ટિબોડીઝ, વિટામિન્સ અને પોષક તત્વો ભરપૂર માત્રામાં હોય છે, જે નવજાત વાછરડાને રોગોથી બચાવવામાં અને તેના શરૂઆતના વિકાસને ટેકો આપવામાં મદદ કરે છે. વાછરડામાં મજબૂત રોગપ્રતિકારક શક્તિ વિકસાવવા અને તેના જીવિત રહેવાની શક્યતા વધારવા માટે જન્મ્યા પછીના પ્રથમ 2 કલાકમાં તેને કોલોસ્ટ્રમ આપવું ખૂબ જ મહત્વપૂર્ણ છે.",grammar_fluency_compare,,"Response B is more natural and fluent, while Response A is accurate but overly technical and less conversational.",3,"Grammatically correct overall, but it reads very technical and less natural/friendly for a farmer audience.",4,"Clear, natural Gujarati with correct grammar and a friendly, easy-to-understand tone.",response_b,"Response B is more natural and fluent, while Response A is accurate but overly technical and less conversational.",2.8741,957,107,1064,0.00119925
331,90,4.dev_better,chat,4.dev_better,આંચળ/થણ ફાટી જાય/ક્રેક થાય તો શું કરવું?,"કારણ અને તીવ્રતાના આધારે, સ્તન અથવા સ્તનગ્રંથિમાં થતી તિરાડો માટે અહીં ભલામણ કરેલ સારવાર આપવામાં આવી છે:

### **૧. સામાન્ય તિરાડો અને શિયાળામાં થતી શુષ્કતા માટે**
*   **મોઇશ્ચરાઇઝિંગ:** શિયાળા દરમિયાન ખાસ કરીને શુષ્કતાને રોકવા અને તેની સારવાર કરવા માટે દૂધ દોર્યા પછી સ્તનગ્રંથિ પર **એરંડાના તેલ**થી માલિશ કરો.
*   **દવા:** એવી દવાઓનો ઉપયોગ કરો જે સ્તનગ્રંથિની ત્વચાને નરમ કરે. **એક્રિફ્લેવિન ટ્યુબ્સ** ઘાને ઝડપથી રૂઝાવવામાં મદદ કરી શકે છે.
*   **ઘરેલું ઉપાય:** અન્ય દવાઓ ઉપલબ્ધ ન હોય તો, તમે **હળદર અને માખણ**નું મિશ્રણ લગાવી શકો છો.
*   **પોષણ:** પ્રાણીના ખોરાકમાં **મલ્ટિવિટામિન પાવડર** ઉમેરો અને જો પ્રાણીને તીવ્ર દુખાવો થતો હોય તો પ્રથમ ત્રણ દિવસ માટે પીડા નિવારક દવા આપો.

### **૨. સ્તનગ્રંથિના ઘા/સ્તનગ્રંથિમાં થતી તિરાડો માટે પરંપરાગત ઉપાય**
તમે આ ઘરે બનાવેલ ઉપાયનો ઉપયોગ કરી શકો છો:
*   **સામગ્રી:** તાજા, નરમ પાનવાળા પાન, રાઈના દાણા અને મહુઆનું તેલ અથવા ઘી.
*   **તૈયારી:** પાનને સ્તનગ્રંથિની લંબાઈ પ્રમાણે કાપો અને પાનના સપાટી પર નાના કાપા મૂકો. રાઈના દાણાને મહુઆના તેલ અથવા ઘી સાથે મિક્સ કરીને મલમ બનાવો અને તેને પાન પર લગાવો.
*   **ઉપયોગ:** દૂધ દોર્યા પછી, મલમ લગાવેલા પાનને સ્તનગ્રંથિની આસપાસ લપેટીને (તિરાડોને ઢાંકીને) હળવેથી બાંધી દો. દરેક દૂધ દોરવાના સત્ર પછી તાજા પાનથી બદલો.

### **૩. આકસ્મિક ઇજાઓ માટે**
*   સ્તનગ્રંથિને હૂંફાળા **પોટેશિયમ પરમેંગેનેટ (પી.પી.) પાણી**થી સાફ કરો અને **ઝીંક ઓક્સાઇડ મલમ** લગાવો.

**મહત્વપૂર્ણ નોંધ:** જો ઇજા ગંભીર હોય (દા.ત., સ્તનગ્રંથિનો મોટો ભાગ દૂર થઈ ગયો હોય) અથવા જો તમને પરુ, ફોલ્લીઓ અથવા ચેપના ચિહ્નો દેખાય, તો કૃપા કરીને વ્યાવસાયિક સારવાર માટે તાત્કાલિક પશુચિકિત્સકનો સંપર્ક કરો.","જો તમારા પશુના સ્તન અથવા સ્તનગ્રંથિમાં તિરાડ પડી હોય અથવા તે ફાટી ગયો હોય, તો તેને હળવા ગરમ પાણી અને હળવા એન્ટિસેપ્ટિકથી ધોઈને તે વિસ્તારને સ્વચ્છ રાખો. સાફ કર્યા પછી, તમે પશુચિકિત્સક દ્વારા મંજૂર કરાયેલ એન્ટિસેપ્ટિક મલમ અથવા સ્તનગ્રંથિ માટે બનાવેલ હીલિંગ ક્રીમ લગાવી શકો છો. ખૂબ જોરથી દૂધ દોહવાનું ટાળો અને શક્ય હોય તો, ચેપનું જોખમ ઘટાડવા માટે સ્તનગ્રંથિને એન્ટિસેપ્ટિક દ્રાવણમાં બોળી રાખો. જો તિરાડ ગંભીર હોય, લોહી નીકળતું હોય અથવા પશુને દુખાવો, સોજો અથવા તાવ હોય, તો તાત્કાલિક પશુચિકિત્સકનો સંપર્ક કરો. સ્તનગ્રંથિ અને સ્તનની યોગ્ય કાળજી લેવી મહત્વપૂર્ણ છે જેથી સ્તનોના સોજાને અટકાવી શકાય અને પશુનું સ્વાસ્થ્ય સુનિશ્ચિત કરી શકાય.",grammar_fluency_compare,,"Response B is smoother and more natural overall, with fewer awkward translated constructions than Response A.",2,"The Gujarati is understandable, but it reads like a direct translation with awkward phrasing, repeated technical terms, and unnatural structure in several places.",3,"The Gujarati is mostly grammatical and easier to read, though it still sounds somewhat technical and not fully natural or friendly.",response_b,"Response B is smoother and more natural overall, with fewer awkward translated constructions than Response A.",2.1281,1196,118,1314,0.001428
332,91,4.dev_better,chat,4.dev_better,આંચળ/થણમાંથી લોહી આવે તો શું કરવું?,"એવું લાગે છે કે તમારા પ્રાણીને તબીબી સારવારની જરૂર પડી શકે છે. શું તમે હેલ્થ કૉલ બુક કરવા માંગો છો?

રક્તસ્રાવની પ્રકૃતિના આધારે, અહીં કેટલીક ભલામણો આપવામાં આવી છે, જે ઉપલબ્ધ દસ્તાવેજો પર આધારિત છે:

**૧. જો દૂધમાં લોહી દેખાય છે:**
પરંપરાગત પશુચિકિત્સા પદ્ધતિઓ સૂચવે છે કે રક્તસ્રાવ બંધ થાય ત્યાં સુધી પ્રાણીને **દિવસમાં બે વાર બે મુઠ્ઠી જેટલા મીઠા લીમડાના પાન અને ગોળનું મિશ્રણ** ખવડાવો.

**૨. જો સ્તન/માથું પર કોઈ ઈજા, તિરાડ અથવા ત્વચા પર ચાંદા હોય:**
*   **તાત્કાલિક સારવાર:** સ્તન પરની કોઈપણ તિરાડ અથવા ઈજા માટે જરૂરી સારવાર આપો. **એક નરમ માથું ક્રીમ** ત્વચાને ઝડપથી રૂઝાવવામાં મદદ કરી શકે છે.
*   **જંતુનાશક:** સ્તનને જંતુમુક્ત કરવા અને ચેપને ફેલાતો અટકાવવા માટે આયોડિન ડાયપ્સનો ઉપયોગ કરી શકાય છે.
*   **સ્વચ્છતા:** પ્રાણીના રહેઠાણ વિસ્તારને સ્વચ્છ અને સૂકો રાખો અને ખાતરી કરો કે દૂધ દોહતા પહેલાં માથું સ્વચ્છ પાણીથી ધોવામાં આવે.

**૩. શંકાસ્પદ ચેપ માટે (જેમ કે માસ્ટિટિસ):**
જો રક્તસ્રાવ સાથે માથામાં સોજો, લાલાશ અથવા ગરમી હોય, તો તે માસ્ટિટિસનું લક્ષણ હોઈ શકે છે. આવા કિસ્સાઓમાં, યોગ્ય એન્ટિબાયોટિક્સ અને બળતરા વિરોધી દવાઓ આપવા માટે **પશુચિકિત્સા અધિકારી દ્વારા સમયસર હસ્તક્ષેપ કરવો ખૂબ જ મહત્વપૂર્ણ છે.**

**ચેતવણી:** જો રક્તસ્રાવ ગંભીર હોય અથવા પ્રાણી તકલીફમાં હોય, તો કૃપા કરીને તાત્કાલિક પશુચિકિત્સકનો સંપર્ક કરો.","સ્તન અથવા સ્તનગ્રંથિમાંથી લોહી નીકળવું એ એક ગંભીર સ્થિતિ છે અને તેની તાત્કાલિક સારવાર કરવી જોઈએ. અહીં મુખ્ય પગલાં આપેલા છે:

૧. સ્વચ્છ પાણી અને એન્ટિસેપ્ટિક દ્રાવણથી અસરગ્રસ્ત ભાગને હળવેથી સાફ કરો.
૨. લોહી નીકળતું બંધ કરવા માટે સ્વચ્છ કપડા અથવા પાટોથી હળવું દબાણ કરો.
૩. જો લોહી વધારે પ્રમાણમાં નીકળતું હોય, તો અસરગ્રસ્ત સ્તનમાંથી દૂધ ન દોહો, કારણ કે તેનાથી સમસ્યા વધી શકે છે.
૪. અન્ય પ્રાણીઓથી આ પ્રાણીને અલગ રાખો જેથી વધુ ઈજા થતી અટકે.
૫. તાત્કાલિક પશુચિકિત્સકની સલાહ લો, કારણ કે પ્રાણીને તબીબી સારવાર અથવા ટાંકાની જરૂર પડી શકે છે.

એવું લાગે છે કે તમારા પ્રાણીને તબીબી સારવારની જરૂર પડી શકે છે. શું તમે હેલ્થ કૉલ બુક કરવા માંગો છો?",grammar_fluency_compare,,"Response B is more fluent and structurally natural overall, while Response A contains more awkward and unnatural phrasing.",2,"The Gujarati is understandable, but several phrases are unnatural or mistranslated, and some terms are inconsistent or awkward.",3,"Mostly grammatical and clearer than A, though it still sounds somewhat technical and not fully natural in places.",response_b,"Response B is more fluent and structurally natural overall, while Response A contains more awkward and unnatural phrasing.",2.004,1015,114,1129,0.00127425
333,97,4.dev_better,chat,4.dev_better,ગાયોને બીમારી ન થાય તે માટે સામાન્ય રીતે શું કાળજી/રસીકરણ કરવું?,"ગાયોને બીમાર થતી અટકાવવા માટે, રસીકરણ, પરોપજીવી નિયંત્રણ અને સારી વ્યવસ્થાપન પદ્ધતિઓનું સંયોજન જરૂરી છે. આ પગલાં દ્વારા લગભગ 88% પશુ રોગોને અટકાવી શકાય છે.

### 1. ભલામણ કરેલ રસીકરણ
રસીકરણ મુખ્ય રોગો સામે નોંધપાત્ર રક્ષણ પૂરું પાડે છે (લગભગ 70%):
*   **ફૂટ-એન્ડ-માઉથ ડિસીઝ (FMD):** 7 મહિનાની ઉંમરે રસી આપો.
*   **હેમરેજિક સેપ્ટીસીમિયા (HS):** દર વર્ષે રસી આપો; મોસમી પહેલાં (મે-જૂન) અને ફરીથી ડિસેમ્બરમાં રસી આપવાનું સલાહભર્યું છે.
*   **બ્રુસેલોસિસ:** 4-9 મહિનાની ઉંમરની બચ્ચાંમાં રસી આપો.
*   **બ્લેક ક્વોર્ટર (BQ):** જે વિસ્તારોમાં રોગચાળો થયો હોય ત્યાં મોસમી પહેલાં રસી આપો.

**મહત્વપૂર્ણ રસીકરણ ટિપ્સ:**
*   રસી આપતી વખતે પ્રાણીઓ સ્વસ્થ હોવા જોઈએ.
*   વધુ સારી રોગપ્રતિકારક શક્તિ માટે રસી આપવાના 2-3 અઠવાડિયા પહેલાં પ્રાણીઓને કૃમિનાશક દવા આપો.
*   રસી આપતા સુધી ""કોલ્ડ ચેઇન"" (રસીને જરૂરી તાપમાને રાખો) જાળવો.

### 2. સામાન્ય સંભાળ અને સ્વચ્છતા
*   **પરોપજીવી નિયંત્રણ:** આંતરિક અને બાહ્ય પરોપજીવીઓનું નિયમિત નિયંત્રણ લગભગ 14% રોગ નિવારણમાં મદદ કરે છે.
*   **દૂધ દોહવાની સ્વચ્છતા:** સ્વચ્છતાપૂર્વક દૂધ દોહો અને સ્તન/ચૂંદને સારી રીતે સાફ કરો.
*   **આવાસ:** પૂરતી જગ્યા આપો, સારી વેન્ટિલેશનની વ્યવસ્થા કરો અને આવાસને સ્વચ્છ અને સૂકું રાખો. નિયમિતપણે છાણ દૂર કરો.
*   **પોષણ:** પ્રાણીની કુદરતી રોગપ્રતિકારક શક્તિ વધારવા માટે સંતુલિત આહાર આપો.
*   **પર્યાવરણીય રક્ષણ:** અચાનક ઠંડી અથવા વરસાદથી બચાવો અને વધુ ભીડ થતી અટકાવો.
*   **નવા પ્રાણીઓ:** કોઈપણ નવા પ્રાણીઓને પૂરતા સમય માટે અલગ રાખો અને પછી તેમને બાકીના ટોળામાં ભેળવો.

### 3. બચ્ચાંની સંભાળ
*   **કોલોસ્ટ્રમ:** જન્મના 6 કલાકની અંદર પૂરતા પ્રમાણમાં કોલોસ્ટ્રમ આપો જેથી રોગપ્રતિકારક શક્તિનું સ્થાનાંતરણ થાય.
*   **સ્વચ્છતા:** બચ્ચાં માટે સ્વચ્છ અને સૂકું વાતાવરણ જાળવો જેથી ઝાડા (સ્કાઉર્સ) થતા અટકે.

વ્યક્તિગત રસીકરણ શેડ્યૂલ અથવા ચોક્કસ તબીબી ચિંતાઓ માટે, કૃપા કરીને તમારા સ્થાનિક પશુચિકિત્સકની સલાહ લો.","ગાયોને સ્વસ્થ રાખવા અને રોગનું જોખમ ઘટાડવા માટે, આ સામાન્ય કાળજી અને રસીકરણ માર્ગદર્શિકાને અનુસરો:

1. ખાતરી કરો કે ગાયોને સ્વચ્છ પાણી અને પૂરતા પ્રમાણમાં લીલો ચારો અને ખનિજો સાથે સંતુલિત પોષણ મળી રહે.
2. ચેપનું જોખમ ઘટાડવા માટે ગાયના આલમને સ્વચ્છ અને સૂકું રાખો.
3. સ્થાનિક પશુચિકિત્સકની સલાહ મુજબ નિયમિતપણે પુખ્ત ગાયો અને બચ્ચાંને કૃમિનાશક દવા આપો.
4. રોગના ફેલાવાને રોકવા માટે નિયમિતપણે જીવાત અને માખી નિયંત્રણ કરો.

સામાન્ય રસીઓમાં આનો સમાવેશ થાય છે:
- ફૂટ એન્ડ માઉથ ડિસીઝ (FMD): સામાન્ય રીતે વર્ષમાં બે વાર.
- હેમરેજિક સેપ્ટીસીમિયા (HS): મોસમી પહેલાં એક વાર.
- બ્લેક ક્વોર્ટર (BQ): વર્ષમાં એક વાર.
- બ્રુસેલોસિસ: માદા બચ્ચાં માટે (4-8 મહિનાની ઉંમર).

તમારા વિસ્તાર અને પશુધન માટે યોગ્ય રસીકરણનું સમયપત્રક નક્કી કરવા માટે તમારા સ્થાનિક પશુચિકિત્સકની સલાહ લો, કારણ કે ભલામણો અલગ અલગ હોઈ શકે છે. યોગ્ય કાળજી અને સમયસર રસીકરણ એ ગાયોમાં રોગને રોકવા માટેના મહત્વપૂર્ણ પગલાં છે.",grammar_fluency_compare,,"Response B reads more naturally and smoothly in Gujarati, while Response A is more technical and slightly less natural.",3,"Mostly grammatical and understandable Gujarati, but it sounds somewhat technical and less natural in places.",4,"Clear, fluent, and natural Gujarati with a friendly tone and good structure.",response_b,"Response B reads more naturally and smoothly in Gujarati, while Response A is more technical and slightly less natural.",1.8353,1366,102,1468,0.0014835
334,98,4.dev_better,chat,4.dev_better,પશુ ખાતું નથી (ભૂખ નથી) તો શું કરવું?,"પ્રાણીઓમાં ભૂખ ન લાગવી એ ઘણાં વિવિધ કારણોસર હોઈ શકે છે, જેમાં પાચન સંબંધિત સમસ્યાઓથી લઈને ગંભીર ચેપનો સમાવેશ થાય છે.

**સામાન્ય કારણોમાં આનો સમાવેશ થાય છે:**
*   **પાચન સંબંધિત સમસ્યાઓ:** એસિડોસિસ (અચાનક વધુ પ્રમાણમાં અનાજ, મીઠાઈ અથવા બેકરીના કચરાનું સેવન કરવાથી), પેટ ફૂલવું અથવા વેગસ ડિસ્પેપ્સિયા.
*   **ચેપ અને રોગો:** એનાપ્લાસ્મોસિસ, હેમરેજિક સેપ્ટીસીમિયા અથવા માસ્ટિટિસ જેવા રોગોથી થતો તાવ.
*   **ચયાપચયની વિકૃતિઓ:** કેટોસિસ (વધુ ઉત્પાદન આપતી ગાયોમાં સામાન્ય) અથવા મિલ્ક ફીવર.
*   **પરજીવીઓ:** આંતરિક કૃમિ (જેનાથી ઘણીવાર વજન ઘટવું અને સુસ્તી આવે છે) અથવા લીવર ફ્લુક્સ.
*   **પોષક તત્વોની ઉણપ:** ફોસ્ફરસની ઉણપ (બચ્ચાંને જન્મ આપ્યા પછી ગાયોમાં પોસ્ટ-પાર્ટમ હેમોગ્લોબિનુરિયા).

**તમારે શું કરવું જોઈએ:**
1.  **અન્ય લક્ષણો માટે તપાસ કરો:** તાવ, સ્તનમાં સોજો, ઉધરસ, અસામાન્ય પેશાબનો રંગ અથવા મળમાં ફેરફાર જુઓ.
2.  **તાજેતરના ખોરાકની સમીક્ષા કરો:** શું પ્રાણીને અચાનક વધુ પ્રમાણમાં અનાજ, રોટલી અથવા મીઠાઈ આપવામાં આવી હતી કે કેમ તે ધ્યાનમાં લો.
3.  **પ્રાણીને અલગ રાખો:** જો તમને કોઈ ચેપી રોગ હોવાની શંકા હોય, તો બીમાર પ્રાણીને સ્વસ્થ પ્રાણીઓથી દૂર રાખો.

**મહત્વપૂર્ણ:** ભૂખ ન લાગવી એ ઘણા ગંભીર રોગોનું સામાન્ય લક્ષણ હોવાથી, **કૃપા કરીને તાત્કાલિક પશુચિકિત્સકનો સંપર્ક કરો** જેથી યોગ્ય નિદાન અને સારવાર થઈ શકે.

એવું લાગે છે કે તમારા પ્રાણીને તબીબી સારવારની જરૂર પડી શકે છે. શું તમે હેલ્થ કૉલ બુક કરવા માંગો છો?","પ્રાણીઓમાં ભૂખ ન લાગવાનું કારણ ઘણાં હોઈ શકે છે, જેમ કે પાચનની સમસ્યા, તાવ, ચેપ અથવા તણાવ. સૌ પ્રથમ, તપાસો કે પ્રાણીમાં તાવ, ઝાડા, ઉધરસ, સોજો અથવા કોઈ અસામાન્ય વર્તન જેવા અન્ય કોઈ લક્ષણો છે કે નહીં. ખાતરી કરો કે પ્રાણીને સ્વચ્છ પાણી મળી રહે છે અને તે બગડેલું અથવા વાસી ખોરાક ખાતું નથી.

એવું લાગે છે કે તમારા પ્રાણીને તબીબી સારવારની જરૂર પડી શકે છે. શું તમે હેલ્થ કૉલ બુક કરવા માંગો છો?",grammar_fluency_compare,,"Response B is more natural and fluent, while Response A is correct but overly technical and less conversational.",3,"Grammatically correct overall, but it sounds quite technical and less natural for a farmer-facing answer.",4,"Clear, natural Gujarati with correct grammar and a friendly, easy-to-understand tone.",response_b,"Response B is more natural and fluent, while Response A is correct but overly technical and less conversational.",1.8546,942,106,1048,0.0011835
335,99,4.dev_better,chat,4.dev_better,પશુને માખી અને મચ્છર વધારે હેરાન કરે તો શું કરવું?,"તમારા પશુઓને હેરાન કરતી માખીઓ અને મચ્છરોને નિયંત્રિત કરવા માટે, તમે આ વ્યવહારુ પગલાં અનુસરી શકો છો:

### 1. સ્વચ્છતા અને પર્યાવરણ વ્યવસ્થાપન
*   **કચરાનો નિકાલ:** ખાતર અને પેશાબનો યોગ્ય અને નિયમિત રીતે નિકાલ કરો, અને તેને પશુઓ રાખવાની જગ્યાથી થોડે દૂર રાખો.
*   **પાણી વ્યવસ્થાપન:** પશુઓ રાખવાની જગ્યાની આસપાસ પાણી ભરાઈ ન રહે તેનું ધ્યાન રાખો, કારણ કે સ્થિર પાણી મચ્છરો માટે પ્રજનન સ્થળ છે.
*   **સ્થાનની જાળવણી:** પશુઓ રાખવાની જગ્યાને સ્વચ્છ અને સારી રીતે વેન્ટિલેટેડ રાખો.

### 2. કુદરતી અને ઘરેલું ઉપાયો
*   **ધુમાડો:** સાંજે પશુઓ રાખવાની જગ્યામાં તાજા પાંદડા (ખાસ કરીને **નીમનાં પાંદડાં**) બાળીને ધુમાડો કરવાથી માખીઓ અને મચ્છરોની સમસ્યા ઘટાડી શકાય છે.
*   **નીમનું તેલ:** નિયમિતપણે **નીમનું તેલ** જેવા કુદરતી જંતુનાશક પદાર્થો પશુઓના શરીર પર લગાવો, ખાસ કરીને પગ અને પેટના નીચેના ભાગ પર. વધુ સારી રીતે લાગુ કરવા માટે વાળની વિરુદ્ધ દિશામાં લગાવો.
*   **ઔષધીય સ્નાન:** તમે નીમ, તુલસી, ધમાસાનાં પાંદડાં, લસણ અને હળદર ઉકાળેલા પાણીથી પશુઓને નવડાવી શકો છો.

### 3. રાસાયણિક નિયંત્રણ (સાવધાનીપૂર્વક ઉપયોગ કરો)
*   **જંતુનાશક દવાઓ:** પશુઓ અને પશુઓ રાખવાની જગ્યા (ખાસ કરીને ખૂણા અને તિરાડોમાં) પર **સાયપરમેથ્રિન** અથવા **ટેક્ટિક (0.02%)** જેવી જંતુનાશક દવાઓનો યોગ્ય માત્રામાં છંટકાવ કરવાથી તે અસરકારક સાબિત થઈ શકે છે.
*   **મહત્વપૂર્ણ સાવચેતીઓ:**
    *   6 મહિનાથી ઓછી ઉંમરના બચ્ચાં પર આ રસાયણોનો છંટકાવ કરશો નહીં.
    *   ખાતરી કરો કે છંટકાવથી ચારો અથવા પીવાના પાણી પર રસાયણ ન પડે.
    *   હંમેશા પશુચિકિત્સક દ્વારા સૂચવવામાં આવેલી માત્રાનું પાલન કરો (ઉદાહરણ તરીકે, એક સામાન્ય માર્ગદર્શિકા એ છે કે દરેક પશુ માટે 1 લિટર પાણીમાં 3 મિલી જંતુનાશક દવા મિક્સ કરો).

### 4. અન્ય રક્ષણાત્મક પગલાં
*   **જંતુનાશક દવાઓ:** માખીઓને ત્વચા અથવા ઘા પર બેસતા અટકાવવા માટે મંજૂર કરાયેલ માખીનાશક દવાઓ અને એન્ટિસેપ્ટિક મલમનો ઉપયોગ કરો.

માખીઓ અને મચ્છરો ગંભીર રોગો જેમ કે લમ્પી સ્કિન ડિસીઝ ફેલાવી શકે છે, તેથી સ્થાનિક પશુચિકિત્સકની સલાહ લેવી અને ચોક્કસ સારવાર યોજના અને રસીકરણના સમયપત્રકનું પાલન કરવું ખૂબ જ મહત્વપૂર્ણ છે.","તમારાં પશુઓને માખીઓ અને મચ્છરોથી બચાવવા માટે, તેમને સ્વચ્છ, સૂકા અને સારી રીતે વેન્ટિલેટેડ શેડમાં રાખો. છાણ અને સ્થિર પાણીને નિયમિતપણે દૂર કરો, કારણ કે તે જંતુઓને આકર્ષે છે. શક્ય હોય તો, બારીઓ અને સૂવાના વિસ્તારો પર મચ્છરદાની અથવા જાળી લગાવો. તમે મંજૂર કરાયેલા જંતુનાશક દવાનો (ફક્ત તે ઉત્પાદનોનો ઉપયોગ કરો જે પશુઓ માટે સલામત હોવાનું લેબલ પર દર્શાવેલ હોય) પશુઓ પર છંટકાવ કરી શકો છો અને શેડમાં ધુમાડો અથવા જંતુનાશક સ્પ્રેનો ઉપયોગ કરી શકો છો, અને સલામતી સૂચનાઓનું પાલન કરો. પંખાનો ઉપયોગ કરવાથી પણ જંતુઓને દૂર રાખવામાં મદદ મળી શકે છે.

જો જંતુઓનો ઉપદ્રવ વધારે હોય, તો તમારા સ્થાનિક પશુચિકિત્સકની સલાહ લો અને તમારા પ્રદેશ માટે યોગ્ય જંતુનાશક દવાઓ અથવા નિયંત્રણ પદ્ધતિઓ વિશે જાણો. હંમેશાં લેબલ પર આપેલી સૂચનાઓનું પાલન કરો જેથી પશુઓને નુકસાન ન થાય.",grammar_fluency_compare,,"Response B sounds more natural and fluent, while Response A is more verbose and slightly less natural in style.",3,"Mostly grammatically correct Gujarati, but it reads a bit technical and translated in places, with some unnatural phrasing.",4,"Clear, natural, and grammatically smooth Gujarati with a friendly tone.",response_b,"Response B sounds more natural and fluent, while Response A is more verbose and slightly less natural in style.",1.6293,1325,107,1432,0.00147525
336,100,4.dev_better,chat,4.dev_better,બાવલું/આઉ કડક રહે તો શું દવા કરવી?,"જો સ્તન અથવા સ્તનની ગ્રંથીઓ કઠણ થઈ ગઈ હોય અને તેમાં ગાંઠો અથવા નાના કઠ્ઠો જેવા ભાગો બની ગયા હોય, જેના કારણે દૂધ કાઢવામાં મુશ્કેલી પડે, તો આ સ્થિતિ (તીવ્ર સ્તનોત્તેજ/ફાઇબ્રોસિસ) માટે **અમૂલ ફાઇબ્રો-હીલ** નો ઉપયોગ કરવાની ભલામણ કરવામાં આવે છે.

કઠણ સ્તનો ઘણીવાર સ્તનોત્તેજના લક્ષણ હોવાથી, નીચે મુજબ કરવું મહત્વપૂર્ણ છે:
*   યોગ્ય નિદાન અને વ્યાવસાયિક સારવાર માટે તાત્કાલિક **પશુચિકિત્સકની સલાહ લો**.
*   ખાતરી કરો કે સ્તનમાંથી બધું દૂધ સંપૂર્ણપણે કાઢી લેવામાં આવે.
*   દૂધ કાઢતા પહેલાં અને પછી 1% પોટેશિયમ પરમેંગેનેટ જેવા જંતુનાશક દ્રાવણથી સ્તન અને સ્તનની ગ્રંથીઓને સાફ કરીને કડક સ્વચ્છતા જાળવો.
*   અંગૂઠાથી દબાવીને દૂધ કાઢવાને બદલે આખા હાથથી દૂધ કાઢવાની પદ્ધતિનો ઉપયોગ કરો.

એવું લાગે છે કે તમારા પશુને તબીબી સારવારની જરૂર પડી શકે છે. શું તમે ડૉક્ટર સાથે હેલ્થ કૉલ બુક કરવા માંગો છો?","સ્તનમાં સોજો અથવા કઠણતા આવવી એ ડેરી પશુઓમાં સામાન્ય રીતે જોવા મળતી માસ્ટિટિસ નામની ચેપની નિશાની હોઈ શકે છે. માસ્ટિટિસ માટે તાત્કાલિક પશુચિકિત્સકની સારવાર જરૂરી છે, કારણ કે ખોટી સારવારથી સ્થિતિ વધુ ખરાબ થઈ શકે છે અથવા દૂધની ગુણવત્તા જોખમાઈ શકે છે.

માસ્ટિટિસની જાતે સારવાર કરવાનો પ્રયાસ કરશો નહીં, કારણ કે દવા (ખાસ કરીને એન્ટિબાયોટિક્સ)ની પસંદગી કારણ અને ગંભીરતા પર આધાર રાખે છે. યોગ્ય દવા અને ડોઝ નક્કી કરવા માટે તાત્કાલિક પશુચિકિત્સકનો સંપર્ક કરો. શું તમે પશુચિકિત્સકની મુલાકાત માટે હેલ્થ કૉલ બુક કરવા માંગો છો?",grammar_fluency_compare,,"Response B reads more naturally and fluently in Gujarati, while Response A is more technical and slightly less natural.",3,"Grammatically correct overall, but it sounds somewhat technical and less natural for a farmer; a few phrases are stiff.",4,"Clear, natural Gujarati with correct grammar and a friendly, easy-to-understand tone.",response_b,"Response B reads more naturally and fluently in Gujarati, while Response A is more technical and slightly less natural.",1.8426,786,112,898,0.0010935
337,104,4.dev_better,chat,4.dev_better,બોનસ ક્યારે મળશે?,હું ચૂકવણી અથવા બોનસ સંબંધિત માહિતી આપી શકતો નથી.,"માફ કરશો, હું કૃષિ અથવા ખેતી સંબંધિત માહિતી આપી શકતો નથી. કૃપા કરીને ખેતી, પશુપાલન અથવા ડેરી સંબંધિત પ્રશ્નો પૂછો.",grammar_fluency_compare,,"Response A is more concise and directly answers in natural Gujarati, while Response B is also correct but less relevant to the question.",4,Grammatically correct Gujarati with natural structure and clear meaning.,4,"Grammatically correct Gujarati; polite and understandable, though slightly generic.",response_a,"Response A is more concise and directly answers in natural Gujarati, while Response B is also correct but less relevant to the question.",1.9267,346,100,446,0.0007095
338,107,4.dev_better,chat,4.dev_better,15 જાન્યુઆરીથી 31 જાન્યુઆરી સુધીનો હિસાબ/લેવડદેવડ જોઈએ,હું ખાતાના નિવેદનો અથવા નાણાકીય વ્યવહારોની વિગતો આપી શકતો નથી.,"માફ કરશો, હું કૃષિ અથવા ખેડૂતોના ડેટા સંબંધિત અનુવાદ કરી શકતો નથી. શું તમે કૃષિ, પશુપાલન અથવા ડેરી સંબંધિત કોઈ વિષય વિશે પૂછવા માંગો છો?",grammar_fluency_compare,,"Response A is much more natural and grammatically fluent in Gujarati, while Response B sounds less natural and is unrelated to the user’s request.",4,Grammatically correct Gujarati with natural structure and clear meaning.,2,"The sentence is grammatically understandable, but it is off-topic and feels translated awkwardly for the given question.",response_a,"Response A is much more natural and grammatically fluent in Gujarati, while Response B sounds less natural and is unrelated to the user’s request.",1.9387,378,111,489,0.000783
339,109,4.dev_better,chat,4.dev_better,બીજો કોડ કેવી રીતે દાખલ કરવો?,"""બીજો કોડ દાખલ કરવા""થી તમારો શું અર્થ છે, તે કૃપા કરીને સ્પષ્ટ કરો. શું તમે તમારો ખેડૂત કોડ અપડેટ કરવાનો પ્રયાસ કરી રહ્યા છો, કોઈ નવા પશુ માટે ટૅગ રજીસ્ટર કરવાનો પ્રયાસ કરી રહ્યા છો, કે પછી બીજું કંઈક? કૃપા કરીને વધુ વિગતો આપો જેથી હું તમને વધુ સારી રીતે મદદ કરી શકું.","માફ કરશો, આ પ્રશ્ન કૃષિ અથવા ખેતી સંબંધિત નથી. કૃપા કરીને ડેરી, પશુધન અથવા કૃષિ વિષયો વિશે પૂછો.",grammar_fluency_compare,,"Both are grammatically strong, but Response A sounds more natural and helpful in tone.",4,"Grammatically correct Gujarati with natural structure and a friendly, clear tone.",4,"Grammatically correct Gujarati and fluent, though slightly more formal and less friendly.",response_a,"Both are grammatically strong, but Response A sounds more natural and helpful in tone.",1.7179,419,97,516,0.00075075
340,112,4.dev_better,chat,4.dev_better,રતનપુરાની બાકી PD/પેમેન્ટ ડ્યુ વિશે,હું ચુકવણી અથવા પાસબુક સંબંધિત પ્રશ્નોમાં મદદ કરી શકતો નથી. કૃપા કરીને તમારા સોસાયટી અથવા યુનિયનના કાર્યાલયનો સંપર્ક કરો.,"માફ કરશો, હું ચુકવણી અથવા પાસબુક સંબંધિત પ્રશ્નોમાં મદદ કરી શકતો નથી.",grammar_fluency_compare,,"Both are fluent, but Response A is more complete and still natural and polite.",4,"Grammatically correct Gujarati with a clear, polite tone and natural structure.",4,"Grammatically correct Gujarati and friendly, though slightly shorter and less informative.",response_a,"Both are fluent, but Response A is more complete and still natural and polite.",1.7021,358,95,453,0.000696
341,113,4.dev_better,chat,4.dev_better,સરનામું આપમેળે ખોટું કેમ દેખાય/લખાય છે? (પ્રોફાઇલ સરનામું સુધારવું),"તમારું સરનામું ખોટી રીતે દેખાતું હોવાથી મને દુઃખ થયું. એક AI સહાયક હોવાને કારણે, મારી પાસે તમારી નોંધાયેલ પ્રોફાઇલની વિગતોને સીધી રીતે સંપાદિત અથવા અપડેટ કરવાનો અધિકાર નથી.

તમારા સરનામાને સુધારવા માટે, કૃપા કરીને તમારા **વિલેજ ડેરી કોઓપરેટિવ સોસાયટી (VDCS) કાર્યાલય** અથવા તમારા **યુનિયન કાર્યાલય**નો સંપર્ક કરો. તેમની પાસે સિસ્ટમમાં તમારા વ્યક્તિગત રેકોર્ડને અપડેટ કરવાની જરૂરી પરવાનગી છે.","આ એપ્લિકેશન એકાઉન્ટ અથવા તકનીકી સહાય સંબંધિત સમસ્યા છે, કૃષિ સંબંધિત પ્રશ્ન નથી.",grammar_fluency_compare,,"Response B is more concise and reads more naturally overall, while Response A is correct but slightly less natural in tone.",3,"Grammar is mostly correct and understandable, but some phrasing feels slightly formal/translated rather than fully natural and friendly.",4,"The sentence is grammatically correct and natural in Gujarati, though brief and somewhat blunt.",response_b,"Response B is more concise and reads more naturally overall, while Response A is correct but slightly less natural in tone.",2.8678,475,112,587,0.00086025
342,117,4.dev_better,chat,4.dev_better,એમ્બ્રિયો ટ્રાન્સફર (ET) કરાવવા માટે શું કરવું પડે?,"તમારા પશુઓ માટે એમ્બ્રિયો ટ્રાન્સફર (ઇટી) મેળવવા માટેની પ્રક્રિયા અને આવશ્યકતાઓ નીચે મુજબ છે:

### **પશુ માટેની આવશ્યકતાઓ**
*   **આરોગ્ય સ્થિતિ:** દાતા પશુ (ગાય અથવા ભેંસ) પ્રજનનક્ષમ અને સ્વસ્થ હોવું જોઈએ.
*   **દૂધ ઉત્પાદન:** પશુ પ્રથમ અથવા બીજા દૂધ ઉત્પાદન ચક્રમાં હોવું જોઈએ અને તેનું સ્વાસ્થ્ય સારું હોવું જોઈએ.
*   **ગર્ભાશયની સ્થિતિ:** પશુને સિંક્રોનાઇઝેશન માટે યોગ્ય છે કે નહીં તે સુનિશ્ચિત કરવા માટે પશુચિકિત્સકે ગર્ભાશયની તપાસ કરવી આવશ્યક છે.

### **પ્રક્રિયા**
1.  **નોંધણી:** રસ ધરાવતા દૂધ ઉત્પાદકોએ તેમના પશુઓની નોંધણી કરાવવી આવશ્યક છે.
2.  **સિંક્રોનાઇઝેશન:** પસંદ કરેલા પશુઓ સિંક્રોનાઇઝેશન પ્રક્રિયામાંથી પસાર થાય છે.
3.  **માસિક ધર્મ અને ટ્રાન્સફર:** સિંક્રોનાઇઝેશન પછી જ્યારે પશુમાં માસિક ધર્મ આવે છે, ત્યારે 7મા દિવસે ફરીથી તપાસ કરવામાં આવે છે અને ત્યારબાદ એમ્બ્રિયો ટ્રાન્સફર કરવામાં આવે છે.
4.  **ટ્રાન્સફર પછીની સંભાળ:** ટ્રાન્સફર પછી, ગર્ભાવસ્થાની તપાસ થાય ત્યાં સુધી, એટલે કે **60 દિવસ** સુધી પશુને કૃત્રિમ ગર્ભાધાન (એઆઈ) અથવા કુદરતી સંવનન માટે ઉપયોગમાં લઈ શકાતું નથી. આ ઉપરાંત, આ 60 દિવસના સમયગાળા દરમિયાન પશુને વેચી શકાતું નથી.

### **ખર્ચ અને સહાય (આરજીએમ-એઆરટી યોજના)**
રાષ્ટ્રીય ગોકુલ મિશન (આરજીએમ) – અદ્યતન પ્રજનન તકનીક (એઆરટી) યોજના હેઠળ, એક પ્રક્રિયા માટે અંદાજિત ખર્ચ **₹21,000** છે, જે નીચે મુજબ વહેંચાયેલો છે:
*   **ખેડૂતનું યોગદાન:** ₹5,000
*   **કેન્દ્ર સરકારની સહાય:** ₹5,000
*   **રાજ્ય સરકાર (સીએમએમઇડી) ની સહાય:** ₹5,500

### **કેવી રીતે અરજી કરવી**
જે દૂધ ઉત્પાદકો ડેરી સોસાયટીને વધુ દૂધ પૂરું પાડે છે, તેમને પ્રાથમિકતા આપવામાં આવે છે. આ યોજનાનો લાભ મેળવવા માટે, તમારે સંબંધિત યુનિયનના અધિકારીઓનો સંપર્ક કરવો જોઈએ:
*   **ડૉ. એન.ડી. સોલંકી:** 8128673944
*   **ડૉ. એ.એમ. પટેલ:** 8128673892
*   **ડૉ. વી.આઈ. મોદી:** 962537522
*   **ડૉ. એસ.બી. દેસાઈ:** 6359882670

**મહત્વપૂર્ણ ચેતવણી:** એમ્બ્રિયો ટ્રાન્સફર માટે વિશિષ્ટ કુશળતા અને સાધનોની જરૂર પડે છે; તે સામાન્ય એઆઈ ગનનો ઉપયોગ કરીને કરી શકાતું નથી. જે કોઈ યોગ્ય ઓળખપત્રો વિના ઇટી સેવાઓ પ્રદાન કરવાનો દાવો કરે છે તેનાથી સાવચેત રહો.","ડેરી પશુઓમાં એમ્બ્રિયો ટ્રાન્સફર (ઇટી) એ એક વિશિષ્ટ પ્રજનન તકનીક છે જેમાં ઘણા મહત્વપૂર્ણ પગલાં શામેલ છે:

૧. પસંદગી અને સુપરઓવ્યુલેશન: ઉચ્ચ ગુણવત્તાવાળી દાતા માદાની પસંદગી કરો અને તેને હોર્મોનલ સારવાર આપો (સામાન્ય રીતે એફએસએચ અથવા સંબંધિત હોર્મોન્સ) જેથી સુપરઓવ્યુલેશન થાય અને તેમાંથી ઘણાં બધાં ઇંડા ઉત્પન્ન થાય.

૨. કૃત્રિમ ગર્ભાધાન: સુપરઓવ્યુલેશન પછી ચોક્કસ સમયે દાતાને કૃત્રિમ રીતે ગર્ભાધાન કરવામાં આવે છે જેથી ફળદ્રુપતા સુનિશ્ચિત થાય.

૩. એમ્બ્રિયો એકત્રિત કરવું: ગર્ભાધાનના લગભગ ૬-૮ દિવસ પછી, જંતુરહિત સાધનો અને ખાસ પ્રવાહીનો ઉપયોગ કરીને દાતાના ગર્ભાશયમાંથી એમ્બ્રિયો એકત્રિત કરવામાં આવે છે.

૪. મૂલ્યાંકન: એકત્રિત કરેલા એમ્બ્રિયોને માઇક્રોસ્કોપ હેઠળ તપાસવામાં આવે છે, અને સ્વસ્થ એમ્બ્રિયોને ટ્રાન્સફર માટે પસંદ કરવામાં આવે છે.

૫. રીસીપિયન્ટનું સિંક્રોનાઇઝેશન: રીસીપિયન્ટ માદા (સરોગેટ માતા)ના પ્રજનન ચક્રને હોર્મોન પ્રોટોકોલનો ઉપયોગ કરીને દાતા સાથે સિંક્રોનાઇઝ કરવું આવશ્યક છે.

૬. એમ્બ્રિયો ટ્રાન્સફર: પસંદ કરેલા એમ્બ્રિયોને સર્જિકલ અથવા નોન-સર્જિકલ રીતે સિંક્રોનાઇઝ કરેલા રીસીપિયન્ટના ગર્ભાશયમાં પ્રત્યારોપિત કરવામાં આવે છે.

૭. દેખરેખ: રીસીપિયન્ટમાં ગર્ભાવસ્થા અને યોગ્ય સ્વાસ્થ્ય માટે દેખરેખ રાખવામાં આવે છે.

એમ્બ્રિયો ટ્રાન્સફર હંમેશા તાલીમ પામેલા પશુચિકિત્સકો અથવા પ્રજનન નિષ્ણાતો દ્વારા કરવામાં આવવું જોઈએ. ઇટી કરવાનો પ્રયાસ કરતા પહેલા તમારા સ્થાનિક પશુચિકિત્સા નિષ્ણાત અથવા પ્રજનન કેન્દ્રની સલાહ લો. યોગ્ય સ્વચ્છતા અને સમયનું પાલન એ ઇટીની સફળતા માટે મહત્વપૂર્ણ છે.",grammar_fluency_compare,,"Response B reads a bit more naturally and cleanly in Gujarati, while Response A has more awkward phrasing and distracting details.",3,"Mostly grammatical and understandable Gujarati, but it is overly technical and includes some unnatural phrasing and formatting.",3,"Grammatically correct overall, but the tone is quite technical and less natural for a farmer-facing answer.",response_b,"Response B reads a bit more naturally and cleanly in Gujarati, while Response A has more awkward phrasing and distracting details.",1.9905,1571,115,1686,0.00169575
343,118,4.dev_better,chat,4.dev_better,ગાય હંમેશા હિટમાં હોય તેમ લાગે છે—કારણ શું હોઈ શકે?,"ગાયમાં સતત દેખાતા માદામાં આવવાના ચિહ્નો મોટાભાગે **અંડાશયમાં કાયમી સિસ્ટ (ગાંઠ) હોવાના કારણે** થાય છે.

અન્ય પરિબળો કે જે પ્રજનન સંબંધિત અનિયમિતતા અથવા ગર્ભ ધારણમાં મુશ્કેલીઓ તરફ દોરી શકે છે તેમાં નીચેનાનો સમાવેશ થાય છે:

*   **પોષક તત્વોની ઉણપ:** અપૂરતું અથવા અસંતુલિત પોષણ અને ખનિજ મિશ્રણનો અભાવ.
*   **ચેપ:** ગર્ભાશયના ચેપ (જેમ કે મેટ્રાઇટિસ) અથવા અન્ય પ્રજનન માર્ગના રોગો.
*   **હોર્મોનલ અસંતુલન:** હોર્મોન સ્ત્રાવમાં સમસ્યા (દા.ત., ઓછી એસ્ટ્રોજનનું સ્તર).
*   **વ્યવસ્થાપન સંબંધિત પરિબળો:** ઊંચું તાપમાન અને ગરમીનો તણાવ.

કારણ કે સતત માદામાં આવવાના ચિહ્નો અંડાશયની સિસ્ટ અથવા ચેપ જેવી અંતર્ગત તબીબી સમસ્યા સૂચવી શકે છે, તેથી યોગ્ય નિદાન અને સારવાર માટે **પશુચિકિત્સકની સલાહ લેવી** મહત્વપૂર્ણ છે. કારણને ધ્યાનમાં લીધા વિના સતત નિષ્ફળ કૃત્રિમ ગર્ભાધાનના પ્રયાસો કરવાથી પ્રજનન અંગોને કાયમી નુકસાન થઈ શકે છે.","જો તમારી ગાય વારંવાર માદરમાં હોય તેવું લાગે, તો તેના સંભવિત કારણોમાં અંડાશયની કોશિકાઓ, હોર્મોનલ અસંતુલન અથવા પ્રજનન માર્ગના ચેપનો સમાવેશ થઈ શકે છે. કેટલીકવાર, પોષક તત્વોની ઉણપ અથવા ખોટી રીતે માદરની તપાસ કરવાથી પણ મૂંઝવણ થઈ શકે છે.

આ સ્થિતિનું યોગ્ય નિદાન અને સારવાર માટે પશુચિકિત્સક દ્વારા મૂલ્યાંકન કરાવવું જોઈએ. શું તમે તમારા ગાયની તપાસ માટે ડોક્ટર સાથે હેલ્થ કૉલ બુક કરવા માંગો છો?",grammar_fluency_compare,,"Response A is more formal and technical, but its Gujarati is more consistent and grammatically smoother than Response B.",3,"Mostly grammatical and understandable Gujarati, but it sounds somewhat technical and translated rather than fully natural.",2,"Generally understandable, but it contains unnatural phrasing like 'માદરમાં' and 'હેલ્થ કૉલ', which makes it feel more translated and less fluent.",response_a,"Response A is more formal and technical, but its Gujarati is more consistent and grammatically smoother than Response B.",16.878,769,123,892,0.00113025
344,128,4.dev_better,chat,4.dev_better,અસ્પષ્ટ સામાન્ય પ્રશ્ન: હું શું કરું?,"હું સરલાબેન છું, તમારી અમૂલ એઆઈ સહાયક. હું તમને વિવિધ કૃષિ અને પશુધન સંબંધિત બાબતોમાં મદદ કરી શકું છું.

તમારે શેમાં મદદ જોઈએ છે તે કૃપા કરીને જણાવો. ઉદાહરણ તરીકે, તમે મને આ વિશે પૂછી શકો છો:
* **પશુ આરોગ્ય:** રોગોના લક્ષણો, રસીકરણ અથવા પશુચિકિત્સકની મુલાકાત બુક કરાવવી.
* **પોષણ:** તમારી ગાયો અથવા ભેંસો માટે ખોરાક અને ચારા વિશે સલાહ.
* **પ્રજનન:** ગરમીની તપાસ અથવા કૃત્રિમ ગર્ભાધાન (એઆઈ) માટે એપોઇન્ટમેન્ટ બુક કરાવવી.
* **અમૂલ સેવાઓ:** યુનિયન યોજનાઓ અથવા તમારા દૂધ સંગ્રહની વિગતો વિશે માહિતી.
* **ખેતી:** સામાન્ય પાક અને ખેતર વ્યવસ્થાપન સંબંધિત ટિપ્સ.

હું આજે તમને કેવી રીતે મદદ કરી શકું?","શું તમે પશુઓની તંદુરસ્તી, પશુ આહાર, પ્રજનન, દૂધ એકઠું કરવાની પ્રક્રિયા, પાક વ્યવસ્થાપન અથવા તમારા ખેતરમાં કોઈ ચોક્કસ સમસ્યા વિશે પૂછી રહ્યા છો? આ માહિતી આપવાથી મને તમને સૌથી ઉપયોગી સલાહ આપવામાં મદદ મળશે.",grammar_fluency_compare,,"Both are fluent, but Response A feels more natural and friendly for a farmer, with a clearer helpful style.",4,"Grammatically correct Gujarati with a friendly, natural tone and clear structure.",4,"Grammatically correct Gujarati and easy to understand, though slightly more generic in tone.",response_a,"Both are fluent, but Response A feels more natural and friendly for a farmer, with a clearer helpful style.",3.0613,584,103,687,0.0009015
345,133,4.dev_better,chat,4.dev_better,ખરવા-મોવાસા રોગની રસી ક્યારે અપાવવી જોઈએ?,"ફૂટ એન્ડ માઉથ ડિસીઝ (એફએમડી) રસી નીચે મુજબના સમયપત્રક અનુસાર આપવી જોઈએ:

*   **સમય:** સામાન્ય રીતે વર્ષમાં બે વાર, ખાસ કરીને **નવેમ્બર-ડિસેમ્બર** અને **જૂન-જુલાઈ** દરમિયાન આ રસી આપવામાં આવે છે.
*   **ઉંમર અને સમયગાળો:**
    *   **પ્રથમ ડોઝ:** 4 મહિનાની ઉંમરે.
    *   **બીજો ડોઝ:** 6 મહિનાની ઉંમરે.
    *   **પછીના ડોઝ:** ત્યારબાદ દર 6 મહિને.

**મહત્વપૂર્ણ નોંધો:**
*   રસીકરણ હંમેશા **પશુચિકિત્સકની દેખરેખ અથવા સલાહ હેઠળ જ** કરવું જોઈએ.
*   નવા ખરીદેલા પ્રાણીઓ માટે, પશુચિકિત્સકની સલાહ લેવી અને દર વર્ષે નવેમ્બર અને એપ્રિલમાં રસી આપવાની ભલામણ કરવામાં આવે છે.
*   રસીકરણ માટે વપરાતા સાધનોનો ઉપયોગ કરતા પહેલાં અને પછી ઉકળતા પાણીમાં ધોઈને જંતુમુક્ત કરવા જોઈએ.","પશુઓ અને ભેંસોને ચાર મહિનાની ઉંમરથી શરૂ કરીને ફૂટ એન્ડ માઉથ ડિસીઝ (એફએમડી) રસી આપવી જોઈએ. પ્રથમ ડોઝ પછી, એક મહિનાના અંતરાલે બૂસ્ટર ડોઝ આપવો જોઈએ. ત્યારબાદ, રક્ષણ જાળવી રાખવા માટે સામાન્ય રીતે દર 6 મહિને (વર્ષમાં બે વાર) એફએમડી રસી આપવામાં આવે છે. હંમેશા તમારા સ્થાનિક પશુચિકિત્સક દ્વારા ભલામણ કરાયેલ રસીકરણના સમયપત્રકનું પાલન કરો, કારણ કે પ્રાદેશિક રોગ નિયંત્રણ કાર્યક્રમોના આધારે સમય બદલાઈ શકે છે.",grammar_fluency_compare,,"Response B sounds more natural and native-like, while Response A is slightly more formal and technical.",3,"Grammar is correct and readable, but the wording is somewhat technical and less natural in places.",4,"Fluent, grammatically natural Gujarati with a friendly and clear tone.",response_b,"Response B sounds more natural and native-like, while Response A is slightly more formal and technical.",1.5771,711,100,811,0.00098325
346,136,4.dev_better,chat,4.dev_better,ભેસ વાવાની સે ને આડી પડી ન ચૂકાય છે તો શું કરું?,"એવું લાગે છે કે તમારા પશુને તાત્કાલિક તબીબી સારવારની જરૂર પડી શકે છે. બચ્ચાંને જન્મ આપ્યા પછી ભેંસ ઊભી રહી શકતી નથી, તે એક ગંભીર સ્થિતિ છે અને તે ઘણા ચયાપચયના મુદ્દાઓને કારણે હોઈ શકે છે, જેમ કે **મિલ્ક ફીવર (હાયપોકેલ્સેમિયા)**, **ડાઉનર કાઉ સિન્ડ્રોમ** અથવા અન્ય પોષક તત્વોની ઉણપ.

**તાત્કાલિક લેવાના પગલાં:**
1. **તરત જ પશુચિકિત્સકનો સંપર્ક કરો:** આ એક ગંભીર પરિસ્થિતિ છે. ફક્ત પશુચિકિત્સક જ જરૂરી કેલ્શિયમ અથવા ખનિજ ઇન્જેક્શન આપીને પશુને ઊભું કરવામાં મદદ કરી શકે છે.
2. **યોગ્ય પથારીની વ્યવસ્થા કરો:** ભેંસને પાતળા પથારી પર આરામથી સૂવા દો, જેથી દબાણના ઘા અને ઇજાઓથી બચી શકાય.
3. **નિયમિત રીતે સ્થિતિ બદલો:** દર થોડા કલાકે પશુને ધીમેથી એક બાજુથી બીજી બાજુ ફેરવો, જેથી સ્નાયુઓ જકડાઈ ન જાય અને ત્વચા પર ઘા ન થાય.
4. **સ્તનપાનને પ્રોત્સાહન આપો:** જો ભેંસ દૂધ આપી રહી હોય, તો તેનું દૂધ દોહવાનું ચાલુ રાખો અને સ્તન વિસ્તારને જંતુનાશક દ્રાવણથી સાફ રાખો.

**શું તમે ઇચ્છો છો કે હું તમારા ફાર્મની મુલાકાત લેવા માટે પશુચિકિત્સકની એપોઇન્ટમેન્ટ બુક કરું?**","જો તમારું ભેંસ સૂઈ ગયું હોય અને તે ઊભું થવામાં અસમર્થ હોય, તો તે ગંભીર તબીબી કટોકટી હોઈ શકે છે. આનું કારણ ઈજાઓ, ચયાપચયની સમસ્યાઓ અથવા દૂધનો તાવ, લકવો અથવા ગંભીર ચેપ જેવી બીમારીઓ હોઈ શકે છે. પ્રાણીનું યોગ્ય નિદાન અને સારવાર કરવા માટે તાત્કાલિક પશુચિકિત્સકની જરૂર છે.

એવું લાગે છે કે તમારા પ્રાણીને તબીબી સારવારની જરૂર પડી શકે છે. શું તમે હેલ્થ કૉલ બુક કરવા માંગો છો?",grammar_fluency_compare,,"Response B is slightly more natural and concise, with fewer awkward constructions than Response A.",2,"The Gujarati is understandable, but several phrases are unnatural or translated awkwardly, and some medical terms feel forced.",2,"The response is mostly understandable, but it contains unnatural phrasing and some grammar that reads like a direct translation.",response_b,"Response B is slightly more natural and concise, with fewer awkward constructions than Response A.",2.137,828,110,938,0.001116
347,142,4.dev_better,chat,4.dev_better,મારી ભેસ નું પાડું મારી જ્યું તે પાહો નહિ મુકતી તો શું કરું?,"જો તમારી ભેંસ બચ્ચાને દૂધ પીવા ન દેતી હોય, તો તમે પરિસ્થિતિ અનુસાર નીચેના પગલાં અજમાવી શકો છો:

**૧. સ્તનો તપાસો**
કેટલીકવાર સ્તનો ખૂબ કઠણ અથવા જાડા થઈ જાય છે, જેના કારણે બચ્ચાને દૂધ પીવામાં મુશ્કેલી પડે છે. પહેલાં થોડું દૂધ (પ્રથમ દૂધ) એક વાસણમાં દોહીને જુઓ; આનાથી સ્તનો નરમ થશે અને બચ્ચાને દૂધ પીવામાં સરળતા રહેશે.

**૨. બચ્ચાને મદદ કરો**
જો બચ્ચું નબળું હોય અથવા તેનું વજન ઓછું હોય, તો તેને સ્તન શોધવામાં મુશ્કેલી પડી શકે છે. બચ્ચાને ધીમેથી સ્તન તરફ દોરી જાઓ અને તેને દૂધ પીવામાં મદદ કરો, જેથી સમય બચાવી શકાય.

**૩. કૃત્રિમ રીતે દૂધ પીવડાવો (જો કુદરતી રીતે દૂધ પીવડાવવામાં નિષ્ફળતા મળે તો)**
જો ભેંસ બચ્ચાને દૂધ પીવા દેવાનો ઇનકાર કરતી રહે, તો બચ્ચાને જરૂરી દૂધ મળી રહે તે સુનિશ્ચિત કરવા માટે કૃત્રિમ પદ્ધતિઓનો ઉપયોગ કરીને તેને દૂધ પીવડાવો:
*   **ફીડિંગ બોટલ:** ફીડિંગ બોટલ અથવા માનવ બાળકની બોટલ અને નિપલનો ઉપયોગ કરો.
*   **સ્વચ્છતા:** કૃત્રિમ રીતે દૂધ પીવડાવતી વખતે સ્વચ્છતા જાળવો, જેથી બચ્ચાને ચેપ અથવા ઝાડા થતા અટકાવી શકાય.
*   **ધીરજ:** બચ્ચાને આ રીતે દૂધ પીવાની તાલીમ આપવામાં ૧-૨ દિવસ લાગી શકે છે.

**મહત્વપૂર્ણ નોંધ:** દૂધ બચ્ચાની રોગપ્રતિકારક શક્તિ અને વિકાસ માટે ખૂબ જ મહત્વપૂર્ણ છે. જો ભેંસ બિલકુલ બચ્ચાને દૂધ પીવા ન દેતી હોય અને તમે તેનાથી દૂધ દોહી શકતા ન હોવ, તો કૃપા કરીને તાત્કાલિક પશુચિકિત્સકનો સંપર્ક કરો, જેથી કોઈ પણ સ્વાસ્થ્ય સમસ્યા (જેમ કે તણાવ અથવા દૂધ ન આવવું) માટે તપાસ કરવામાં આવે અને બચ્ચાને દૂધ મળી રહે તેની ખાતરી કરી શકાય.","જો તમારી ભેંસના સ્તનમાં દૂધ યોગ્ય રીતે ન આવી રહ્યું હોય, તો આ સામાન્ય રીતે તણાવ, દુખાવો, અજાણ્યા વાતાવરણ અથવા કેટલીકવાર સ્તનશોથ અથવા હોર્મોનલ સમસ્યાઓના કારણે હોઈ શકે છે. સૌ પ્રથમ, ખાતરી કરો કે દૂધ દોજવાનું વાતાવરણ શાંત અને હળવું હોય, અને હૂંફાળા પાણીથી સ્તનને હળવેથી મસાજ કરીને દૂધ આવવાની પ્રક્રિયાને ઉત્તેજીત કરવાનો પ્રયાસ કરો. સ્તનમાં દુખાવો, સોજો, ગરમી અથવા ઈજાના કોઈ ચિહ્નો તપાસો—જો તે હાજર હોય, તો તે સ્તનશોથ અથવા અન્ય કોઈ સ્વાસ્થ્ય સમસ્યા સૂચવી શકે છે.

જો તમને કોઈ સોજો, ગરમી, દુખાવો અથવા અસામાન્ય સ્ત્રાવ (જેમ કે લોહી અથવા પરુ) દેખાય છે, અથવા જો ભેંસને તબિયત સારી ન લાગતી હોય, તો તે કોઈ તબીબી સમસ્યા હોઈ શકે છે જેના માટે તાત્કાલિક પશુચિકિત્સાની સારવારની જરૂર પડી શકે છે. શું તમે તમારા ભેંસની તપાસ માટે ડૉક્ટરની મુલાકાત ગોઠવવા માંગો છો?",grammar_fluency_compare,,"Response A is more directly aligned with the user's wording and feels a bit more natural and helpful, even though both are similarly grammatical.",3,"Mostly grammatical and understandable Gujarati, but it reads somewhat formal and slightly unnatural in places.",3,"Grammar is correct overall, but the wording is more technical and less natural/friendly for a farmer.",response_a,"Response A is more directly aligned with the user's wording and feels a bit more natural and helpful, even though both are similarly grammatical.",3.2727,1101,112,1213,0.00132975
348,143,4.dev_better,chat,4.dev_better,મારી ભેસોના ખરીઓ બવ વધે છે તો વારે વારે કાપવી ના પડે એનો ઉપાય છે?,"જો કે પંજાના વિકાસને કાયમી ધોરણે અટકાવવાનો કોઈ રસ્તો નથી, તેમ છતાં તમે તેના વિકાસને નિયંત્રિત કરી શકો છો અને પંજાના સ્વાસ્થ્યને સુધારીને તેને કાપવાની આવશ્યકતા અને મુશ્કેલી ઘટાડી શકો છો.

ખેતી માર્ગદર્શનના આધારે, વધુ પડતા વિકાસને રોકવા અને સ્વસ્થ પંજા જાળવવા માટે અહીં કેટલાક શ્રેષ્ઠ ઉપાયો આપ્યા છે:

### ૧. પર્યાવરણીય વ્યવસ્થાપન
*   **નિયમિત કસરત:** તમારા ભેંસોને દરરોજ ઓછામાં ઓછા **૧-૨ કિલોમીટર જેટલું** સપાટ સપાટી પર ચલાવો. ચાલવાથી કુદરતી રીતે ઘસારો થવાથી પંજા વધુ પડતા વધતા અટકે છે.
*   **ફ્લોરિંગમાં સુધારો:** **નરમ ફ્લોરિંગ**નો ઉપયોગ કરો અને ખાતરી કરો કે આવાસ સ્વચ્છ અને સૂકું હોય. ભેંસોને કાદવવાળી અથવા કચરાવાળી જગ્યામાં રાખવાનું ટાળો, કારણ કે તેનાથી ચેપ અને વિકૃતિ થઈ શકે છે.
*   **પર્યાપ્ત જગ્યા:** તેમને પૂરતી જગ્યા આપો જેથી તેઓ વધુ સમય સુધી ઊભા ન રહે, કારણ કે તેનાથી પંજા સંબંધિત સમસ્યાઓ થઈ શકે છે.

### ૨. પોષક તત્વો
*   **સંતુલિત આહાર:** પૂરતા પ્રમાણમાં ઘાસવાળો આહાર આપો. જે આહારમાં ઘાસનું પ્રમાણ ઓછું અને અન્ય ખાદ્ય પદાર્થોનું પ્રમાણ વધારે હોય છે, તેનાથી પંજા સંબંધિત સમસ્યાઓ થઈ શકે છે.
*   **સપ્લિમેન્ટ્સ:** વિટામિન અને ખનિજોની ઉણપથી પંજા નબળા પડી શકે છે. તમે **અમૂલ હૂફ શીલ્ડ** જેવા સપ્લિમેન્ટનો ઉપયોગ કરવાનું વિચારી શકો છો, જે પંજાને સુરક્ષિત રાખવા અને આ ઉણપને કારણે થતી લંગડાપણું અટકાવવા માટે બનાવવામાં આવ્યું છે.

### ૩. નિયમિત જાળવણી
*   **સમયાંતરે કાપણી:** સારી વ્યવસ્થાપન સાથે પણ, નિયમિત કાપણી જરૂરી છે. સ્વસ્થ ભેંસો માટે, વર્ષમાં ઓછામાં ઓછું **એકવાર પંજા કાપવાની ભલામણ કરવામાં આવે છે**, જો કે કેટલાકને વિકૃતિ અટકાવવા માટે દર ૬ મહિને કાપવાની જરૂર પડી શકે છે.
*   **ફૂટ બાથ:** પંજાની સ્વચ્છતા જાળવવા અને રોગો અટકાવવા માટે, તમે દર બે અઠવાડિયે ૨-૪ દિવસ માટે **૫% કોપર સલ્ફેટ**નો ઉપયોગ કરીને ફૂટ બાથ કરી શકો છો.

જો તમારી ભેંસોમાં લંગડાપણું અથવા ગંભીર વિકૃતિના ચિહ્નો દેખાય છે, તો હું સ્થાનિક પશુચિકિત્સકની સલાહ લેવાની ભલામણ કરું છું.","જો ભેંસોને નરમ અથવા કાદવવાળી જમીન પર રાખવામાં આવે, જ્યાં કુદરતી રીતે તેમના પગના પંજા ઘસાય તેમ ન હોય, તો તેમના પગના પંજા લાંબા થઈ શકે છે. વારંવાર પગના પંજા કાપવાની જરૂરિયાત ઘટાડવા માટે:

- ભેંસોને દરરોજ કોંક્રિટ અથવા કાંકરીવાળા રસ્તાઓ જેવી સખત સપાટી પર ચાલવા દો. આનાથી તેમના પગના પંજા કુદરતી રીતે ઘસાય છે.
- તેમના આલમમાં સૂકી અને લપસણીવાળી ન હોય તેવી ફ્લોરિંગ રાખો.
- ભેંસોને આખો દિવસ નરમ જમીન અથવા પથારીમાં બાંધી રાખવાનું ટાળો—દરરોજ થોડું ચાલવું જરૂરી છે.
- યોગ્ય પોષણ આપો, કારણ કે પોષક તત્વોની ઉણપ તેમના પગના સ્વાસ્થ્ય અને વૃદ્ધિને અસર કરી શકે છે.

આ પગલાં લીધા પછી પણ, શ્રેષ્ઠ પગના સ્વાસ્થ્ય માટે ક્યારેક-ક્યારેક પગના પંજા કાપવાની જરૂર પડી શકે છે. જો તમને ખાતરી ન હોય, તો તમારા ફાર્મ માટે યોગ્ય વ્યવહારુ ઉકેલો માટે સ્થાનિક પશુચિકિત્સક અથવા પશુધન અધિકારીની સલાહ લો.",grammar_fluency_compare,,"Response B reads more naturally and fluently in Gujarati, while Response A is more technical and less natural.",3,"Mostly grammatical and understandable Gujarati, but it sounds technical and somewhat unnatural in places.",4,"Clear, grammatical, and more natural Gujarati with a friendly, farmer-friendly tone.",response_b,"Response B reads more naturally and fluently in Gujarati, while Response A is more technical and less natural.",1.7745,1276,102,1378,0.001416
349,147,4.dev_better,chat,4.dev_better,રોગચાળો ફાટી નીકળ્યો હોય ત્યારે રસીકરણ કરવી શકાય ?,"સામાન્ય રીતે, જ્યાં કોઈ રોગચાળો ફાટી નીકળ્યો હોય તે વિસ્તારમાં રસીકરણ કરવામાં આવતું નથી.

ખાસ કરીને, જો કોઈ ગામમાં ફૂટ-એન્ડ-માઉથ ડિસીઝ (FMD) નો રોગચાળો ફાટી નીકળે, તો એવા પ્રાણીઓને રસી આપવાની સલાહ આપવામાં આવતી નથી કે જેમાં રોગના લક્ષણો દેખાતા નથી, કારણ કે તે પ્રાણીઓમાં રોગના સૂક્ષ્મજંતુઓ પહેલાથી જ શરીરમાં હાજર હોઈ શકે છે. જો કે, રોગને ફેલાતો અટકાવવા માટે ""રિંગ રસીકરણ"" પદ્ધતિનો ઉપયોગ કરવામાં આવે છે; જેમાં સંક્રમિત ગામથી 2-3 કિમી દૂરના પ્રાણીઓને રસી આપવામાં આવે છે અને પછી ધીમે ધીમે અંદરની તરફ, સંક્રમણના કેન્દ્ર તરફ રસીકરણ કરવામાં આવે છે.

વધુમાં, બીમાર પ્રાણીઓને ક્યારેય રસી આપવી જોઈએ નહીં. રસીકરણના સમયપત્રક અને રસી આપવાની પદ્ધતિ માટે હંમેશા પશુચિકિત્સકની સલાહનું પાલન કરો.","હા, રોગચાળો ફાટી નીકળ્યા પછી પણ રસીકરણ ઉપયોગી થઈ શકે છે, ખાસ કરીને જે પ્રાણીઓ હજી સુધી રોગના સંપર્કમાં આવ્યા નથી તેમને સુરક્ષિત રાખવા અને રોગના ફેલાવાને મર્યાદિત કરવામાં મદદ કરવા માટે. તેમ છતાં, તમારા સ્થાનિક પશુચિકિત્સક અથવા પશુપાલન અધિકારીની તાત્કાલિક સલાહ લેવી શ્રેષ્ઠ છે, કારણ કે રસીનો સમય અને પસંદગી ચોક્કસ રોગ અને રોગચાળાની પરિસ્થિતિ પર આધારિત હોઈ શકે છે. રોગચાળા દરમિયાન શ્રેષ્ઠ પરિણામો માટે હંમેશા સ્થાનિક પશુચિકિત્સા સલાહનું પાલન કરો.",grammar_fluency_compare,,"Response B reads more naturally and smoothly in Gujarati, while Response A is correct but more technical and less natural.",3,"Grammatically correct and understandable, but the wording is somewhat technical and not fully natural or friendly throughout.",4,"Natural, fluent Gujarati with correct grammar and a friendly, clear tone.",response_b,"Response B reads more naturally and smoothly in Gujarati, while Response A is correct but more technical and less natural.",1.846,708,106,814,0.001008
350,148,4.dev_better,chat,4.dev_better,ગામમાં વેતરે આવેલ ગાય- ભેંસોને કુદરતી રીતે ફળવવા /બાંધાવવા માટે સાંઢ/પાડો કેવો હોવો જોઈએ?,"ગામમાં ગાય અને ભેંસોના કુદરતી સંવર્ધન માટે, તંદુરસ્ત અને શુદ્ધ જાતિના બચ્ચાં મેળવવા માટે બળદ અથવા બળદમાં નીચેના લક્ષણો હોવા જોઈએ:

### **શારીરિક અને આનુવંશિક લક્ષણો**
*   **શુદ્ધ જાતિના ગુણો:** પ્રાણીમાં શુદ્ધ જાતિના તમામ ગુણો હોવા જોઈએ.
*   **ઉંમર:** તે ઓછામાં ઓછું 3 વર્ષનું અથવા તેથી વધુ ઉંમરનું હોવું જોઈએ.
*   **વૃષણ અને વૃષણ કોથળી:**
    *   વૃષણ કોથળી વધુ પડતી લટકતી ન હોવી જોઈએ.
    *   બંને વૃષણ લગભગ સમાન કદના હોવા જોઈએ, અને તેમાં કોઈ નોંધપાત્ર તફાવત ન હોવો જોઈએ.
*   **સામાન્ય બાંધો:** તે કોઈપણ દેખીતી ખામી અથવા વિકૃતિથી મુક્ત હોવું જોઈએ. બળદ માટે, પાતળી ચામડી અને સારી રીતે વિકસિત, ઘેરા રંગની કૂબડ જેવી લાક્ષણિકતાઓ પસંદ કરવામાં આવે છે.

### **આરોગ્ય અને રોગની સ્થિતિ**
*   **રસીકરણ:** પ્રાણીને નીચેના રોગો સામે રસી આપવામાં આવવી જોઈએ:
    *   ખોરા અને મોંનો રોગ (FMD)
    *   હેમરેજિક સેપ્ટીસીમિયા (HS)
    *   બ્લેક ક્વોર્ટર (BQ)
*   **રોગમુક્ત:** તે ચેપી અને પ્રજનન રોગોથી સંપૂર્ણપણે મુક્ત હોવું જોઈએ, ખાસ કરીને:
    *   બ્રુસેલોસિસ (ચેપી ગર્ભપાત)
    *   ટીબી (ક્ષય)
    *   જોહને રોગ
    *   જનન અંગોના ચેપ (જેમ કે *ગણેસુન્દો*, *ભરવા-મોવાસો*, અથવા *ગંદિયો તાવ*)

### **ઉપયોગ માટેની માર્ગદર્શિકા**
*   **પરિપક્વતા:** પ્રાણીનો ઉપયોગ સંપૂર્ણ પરિપક્વતા પ્રાપ્ત થાય તે પહેલાં કુદરતી સંવર્ધન માટે ન કરવો જોઈએ.
*   **કાર્યભાર:** આરોગ્ય અને કાર્યક્ષમતા જાળવવા માટે, બળદનો ઉપયોગ વાર્ષિક ધોરણે 100 થી વધુ સંવર્ધન માટે ન કરવો જોઈએ.","કુદરતી રીતે સંવર્ધન કરવા માટે, તમારી ગાયો અને ભેંસોની સમાન જાતિના સ્વસ્થ, સારી રીતે વિકસિત અને રોગમુક્ત બળદનો ઉપયોગ કરવો શ્રેષ્ઠ છે. બળદની ફળદ્રુપતા સાબિત થયેલી હોવી જોઈએ અને આદર્શ રીતે તે માદાઓ સાથે સંબંધિત ન હોવો જોઈએ (આંતર-સંવર્ધન ટાળવા માટે). ગાયો માટે, ઇચ્છિત જાતિના સારા ગુણવત્તાવાળા બળદનો ઉપયોગ કરો; ભેંસો માટે, સ્વસ્થ બળદનો ઉપયોગ કરો. એવા પ્રાણીઓની પસંદગી કરો જે સારી શારીરિક સ્થિતિ, જોર અને સક્રિય જાતીય વર્તન દર્શાવે. હંમેશાં એ સુનિશ્ચિત કરો કે બળદનું નિયમિતપણે પશુચિકિત્સક દ્વારા પ્રજનન અને સામાન્ય સ્વાસ્થ્ય માટે તપાસ કરવામાં આવે, જેથી રોગોના ફેલાવાને અટકાવી શકાય.

શ્રેષ્ઠ પરિણામો માટે, ઉચ્ચ આનુવંશિક ગુણવત્તાવાળા શુક્રાણુ સાથે કૃત્રિમ ગર્ભાધાન (AI) કરવાની ભલામણ કરવામાં આવે છે, કારણ કે તે પેઢી દર પેઢી દૂધનું ઉત્પાદન અને રોગ પ્રતિકારક ક્ષમતા સુધારવામાં મદદ કરે છે. તમારા વિસ્તાર માટે ચોક્કસ સલાહ માટે તમારા સ્થાનિક પશુચિકિત્સક અથવા AI ટેકનિશિયનની સલાહ લો.",grammar_fluency_compare,,"Response B reads a bit more smoothly and naturally overall, even though both are similarly technical and not fully native-sounding.",3,"Mostly grammatical and understandable Gujarati, but it sounds technical and somewhat translated rather than fully natural.",3,"Grammatically correct overall, but several phrases feel translated and less natural for a farmer-friendly tone.",response_b,"Response B reads a bit more smoothly and naturally overall, even though both are similarly technical and not fully native-sounding.",2.4093,1187,111,1298,0.00138975
351,149,4.dev_better,chat,4.dev_better,ડોક્ટર કહે છે તમારી ભેસ ઠરે એવું નથી તો શું તે સાચું છે,"હું તમારા પશુની ચોક્કસ તબીબી નિદાનની પુષ્ટિ કરી શકતો નથી, કારણ કે મારી પાસે તમારા ભેંસના ક્લિનિકલ સ્વાસ્થ્ય રેકોર્ડ્સની ઍક્સેસ નથી. કૃપા કરીને તમારા પશુચિકિત્સકની સલાહને અનુસરો, કારણ કે તેઓએ તમારા પશુની શારીરિક તપાસ કરી છે અને તેઓ સચોટ નિદાન આપવામાં શ્રેષ્ઠ છે.

જો તમે બીજો અભિપ્રાય મેળવવા માંગતા હો અથવા અન્ય ડૉક્ટરની મુલાકાત બુક કરવા માંગતા હો, તો હું તમને હેલ્થ કૉલ બુક કરવામાં મદદ કરી શકું છું. શું તમે તે કરવા માંગો છો?","તમારી પ્રોફાઇલ મુજબ, હાલમાં તમારા નામ હેઠળ કોઈ ભેંસ નોંધાયેલી નથી, તેથી હું તેની ગર્ભાવસ્થાની સ્થિતિની પુષ્ટિ કરી શકતો નથી. જો તમે તાજેતરમાં તમારા પશુધનમાં કોઈ ભેંસ ઉમેરી હોય, તો કૃપા કરીને તમારા સમાજ સાથે તમારી માહિતી અપડેટ કરો અથવા જો તમને પ્રજનન અથવા આરોગ્ય સેવાઓ માટે મદદની જરૂર હોય તો મને જણાવો. ગર્ભાવસ્થા સંબંધિત તબીબી ચોકસાઈ માટે, હંમેશા તમારા પશુચિકિત્સકની સલાહ લેવી અને તમારા પ્રાણીઓ માટે નિયમિત તપાસ કરાવવી શ્રેષ્ઠ છે.",grammar_fluency_compare,,"Response A is more grammatically polished and natural overall, even though it is still somewhat formal.",3,"Grammar is mostly correct and understandable, but it sounds overly formal and technical rather than natural or farmer-friendly.",2,"The grammar is understandable in parts, but several phrases feel unnatural or machine-translated, and the content is less coherent.",response_a,"Response A is more grammatically polished and natural overall, even though it is still somewhat formal.",1.7986,594,113,707,0.000954
352,151,4.dev_better,chat,4.dev_better,બીજદાન કરવાનો યોગ્ય સમય કયો?,"કૃત્રિમ ગર્ભાધાન (AI) માટેનો યોગ્ય સમય સામાન્ય રીતે માસિક ધર્મ (હીટ)ના સમયગાળાના બીજા ભાગમાં હોય છે, જેથી ગર્ભ ધારણની શક્યતા વધારી શકાય.

**સામાન્ય સમયના નિયમો:**
*   **10-12 કલાકનો નિયમ:** આદર્શ રીતે, પ્રથમ હીટના ચિહ્નો દેખાવા પછી 10 થી 12 કલાકમાં કૃત્રિમ ગર્ભાધાન કરવું જોઈએ.
*   **સવાર/સાંજ માર્ગદર્શિકા:**
    *   જો પ્રાણીમાં સવારે હીટના ચિહ્નો દેખાય, તો સાંજે ગર્ભાધાન કરો.
    *   જો સાંજે હીટના ચિહ્નો દેખાય, તો બીજા દિવસે સવારે ગર્ભાધાન કરો.

**ભૈંસો માટે ચોક્કસ માર્ગદર્શિકા:**
*   **બચ્ચા પછી:** બચ્ચા પછીના પ્રથમ બે મહિનામાં ભૈંસનું ગર્ભાધાન ન કરવું; સામાન્ય રીતે ત્રીજો માસિક ધર્મ ચક્ર આદર્શ સમય હોય છે.
*   **બકરીઓ:** જે બકરીઓમાં પ્રથમ વખત હીટ દેખાય છે, તેમના માટે પ્રથમ ગર્ભાધાન પહેલાં 1 અથવા 2 ચક્ર છોડી દેવાની ભલામણ કરવામાં આવે છે.
*   **મોસમી ચિહ્નો:** ધ્યાનમાં રાખો કે ભૈંસોમાં હીટના ચિહ્નો ઓછા દેખાઈ શકે છે અને તે ઋતુ પ્રમાણે બદલાઈ શકે છે (દા.ત., ઉનાળામાં સાંજે 6 થી 8 વાગ્યા વચ્ચે અને ચોમાસામાં બપોરે 2 થી 5 વાગ્યા વચ્ચે ચિહ્નો દેખાઈ શકે છે).

**મુખ્ય સૂચક:**
કોઈ પ્રાણી ગર્ભાધાન માટે તૈયાર છે કે નહીં તે જાણવાનો સૌથી વિશ્વસનીય સંકેત એ છે કે જ્યારે અન્ય પ્રાણીઓ તેના પર ચઢે છે, ત્યારે તે સ્થિર રહે છે (સ્ટેન્ડિંગ હીટ).","ગાય અને ભેંસમાં કૃત્રિમ ગર્ભાધાન માટેનો શ્રેષ્ઠ સમય એ છે જ્યારે પ્રાણીમાં ‘સ્ટેન્ડિંગ હીટ’ (માદામાં આવતી તે સમયગાળો) ચાલુ હોય, સામાન્ય રીતે પ્રાણીને પ્રથમ વખત ઊભું થઈને સંવનન કરવા માટે તૈયાર હોય તે જોયા પછી 12 થી 18 કલાકની વચ્ચે. આ સમય દરમિયાન ગર્ભાધાન કરવાથી સફળતાની શક્યતા વધે છે, કારણ કે ‘સ્ટેન્ડિંગ હીટ’ના અંત પછી લગભગ 10 થી 14 કલાકમાં અંડાશયમાંથી અંડકોષ બહાર આવે છે. શ્રેષ્ઠ પરિણામો માટે, તમારા પ્રાણીમાં માદાના ચિહ્નોનું ધ્યાન રાખો અને આ સમયગાળા દરમિયાન ગર્ભાધાનની વ્યવસ્થા કરો. જો તમને કોઈ શંકા હોય, તો તમારા સ્થાનિક કૃત્રિમ ગર્ભાધાન તકનીશિયન અથવા પશુચિકિત્સકની સલાહ લો.",grammar_fluency_compare,,"Both are similar in fluency, but Response B is smoother and more naturally phrased overall.",3,"Mostly grammatical and understandable, but it reads somewhat technical and a bit unnatural in places.",3,"Grammar is correct overall, but the wording is formal/technical and not fully natural or friendly.",response_b,"Both are similar in fluency, but Response B is smoother and more naturally phrased overall.",1.4706,929,104,1033,0.00116475
353,154,4.dev_better,chat,4.dev_better,મારી રેલીને બે વર્ષ થયા છે ડોક્ટર કહે છે અને ગર્ભાશય જ નથી શું આવું બની શકે?,"જો કે આ ખૂબ જ દુર્લભ છે, પશુઓમાં જન્મજાત ખામીઓ (જન્મ સમયે રહેલી ખામીઓ) હોઈ શકે છે, જેમાં કોઈ અંગ ગાયબ હોય અથવા ઓછું વિકસિત હોય. જો કે, સંપૂર્ણપણે ગાયબ હોવાને બદલે, પોષક તત્વોની ઉણપ અથવા હોર્મોનલ અસંતુલનને કારણે ગર્ભાશય ઓછું વિકસિત અથવા નાનું હોવું અથવા ""નરમ"" હોવું તે વધુ સામાન્ય છે.

યુવાન ભેંસોમાં, કેટલીક પરિસ્થિતિઓ ગર્ભાશય ગાયબ હોવાનું અથવા તેના જેવી જ પ્રજનન ક્ષમતામાં નિષ્ફળતાનું કારણ બની શકે છે:

*   **પોષણની ઉણપ:** વિકાસ પામતી ભેંસોમાં નબળું પોષણ ગર્ભાશયને ખૂબ નાનું અથવા નિષ્ક્રિય બનાવી શકે છે, જેના કારણે પશુચિકિત્સક તેને સ્પર્શથી અનુભવી શકતા નથી.
*   **હોર્મોનલ અસંતુલન:** અંતઃસ્ત્રાવી કાર્યોમાં સમસ્યાઓ પ્રજનન અંગોને સામાન્ય રીતે વિકસિત થતા અટકાવી શકે છે.
*   **નિષ્ક્રિય માસિક ચક્ર:** કેટલીક ભેંસોમાં માસિક ચક્રના સ્પષ્ટ સંકેતો દેખાતા નથી, અને તેમના પ્રજનન અંગો નિષ્ક્રિય દેખાઈ શકે છે.

તમારા પશુચિકિત્સકે પહેલાથી જ પ્રાણીની તપાસ કરી છે, તેથી હું નીચે મુજબની ભલામણ કરું છું:

1.  **બીજા અભિપ્રાય માટે સંપર્ક કરો:** જો તમને ખાતરી ન હોય, તો કોઈ અનુભવી પશુચિકિત્સક અથવા સરકારી પશુચિકિત્સા કોલેજના નિષ્ણાતની સલાહ લો જેથી ચોક્કસ નિદાન કરી શકાય (કેટલીકવાર અલ્ટ્રાસાઉન્ડ અથવા વધુ અદ્યતન ઇમેજિંગની જરૂર પડી શકે છે).
2.  **પોષણની સમીક્ષા કરો:** ખાતરી કરો કે તેણીને સંતુલિત આહાર મળી રહ્યો છે, જેમાં પૂરતી લીલી ચારો, ઘન ખોરાક અને ખનિજ મિશ્રણ હોય, કારણ કે આ અંગોના એકંદર સ્વાસ્થ્યને ટેકો આપે છે.

જો ડૉક્ટરનું નિદાન સાચું હોય અને ગર્ભાશય ખરેખર ગાયબ હોય (જન્મજાત ખામી), તો પ્રાણી ગર્ભ ધારણ કરી શકશે નહીં અથવા બચ્ચાને જન્મ આપી શકશે નહીં. આવા કિસ્સાઓમાં, પ્રાણીને દૂધ માટે (જો તે દૂધ આપવાનું શરૂ કરે તો) અથવા અન્ય હેતુઓ માટે રાખી શકાય છે, પરંતુ તેનો ઉપયોગ પ્રજનન માટે કરી શકાતો નથી.","હા, એ શક્ય છે—જોકે તે દુર્લભ છે—કે ગાયનું ગર્ભાશય વગર જન્મ થઈ શકે. આ સ્થિતિને ગર્ભાશય એપ્લેસિયા અથવા એજેનેસિસ તરીકે ઓળખવામાં આવે છે. તેનો અર્થ એ થાય છે કે જન્મ પહેલાં પ્રજનન અંગોનો સામાન્ય રીતે વિકાસ થયો નથી. આવી ગાયો ગર્ભ ધારણ કરી શકશે નહીં અથવા સામાન્ય રીતે માસિક ચક્રના લક્ષણો દર્શાવશે નહીં.

આ એક જન્મજાત ખામી છે અને તેનો કોઈ ઉપાય નથી. જો તમને તમારા પ્રાણીના સ્વાસ્થ્ય વિશે વધુ ચિંતા હોય, તો વિગતવાર મૂલ્યાંકન માટે તમારા પશુચિકિત્સકની સલાહ લો.",grammar_fluency_compare,,"Response B is shorter, cleaner, and reads slightly more naturally, even though both are similarly formal.",3,"Mostly grammatical and understandable Gujarati, but it sounds somewhat translated and overly technical in places.",3,"Grammatically correct overall, but a bit formal/technical and not fully natural for a farmer-friendly tone.",response_b,"Response B is shorter, cleaner, and reads slightly more naturally, even though both are similarly formal.",2.3091,1067,108,1175,0.00128625
354,155,4.dev_better,chat,4.dev_better,મારે બીજદાન કરવા આવે છે તે બીજદાન સારું કરે છે કે નહીં કેવી રીતે ખબર પડે?,"કૃત્રિમ બીજદાન (AI) યોગ્ય રીતે કરવામાં આવી રહ્યું છે કે કેમ તે સુનિશ્ચિત કરવા માટે, તમે નીચેના મુખ્ય સ્વચ્છતા અને પ્રક્રિયાના પગલાંનું પાલન થાય છે કે કેમ તે ચકાસી શકો છો:

**1. સ્વચ્છતા અને આરોગ્ય**
*   **સાધનો:** ખાતરી કરો કે વપરાયેલ તમામ સાધનો અને ઉપકરણો સંપૂર્ણપણે સ્વચ્છ છે.
*   **પ્રાણીની તૈયારી:** બીજદાન શરૂ કરતા પહેલાં, ટેકનિશિયને પ્રાણીના યોનિને ઓછામાં ઓછા ત્રણ વખત સાફ કરવી જોઈએ.
*   **સફાઈ:** સ્વચ્છતા માટે યોનિ પર આયોડિનનો ઉપયોગ કરવાની ભલામણ કરવામાં આવે છે.

**2. યોગ્ય રીતે બીજનું સંચાલન**
*   **ગરમ કરવું:** બીજની સ્ટ્રોને ગરમ પાણીમાં (સામાન્ય રીતે 34°C થી 37°C) ગરમ કરવી જોઈએ. ટેકનિશિયને આ તાપમાનને મોનિટર કરવા માટે થર્મોમીટરનો ઉપયોગ કરવો જોઈએ.
*   **સંચાલન:** એક સમયે ફક્ત એક જ બીજની સ્ટ્રોને કન્ટેનરમાં ટ્રાન્સફર કરવી જોઈએ, અને સ્ટ્રોને સાફ કરવા માટે સ્વચ્છ નેપકિનનો ઉપયોગ કરવો જોઈએ.
*   **કાપવું:** બીજની સ્ટ્રોના છેડાને કાપવા માટે જંતુરહિત કાતર અથવા સ્ટોક કટરનો ઉપયોગ કરવો આવશ્યક છે.

**3. યોગ્ય પ્રક્રિયા અને સમય**
*   **સમય:** AI ત્યારે સૌથી વધુ સફળ થાય છે જ્યારે તે પ્રથમ ગરમીના સંકેતોના 12 થી 16 કલાક પછી કરવામાં આવે (દા.ત., જો સવારે ગરમી જણાય, તો સાંજે બીજદાન કરો).
*   **પર્યાવરણ:** આ પ્રક્રિયા પ્રાધાન્યમાં વહેલી સવાર અથવા મોડી સાંજે છાયાવાળી જગ્યાએ કરવી જોઈએ.
*   **પ્રાણીનું નિયંત્રણ:** પ્રક્રિયા દરમિયાન પ્રાણીને યોગ્ય રીતે નિયંત્રિત અને સુરક્ષિત રાખવું જોઈએ.

**4. દસ્તાવેજીકરણ**
*   **રેકોર્ડ:** ટેકનિશિયને પ્રાણીના રજિસ્ટરમાં બીજદાનની વિગતો નોંધવી જોઈએ અને શક્ય હોય તો, વપરાયેલ ચોક્કસ સ્ટ્રો નંબર પણ નોંધવો જોઈએ.

આ પગલાંનું પાલન કરવાથી ઉચ્ચ ગર્ભધારણ દર અને તમારા પ્રાણીના એકંદર સ્વાસ્થ્યની ખાતરી કરવામાં મદદ મળે છે.","શું કૃત્રિમ બીજદાન (AIT) યોગ્ય રીતે કરવામાં આવી રહ્યું છે કે નહીં તે તપાસવા માટે, નીચેના મુખ્ય મુદ્દાઓનું અવલોકન કરો:

૧. સ્વચ્છતા: બીજદાન કરનાર વ્યક્તિએ ચેપને રોકવા માટે હાથ ધોવા જોઈએ, ગ્લોવ્ઝ પહેરવા જોઈએ અને સ્વચ્છ સાધનોનો ઉપયોગ કરવો જોઈએ.
૨. તકનીક: AI ગન અને સ્ટ્રોને સ્વચ્છ રીતે સંભાળવા જોઈએ, યોગ્ય તાપમાને ઓગાળવા જોઈએ અને પ્રાણીના પ્રજનન માર્ગમાં બળજબરીથી અથવા તેને દુઃખ પહોંચાડ્યા વિના ધીમેથી દાખલ કરવા જોઈએ.
૩. પ્રાણીની સંભાળ: પ્રાણીને શાંત રાખવું જોઈએ અને તેને નુકસાન પહોંચાડ્યા વિના સુરક્ષિત રીતે બાંધવું જોઈએ.
૪. રેકોર્ડ રાખવો: બીજદાન કરનાર વ્યક્તિએ તારીખ, પ્રાણીની વિગતો અને બીજના બેચની માહિતી તમારા રેકોર્ડ માટે નોંધવી જોઈએ.
૫. પ્રક્રિયા પછીની સંભાળ: પ્રક્રિયા પછી પ્રાણીના વિસ્તારને સાફ કરો અને કોઈપણ પ્રકારના સ્ત્રાવ અથવા અસ્વસ્થતાના ચિહ્નો માટે તેનું નિરીક્ષણ કરો.

જો AI ટેકનિશિયન પ્રક્રિયા સમજાવે, તમારા પ્રશ્નોના જવાબ આપે અને પ્રાણીની સલામતી અને સ્વચ્છતાનું ધ્યાન રાખે, તો આ સારા સંકેતો છે. જો તમને કોઈ શંકા હોય, તો તમે તેમના પ્રમાણપત્ર વિશે પૂછી શકો છો અથવા પ્રતિસાદ માટે તમારા સ્થાનિક ડેરી સોસાયટીનો સંપર્ક કરી શકો છો. જો પ્રાણીઓ વારંવાર ગર્ભિત ન થાય, તો વધુ સલાહ માટે તમારી સોસાયટી અથવા પશુચિકિત્સકને જાણ કરો.",grammar_fluency_compare,,"Response B reads a bit more naturally and smoothly in Gujarati, with fewer awkward constructions than Response A.",3,"Mostly grammatical and understandable, but it is quite technical and reads like a translated instructional text rather than natural friendly Gujarati.",3,"Generally correct grammar and clearer flow, though some terms are awkward and the style is still somewhat technical and not fully natural.",response_b,"Response B reads a bit more naturally and smoothly in Gujarati, with fewer awkward constructions than Response A.",1.7065,1238,116,1354,0.0014505
355,159,4.dev_better,chat,4.dev_better,શું ખોરાક કરું તો પાડી ના ગર્ભાશયનો વિકાસ જલ્દી થાય?,"ગાયના બચ્ચાને જન્મ આપ્યા પછી તેનું ગર્ભાશય ઝડપથી સ્વસ્થ થાય અને ફરીથી વિકાસ પામે તે માટે, તેને ઉચ્ચ ઊર્જા અને પોષક તત્વોથી ભરપૂર ખોરાક આપવો જરૂરી છે.

**ગર્ભાશયની પુનઃપ્રાપ્તિ માટે આહાર:**

1.  **બચ્ચા પછીનો આહાર:** બચ્ચાને જન્મ આપ્યા પછીના પ્રથમ 10 થી 15 દિવસ માટે, ઊર્જા પુનઃસ્થાપિત કરવા અને ગર્ભાશયની પુનઃપ્રાપ્તિમાં મદદ કરવા માટે એક વિશિષ્ટ, પોષક તત્વોથી ભરપૂર આહાર આપવાની ભલામણ કરવામાં આવે છે. આ આહારમાં સામાન્ય રીતે નીચેનાનો સમાવેશ થાય છે:
    *   1 કિલો ઘઉંનો ભૂકો
    *   500 ગ્રામ ગુર
    *   500 ગ્રામ તેલ
    *   1 કિલો બાજરી (બાફેલી)
    *   100 ગ્રામ સુવાદાણા, મેથી, સૂંઠ અને હિંગ.
2.  **ઉચ્ચ-ઊર્જાવાળા ખોરાક:** શેરડીના પલ્પ (ગુડ) જેવા ઉચ્ચ-ઊર્જાવાળા ખોરાક આપવાથી ગર્ભાશયને તેના મૂળ કદમાં પાછું લાવવા માટે જરૂરી વધારાની ઊર્જા મળે છે.
3.  **સામાન્ય પોષણ:** ગાયને ઉચ્ચ ગુણવત્તાવાળા લીલા ચારા, ઘન ચારા અને જરૂરી વિટામિન્સ અને ખનિજોનું સંતુલિત આહાર આપવાનું સુનિશ્ચિત કરો.
4.  **ગર્ભાશયની સફાઈ (જો જરૂરી હોય તો):**
    *   **ઘરેલું ઉપાય:** શિયાળા દરમિયાન 5 દિવસ સુધી દરરોજ 250 ગ્રામ મૂળા આપવાથી ગર્ભાશયની સફાઈ કરવામાં મદદ મળી શકે છે.
    *   **અન્ય વિકલ્પો:** હળદર, આદુ અને ગાયના મૂત્રનું 1 લિટર પાણીમાં મિશ્રણ બનાવીને દરરોજ પીવડાવવાથી ગર્ભાશયની સફાઈ કરવામાં મદદ મળી શકે છે.

**મહત્વપૂર્ણ નોંધ:** ગર્ભાશયને તેના મૂળ કદમાં પાછું આવવામાં સામાન્ય રીતે આશરે **બે મહિના (60 દિવસ)** લાગે છે. ગાયને ફરીથી સંવર્ધન કરતા પહેલા આ આરામનો સમય આપવો જરૂરી છે. જો તમને ગર્ભાશયમાંથી કોઈ અસામાન્ય સ્ત્રાવ દેખાય અથવા 60-70 દિવસ પછી ગાયમાં માસિક ચક્રના કોઈ ચિહ્નો ન દેખાય, તો કૃપા કરીને તાત્કાલિક પશુચિકિત્સકની સલાહ લો.","તમને યોગ્ય સલાહ આપવા માટે, કૃપા કરીને તમે કયા પ્રકારના ખોરાક અથવા પૂરક આહાર વિશે પૂછી રહ્યા છો તે જણાવશો? ગાયના ગર્ભાશયનો વિકાસ તેના એકંદર પોષણ, ખનિજ સંતુલન અને ઉંમર પર આધાર રાખે છે, પરંતુ વિગતો ચોક્કસ ખોરાક ઉત્પાદન અથવા પ્રકાર પર આધારિત છે. કૃપા કરીને ચોક્કસ જવાબ માટે ખોરાકનું નામ અથવા વર્ણન આપો.",grammar_fluency_compare,,"Response B is more fluent and natural in Gujarati, while Response A has multiple awkward and translated-sounding phrases.",2,"The Gujarati is understandable, but it contains unnatural phrasing, technical wording, and some awkward or incorrect expressions that feel translated.",3,"The Gujarati is grammatically cleaner and more natural overall, though it is somewhat formal and not especially friendly.",response_b,"Response B is more fluent and natural in Gujarati, while Response A has multiple awkward and translated-sounding phrases.",1.8447,1000,117,1117,0.0012765
356,161,4.dev_better,chat,4.dev_better,આદર્શ બચાવ ઉછેર માટે શું શું મુદ્દા ધ્યાને રાખવા જોઈએ?,"આદર્શ બચ્ચાંની સંભાળમાં મૃત્યુદર ઘટાડવા અને ઝડપી શારીરિક વિકાસ સુનિશ્ચિત કરવા પર ધ્યાન કેન્દ્રિત કરવામાં આવે છે, જેથી પ્રાણીઓ યોગ્ય ઉંમરે (સંકર ગાયો માટે 30 મહિના અને ભેંસો માટે 40 મહિના) પ્રથમ વાર બચ્ચાંને જન્મ આપી શકે.

આદર્શ બચ્ચાંની સંભાળ માટે અહીં મુખ્ય બાબતો ધ્યાનમાં રાખવાની છે:

### **1. તાત્કાલિક નવજાત બાળકની સંભાળ**
*   **કોલોસ્ટ્રમ (પ્રથમ દૂધ) ખવડાવવું:** જન્મ પછી તરત જ (શક્ય હોય તો અડધા કલાકની અંદર) કોલોસ્ટ્રમ ખવડાવો, જેથી રોગપ્રતિકારક શક્તિ વધે.
*   **નાળની સંભાળ:** નાળને કાપો, તેના પર ટીન્ક્ચર આયોડિન લગાવો અને સ્વચ્છ દોરાથી બાંધો.
*   **ઓળખ:** પ્રાણીને ઓળખ નંબર આપો, જેથી યોગ્ય રેકોર્ડ રાખી શકાય.
*   **શિંગડા દૂર કરવા:** રાસાયણિક પદ્ધતિઓ અથવા ગરમ લોખંડથી કોગળા કરીને 15 દિવસની અંદર શિંગડા દૂર કરો.

### **2. ખોરાક અને પોષણ**
*   **દૂધનું સંચાલન:** દૈનિક દૂધની માત્રાને 10 સમાન ભાગોમાં વહેંચો અને નિયમિત અંતરાલે તાજું દૂધ આપો, જેથી પેટ ફૂલવાની અને પાચનની સમસ્યાઓ અટકાવી શકાય.
*   **વજન વધારવું:** દરરોજ આશરે 400 ગ્રામ વજન વધારવાનું લક્ષ્ય રાખો.
*   **ઘન ખોરાક તરફ સંક્રમણ:** પ્રથમ ત્રણ મહિના સુધી દૂધ આપો, પછી ધીમે ધીમે ઘન ખોરાક (ધાન્ય, તેલના પતરા) આપવાનું શરૂ કરો.
*   **પૂરક આહાર:** ખોરાકમાં મીઠું અને ખનિજ મિશ્રણ આપો.
*   **વૈકલ્પિક:** રુમેન (rumen) ના વિકાસને વેગ આપવા અને બચ્ચાંની સંભાળનો ખર્ચ ઘટાડવા માટે વ્હે પ્રોટીન આધારિત બચ્ચાં માટેના દૂધના વિકલ્પ (જેમ કે અમૂલ જીવન) નો ઉપયોગ કરવાનું વિચારો.

### **3. આરોગ્ય અને સ્વચ્છતા**
*   **ડીવોર્મિંગ (જંતુનાશક દવા):** જન્મના 10મા દિવસે ડીવોર્મિંગ દવા આપો.
*   **રસીકરણ:** આયોજિત રસીકરણ અને આરોગ્ય સંભાળ કાર્યક્રમનું પાલન કરો.
*   **પર્યાવરણ:** બચ્ચાંને સ્વચ્છ, સારી રીતે વેન્ટિલેટેડ અને ભેજ વગરના વાતાવરણમાં રાખો.

### **4. વિકાસ અને પ્રજનન લક્ષ્યો**
*   **પ્રજનન શરૂઆત:** ભેંસોમાં, સામાન્ય રીતે 16-18 મહિનાની ઉંમરે પ્રજનન પ્રવૃત્તિ શરૂ થાય છે, જ્યારે શરીરનું વજન 250-270 કિલોગ્રામ સુધી પહોંચે છે.
*   **બચ્ચાંને માતાથી અલગ કરવું:** બચ્ચાંને વહેલા (જન્મ સમયે અથવા ત્રણ મહિનામાં) માતાથી અલગ કરવાથી બચ્ચાંનો વિકાસ ઝડપી બને છે અને માતા તેના માસિક ચક્રમાં ઝડપથી પાછી આવી શકે છે.

**ઉપયોગી ટીપ:** આદર્શ સંભાળ જન્મ પહેલાંથી જ શરૂ થાય છે. ખાતરી કરો કે ગર્ભવતી પ્રાણીને સંતુલિત ખોરાક, ખનિજ મિશ્રણ અને ગર્ભાવસ્થાના છેલ્લા બે મહિના દરમિયાન ડીવોર્મિંગ દવા આપવામાં આવે, જેથી તંદુરસ્ત બચ્ચાંનો જન્મ થાય.","આદર્શ વાછરું ઉછેર ભવિષ્યમાં દૂધાળાં પ્રાણીઓના સ્વસ્થ વિકાસ અને ઉત્પાદકતા માટે આવશ્યક છે. ધ્યાનમાં રાખવા જેવી મુખ્ય બાબતો નીચે મુજબ છે:

1. **સ્વચ્છતા અને આરોગ્યપ્રદ વાતાવરણ:** વાછરું સ્વચ્છ અને સૂકા વાતાવરણમાં જન્મે અને ઉછરે તેની ખાતરી કરો. ચેપને રોકવા માટે પ્રસૂતિ વિસ્તાર અને સાધનોને નિયમિતપણે જંતુમુક્ત કરો.

2. **કોલોસ્ટ્રમ (પ્રથમ દૂધ) નું સેવન:** વાછરું જન્મ્યાના 1-2 કલાકની અંદર તેને કોલોસ્ટ્રમ (પ્રથમ દૂધ) આપો. રોગપ્રતિકારક શક્તિ વધારવા માટે પ્રથમ 24 કલાકમાં વાછરું જેટલું વજન ધરાવે છે તેના 10% જેટલું કોલોસ્ટ્રમ આપો.

3. **યોગ્ય પોષણ:** કોલોસ્ટ્રમ પછી, ઉચ્ચ ગુણવત્તાવાળું દૂધ અથવા દૂધના વિકલ્પ આપો, ત્યારબાદ પ્રથમ અઠવાડિયાથી વાછરું ખાવાનું શરૂ કરો અને હંમેશાં સ્વચ્છ પાણી ઉપલબ્ધ કરાવો.

4. **આવાસ:** આરામદાયક, સારી રીતે વેન્ટિલેટેડ અને પવનથી સુરક્ષિત હોય તેવા આશ્રયસ્થાનો પ્રદાન કરો. રોગના ફેલાવાને ટાળવા માટે પ્રથમ થોડા અઠવાડિયા સુધી વાછરુંને અલગ રાખો.

5. **સીંગ કાપવા અને ઓળખ:** ભલામણ કરેલ પદ્ધતિ અનુસાર વહેલી તકે વાછરુંના સીંગ કાપો અને તેના પર ઓળખ માટેની પટ્ટી લગાવો, જેથી તણાવ અને ઈજાઓ ઘટાડી શકાય.

6. **રસીકરણ અને કૃમિનાશક દવા:** પશુચિકિત્સક દ્વારા સૂચવવામાં આવેલ કડક રસીકરણ અને કૃમિનાશક દવાના સમયપત્રકનું પાલન કરો.

7. **આરોગ્યનું નિરીક્ષણ:** વાછરુંમાં ઝાડા, ઉધરસ અથવા નબળી ખાવાની આદત જેવા રોગના કોઈપણ ચિહ્નો માટે દરરોજ તેનું નિરીક્ષણ કરો અને તાત્કાલિક પગલાં લો.

8. **નિઃસર્તન:** વાછરુંને 8-12 અઠવાડિયાની ઉંમરે ધીમે ધીમે નિઃસર્તન કરો, જે રુમેન (rumen) ના વિકાસ અને ઘન ખોરાકના સેવન પર આધાર રાખે છે.

તમારા ફાર્મ માટે યોગ્ય સલાહ મેળવવા માટે તમારા સ્થાનિક પશુચિકિત્સક અથવા પશુપાલન અધિકારીની સલાહ લો. યોગ્ય વાછરું ઉછેર ઉત્પાદક દૂધાળાં પ્રાણીઓ માટે પાયો નાખે છે.",grammar_fluency_compare,,"Response B reads more naturally and fluently in Gujarati, with better overall grammar and style.",3,"Mostly grammatical and understandable Gujarati, but it sounds technical and somewhat unnatural in places.",4,"Clear, fluent Gujarati with natural structure and a friendly, easy-to-understand tone.",response_b,"Response B reads more naturally and fluently in Gujarati, with better overall grammar and style.",1.4764,1779,100,1879,0.00178425
357,162,4.dev_better,chat,4.dev_better,નવજાત બચ્ચાની શું કાળજી લેવી?,"નવજાત બચ્ચાના જીવનના પ્રથમ 24 કલાક તેના ભવિષ્યના સ્વાસ્થ્ય અને ઉત્પાદકતા માટે ખૂબ જ મહત્વપૂર્ણ છે. અહીં જરૂરી કાળજીની માહિતી આપવામાં આવી છે:

### તાત્કાલિક કાળજી (સુવર્ણ કલાક)
*   **શ્વાસ:** બચ્ચાને શ્વાસ લેવામાં મદદ કરવા માટે તરત જ નાસિકા છિદ્રો અને મોં સાફ કરો. શ્વસનક્રિયાને સરળ બનાવવા માટે છાતીને હળવેથી મસાજ કરો.
*   **રક્ત પરિભ્રમણ:** માતાને બચ્ચાને ચાટવા દો અથવા સ્વચ્છ, સૂકા ટુવાલ/ઘાસથી તેને લૂછી લો, જેથી રક્ત પરિભ્રમણ ઉત્તેજિત થાય અને તેને ઊભા થવામાં અને ચાલવામાં મદદ મળે.
*   **નાળની સંભાળ:**
    *   સ્વચ્છ દોરાથી નાળને બાંધો (આશરે 2-3 ઇંચ મૂળથી) અને બાકી રહેલી નાળને જંતુરહિત સાધનથી કાપી નાખો.
    *   નાળને 3.5% થી 7% (અથવા વધુ) આયોડિનના દ્રાવણમાં ડુબાડો. માત્ર ઉપરથી લગાવવું પૂરતું નથી; યોગ્ય રીતે ડુબાડો અને 12 કલાક પછી પ્રક્રિયાનું પુનરાવર્તન કરો, જેથી ગંભીર ચેપ જેમ કે નાળનો રોગ અટકાવી શકાય.

### ખોરાક અને પોષણ
*   **કોલોસ્ટ્રમ (પ્રથમ દૂધ):** આ બચ્ચા માટે ""જીવનનો પાસપોર્ટ"" છે, જે રોગપ્રતિકારક શક્તિ પ્રદાન કરે છે.
    *   **સમય:** જન્મના પ્રથમ 2 કલાકમાં કોલોસ્ટ્રમ આપો (શક્ય હોય તો અડધા કલાકમાં). 24 કલાક પછી આપવાથી તે ઓછું અસરકારક રહેશે.
    *   **જથ્થો:** પ્રથમ 2 કલાકમાં આશરે 2 લિટર અને 12 કલાકમાં 1-2 લિટર આપો. કેટલાક માર્ગદર્શિકાઓ સૂચવે છે કે બચ્ચાના શરીરના વજનના દસમા ભાગ જેટલું દૂધ, દિવસમાં 3-4 ભાગમાં આપવું.
    *   **રીત:** બચ્ચાને યોગ્ય માત્રામાં દૂધ મળે તે સુનિશ્ચિત કરવા માટે હાથથી દૂધ આપવું વધુ સારું છે.
*   **વૃદ્ધિ:** બે મહિના સુધી દરરોજ દૂધ આપો. વધુ સારી વૃદ્ધિ અને વહેલી પરિપક્વતા માટે 2-8 અઠવાડિયાથી ""બચ્ચા માટેનું ખાસ ખોરાક"" આપવાનું શરૂ કરો. એક મહિનો થયા પછી, તમે નરમ ઘાસ અથવા સૂકું ઘાસ આપી શકો છો.

### આરોગ્ય અને જાળવણી
*   **ડીવોર્મિંગ (જંતુનાશક દવા):** જન્મના 10-14 દિવસ પછી (અથવા 21મા દિવસે) ડીવોર્મિંગ દવા આપો, અને પછી છઠ્ઠા મહિના સુધી દર મહિને આપો.
*   **રસીકરણ:** જ્યારે બચ્ચું 3 મહિનાનું થાય, ત્યારે જરૂરી રસીકરણ માટે પશુચિકિત્સકનો સંપર્ક કરો.
*   **પર્યાવરણ:** નવજાત બચ્ચાને સલામત, સુરક્ષિત અને સૂકા વાતાવરણમાં રાખો, ભેજવાળા વિસ્તારો ટાળો.

**ચેતવણી:** ઝાડા (સ્કોર્સ)ના ચિહ્નો માટે સતત ધ્યાન રાખો, કારણ કે તે બચ્ચાના મૃત્યુનું એક મુખ્ય કારણ છે. જો બચ્ચું ઊભું થવામાં અસમર્થ હોય, તેની આંખો પોલાણવાળી હોય અથવા તે દાંત કચકચાવતું હોય, તો તાત્કાલિક પશુચિકિત્સકની સારવાર મેળવો.","નવજાત બચ્ચાની યોગ્ય રીતે સંભાળ કરવી એ તેના જીવન અને સ્વસ્થ વિકાસ માટે ખૂબ જ મહત્વપૂર્ણ છે. અહીં આવશ્યક પગલાં આપેલા છે:

૧. ખાતરી કરો કે જન્મ પછી તરત જ બચ્ચાને શ્વાસ લેવાનું શરૂ થાય - જો જરૂરી હોય તો તેના નાક અને મોંમાંથી લાળ સાફ કરો.
૨. સ્વચ્છ ટુવાલ અથવા કપડાનો ઉપયોગ કરીને બચ્ચાને સારી રીતે સૂકવો, જેથી તેને ઠંડી ન લાગે.
૩. બચ્ચાને જન્મના ૧-૨ કલાકની અંદર માતાના પ્રથમ દૂધ (કોલોસ્ટ્રમ)નું સેવન કરાવો, કારણ કે તે રોગપ્રતિકારક શક્તિ માટે ખૂબ જ મહત્વપૂર્ણ છે.
૪. ચેપને રોકવા માટે નાભિની દોરીને આયોડિનના દ્રાવણમાં બોળીને રાખો.
૫. બચ્ચાને સ્વચ્છ, સૂકી અને ગરમ જગ્યાએ રાખો, જ્યાંથી ઠંડી હવા અને ભેજ દૂર હોય.
૬. બચ્ચામાં નબળાઈ, ઝાડા અથવા ચેપના ચિહ્નો માટે તેનું નિરીક્ષણ કરો અને જો જરૂરી હોય તો પશુચિકિત્સકની સલાહ લો.
૭. રોગોને રોકવા માટે આસપાસના વિસ્તારને સ્વચ્છ રાખો.

દરેક ફાર્મમાં ચોક્કસ પ્રથાઓ હોઈ શકે છે, પરંતુ આ પગલાં નવજાત બચ્ચાની સંભાળ માટેની પ્રમાણભૂત શ્રેષ્ઠ પ્રથાઓને આવરી લે છે. તમારા પ્રદેશ અને જાતિ અનુસાર સલાહ માટે તમારા સ્થાનિક પશુચિકિત્સકની સલાહ લો.",grammar_fluency_compare,,"Response B reads more naturally and fluently, while Response A is more technical and less native-like.",3,"Grammar is mostly correct and understandable, but the style is very technical and a bit unnatural in places.",4,"Grammatically smooth, natural, and friendly Gujarati with clear structure.",response_b,"Response B reads more naturally and fluently, while Response A is more technical and less native-like.",1.8688,1506,103,1609,0.001593
358,163,4.dev_better,chat,4.dev_better,બચ્ચાના વાળ વધુ ખરે છે શું કરવું જોઈએ?,"બચ્ચાંમાં વધુ પડતું વાળ ખરવું એ વિવિધ સમસ્યાઓના કારણે થઈ શકે છે. લક્ષણોના આધારે, અહીં સંભવિત કારણો અને ભલામણ કરેલ પગલાં આપ્યા છે:

### **1. સામાન્ય કારણો**
*   **રિંગવોર્મ (ફંગલ ઇન્ફેક્શન):** આ સામાન્ય રીતે ભેજવાળા અથવા ગંદા વાતાવરણમાં રાખવામાં આવતા બચ્ચાંમાં જોવા મળે છે. તેનાથી વાળ ખરે છે અને મોં, કાન અને ગરદન પર **સફેદ, ગોળાકાર, ખરબચડી ફોલ્લીઓ** થાય છે. તે ચેપી છે અને મનુષ્યોમાં પણ ફેલાઈ શકે છે.
*   **ત્વચામાં ખંજવાળ (પરજીવી):** જીવાત, ટિક અને માઇટ્સ વાળ ખરવા, ત્વચા જાડી થવા અને ચીકણો પ્રવાહી નીકળવાનું કારણ બની શકે છે.
*   **પોષક તત્વોની ઉણપ:** વાળ ખરવું એ અમુક વિટામિન અથવા ખનિજોની ઉણપનું પણ લક્ષણ હોઈ શકે છે.

### **2. તાત્કાલિક લેવાના પગલાં**
*   **નીમ પાણીથી સ્નાન:** બચ્ચાને **ઉકાળેલા અને પછી ઠંડા કરેલા નીમનાં પાનથી બનાવેલા પાણીથી** નવડાવો. આ રિંગવોર્મ અને પરજીવી ચેપ બંને માટે મદદરૂપ છે.
*   **ખંજવાળ માટે:** નીમ પાણી ઉપરાંત, તમે અસરગ્રસ્ત ભાગો પર **કરંજ તેલ** લગાવી શકો છો.
*   **સ્વચ્છતા:** ખાતરી કરો કે બચ્ચાનું આશ્રયસ્થાન સ્વચ્છ, સારી રીતે વેન્ટિલેટેડ અને પૂરતો સૂર્યપ્રકાશ મેળવે તેવું હોય. ચેપગ્રસ્ત પ્રાણીઓમાંથી વપરાયેલી દોરડાંનો ઉપયોગ સ્વસ્થ બચ્ચાં માટે ન કરો.

### **3. વ્યાવસાયિક સલાહ**
વાળ ખરવાનું કારણ વિવિધ હોઈ શકે છે (ફંગલ, પરજીવી અથવા પોષક તત્વોની ઉણપ), તેથી યોગ્ય સારવાર માટે સચોટ નિદાન મેળવવું મહત્વપૂર્ણ છે.

**એવું લાગે છે કે તમારા પ્રાણીને તબીબી સારવારની જરૂર પડી શકે છે. શું તમે પશુચિકિત્સક સાથે આરોગ્ય તપાસ માટે એપોઇન્ટમેન્ટ બુક કરવા માંગો છો?**","બચ્ચાંમાં વધુ પડતું વાળ ખરવું એ ઘણાં કારણોસર થઈ શકે છે, જેમ કે નબળું પોષણ, બાહ્ય પરોપજીવી (જેમ કે જૂ અથવા જીવાત), અથવા કેટલીકવાર સામાન્ય મોસમી ફેરફારોનો ભાગ. ખાતરી કરો કે તમારા બચ્ચાને પૂરતું પ્રોટીન, વિટામિન્સ અને ખનિજો સાથે સંતુલિત આહાર મળી રહ્યો છે, ખાસ કરીને ઝીંક અને કોપર. ત્વચા પર ખંજવાળ, ખોડો અથવા નાના જંતુઓ જેવા કોઈ ચિહ્નો માટે ધ્યાનથી તપાસ કરો, જે પરોપજીવી સૂચવી શકે છે.

જો તમને વાળ વગરના ટુકડા, ચાંદા, તીવ્ર ખંજવાળ અથવા બચ્ચું અસ્વસ્થ લાગે છે, તો કારણ ઓળખીને સારવાર કરવા માટે પશુચિકિત્સકની તપાસ કરાવવાની ભલામણ કરવામાં આવે છે. જો તમે ઇચ્છો, તો હું તમારા પશુચિકિત્સકની મુલાકાત ગોઠવવામાં મદદ કરી શકું છું. શું તમે હેલ્થ કૉલ માટે આગળ વધવા માંગો છો?",grammar_fluency_compare,,"Response B is more natural and polished in Gujarati, while Response A is correct but slightly more technical and less conversational.",3,"Mostly grammatical and understandable, but it is somewhat formal/technical and a few phrases feel less natural in everyday Gujarati.",4,"Fluent, natural Gujarati with correct grammar and a friendly tone; reads more like native writing.",response_b,"Response B is more natural and polished in Gujarati, while Response A is correct but slightly more technical and less conversational.",6.3915,1079,114,1193,0.00132225
359,164,4.dev_better,chat,4.dev_better,બચ્ચાની મિક્સર ખવડાવવું જોઈએ કે નહીં?,"હા, બચ્ચાંના વિકાસ અને વૃદ્ધિને ટેકો આપવા માટે તેમને મિક્સર (બચ્ચાં માટેનું શરૂઆતનું ખોરાક અને ખનિજ મિશ્રણ) આપવું જોઈએ.

અહીં ખોરાક આપવા માટેની માર્ગદર્શિકા છે:

*   **બચ્ચાં માટેનું શરૂઆતનું ખોરાક:**
    *   **ક્યારે શરૂ કરવું:** બચ્છું **15 દિવસ (2 અઠવાડિયા)નું** થયા પછી તમે બચ્ચાં માટેનું શરૂઆતનું ખોરાક (અથવા પીસેલા અનાજ) આપવાનું શરૂ કરી શકો છો.
    *   **કેવી રીતે આપવું:** થોડી માત્રા (લગભગ 50 ગ્રામ) થી શરૂ કરો અને તેમાં થોડું પાણી ઉમેરો. પ્રથમ મહિનાના અંત સુધીમાં ધીમે ધીમે જથ્થો વધારીને 200 ગ્રામ કરો, અને પછી 3 થી 9 મહિના સુધી દર મહિને 100 ગ્રામ વધારો.
    *   **લાભ:** આનાથી ઝડપી રીતે રુમેનનો વિકાસ થાય છે (જેથી ખોરાક પચી શકે), વજન વધવામાં મદદ મળે છે અને બચ્ચાંને વહેલા દૂધથી દૂર કરી શકાય છે.
*   **ખનિજ મિશ્રણ:**
    *   **માત્રા:** બચ્ચાંના સ્વાસ્થ્ય અને શારીરિક વિકાસને સુધારવા માટે દરરોજ **20 થી 30 ગ્રામ** ખનિજ મિશ્રણ પાવડર આપવાની ભલામણ કરવામાં આવે છે.

મિક્સરની સાથે, બચ્ચાંને જન્મ પછી તરત જ કોલોસ્ટ્રમ (પ્રથમ દૂધ), પ્રથમ થોડા મહિનાઓ માટે પૂરતું દૂધ અને બે અઠવાડિયાથી ઉચ્ચ ગુણવત્તાવાળું લીલું/સૂકું ચારો આપવાનું સુનિશ્ચિત કરો.","હા, બચ્ચાં વાછરડાંને શરૂઆતમાં ખાસ પ્રકારનું ખોરાક આપવું જોઈએ. આ ખોરાક જરૂરી પોષક તત્વો પૂરા પાડે છે અને રુમેનના વિકાસમાં મદદ કરે છે, જેનાથી વાછરડાંની વૃદ્ધિ અને આરોગ્ય સારું રહે છે. વાછરડાંને લગભગ એક અઠવાડિયાની ઉંમરથી શરૂ કરીને થોડી થોડી માત્રામાં આ ખોરાક આપવાનું શરૂ કરવું જોઈએ અને જેમ જેમ વાછરડું વધુ ખાવાનું શરૂ કરે તેમ તેમ ધીમે ધીમે તેની માત્રા વધારવી જોઈએ. હંમેશાં આ ખોરાક સાથે સ્વચ્છ અને તાજું પાણી આપવું. તમારા વિસ્તાર અને જાતિને અનુરૂપ વધુ માહિતી માટે તમારા સ્થાનિક પશુચિકિત્સક અથવા પશુધન સલાહકારની સલાહ લો.",grammar_fluency_compare,,"Response B reads more naturally and smoothly in Gujarati, while Response A is slightly more technical and less native-like.",3,"Mostly grammatical and understandable, but it sounds somewhat technical and a few phrases are not fully natural in Gujarati.",4,"Fluent, natural Gujarati with correct grammar and a friendly, easy-to-understand tone.",response_b,"Response B reads more naturally and smoothly in Gujarati, while Response A is slightly more technical and less native-like.",3.1357,883,110,993,0.00115725
360,165,4.dev_better,chat,4.dev_better,બચ્ચું પાણી ઓછું પીવે તો શું શું સમસ્યા થઈ શકે?,"જો બચ્ચાં પૂરતું પાણી ન પીવે, તો તેનાથી **ડિહાઇડ્રેશન** થઈ શકે છે, જે એક ગંભીર સ્થિતિ છે અને તેની તીવ્રતાના આધારે નીચેની સમસ્યાઓ થઈ શકે છે:

*   **હળવુંથી મધ્યમ ડિહાઇડ્રેશન (6–8%):** બચ્ચાંમાં થોડી નિસ્તેજતા, નબળાઈ, આંખો અંદરની તરફ ધસી જવી અને ""ત્વચામાં ખેંચાણ"" (જ્યાં ત્વચાને ચૂંટ્યા પછી તે 2–6 સેકન્ડમાં પાછી સામાન્ય સ્થિતિમાં આવતી નથી) જેવા લક્ષણો જોવા મળી શકે છે.
*   **ગંભીર ડિહાઇડ્રેશન (8–14%):** બચ્ચાં નિસ્તેજ થઈ શકે છે, સૂઈ શકે છે, તેની આંખો ખૂબ અંદરની તરફ ધસી જાય છે અને મોં અંદરથી સુકાઈ જાય છે, અને આખરે તે ઊભા રહેવામાં અસમર્થ થઈ જાય છે (અર્ધબેહોશીની સ્થિતિમાં).
*   **ગંભીર સ્થિતિ (14%થી વધુ):** શરીરમાંથી વધુ પડતું પ્રવાહી નીકળી જવાને કારણે **મૃત્યુ** પણ થઈ શકે છે.

ડિહાઇડ્રેશન મોટાભાગે **ઝાડા (સ્કોર્સ)** સાથે સંકળાયેલું હોય છે, જેમાં બચ્ચાં ઝડપથી પાણી અને ઇલેક્ટ્રોલાઇટ્સ ગુમાવે છે. આવા કિસ્સાઓમાં, ખોવાયેલા પ્રવાહીને ફરીથી ભરવું એ બચાવ માટે ખૂબ જ મહત્વપૂર્ણ છે.

**ભલામણો:**
*   **હળવા કિસ્સાઓમાં:** ઇલેક્ટ્રોલાઇટ સોલ્યુશનનો ઉપયોગ કરીને મૌખિક રીતે પ્રવાહી આપો (દા.ત., ગરમ પાણી, ગ્લુકોઝ, સોડિયમ બાયકાર્બોનેટ અને મીઠાનું મિશ્રણ).
*   **ગંભીર કિસ્સાઓમાં (8%થી વધુ ડિહાઇડ્રેશન):** બચ્ચાંને **તાત્કાલિક નસમાં પ્રવાહી આપવાની જરૂર છે**. જો તમારું બચ્ચું સૂઈ રહ્યું હોય, તેની આંખો ખૂબ અંદરની તરફ ધસી ગઈ હોય અથવા તે ઊભા રહી શકતું ન હોય, તો કૃપા કરીને **તરત જ પશુચિકિત્સકનો સંપર્ક કરો**.","જો બચ્ચાં ઓછું પાણી પીવે છે, તો તે ઝડપથી ડિહાઇડ્રેટ થઈ શકે છે, જેના કારણે વૃદ્ધિમાં ઘટાડો, નબળાઈ, કબજિયાત, ત્વચા શુષ્ક થઈ જવી અને ભૂખ ઓછી લાગવી જેવી સમસ્યાઓ થઈ શકે છે. ડિહાઇડ્રેશનથી ઝાડા જેવી બીમારીઓ થવાનું જોખમ પણ વધી શકે છે અને સામાન્ય પાચન અને ચયાપચય પ્રક્રિયામાં વિક્ષેપ પડી શકે છે. હંમેશાં એ સુનિશ્ચિત કરો કે બચ્ચાંને સ્વચ્છ અને તાજા પાણી મળી રહે, ખાસ કરીને ગરમ હવામાનમાં અને દૂધ પીવડાવ્યા પછી. જો બચ્ચું સતત ઓછું પાણી પીવે અથવા નબળાઈના લક્ષણો દર્શાવે, તો વધુ માર્ગદર્શન માટે તાત્કાલિક પશુચિકિત્સકની સલાહ લો.",grammar_fluency_compare,,"Response B is more natural and concise, with better fluency and a friendlier style, while Response A is overly technical and less natural.",3,"Grammar is mostly correct and understandable, but the response is very technical and reads less naturally for a farmer-friendly tone.",4,"The Gujarati is fluent, natural, and grammatically correct, with a friendly and easy-to-understand tone.",response_b,"Response B is more natural and concise, with better fluency and a friendlier style, while Response A is overly technical and less natural.",3.1888,1022,122,1144,0.0013155
361,170,4.dev_better,chat,4.dev_better,તલેબાની દિશા કઈ હોવી જોઈએ,"આપેલ દસ્તાવેજોના આધારે હું તે કહી શકતો નથી. ઉપલબ્ધ માહિતીમાં એ જણાવવામાં આવ્યું છે કે મંગર (ઢંકાયેલા વિસ્તારમાં દિવાલની બાજુમાં) અને પાણીના ટ્રોફ (આરામ વિસ્તારમાં પાર્ટીશન દિવાલની બાજુમાં) ક્યાં બનાવવા જોઈએ, પરંતુ તે કઈ દિશામાં હોવા જોઈએ તે વિશે કોઈ માહિતી આપવામાં આવી નથી.","માફ કરશો, હું રાજકીય અથવા વિવાદાસ્પદ વિષયો પર ચર્ચા કરી શકતો નથી.",grammar_fluency_compare,,"Response B is more natural and fluent in Gujarati, while Response A is correct but sounds more technical and less natural.",3,"Grammatically mostly correct Gujarati, but it sounds technical and somewhat unnatural in places.",4,"Short, clear, and grammatically natural Gujarati with a friendly tone.",response_b,"Response B is more natural and fluent in Gujarati, while Response A is correct but sounds more technical and less natural.",1.829,404,103,507,0.0007665
362,171,4.dev_better,chat,4.dev_better,નવું પશુ ખરીદતી વખતે શું કાળજી રાખવી?,"નવું પ્રાણી ખરીદતી વખતે, ઉત્પાદકતા સુનિશ્ચિત કરવા અને તમારા હાલના પશુધન (ઢોર)માં રોગોના ફેલાવાને રોકવા માટે કડક પસંદગી અને પરિચયના નિયમોનું પાલન કરવું ખૂબ જ મહત્વપૂર્ણ છે.

### **૧. પસંદગી અને ખરીદી**
*   **સ્ત્રોત:** વિશ્વસનીય વ્યક્તિઓ, રજિસ્ટર્ડ પશુપાલકો અથવા જાણીતા રોગમુક્ત ખેતરોમાંથી ખરીદી કરો. રોગનું જોખમ ઘટાડવા માટે પશુ બજારો અથવા કામચલાઉ આશ્રયસ્થાનોને બદલે સીધા માલિકના પરિસરમાંથી ખરીદવું વધુ સારું છે.
*   **આરોગ્ય તપાસ:** પશુચિકિત્સક દ્વારા આરોગ્ય તપાસ કર્યા પછી જ પ્રાણી ખરીદો.
*   **શારીરિક લક્ષણો:**
    *   ઉચ્ચ ગુણવત્તાવાળા, વધુ દૂધ આપતા જાતિની પસંદગી કરો.
    *   યુવાન પ્રાણીઓ (૧લી, ૨જી અથવા ૩જી વાછર) પસંદ કરો.
    *   ચમકદાર ત્વચા, કોઈ શારીરિક ખામીઓ નહીં અને સારી રીતે વિકસિત દૂધની નસોવાળા પ્રાણી પસંદ કરો.
    *   ગર્ભવતી પ્રાણીઓ માટે, ખાતરી કરો કે ગર્ભાવસ્થાના ૭ મહિના પૂરા થઈ ગયા હોય.
*   **ચકાસણી:** ખરીદી કરતા પહેલા ૨-૩ દિવસ સુધી જાતે પ્રાણીનું દૂધ દોઈને ઉત્પાદકતાની ખાતરી કરો અને પ્રાણી શાંત સ્વભાવનું છે કે નહીં તે તપાસો.

### **૨. પરિવહન**
*   **તણાવ ઓછો કરો:** નિયમિત અંતરાલે પૂરતું પાણી, જગ્યા, ખોરાક અને આરામ આપો.
*   **સલામતી:** વાહનમાં પથારી સામગ્રી તરીકે ચોખાના દાણાનો ઉપયોગ કરો. વાહનની ગતિ ૪૦ કિમી/કલાકથી ઓછી રાખો અને ગરમ હવામાનમાં પરિવહન કરવાનું ટાળો.

### **૩. પરિચય અને ક્વોરેન્ટાઇન (ખૂબ જ મહત્વપૂર્ણ)**
*   **અલગતા:** નવા પ્રાણીને ઓછામાં ઓછા **૧૫ થી ૩૦ દિવસ (ઓછામાં ઓછા ૩ અઠવાડિયા)** માટે અન્ય પ્રાણીઓથી અલગ શેડ/વિસ્તારમાં રાખો.
*   **સંભાળ પ્રોટોકોલ:**
    *   અલગ ખોરાક અને પાણી આપો.
    *   સૌ પ્રથમ તમારા સ્વસ્થ ઢોરની સંભાળ લો અને પછી નવા પ્રાણીની.
    *   નવા પ્રાણીના સંપર્કમાં આવ્યા પછી તમારા ઢોરને સ્પર્શ કરતા પહેલાં કપડાં બદલો અને હાથ ધોઈ લો.
    *   જો પ્રાણી દૂધ આપતું હોય, તો તેનું દૂધ અલગથી અને છેલ્લે દોયો.
*   **આરોગ્ય જાળવણી:** ક્વોરેન્ટાઇન સમયગાળા દરમિયાન નિયમિત કૃમિનાશક દવા અને રસીકરણ કરો.
*   **જરૂરી પરીક્ષણો:** નીચેના પરીક્ષણો કરો:
    *   **સબ-ક્લિનિકલ માસ્ટિટિસ (SCM)** (દૂધ આપતા પ્રાણીઓ માટે).
    *   **બ્રુસેલોસિસ, બોવાઇન ટ્યુબરક્યુલોસિસ (bTB) અને જોહને'સ ડિસીઝ (JD)**.
    *   *નોંધ:* જો કોઈ પ્રાણી આ અસાધ્ય રોગો માટે પોઝિટિવ જણાય, તો તેને તમારા ઢોરમાં સામેલ ન કરવું જોઈએ.","નવું પ્રાણી ખરીદતી વખતે નીચેની બાબતોનું ધ્યાન રાખવું મહત્વપૂર્ણ છે:

૧. આરોગ્ય તપાસ: પ્રાણીને રોગો, લંગડું અથવા કોઈ ખામી છે કે કેમ તે જાણવા માટે હંમેશાં કોઈ લાયક પશુચિકિત્સક પાસે તપાસ કરાવો.
૨. રસીકરણની સ્થિતિ: ખાતરી કરો કે પ્રાણીને ફૂટ એન્ડ માઉથ ડિસીઝ (FMD), હોર્ન સિકનેસ (HS) અને બ્રુસેલોસિસ જેવા મુખ્ય રોગો સામે રસી આપવામાં આવી છે.
૩. ઉંમરની ચકાસણી: પ્રાણીની ઉંમરનો અંદાજ કાઢવા માટે તેના દાંત તપાસો.
૪. ઉત્પાદન રેકોર્ડ: જો તમે દૂધ આપતા પ્રાણીને ખરીદી રહ્યા હો, તો દૂધના ઉત્પાદનનો રેકોર્ડ માંગો અને તપાસો કે ઉત્પાદન દાવા મુજબ છે કે નહીં.
૫. જાતિની શુદ્ધતા: ખાતરી કરો કે પ્રાણીની જાતિની લાક્ષણિકતાઓ તમારી જરૂરિયાતોને અનુરૂપ છે.
૬. શારીરિક તપાસ: સ્તન, સ્તનગ્રંથિ, આંખો, પગ, શિંગડા અને શરીરની સ્થિતિ તપાસો.
૭. પ્રજનન ઇતિહાસ: અગાઉના બચ્ચાં, ચક્ર અને કોઈપણ પ્રજનન સંબંધિત સમસ્યાઓ વિશે પૂછો.
૮. ક્વોરેન્ટાઇન: ખરીદી કર્યા પછી, નવા પ્રાણીને ઓછામાં ઓછા ૧૫ દિવસ માટે અલગ રાખો જેથી રોગ તમારા હાલના પશુઓમાં ફેલાય નહીં.
૯. કાનૂની દસ્તાવેજો: માલિકીનો પુરાવો અથવા ખરીદીની રસીદ મેળવો.
૧૦. વર્તનનું અવલોકન કરો: એવા પ્રાણીઓ પસંદ કરો જે સતર્ક, સક્રિય હોય અને જેની ભૂખ સારી હોય.

કોઈપણ સમસ્યાથી બચવા માટે ખરીદીને અંતિમ સ્વરૂપ આપતા પહેલાં સ્થાનિક પશુચિકિત્સક અથવા પશુ નિષ્ણાતની સલાહ લો.",grammar_fluency_compare,,"Response B sounds more natural and fluent overall, while Response A is correct but overly technical and less conversational.",3,"Mostly grammatically correct Gujarati, but it reads very technical and formal rather than friendly or natural.",4,"Clear, grammatical, and natural Gujarati with a friendly, easy-to-understand structure.",response_b,"Response B sounds more natural and fluent overall, while Response A is correct but overly technical and less conversational.",1.9846,1548,106,1654,0.001638
363,173,4.dev_better,chat,4.dev_better,કપાસ ખોળ સારો કે મકાઈ ખોળ?,"કપાસના બીજની પિండి (કોટનસીડ કેક) કે મકાઈની પિણી (મેઈઝ કેક)માંથી કઈ વધુ સારી છે, તે તમારા પશુને શું વધુ જરૂરી છે તેના પર આધાર રાખે છે: **પ્રોટીન** કે **ઊર્જા**.

*   **કપાસની પિણી (કોટનસીડ કેક):** આ **પ્રોટીન**નો શ્રેષ્ઠ સ્ત્રોત છે. મોટાભાગની તેલયુક્ત બીજની પિણીમાં, જેમાં કપાસની પિણીનો પણ સમાવેશ થાય છે, લગભગ 22-45% પ્રોટીન હોય છે, જે તેને વૃદ્ધિ અને દૂધ ઉત્પાદન માટે ઉત્તમ બનાવે છે. ખાસ કરીને, છાલ વગરની કપાસની પિણીમાં 41% સુધી ક્રુડ પ્રોટીન હોઈ શકે છે.
*   **મકાઈની પિણી (મેઈઝ કેક):** તેમાં કપાસની પિણીની સરખામણીમાં **ઓછું પ્રોટીન** હોય છે. જો કે, તે **ઊર્જા** પ્રદાન કરવા માટે વધુ સારી છે (જેમાં 2-10% તેલ હોય છે) અને તે વધુ સ્વાદિષ્ટ પણ હોય છે; તે પલાળીને ખાવાથી ફૂલે છે, જેનાથી ખોરાકની માત્રા વધે છે અને તે પશુ માટે વધુ સ્વાદિષ્ટ બને છે.

**સારાંશ કોષ્ટક:**

| લક્ષણ | કપાસની પિણી | મકાઈની પિણી |
| :--- | :--- | :--- |
| **મુખ્ય ફાયદો** | ઉચ્ચ પ્રોટીન | ઊર્જા અને સ્વાદિષ્ટતા |
| **પ્રોટીનનું સ્તર** | ઉચ્ચ (લગભગ 22-45%) | ઓછું |
| **ઊર્જા/તેલ** | નિષ્કર્ષણ પ્રમાણે બદલાય છે | વધુ (2-10% તેલ) |
| **શ્રેષ્ઠ ઉપયોગ** | પ્રોટીનનું પૂરક | ઊર્જા અને ભૂખ વધારવા માટે |

શ્રેષ્ઠ પરિણામો માટે, 4-5 જુદા જુદા પ્રકારના ખોરાકનો ઉપયોગ કરીને **સંતુલિત મિશ્રણ** (સુમિશ્રીત દાન) આપવાની ભલામણ કરવામાં આવે છે, ફક્ત એક જ ખોરાક પર આધાર રાખવો જોઈએ નહીં. ઉદાહરણ તરીકે, સંતુલિત મિશ્રણમાં મકાઈ/ધાન્ય અને કપાસની પિણી તેમજ બ્રાણ અને ખનિજ મિશ્રણનો સમાવેશ થઈ શકે છે.","સામાન્ય રીતે, કપાસના બીજના છોતરાંમાં વધુ રેસા હોય છે અને તે નરમ હોય છે, જેના કારણે તે મરઘાં માટે મકાઈના છોતરાં કરતાં સરળતાથી પચી જાય છે. કપાસના બીજના છોતરાં રુમેન (rumen)ના સ્વાસ્થ્યને પણ સુધારી શકે છે અને પ્રાણીઓને ખોરાક વધુ સારી રીતે ચાવવામાં મદદ કરે છે. બીજી બાજુ, મકાઈના છોતરાં સખત હોય છે અને તેમાં પૌષ્ટિક તત્ત્વો ઓછા હોય છે, એટલે કે પ્રાણીઓને તેમાંથી ઓછું પોષણ મળે છે.

સારાંશમાં: મોટાભાગના દૂધાળાં પ્રાણીઓ માટે, મકાઈના છોતરાં કરતાં કપાસના બીજના છોતરાં વધુ સારા ખોરાક છે. જો તમે આમાંથી કોઈનો ઉપયોગ કરી રહ્યા હો, તો તેને પ્રોટીન અને ઊર્જાથી ભરપૂર સંતુલિત આહારના ભાગ રૂપે આપો. હંમેશાં તમારા સ્થાનિક પોષણ નિષ્ણાત અથવા પશુચિકિત્સકની સલાહ લો અને તમારા પશુધન માટે યોગ્ય આહારનું આયોજન કરો.",grammar_fluency_compare,,"Response A is more fluent and structurally correct overall, even though it is technical; Response B has more unnatural phrasing and weaker alignment with the asked comparison.",3,"Mostly grammatical and understandable Gujarati, but it is quite technical and reads like a translated explanation rather than natural farmer-friendly speech.",2,"The Gujarati is understandable, but several phrases feel unnatural or translated, and the content is less aligned with the question.",response_a,"Response A is more fluent and structurally correct overall, even though it is technical; Response B has more unnatural phrasing and weaker alignment with the asked comparison.",1.7412,1126,128,1254,0.0014205
364,174,4.dev_better,chat,4.dev_better,ગાયને લાંબા સમય સુધી બાંધેલી રાખવી સારું કે ખુલ્લી રાખવી સારું?,"સામાન્ય રીતે, ગાયોને લાંબા સમય સુધી બાંધી રાખવાને બદલે **ઓપન હાઉસિંગ સિસ્ટમ**માં રાખવી વધુ સારું છે.

દસ્તાવેજો અનુસાર, ઓપન હાઉસિંગ પશુઓ અને ખેડૂત બંને માટે ઘણા મહત્વપૂર્ણ ફાયદા પ્રદાન કરે છે:

**પશુઓ માટેના ફાયદા:**
*   **વધુ સારી તંદુરસ્તી:** ખુલ્લા/ઓપન શેડમાં રાખવામાં આવતા પશુઓમાં રોગ થવાની શક્યતા ઓછી હોય છે અને તેઓ આંતરડા સંબંધિત સમસ્યાઓથી પણ ઓછી પ્રભાવિત થાય છે.
*   **રોગનું જોખમ ઘટાડે છે:** બાંધી રાખવામાં આવતા પશુઓ **ટિમ્પેની (ગેસ ભરાવો)** થવાની શક્યતા વધારે હોય છે, જે ઓપન હાઉસિંગમાં રાખવામાં આવતા પશુઓમાં ભાગ્યે જ જોવા મળે છે.
*   **આરામદાયક:** ગાયો ઓછી બેચેન રહે છે (ખાસ કરીને ગરમીના સમયમાં) અને તેમને ફરવા માટે વધુ સ્વતંત્રતા મળે છે, જેનાથી તેમનો એકંદર આરામ વધે છે.
*   **ગાય જ્યારે ગરમીમાં હોય તે ઓળખવામાં સરળતા:** પશુઓ મુક્ત રીતે ફરી શકે છે, તેથી ખેડૂત માટે ગાય ક્યારે ગરમીમાં છે તે ઓળખવું સરળ બને છે.

**ઉત્પાદન અને વ્યવસ્થાપન માટેના ફાયદા:**
*   **દૂધનું ઉત્પાદન વધે છે:** કેટલાક અહેવાલો દર્શાવે છે કે પશુઓને ઓપન શેડમાં રાખવાથી દૂધનું ઉત્પાદન **દરરોજ 500 ગ્રામથી 1 લિટર સુધી** વધી શકે છે, અને તેમાં ચરબી અને SNF (સોલિડ નોન ફેટ)નું પ્રમાણ પણ સુધરી શકે છે.
*   **ઓછો ખર્ચ:** ઓપન હાઉસિંગમાં સામાન્ય રીતે બાંધકામનો ખર્ચ ઓછો હોય છે અને શ્રમ ખર્ચ પણ ઘટે છે (જેમ કે, છાણ દૂર કરવામાં ઓછો સમય લાગે છે).
*   **સુગમતા:** પશુઓની સંખ્યા વધારવી અને આશ્રયસ્થાનમાં ફેરફાર કરવા સરળ બને છે.

ઓપન હાઉસિંગ સિસ્ટમમાં, પશુઓને મોટાભાગે મુક્ત રાખવામાં આવે છે અને ફક્ત ચોક્કસ કાર્યો માટે જ બાંધવામાં આવે છે, જેમ કે **દૂધ દોહણ, સારવાર અથવા સંવર્ધન**.","સામાન્ય રીતે, ગાયને લાંબા સમય સુધી બાંધી રાખવાને બદલે તેને મુક્ત રાખવી અથવા આસપાસ ફરવા દેવી એ તેની તંદુરસ્તી અને સુખાકારી માટે વધુ સારું છે. મુક્ત રીતે ફરવાથી રક્ત પરિભ્રમણ સુધરે છે, સાંધાની સમસ્યાઓનું જોખમ ઘટે છે અને ગાયને કુદરતી વર્તન વ્યક્ત કરવાની તક મળે છે. ગાયને લાંબા સમય સુધી બાંધી રાખવાથી તણાવ, ઈજાઓ અને દૂધનું ઉત્પાદન ઘટી શકે છે. જો બાંધવું જરૂરી હોય, તો ખાતરી કરો કે તે ટૂંકા સમય માટે હોય, અને પૂરતી જગ્યા, સ્વચ્છ પથારી અને નિયમિત કસરતની વ્યવસ્થા કરો. મહત્તમ ઉત્પાદકતા અને પ્રાણીની તંદુરસ્તી માટે, મુક્ત આવાસ પ્રણાલીની ભલામણ કરવામાં આવે છે. તમારા ફાર્મની પરિસ્થિતિને અનુરૂપ આવાસ અંગે સલાહ માટે તમારા સ્થાનિક પશુચિકિત્સક અથવા પશુધન અધિકારીની સલાહ લો.",grammar_fluency_compare,,"Response B sounds more natural and polished in Gujarati, while Response A is more technical and less native-like.",3,"Grammar is mostly correct and understandable, but it feels somewhat technical and translated rather than fully natural Gujarati.",4,"Fluent, grammatically correct, and reads naturally with a friendly tone.",response_b,"Response B sounds more natural and polished in Gujarati, while Response A is more technical and less native-like.",1.6506,1094,105,1199,0.001293
365,177,4.dev_better,chat,4.dev_better,બાહ્ય પરોપજીવીઓ શું નુકસાન કરે?,"બાહ્ય પરોપજીવીઓ (જેમ કે ટિક, માખી, જૂ, માઇટ્સ અને ફ્લી) પશુઓમાં નોંધપાત્ર શારીરિક અને આર્થિક નુકસાન કરે છે:

**૧. સીધું શારીરિક નુકસાન**
*   **રક્તની ઉણપ અને નબળાઈ:** તેઓ લોહી ચૂસે છે, જેના કારણે એનિમિયા અને સામાન્ય નબળાઈ આવે છે. ઉદાહરણ તરીકે, ૪૦૦ કિલોના પ્રાણી પર ૧૦૦ ટિક દરરોજ આશરે ૧ લિટર લોહી ચૂસી શકે છે.
*   **ત્વચાની સમસ્યાઓ:** તેઓ સતત ખંજવાળ, ત્વચામાં બળતરા, ફોલ્લીઓ, ચાંદા અને વાળ ખરવાનું કારણ બને છે. કેટલાક ચોક્કસ ત્વચા રોગો જેમ કે ખંજવાળ (સ્કેબીઝ)નું કારણ બને છે.
*   **ઝેરી અસર:** અમુક પરોપજીવીઓ, જેમ કે ટિક, એવા ઝેર છોડે છે જે ""ટિક લકવા"" તરફ દોરી શકે છે.

**૨. રોગનું સંક્રમણ**
તેઓ ગંભીર હેમોપ્રોટોઝોઅન અને અન્ય રોગો માટે વાહક તરીકે કાર્ય કરે છે, જેમાં નીચેનાનો સમાવેશ થાય છે:
*   **થિલરીયોસિસ:** આ રોગથી તીવ્ર તાવ, એનિમિયા અને લસિકા ગાંઠોમાં સોજો આવે છે.
*   **બેબેસિયોસિસ:** આને લાલ પાણીનો રોગ (હેમોગ્લોબિનુરિયા) તરીકે ઓળખવામાં આવે છે.
*   **એનાપ્લાસ્મોસિસ:** આ રોગથી તીવ્ર તાવ અને એનિમિયા થાય છે.
*   **ટ્રાયપેનોસોમિયાસિસ:** આ રોગ સામાન્ય રીતે ભેંસોમાં જોવા મળે છે.

**૩. ઉત્પાદકતા અને વૃદ્ધિ પર અસર**
*   **દૂધ અને વજનમાં ઘટાડો:** દૂધ ઉત્પાદનની ક્ષમતામાં કાયમી ઘટાડો થાય છે અને નોંધપાત્ર વજનમાં ઘટાડો થાય છે (ઉદાહરણ તરીકે, ૪૦ ટિક ધરાવતું પ્રાણી દર મહિને ૧.૫ થી ૨ કિલો વજન ગુમાવી શકે છે).
*   **વૃદ્ધિમાં અવરોધ:** યુવાન વાછરડાં અને બકરીઓમાં, વૃદ્ધિ અને વિકાસમાં અવરોધ આવે છે અને તેમની રોગપ્રતિકારક શક્તિ નબળી પડે છે.
*   **વર્તનમાં ફેરફાર:** પ્રાણીઓ ચીડિયા અને બેચેન બની જાય છે અને તેમના ખોરાક અને પાણીના સેવનમાં ઘટાડો થઈ શકે છે.

**૪. આર્થિક અસર**
ભારતમાં, ટિક અને તેના જેવા પરોપજીવીઓ પશુધન ક્ષેત્રે દર વર્ષે આશરે ₹૩,૧૫૧ કરોડનું નુકસાન કરે છે.","બાહ્ય પરોપજીવીઓ, જેમ કે ટિક, જીવાત અને માઈટ્સ, ગાય અને ભેંસ માટે વિવિધ પ્રકારની સમસ્યાઓ ઊભી કરી શકે છે. તેઓ પ્રાણીના લોહી અથવા ત્વચા પર જીવે છે, જેના કારણે બળતરા, ખંજવાળ, વાળ ખરવા અને ત્વચા પર ઘા થાય છે. આના પરિણામે વજન ઘટવું, દૂધનું ઉત્પાદન ઘટવું, એનિમિયા અને એકંદર સ્વાસ્થ્યમાં ઘટાડો થઈ શકે છે. ગંભીર કિસ્સાઓમાં, ખંજવાળથી થતા ખુલ્લા ઘામાં ચેપ લાગી શકે છે, અને ટિક જેવા પરોપજીવીઓ બેબેસિયોસિસ અને એનાપ્લાસ્મોસિસ જેવા રોગો પણ ફેલાવી શકે છે. તમારા પશુઓને આ નુકસાનથી બચાવવા માટે નિયમિત તપાસ અને યોગ્ય નિયંત્રણનાં પગલાં લેવાં મહત્વપૂર્ણ છે.",grammar_fluency_compare,,"Response B is more natural and conversational while still being grammatically correct, so it better matches the desired style.",3,"Grammatically correct and understandable, but it is very technical and reads more like a textbook than a friendly farmer-facing answer.",4,"Natural, fluent Gujarati with correct grammar and a friendly, easy-to-understand tone.",response_b,"Response B is more natural and conversational while still being grammatically correct, so it better matches the desired style.",1.7471,1152,113,1265,0.0013725
366,178,4.dev_better,chat,4.dev_better,ભેસ માં કેટલી ઓલાદ જોવા મળે છે?,"સામાન્ય રીતે, એક ભેંસ તેના જીવનકાળ દરમિયાન સરેરાશ **8 થી 10 બચ્ચાં**ને જન્મ આપે છે.

ભેંસના બચ્ચાં વિશેની વધારાની માહિતી:
*   **જીવિત રહેવાની શક્યતા:** કુલ બચ્ચાંમાંથી, સામાન્ય રીતે **4 થી 5 માદા બચ્ચાં** જીવે છે.
*   **બેવડા જન્મ:** ભેંસમાં એક સાથે બે બચ્ચાં જન્મ આપવાની ઘટના (બેવડો જન્મ) ખૂબ જ દુર્લભ છે, અને તે 1,000 જન્મમાં 1થી પણ ઓછી હોય છે.
*   **અદ્યતન તકનીક:** OPU-IVEP-ET જેવી વિશિષ્ટ તકનીકોનો ઉપયોગ કરીને, એક ઉચ્ચ ગુણવત્તાવાળી ભેંસના જીવનકાળ દરમિયાન નોંધપાત્ર રીતે વધુ બચ્ચાં (100 થી 150 બચ્ચાં) પેદા કરી શકાય છે, જે માટે તેના ગર્ભને અન્ય ભેંસના ગર્ભાશયમાં સ્થાંતરિત કરવામાં આવે છે.","સામાન્ય રીતે ભેંસો એક સમયે એક જ બચ્ચાને જન્મ આપે છે. ભેંસોમાં જોડિયા બચ્ચા ખૂબ જ દુર્લભ હોય છે. તેથી, તમે સામાન્ય રીતે દરેક ગર્ભાવસ્થામાં એક જ બચ્ચાની અપેક્ષા રાખી શકો છો. પશુધન આયોજન અને પોષણ માટે, દરેક પ્રસૂતિમાં એક બચ્ચાની ધારણા કરવી શ્રેષ્ઠ છે. જો તમને જોડિયા બચ્ચા અથવા કોઈ અસામાન્ય પ્રસૂતિની ઘટના દેખાય, તો માર્ગદર્શન માટે તમારા સ્થાનિક પશુચિકિત્સકને જાણ કરો.",grammar_fluency_compare,,"Both responses are grammatically fluent and natural in Gujarati, with no clear difference in correctness.",4,Grammatically correct Gujarati with natural structure and clear wording.,4,"Grammatically correct Gujarati, fluent and understandable, though a bit more formal.",both,"Both responses are grammatically fluent and natural in Gujarati, with no clear difference in correctness.",1.5874,649,94,743,0.00090975
367,181,4.dev_better,chat,4.dev_better,કપાસીયો આપવો યોગ્ય છે?,"હા, કપાસના બીજમાંથી બનાવેલો પશુ આહાર પશુઓ માટે ઉત્તમ પ્રોટીનયુક્ત ખોરાક છે અને તે ઘણીવાર કપાસ ઉગાડતા પ્રદેશોમાં પ્રોટીનનો મુખ્ય સ્ત્રોત હોય છે. તે ખાસ કરીને દૂધમાં ચરબીનું પ્રમાણ વધારવામાં મદદરૂપ છે.

જો કે, નીચે જણાવેલા જોખમો અને માર્ગદર્શિકાઓને ધ્યાનમાં રાખીને તેનો ઉપયોગ સાવધાનીપૂર્વક કરવો જોઈએ:

### **મુખ્ય જોખમો અને સાવચેતીઓ**
*   **ગોસિપોલ ઝેર:** કપાસના બીજમાંથી બનાવેલા પશુ આહારમાં **ગોસિપોલ** નામનું ઝેરી તત્વ હોય છે, જે ભૂખ ન લાગવી, વજન ઘટવું, ત્વચા પર ચાંદા પડવા, આંધળો થવો અને પ્રજનન સંબંધિત સમસ્યાઓ (જેમ કે અનિયમિત માસિક ચક્ર અથવા ગર્ભનું વહેલું મૃત્યુ) જેવા લક્ષણોનું કારણ બની શકે છે. ગંભીર કિસ્સાઓમાં તે અચાનક મૃત્યુ તરફ પણ દોરી શકે છે.
*   **વધુ જોખમ ધરાવતા પશુઓ:** ક્રોસબ્રેડ ગાયો ગોસિપોલ માટે ખાસ કરીને સંવેદનશીલ હોય છે. તેથી, **ગર્ભવતી અથવા દૂધ આપતી ગાયોને કપાસના બીજમાંથી બનાવેલો પશુ આહાર આપવાનું ટાળવું** જોઈએ.
*   **ટેનીન:** દેશી કપાસના બીજમાંથી બનાવેલા પશુ આહારમાં હાનિકારક ટેનીન હોય છે અને તેમાંથી તીવ્ર ગંધ આવી શકે છે, જેના કારણે તે ખાવામાં ઓછું સ્વાદિષ્ટ લાગે છે.

### **આહાર માર્ગદર્શિકા**
*   **દેશી કપાસના બીજમાંથી બનાવેલો પશુ આહાર:** દૂધ આપતી ગાયો અને ઉગતા બચ્ચાં માટે અન્ય ખોરાક સાથે ભેળવીને આહારમાં **15%** સુધી સુરક્ષિત રીતે ઉમેરી શકાય છે.
*   **વિદેશી કપાસના બીજમાંથી બનાવેલો પશુ આહાર:**
    *   તે ચીકણો હોવાથી અને પેટમાં ગઠ્ઠો બની શકે છે, તેથી તેને ભેળવતા પહેલા **ચુરમું કરવું અથવા પીસવું** જોઈએ.
    *   સામાન્ય ખોરાકના સ્થાને તેનો ઉપયોગ કરવાની સલામત માત્રા: દૂધ આપતી ગાયો માટે **30% સુધી**, સૂકી ગાયો માટે **20% સુધી** અને ઉગતા બચ્ચાં માટે **45% સુધી**.
*   **ઝેરી અસર ઘટાડવી:** ગોસિપોલની ઝેરી અસરને ઘટાડવા માટે, ખનિજ મિશ્રણ અને કેલ્શિયમ અને પ્રોટીનથી ભરપૂર ખોરાક આપો.

જો તમને ભૂખ ન લાગવી અથવા પ્રજનન સંબંધિત કોઈ અસામાન્યતા જેવા લક્ષણો દેખાય, તો કૃપા કરીને તાત્કાલિક પશુચિકિત્સકની સલાહ લો.","કપાસના બીજમાંથી બનાવેલો પશુ આહાર ગાય અને ભેંસ માટે પ્રોટીનથી ભરપૂર ખોરાક તરીકે ઉપયોગી થઈ શકે છે, પરંતુ તેનો ઉપયોગ સાવધાનીથી કરવો જોઈએ. તેમાં ગોસિપોલ નામનું તત્વ હોય છે, જે વધુ માત્રામાં આપવામાં આવે તો નુકસાનકારક હોઈ શકે છે, ખાસ કરીને નાના બચ્ચાં અને બિન-રુમિનેન્ટ પ્રાણીઓ માટે. પુખ્ત વયના દૂધાળાં પ્રાણીઓ માટે, કપાસના બીજમાંથી બનાવેલો પશુ આહાર દરરોજ આશરે 2-3 કિલો સુધી અન્ય ખોરાક અને પુષ્કળ લીલા ચારા સાથે ભેળવીને આપી શકાય છે. હંમેશા તાજો અને સારી ગુણવત્તાવાળો પશુ આહાર આપો અને વાસી અથવા કડવી ગંધવાળો પશુ આહાર આપવાનું ટાળો. તમારા પ્રાણીઓના આહારમાં મોટા ફેરફારો કરતા પહેલા તમારા સ્થાનિક પશુચિકિત્સક અથવા પોષણ નિષ્ણાતની સલાહ લો.",grammar_fluency_compare,,"Response B is more natural and concise, with smoother grammar and a friendlier style.",3,"Grammatically correct overall, but it reads more technical and lengthy than naturally friendly.",4,"Clear, fluent Gujarati with natural sentence structure and a friendly, easy-to-understand tone.",response_b,"Response B is more natural and concise, with smoother grammar and a friendlier style.",1.6868,1190,101,1291,0.001347
368,183,4.dev_better,chat,4.dev_better,3 વર્ષના પાડી/વાછરડીને ગરમીમાં લાવવા માટે દેશી ઉપાય શું છે?,"બાળી અથવા વાછરડીને નિયમિત રીતે માદામાં લાવવામાં મદદ કરવા માટે, તમે નીચેની પોષક અને આયુર્વેદિક પદ્ધતિઓ અપનાવી શકો છો, જે આ દસ્તાવેજોમાં આપવામાં આવી છે:

### 1. પોષક તત્વો (મૂળભૂત બાબત)
યોગ્ય પોષણ પ્રજનન અંગોના વિકાસ અને સમયસર માદાની શરૂઆત માટે ખૂબ જ મહત્વપૂર્ણ છે:
*   **ખનિજ મિશ્રણ:** બાળી અને વાછરડીમાં સમયસર માદા લાવવા માટે નિયમિતપણે ખનિજ મિશ્રણ આપવું જરૂરી છે.
    *   **માત્રા:** મોટા પશુઓ માટે દરરોજ 50 થી 100 ગ્રામ (અથવા નાના પશુઓ માટે 20 થી 30 ગ્રામ) ખોરાકમાં મિક્સ કરીને આપો.
*   **ડીવર્મિંગ:** પશુને નિયમિત શેડ્યૂલ મુજબ ડીવર્મ કરો. નિયમિત ડીવર્મિંગથી બાળીને વધુ નિયમિત રીતે માદામાં આવવામાં મદદ મળે છે, જેનાથી વહેલા પ્રજનન કરી શકાય છે.
*   **પ્રોબાયોટિક્સ:** દહીંનો ઉપયોગ પ્રોબાયોટિક તરીકે કરવાથી વાછરડી અને બાળીને નિયમિત રીતે માદામાં આવવામાં મદદ મળી શકે છે.

### 2. આયુર્વેદિક ઉપાયો (માદા લાવવા માટે)
જો તમે માદા લાવવામાં મદદ કરવા માટે કોઈ ચોક્કસ આયુર્વેદિક ઘટકો શોધી રહ્યા છો, તો નીચે આપેલ ક્રમ સૂચવવામાં આવે છે (આને દરરોજ **ગુળ** અને **મીઠું** સાથે આપો):
1.  **મૂળા:** 5 દિવસ માટે દરરોજ 1 મૂળા.
2.  **એલોવેરા:** 4 દિવસ માટે દરરોજ 1 પાંદડું.
3.  **મરિંગાના પાંદડા:** 4 દિવસ માટે દરરોજ 4 પાંદડા.
4.  **હળદરના કંદ:** 4 દિવસ માટે દરરોજ 4 કંદ.
5.  **મીઠી લીમડા (કરી)ના પાંદડા:** 4 દિવસ માટે દરરોજ 4 પાંદડા **છાશ** સાથે મિક્સ કરીને આપો.

જો આ પ્રક્રિયા પછી પણ પશુ ગર્ભિત ન થાય, તો તમે આ ક્રમ ફરીથી એકવાર કરી શકો છો.

**મહત્વપૂર્ણ નોંધ:** 3 વર્ષની બાળીમાં જો માદાના કોઈ ચિહ્નો દેખાતા નથી, તો સ્થાનિક પશુચિકિત્સકની સલાહ લેવી ખૂબ જ મહત્વપૂર્ણ છે, જેથી કોઈ પણ અંતર્ગત સ્વાસ્થ્ય સમસ્યાઓ અથવા પ્રજનન સંબંધિત વિકૃતિઓને નકારી શકાય.","કેટલાક ગામોમાં, ત્રણ વર્ષની ગાયને માદામાં લાવવા માટે પરંપરાગત ઘરેલું ઉપાયો સામાન્ય છે, પરંતુ તેની અસરકારકતા વૈજ્ઞાનિક રીતે સાબિત થયેલી નથી અને તે તમારા પ્રાણી માટે સલામત પણ ન હોઈ શકે.

સૌથી વધુ વિશ્વસનીય સલાહમાં આ બાબતો શામેલ છે:
- પૂરતી ઊર્જા, પ્રોટીન, વિટામિન્સ અને ખનિજો સાથે સંતુલિત પોષણ આપવું.
- પરોપજીવી સમસ્યાઓને ટાળવા માટે નિયમિત કૃમિનાશક દવા આપવી, જે નબળી પ્રજનન તંદુરસ્તીનું કારણ બની શકે છે.
- ગરમીના તાણને ઘટાડવું અને સારી તંદુરસ્તી અને શરીરની સ્થિતિ જાળવવા માટે વ્યવસ્થા કરવી.
- પૂરતું લીલું ચારો, સ્વચ્છ પાણી આપવું અને ક્યારેક ખનિજ મિશ્રણ ઉમેરવું.

ગુળ, બાફેલા ઘઉં અથવા જડીબુટ્ટીઓનું મિશ્રણ આપવા જેવા ઘરેલું ઉપાયોનો ઉલ્લેખ કરવામાં આવે છે, પરંતુ તેના પરિણામો અલગ અલગ હોઈ શકે છે અને કેટલાક કિસ્સાઓમાં તે હાનિકારક પણ હોઈ શકે છે.

જો તમારી ગાય ત્રણ વર્ષની ઉંમર સુધીમાં માદામાં ન આવે, તો તે કોઈ મોટી સમસ્યા સૂચવે છે (પોષણ, તંદુરસ્તી, વિકાસ અથવા હોર્મોનલ). આવા કિસ્સામાં, ઘરેલું ઉપાયો પર આધાર રાખવાને બદલે, પશુચિકિત્સકની સલાહ લેવી અને યોગ્ય સારવાર કરાવવી શ્રેષ્ઠ છે.

જો તમે ઈચ્છો, તો હું તમને ખોરાક સુધારવા વિશે માર્ગદર્શન આપી શકું છું અથવા તમારા પ્રાણી માટે આરોગ્ય તપાસની વ્યવસ્થા કરી શકું છું. કૃપા કરીને તમારી પસંદગી જણાવો.",grammar_fluency_compare,,"Response B reads more naturally and fluently, while Response A feels more technical and less native-like.",3,"Mostly grammatical and understandable Gujarati, but it sounds somewhat technical and unnatural in places.",4,"Clear, natural, and grammatically smooth Gujarati with a friendly tone.",response_b,"Response B reads more naturally and fluently, while Response A feels more technical and less native-like.",2.1147,1318,99,1417,0.001434
369,187,4.dev_better,chat,4.dev_better,ગાય 4 દિવસ કાચી છે અને ગરમીના લક્ષણો બતાવે છે—દવા શું?,"ગાયને બચ્ચાને જન્મ આપ્યાના માત્ર 4 દિવસ પછી માદામાં હોર્મોનલ ફેરફાર થવાના ચિહ્નો દેખાવા એ ખૂબ જ અસામાન્ય બાબત છે, કારણ કે સામાન્ય રીતે પ્રથમ માદામાં હોર્મોનલ ફેરફાર બચ્ચાને જન્મ આપ્યાના લગભગ 40 દિવસ પછી થાય છે. આ ચિહ્નો ભ્રામક હોઈ શકે છે અથવા વાસ્તવિક હોર્મોનલ ફેરફારને બદલે કોઈ સ્વાસ્થ્ય સમસ્યા સૂચવી શકે છે.

**હું ભારપૂર્વક સલાહ આપું છું કે કોઈ પણ વ્યાવસાયિક નિદાન વિના કોઈ પણ દવા આપશો નહીં.** આ તબક્કે હોર્મોનલ ફેરફારને ઉત્તેજીત કરતી અથવા હોર્મોનલ દવાઓનો ઉપયોગ કરવાથી પ્રાણી માટે જોખમી બની શકે છે.

તમારી ગાય બચ્ચાને જન્મ આપ્યા પછી ખૂબ જ ટૂંકા સમયમાં અસામાન્ય વર્તન દર્શાવી રહી છે, તેથી પશુચિકિત્સક દ્વારા તેની તપાસ કરાવવી શ્રેષ્ઠ છે, જેથી બચ્ચાને જન્મ આપ્યા પછી થતી કોઈપણ સમસ્યા અથવા અન્ય સ્વાસ્થ્ય સમસ્યાઓનું નિદાન કરી શકાય.

**શું તમે ઇચ્છો છો કે હું તમારા માટે પશુચિકિત્સકની મુલાકાત ગોઠવી દઉં?**","જો તમારી ગાય છેલ્લા 4 દિવસથી માદરમાં છે અને હજુ પણ માદમના લક્ષણો દેખાય છે, તો આ લાંબા સમય સુધી ચાલતી અથવા અસામાન્ય માદર હોવાનું સૂચવે છે, જે કેટલીકવાર અંડાશયની ગર્ભનાશ અથવા હોર્મોનલ અસંતુલનને કારણે થઈ શકે છે. પશુચિકિત્સકની સલાહ લીધા વિના કોઈપણ દવા આપશો નહીં, કારણ કે ચોક્કસ સારવાર કારણ પર આધાર રાખે છે, જે ક્લિનિકલ તપાસ દ્વારા નક્કી થવું જોઈએ.

હું ભલામણ કરું છું કે તમે તમારી ગાયની તપાસ કરાવવા અને યોગ્ય સારવાર સૂચવવા માટે કોઈ લાયક પશુચિકિત્સકનો સંપર્ક કરો. શું તમે પશુચિકિત્સકની મુલાકાત માટે હેલ્થ કૉલ બુક કરવા માંગો છો?",grammar_fluency_compare,,"Response B is slightly more coherent and closer to natural Gujarati, even though both responses sound translated and not fully native.",2,"The Gujarati reads awkwardly in several places and contains unnatural phrasing and repeated technical wording, though it is still mostly understandable.",2,"The grammar is also unnatural and partly translated literally, with some incorrect word choices and phrasing, but the meaning remains understandable.",response_b,"Response B is slightly more coherent and closer to natural Gujarati, even though both responses sound translated and not fully native.",1.9804,785,122,907,0.00113775
370,198,4.dev_better,chat,4.dev_better,વિયાણ પછી 1.5 મહિને ગાય/ભેંસનું દૂધ 10-12 લિટરથી 7 લિટર થઈ જાય છે—ઉપાય શું?,"ઉચ્ચ ઉત્પાદન આપતી પશુઓમાં બચ્ચાંને જન્મ આપ્યાના આશરે 1 થી 2 મહિના પછી દૂધના ઉત્પાદનમાં ઘટાડો થવો એ **કીટોસિસ** (ઊર્જાની ઉણપ)નું સામાન્ય લક્ષણ છે. આ ત્યારે થાય છે જ્યારે દૂધના ઉત્પાદન માટે પશુની ઊર્જાની જરૂરિયાત, તેના ખોરાકમાંથી મળતી ઊર્જા કરતાં વધી જાય છે, જેના કારણે શરીર સંગ્રહિત ચરબી બાળવાનું શરૂ કરે છે.

### કીટોસિસ માટેના ઉપાયો:
*   **પશુચિકિત્સકની સારવાર:** સૌ પ્રથમ પશુચિકિત્સક પાસેથી સારવાર લેવી મહત્વપૂર્ણ છે.
*   **પ્રોપીલીન ગ્લાયકોલ:** પશુચિકિત્સકની સારવાર પછી, પ્રોપીલીન ગ્લાયકોલ આપો - પ્રથમ દિવસે બે વાર 225 ગ્રામ, ત્યારબાદ આગામી બે દિવસ માટે દરરોજ બે વાર 100 ગ્રામ.
*   **સામાન્ય ઉપાય:** ગોળની શરબતને સામાન્ય ઉપાય તરીકે આપી શકાય છે.

### નિવારક પગલાં:
*   **આહાર વ્યવસ્થાપન:** ગર્ભાવસ્થા દરમિયાન સરળતાથી પચી જાય તેવા કાર્બોહાઇડ્રેટ સ્ત્રોતો આપો.
*   **ધીમે ધીમે ખોરાક આપો:** બચ્ચાંને જન્મ આપ્યા પછી ધીમે ધીમે ઘન ખોરાક વધારો. ઘન ખોરાકમાં મકાઈ અથવા જવનો ઉપયોગ સ્ટાર્ચ સ્ત્રોત તરીકે કરો.
*   **સંતુલિત પોષણ:** ખાતરી કરો કે પશુને ભૂખ ન લાગે કે વધુ પડતો ખોરાક ન મળે. તમે **ન્યુટ્રી એનર્જિયા** જેવા સપ્લિમેન્ટ્સનો પણ ઉપયોગ કરી શકો છો, જેમાં બાયપાસ ફેટ અને મલ્ટીવિટામિન્સ હોય છે, જે દૂધના ઉત્પાદનને જાળવવામાં અને બચ્ચાંને જન્મ આપ્યા પછી ચયાપચયની વિકૃતિઓને ઘટાડવામાં મદદ કરે છે.

જો તમારા પશુમાં ઝડપી વજન ઘટવું, ભૂખ ઓછી લાગવી અથવા તેના શ્વાસમાં મીઠી ગંધ જેવા અન્ય લક્ષણો દેખાય, તો કૃપા કરીને તાત્કાલિક તમારા સ્થાનિક પશુચિકિત્સકનો સંપર્ક કરો. શું તમે તમારા પશુ માટે આરોગ્ય તપાસ માટે એપોઇન્ટમેન્ટ બુક કરાવવા માંગો છો?","બચ્ચાંને જન્મ આપ્યાના 1.5 મહિના પછી દૂધનું ઉત્પાદન 7 લિટર સુધી ઘટી જવું એ નબળા પોષણ, અપૂરતું પાણી, સ્વાસ્થ્ય સંબંધિત સમસ્યાઓ (જેમ કે સબક્લિનિકલ માસ્ટિટિસ અથવા ચયાપચયની સમસ્યાઓ), અથવા તણાવ જેવા વ્યવસ્થાપન સંબંધિત પરિબળોને કારણે હોઈ શકે છે.

ઉપાયો:
1. ખોરાકની સમીક્ષા કરો – ખાતરી કરો કે પશુને પૂરતી ઊર્જા, પ્રોટીન, ખનિજો (જેમ કે કેલ્શિયમ, ફોસ્ફરસ) અને વિટામિન્સ સાથે સંતુલિત આહાર મળી રહ્યો છે. ઉચ્ચ ગુણવત્તાવાળા લીલા ચારા અને ઘન ખોરાકનો સમાવેશ કરો.
2. પાણી – સ્વચ્છ પાણીની અમર્યાદિત ઉપલબ્ધતા સુનિશ્ચિત કરો, કારણ કે દૂધના ઉત્પાદન માટે વધુ પાણીની જરૂર પડે છે.
3. આરોગ્ય તપાસ – ખાતરી કરો કે પશુ સ્વસ્થ છે, કૃમિનાશક દવા આપવામાં આવી છે અને રોગોથી મુક્ત છે. તાવ, ઈજા અથવા માસ્ટિટિસ (સ્તનમાં સોજો અથવા ગરમી) જેવા ચિહ્નો પર ધ્યાન રાખો.
4. વ્યવસ્થાપન – તણાવ ઓછો કરો, આરામદાયક આરામ કરવાની જગ્યા સુનિશ્ચિત કરો અને નિયમિત સમયે પશુનું દૂધ દોહો.
5. ખનિજ મિશ્રણ – તમારા પશુચિકિત્સકની સલાહ મુજબ, ખોરાકમાં ભલામણ કરેલ ખનિજ મિશ્રણ ઉમેરો.

જો તમને કોઈ પણ પ્રકારની માંદગીના ચિહ્નો દેખાય (તાવ, અસામાન્ય સ્તન, ભૂખ ન લાગવી), તો તાત્કાલિક પશુચિકિત્સકનો સંપર્ક કરો. અન્યથા, પોષણ અને વ્યવસ્થાપનમાં સુધારો કરવાથી ઘણીવાર આવા દૂધના ઉત્પાદનની સમસ્યાઓનું નિરાકરણ થઈ જાય છે. વિગતવાર આહાર યોજના અથવા વધુ સલાહ માટે, તમારા સ્થાનિક પશુપાલન નિષ્ણાતની સલાહ લો.",grammar_fluency_compare,,"Response B sounds more natural and polished in Gujarati, while Response A is more technical and slightly less fluent.",3,"Grammatically correct overall, but it reads somewhat technical and less natural/friendly in places.",4,"Clear, fluent Gujarati with natural sentence flow and a friendly, practical tone.",response_b,"Response B sounds more natural and polished in Gujarati, while Response A is more technical and slightly less fluent.",2.2093,1345,104,1449,0.00147675
371,199,4.dev_better,chat,4.dev_better,"બજારમાં ઘણા બધા દાણ જાનવર તેની ઉમર અને દુધાળું/બાખ્ડું, ખાલી કે ગાભણ અવસ્થા પ્રમાણે મળેછે જેખરેખર જરૂરી છે કે વેપારી વૃતિ?","પશુઓને તેમની ઉંમર, દૂધ આપવાની સ્થિતિ અથવા ગર્ભાવસ્થાના આધારે વર્ગીકૃત કરવું એ ખેડૂતો માટે એક વ્યવહારિક જરૂરિયાત છે, માત્ર વેપારી માનસિકતા નથી. આ પરિબળો સીધી રીતે પશુના મૂલ્ય, ઉત્પાદકતા અને તેમને જરૂરી સંભાળના પ્રકારને નિર્ધારિત કરે છે.

આ ભેદભાવો શા માટે જરૂરી છે તેનાં કારણો અહીં આપ્યાં છે:

*   **દૂધ આપતાં પશુઓ:** આ પશુઓ દૂધ ઉત્પાદન દ્વારા તાત્કાલિક આવક પૂરી પાડે છે. ખરીદનાર દૂધ આપતી ગાયને તેના વર્તમાન ઉત્પાદન અને દૂધ આપવાના સમયગાળાના આધારે પસંદ કરે છે.
*   **ગર્ભવતી પશુઓ:** આ પશુઓ ભવિષ્યનું રોકાણ છે. તે બચ્ચાં અને ત્યારબાદ દૂધ આપવાના સમયગાળાની ખાતરી આપે છે, જેનાથી પશુ લાંબા સમય સુધી ""ખાલી"" (ગર્ભવતી ન હોય) રહેવાનું જોખમ ઘટે છે.
*   **બચ્છીઓ (હેઇફર્સ):** આ એવી યુવાન માદા પશુઓ છે જે હજી સુધી બચ્ચાંને જન્મ આપી નથી. તે તેમની આનુવંશિક સંભાવના અને એ હકીકત માટે મૂલ્યવાન છે કે માલિક તેમની પ્રથમ ગર્ભાવસ્થા અને બચ્ચાંને જન્મ આપવાની પ્રક્રિયા શરૂઆતથી જ સંચાલિત કરી શકે છે.
*   **ખાલી પશુઓ:** જે પશુઓ ગર્ભવતી નથી અથવા દૂધ આપતા નથી, તે સામાન્ય રીતે ઓછા મૂલ્યવાન હોય છે કારણ કે તે આવક ઉત્પન્ન કરતા નથી અને તેમાં વધુ સંવર્ધન પ્રયત્નોની જરૂર પડે છે.

આ શ્રેણીઓને સમજવાથી તમને તમારી ખરીદીને તમારા ચોક્કસ ધ્યેયો સાથે સંરેખિત કરવામાં મદદ મળે છે—ભલે તમારે તાત્કાલિક દૂધની જરૂર હોય, તમે તમારા પશુધનનો વિસ્તાર કરવા માંગતા હો, અથવા તમે ભવિષ્યની ઉત્પાદકતામાં રોકાણ કરવા માંગતા હો.","હા, તે તદ્દન સાચું છે. બજારમાં પશુઓ ખરીદતી વખતે, વેપારીઓ માટે પશુની ઉંમર, તે દૂધ આપતું છે કે નહીં (દૂધાળા અથવા શુષ્ક), અને તેની પ્રજનન સ્થિતિ (ગર્ભવતી નથી કે ગર્ભવતી છે) તે તપાસવું ખૂબ જ મહત્વપૂર્ણ છે. આ પરિબળો સીધી રીતે પશુના મૂલ્ય અને ઉત્પાદકતાને અસર કરે છે. હંમેશા વિશ્વસનીય શારીરિક તપાસ દ્વારા આ વિગતોની ચકાસણી કરો, ઉપલબ્ધ હોય તેવા કોઈપણ રેકોર્ડ માટે પૂછો અને અસ્પષ્ટ આરોગ્ય અથવા પ્રજનન માહિતીવાળા પશુઓ ખરીદવાનું ટાળો. શક્ય હોય તો, વધુ સચોટ મૂલ્યાંકન માટે ખરીદીને અંતિમ સ્વરૂપ આપતા પહેલા પશુચિકિત્સક નિષ્ણાતની સલાહ લો.",grammar_fluency_compare,,"Response A reads more naturally and fluently in Gujarati, with a friendlier style that fits the rubric better.",4,"Grammatically correct Gujarati with natural structure and clear, friendly explanation.",3,"Mostly correct, but it sounds more technical and slightly less natural/friendly in tone.",response_a,"Response A reads more naturally and fluently in Gujarati, with a friendlier style that fits the rubric better.",1.7293,999,102,1101,0.00120825
372,200,4.dev_better,chat,4.dev_better,"વિયાણ બાદ બાફેલી બાજરી, ઘઉં કે અન્ય અનાજ આપી શકાય?","હા, બચ્ચાંને જન્મ આપ્યા પછી બાફેલા બાજરા અને અન્ય અનાજ આપી શકાય છે, પરંતુ આરોગ્ય સંબંધિત સમસ્યાઓથી બચવા માટે તેનું યોગ્ય રીતે સંચાલન કરવું જરૂરી છે.

**ભલામણ કરેલ ઉપયોગ (બચ્ચાંને જન્મ આપ્યા પછીનો ખોરાક):**
બાફેલું બાજરો એ પરંપરાગત પોષક તત્વોથી ભરપૂર ખોરાકનો એક ભાગ છે, જેનો ઉપયોગ ઊર્જા પુનઃસ્થાપિત કરવા અને ગર્ભાશયને સ્વસ્થ થવામાં મદદ કરવા માટે થાય છે. સામાન્ય રીતે ઊર્જા વધારવા માટે નીચેનું મિશ્રણ આપવામાં આવે છે:
*   **1 કિલો બાફેલું બાજરો**
*   1 કિલો ઘઉંનો ભૂકો
*   500 ગ્રામ ગોળ અને 500 ગ્રામ તેલ
*   નાની માત્રામાં (દરેક 100 ગ્રામ) વરિયાળી, મેથી, સૂંઠ અને હિંગ.

**મહત્વપૂર્ણ સાવચેતીઓ:**
*   **એક સાથે વધુ માત્રામાં આપવાનું ટાળો:** ઘઉં, બાજરો અથવા બાફેલા અનાજની મોટી માત્રા એક સાથે ન આપો, ખાસ કરીને એવા પ્રાણીઓને જે આ ખોરાકથી પરિચિત નથી. આનાથી પાચનતંત્રમાં સમસ્યા થઈ શકે છે, જેના કારણે પેટમાં દુખાવો અને ઝાડા થઈ શકે છે.
*   **ધીમે ધીમે આપો:** પ્રાણીને આ ખોરાકની આદત પાડવા માટે અનાજની માત્રા ધીમે ધીમે વધારો.
*   **સંતુલિત આહાર:** ખાતરી કરો કે અનાજની સાથે લીલો અને સૂકો ચારો પણ આપવામાં આવે.
*   **વધુ પડતા મીઠા ખોરાકથી બચો:** તહેવારો દરમિયાન બાફેલા અનાજ અથવા મીઠા ખોરાક (જેમ કે લપ્સી) વધુ પડતા ન આપો, કારણ કે તેનાથી પણ પાચનતંત્રમાં સમસ્યા થઈ શકે છે.

જો પ્રાણીને પેટમાં દુખાવો અથવા ભૂખ ન લાગવાની સમસ્યા જણાય, તો તાત્કાલિક પશુચિકિત્સકની સલાહ લો.","હા, બચ્ચાંને જન્મ આપ્યા પછી ગાયો અથવા ભેંસોને બાફેલા બાજરી, ઘઉં અને અન્ય અનાજ આપી શકાય છે, પરંતુ માત્ર મર્યાદિત માત્રામાં અને ધીમે ધીમે. બચ્ચાંને જન્મ આપ્યા પછી તરત જ, સરળતાથી પચી જાય તેવા ખોરાકથી શરૂઆત કરો અને થોડા દિવસોમાં ધીમે ધીમે અનાજ આપવાનું શરૂ કરો, જેથી પ્રાણીની ભૂખ પાછી સામાન્ય થાય. બચ્ચાંને જન્મ આપ્યા પછી તરત જ વધુ પ્રમાણમાં અનાજ આપવાથી પાચનની સમસ્યાઓ થઈ શકે છે, જેમ કે એસિડોસિસ અથવા અપચો. હંમેશાં લીલો ચારો, સૂકો ચારો અને પૂરતું સ્વચ્છ પાણી સાથે સંતુલિત આહાર આપવાનું ધ્યાન રાખો. ચોક્કસ ખોરાકની માત્રા અને સમય માટે, તમારા સ્થાનિક પશુચિકિત્સક અથવા પ્રાણી પોષણ નિષ્ણાતની સલાહ લો, જે તમારા પ્રાણીના સ્વાસ્થ્ય અને દૂધ ઉત્પાદન પર આધારિત હોય.",grammar_fluency_compare,,Response B reads more naturally in Gujarati and has better fluency and tone.,3,"Mostly grammatical and understandable, but it sounds somewhat formal and slightly unnatural in places.",4,"Grammatically smooth, natural, and friendly throughout.",response_b,Response B reads more naturally in Gujarati and has better fluency and tone.,1.635,1023,91,1114,0.00117675
373,9,4.dev_better,voice,4.dev_better,૧ વિઘા માટે બધા સીઝનમાં થતું લીલું ઘાસ/ચારો કયું?,ગજરાજ ઘાસ એક ઉત્તમ અને લાંબા સમય સુધી ટકી રહે તેવું ઘાસ છે જે આખા વર્ષ દરમિયાન પૌષ્ટિક લીલો ચારો પૂરો પાડે છે. અન્ય લાંબા ગાળાના ઘાસમાં નેપિયર ઘાસ ગિની ઘાસ અને રજકોનો સમાવેશ થાય છે જો આપની પાસે પિયતની સુવિધા હોય તો.,પાણીની સુવિધાવાળા એક વીઘાના ખેતરમાં ગજરાજ ઘાસ આખું વર્ષ દરમિયાન આપવા માટેનું શ્રેષ્ઠ લીલો ચારો છે.,grammar_fluency_compare,,"Response A is more complete and reads slightly more naturally overall, even though both are similar in fluency.",3,"Grammatically understandable and mostly correct, but the sentence is a bit long and reads slightly unnatural in places.",3,"Grammar is correct and clear, but the phrasing is somewhat stiff and not very natural or friendly.",response_a,"Response A is more complete and reads slightly more naturally overall, even though both are similar in fluency.",2.1977,422,112,534,0.0008205
374,10,4.dev_better,voice,4.dev_better,ગાય અને ભેંસને દરરોજ કેટલો ખોરાક/ઘાસ (લીલો-સુકો ચારો અને દાણો) આપવો જોઈએ?,જે પશુઓનું દોહન કરવામાં આવે છે તેમને જાળવણી માટે એકથી દોઢ કિલોગ્રામ દાણ આપો ઉપરાંત દરેક એક કિલોગ્રામ દૂધના ઉત્પાદન માટે ગાયોને ચારસો ગ્રામ અને ભેંસોને પાંચસો ગ્રામ દાણ આપો. રોજ પંદરથી વીસ કિલો લીલો ચારો અને છથી નવ કિલો સૂકો ચારો આપો. શું આપને કોઈ અન્ય માહિતીની જરૂર છે?,સામાન્ય રીતે એક પુખ્ત ગાય અથવા ભેંસને દરરોજ લગભગ ચાલીસ કિલોગ્રામ લીલો ચારો પાંચ કિલોગ્રામ સૂકો ચારો અને દૂધના ઉત્પાદન પ્રમાણે આશરે બેથી પાંચ કિલોગ્રામ દાણ આપો. જે પશુઓ વધુ દૂધ આપે છે તેમને વધુ દાણની જરૂર પડે છે તેથી દરેક વધારાના લિટર દૂધ માટે આશરે અડધો કિલોગ્રામ દાણ ઉમેરો.,grammar_fluency_compare,,"Both are fluent, but Response A feels a bit more natural and farmer-friendly in tone.",4,Grammatically correct Gujarati with natural flow and a friendly closing question.,4,"Grammatically correct Gujarati and reads naturally, though slightly more technical in tone.",response_a,"Both are fluent, but Response A feels a bit more natural and farmer-friendly in tone.",2.6913,532,97,629,0.0008355
375,17,4.dev_better,voice,4.dev_better,પૂરતા પ્રમાણમાં ચારો ને દાન આપીએ તો પણ મીનરલ મિક્સર પાવડર આપવો જ પડે?,હા તમારે હજુ પણ ખનિજ મિશ્રણ આપવું જોઈએ કારણ કે નિયમિત ચારો અને દાણ પશુની તમામ ખનિજ જરૂરિયાતોને પૂરી કરી શકશે નહીં. આનાથી નબળાઈ અટકાવવામાં મદદ મળે છે દૂધ ઉત્પાદનમાં સુધારો થાય છે અને પ્રજનન સંબંધિત સમસ્યાઓનું નિરાકરણ આવે છે. શું આપને કોઈ અન્ય માહિતીની જરૂર છે?,હા પૂરતો લીલો અને સૂકો ચારો આપવા છતાં તમારે દરરોજ ખનિજ મિશ્રણ આપવાનું ચાલુ રાખવું જોઈએ.,grammar_fluency_compare,,"Both are good, but A sounds a bit more natural and complete in Gujarati.",4,"Grammatically correct Gujarati, natural and friendly, with clear structure.",4,"Grammatically correct Gujarati and understandable, though slightly less natural than A.",response_a,"Both are good, but A sounds a bit more natural and complete in Gujarati.",1.1323,434,94,528,0.0007485
376,40,4.dev_better,voice,4.dev_better,મારી ગયો ને ઘણી વાર થાયલેરીયા થાય છે ને મરી પણ જાય છે તેનોકોઈ ઉપાય ખરો?,નિયમિત રીતે જીવાત નિયંત્રણ કરવું એ થાઈલેરીયોસીસને રોકવાનો સૌથી અસરકારક રસ્તો છે. તમારે ત્રણેય મહિનાથી મોટી ઉંમરના તમામ ક્રોસબ્રેડ અને વિદેશી જાતના પશુઓને તેમના જીવનકાળ દરમિયાન એક વાર રસી આપવી જોઈએ.,થાઈલેરીયોસીસ વારંવાર થતું હોય તો તેના માટે કડક રીતે જીવજંતુઓનું નિયંત્રણ કરવું અને રસીકરણ કરાવવું એ મુખ્ય ઉપાયો છે.,grammar_fluency_compare,,"Response B reads more naturally and fluently, while Response A is more technical and slightly less natural.",3,"Grammatically correct and understandable, but it sounds a bit technical and less natural for a farmer-friendly reply.",4,"Natural, clear, and grammatically smooth in Gujarati with a friendly tone.",response_b,"Response B reads more naturally and fluently, while Response A is more technical and slightly less natural.",1.6882,419,106,525,0.00079125
377,46,4.dev_better,voice,4.dev_better,2026માં તબેલો/શેડ બનાવવા માટે હાલ કઈ સહાય મળે છે અને કેટલા પશુ હોવા જરૂરી છે?,તમે બાર પશુઓ માટેના શેડ માટે એક લાખ પચાસ હજાર રૂપિયા સુધીની અથવા પચાસ ગીર અથવા કાંકરેજી ગાયો માટે પાંચ લાખ રૂપિયા સુધીની પચાસ ટકા સબસિડી મેળવી શકો છો. નાના ધણ માટે પચાસ હજારથી એક લાખ વીસ હજાર રૂપિયા સુધીની કિંમતવાળા દસથી પચીસ પશુઓ માટે સહાય ઉપલબ્ધ છે. તમારે બેંકમાંથી લોન મંજૂર થયા પછી આઈખેડૂત પોર્ટલ દ્વારા અરજી કરવી પડશે. શું આપને કોઈ અન્ય માહિતીની જરૂર છે?,હાલમાં મારી પાસે તમારા વિસ્તારમાં વાડા માટે મળતી સહાય યોજના વિશે ચોક્કસ માહિતી નથી. કૃપા કરીને તમારા ગામની ડેરી સોસાયટી અથવા યુનિયનના કાર્યાલય પાસેથી આ વર્ષ માટે મળનારી સહાયની રકમ અને પશુઓની લઘુત્તમ સંખ્યા વિશે પૂછો.,grammar_fluency_compare,,"Both are grammatically strong, but Response A is more natural and directly answers the question in a fluent way.",4,"Grammatically correct Gujarati, natural flow, and friendly tone.",4,"Grammatically correct Gujarati and polite, though a bit more generic.",response_a,"Both are grammatically strong, but Response A is more natural and directly answers the question in a fluent way.",1.7332,508,98,606,0.000822
378,56,4.dev_better,voice,4.dev_better,વાછરડી ના શિંગડા કાઢ્યા પછી જલ્દી રૂઝ આવે એ માટે શું કરવું?,ઘા ઝડપથી રૂઝ આવવામાં મદદ કરવા માટે વાછરડાને સારું પોષણ આપો અને ઘા પર પાટો બાંધો અથવા માખી ભગાડવાની દવા લગાવો. તમે ઘા રૂઝાવવામાં મદદરૂપ થાય તે માટે સાત દિવસ સુધી દરરોજ એક ફર્ટી બૂસ્ટ બોલસનો ઉપયોગ કરી શકો છો.,શિંગડાના ભાગને સ્વચ્છ અને સૂકો રાખો અને પશુચિકિત્સક દ્વારા સૂચવવામાં આવેલી ઘા પર લગાવવાની દવા અથવા માખીઓને દૂર રાખવાની દવા લગાવો.,grammar_fluency_compare,,"Response B reads more naturally and fluently in Gujarati, with cleaner structure and a friendlier style.",3,"Grammatically correct and understandable, but a bit technical and less natural in tone.",4,"Natural, clear, and grammatically smooth Gujarati with a friendly tone.",response_b,"Response B reads more naturally and fluently in Gujarati, with cleaner structure and a friendlier style.",2.3386,435,100,535,0.00077625
379,62,4.dev_better,voice,4.dev_better,દૂધ ઉત્પાદન વધારવા શું કરવું?,દૂધ ઉત્પાદન વધારવા માટે પશુઓને ગુણવત્તાયુક્ત ચારો અને ખનિજ મિશ્રણ સાથે સંતુલિત આહાર આપો. તમે તમારા પશુઓને દરરોજ નવડાવી શકો છો અને તેમને ઠંડુ રાખી શકો છો ખાસ કરીને ઉનાળા દરમિયાન જેથી તેમની પેદાશમાં સુધારો થાય. શું આપને કોઈ અન્ય માહિતીની જરૂર છે?,દૂધનું ઉત્પાદન વધારવા માટે પશુઓને દરરોજ સારી ગુણવત્તાવાળો લીલો ચારો અને સૂકો ચારો આપો અને સાથે પૂરતું સ્વચ્છ પાણી પણ આપો.,grammar_fluency_compare,,"Both responses are equally fluent and grammatically correct, with no meaningful difference in grammar quality.",4,"Grammatically correct, natural Gujarati, and friendly in tone.",4,"Grammatically correct and natural-sounding Gujarati with a clear, friendly tone.",both,"Both responses are equally fluent and grammatically correct, with no meaningful difference in grammar quality.",2.2428,423,95,518,0.00074475
380,68,4.dev_better,voice,4.dev_better,HF અને જર્સી ક્રોસબ્રીડિંગથી દૂધ ઉત્પાદન/મિલ્કિંગમાં પરિણામ કેવું આવે છે?,હોલસ્ટેઈન ફ્રિઝિયન અથવા જર્સી જાતિ સાથે સંકરણ કરવાથી દૂધ ઉત્પાદનમાં દેશી જાતિની ખામણીમાં બેથી ત્રણ ગણો વધારો થઈ શકે છે અને સામાન્ય રીતે દરરોજ દસથી વીસ લિટર દૂધ મળી શકે છે. જર્સી અને અન્ય જાતિના સંકર પશુઓમાં સામાન્ય રીતે ચારથી પાંચ ટકા સુધી ફેટનું પ્રમાણ હોય છે જ્યારે હોલસ્ટીન ફ્રિસિયન અને અન્ય જાતિના સંકર પશુઓમાં આ પ્રમાણ ત્રણથી ત્રણ પોઇન્ટ પાંચ ટકા સુધી હોય છે.,સામાન્ય રીતે ક્રોસબ્રેડ એચ. એફ. અને જર્સી ગાયો સારી માત્રામાં દૂધ આપે છે જેમાં ફેટનું પ્રમાણ લગભગ ચાર ટકા જેટલું હોય છે. શું આપને કોઈ અન્ય માહિતીની જરૂર છે?,grammar_fluency_compare,,"Response B reads a bit more naturally and is simpler and friendlier, even though both are broadly correct.",3,"Mostly grammatical and understandable Gujarati, but a few phrases sound unnatural or slightly translated, such as 'દેશી જાતિની ખામણીમાં' and some technical wording.",3,"Grammatically understandable and fairly natural, but 'ક્રોસબ્રેડ' and 'એચ. એફ.' feel slightly awkward, and the tone is a bit plain.",response_b,"Response B reads a bit more naturally and is simpler and friendlier, even though both are broadly correct.",1.5552,488,141,629,0.0010005
381,69,4.dev_better,voice,4.dev_better,હાલની નસલ સુધારવા અને સારા ગુણવત્તાવાળું દૂધ મેળવવા માટે કઈ નસલ યોગ્ય છે?,ગાયો માટે ગીર અને કાંકરેજ મુખ્ય સ્થાનિક જાતિઓ છે જ્યારે જેર્સી અથવા હોલસ્ટિન ફ્રિસિયનનો ઉપયોગ અન્ય જાતિની ગાયોમાં ઉત્પાદન વધારવા માટે કરવામાં આવે છે. ભૈંસો માટે જફરાબાદી મહેસાણા સુરતી અને બાન્ની શ્રેષ્ઠ સ્થાનિક જાતિઓ છે. શું આપને કોઈ અન્ય માહિતીની જરૂર છે?,ગુણવત્તાયુક્ત દૂધ મેળવવા અને આપના ધણની ઉત્પાદકતા વધારવા માટે ગીર સાહીવાલ અને કાંકરેજ ખૂબ જ સારી જાતિઓ છે. તમે નિર્ણય કરો તે પહેલાં આમાંથી કઈ જાતિઓ સરળતાથી ઉપલબ્ધ છે અને તમારા સ્થાનિક વાતાવરણને અનુરૂપ છે તે તપાસો.,grammar_fluency_compare,,"Both are fluent, but Response B reads slightly more naturally and directly for the question.",4,Grammatically correct Gujarati with clear structure and a friendly tone.,4,"Grammatically correct Gujarati, natural and easy to understand, with a friendly tone.",response_b,"Both are fluent, but Response B reads slightly more naturally and directly for the question.",1.9578,471,96,567,0.00078525
382,76,4.dev_better,voice,4.dev_better,HF ગાય હાલ ~4.5 લિટર દૂધ આપે છે—દૂધ વધારી શકાય? મહત્તમ કેટલું થઈ શકે?,સંતુલિત પોષણ યોગ્ય પ્રજનન અને સારી વ્યવસ્થાપન પદ્ધતિઓ દ્વારા દૂધ ઉત્પાદન વધારી શકાય છે. એચ. એફ. ગાય માટે દરેક દૂધાળ ગાળામાં સરેરાશ દૂધ ઉત્પાદન લગભગ છ હજાર પાંચસો લિટર હોય છે જો કે આ આંકડો પશુની આનુવંશિક ક્ષમતાના આધારે બદલાઈ શકે છે. ઉત્પાદન વધારવામાં મદદરૂપ થવા માટે ગાય દ્વારા ઉત્પાદિત દરેક લિટર દૂધ માટે ચારસો ગ્રામ દાણ આપો અને ગાયના દૈનિક જાળવણી ખર્ચ માટે એક કિલોગ્રામ દાણ વધારાનું આપો.,સ્વસ્થ હોલસ્ટેઈન ફ્રીઝિયન ગાય માટે સામાન્ય રીતે દૈનિક ઉત્પાદન ક્ષમતા અઢારથી વીસ લિટરની આસપાસ હોય છે પરંતુ તે આનુવંશિકતા ખોરાક અને વ્યવસ્થાપન પર આધાર રાખે છે. સારા લીલા ઘાસચારો સંતુલિત દાણ સ્વચ્છ પાણી અને આરામદાયક વાતાવરણ સાથે તમે સામાન્ય રીતે શરૂઆતમાં ચાર અને અડધો લિટર દૂધ મેળવી શકો છો અને સમય જતાં તે આઠથી દસ લિટર સુધી વધારી શકો છો.,grammar_fluency_compare,,"Response B reads more naturally and is friendlier, while Response A feels more technical and less conversational.",3,"Grammatically correct overall, but it sounds a bit technical and less natural/friendly in Gujarati.",4,"Smooth, natural Gujarati with correct grammar and a friendly, easy-to-understand tone.",response_b,"Response B reads more naturally and is friendlier, while Response A feels more technical and less conversational.",2.5006,584,106,690,0.000915
383,98,4.dev_better,voice,4.dev_better,પશુ ખાતું નથી (ભૂખ નથી) તો શું કરવું?,સચોટ નિદાન અને સારવાર માટે કૃપા કરીને તાત્કાલિક પશુચિકિત્સકનો સંપર્ક કરો. ભૂખ ન લાગવી એ ઘણાં વિવિધ રોગોનું લક્ષણ હોઈ શકે છે અને યોગ્ય દવા આપવામાં આવી છે તેની ખાતરી કરવા માટે વ્યાવસાયિક તપાસ જરૂરી છે.,સૌ પ્રથમ પશુના માથા અને શરીર પર ધીમે ધીમે ઠંડુ પાણી છાંટો અને તેને છાયામાં રાખો.,grammar_fluency_compare,,"Both responses are fluent and grammatically sound, with no clear difference in grammar quality.",4,"Grammatically correct, natural Gujarati, and polite/friendly in tone.",4,Grammatically correct and natural Gujarati; simple and easy to understand.,both,"Both responses are fluent and grammatically sound, with no clear difference in grammar quality.",2.155,400,94,494,0.000723
384,104,4.dev_better,voice,4.dev_better,બોનસ ક્યારે મળશે?,મારી પાસે આપવામાં આવેલી માહિતીમાં બોનસની ચુકવણીની તારીખ વિશે કોઈ ચોક્કસ માહિતી નથી. ચોક્કસ તારીખ જાણવા માટે કૃપા કરીને તમારા નજીકના ડેરી સમાજ અથવા યુનિયનના કાર્યાલયનો સંપર્ક કરો.,શું તમે તમારા દૂધના પુરવઠા માટે તમારી ડેરી સોસાયટી તરફથી મળતા દૂધના બોનસની ચુકવણી વિશે પૂછી રહ્યા છો?,grammar_fluency_compare,,Both responses are fluent and grammatically correct; neither has a clear advantage in grammar quality.,4,Grammatically correct Gujarati with natural structure and clear meaning.,4,"Also grammatically correct and natural-sounding Gujarati, though it is phrased as a question.",both,Both responses are fluent and grammatically correct; neither has a clear advantage in grammar quality.,1.4815,378,97,475,0.00072
385,106,4.dev_better,voice,4.dev_better,મારો પગાર/પેમેન્ટ કેટલો થયો?,માફ કરશો પરંતુ તમારી પ્રોફાઇલની માહિતી હાલમાં ઉપલબ્ધ નથી. કૃપા કરીને તમારો ખેડૂત કોડ આપો જેથી હું તમારા ચુકવણીની વિગતો ચકાસી શકું.,તમે કઈ તારીખ અથવા સમયગાળા માટે તમારા દૂધના નાણાંની રકમ જાણવા માંગો છો?,grammar_fluency_compare,,"Response A is more natural and user-friendly, while Response B is slightly awkward and more technical.",4,"Grammatically correct, natural Gujarati, and polite/friendly in tone.",3,"Mostly correct Gujarati, but it sounds a bit technical and less natural in phrasing.",response_a,"Response A is more natural and user-friendly, while Response B is slightly awkward and more technical.",1.6516,362,100,462,0.0007215
386,121,4.dev_better,voice,4.dev_better,અમારા વિસ્તાર પ્રમાણે હવે કઈ ખેતી કરવી?,હવે મે મહિનાનો મધ્ય ભાગ છે તેથી તમારે વરસાદી પાક માટે તમારી જમીનને તૈયાર કરવા પર ધ્યાન કેન્દ્રિત કરવું જોઈએ અને તમારા પશુઓને પૂરતો ચારો મળી રહે તેની ખાતરી કરવી જોઈએ. શું તમને આ સિઝન માટે કોઈ ચોક્કસ પાક અથવા ચારાના વ્યવસ્થાપન વિશે માહિતીની જરૂર છે?,"આ હેલ્પલાઇન પશુઓના સ્વાસ્થ્ય, ડેરી અને ખેતી સંબંધિત પ્રશ્નોના જવાબ આપે છે. શું આપના પશુઓ વિશે કોઈ પ્રશ્ન છે?",grammar_fluency_compare,,Response A is more directly relevant to the farming question and sounds more natural and helpful while remaining grammatically correct.,4,"Grammatically correct Gujarati with natural flow and a friendly, helpful tone.",4,"Grammatically correct Gujarati and clear, though slightly more generic in tone.",response_a,Response A is more directly relevant to the farming question and sounds more natural and helpful while remaining grammatically correct.,1.6854,405,101,506,0.00075825
387,135,4.dev_better,voice,4.dev_better,ચોમાસા માં મચ્છરથી પશુઓનેકઈ રીતે બચાવી શકાય?,મચ્છરોથી પશુઓને બચાવવા માટે આશ્રયસ્થાનોની આસપાસ જમા થયેલું પાણી અને ગંદકી દૂર કરો જેથી લાર્વાંનો વિકાસ અટકી જાય. તમે આશ્રયસ્થાનોમાં મચ્છરદાનીનો ઉપયોગ કરી શકો છો તેમના પગ અને પેટના નીચેના ભાગમાં લીમડાનું તેલ લગાવી શકો છો અથવા ધુમાડો બનાવવા માટે લીમડાના પાન બાળી શકો છો. શું આપને કોઈ અન્ય માહિતીની જરૂર છે?,શેડ અને આસપાસના વિસ્તારને સૂકો અને સ્વચ્છ રાખો અને તેની નજીક ક્યાંય પણ પાણી ભરાઈ ન રહે તેનું ધ્યાન રાખો.,grammar_fluency_compare,,"Response B reads more naturally and smoothly in Gujarati, while Response A is correct but slightly less natural.",3,"Grammatically correct overall, but the sentence is a bit long and slightly unnatural in places.",4,"Clear, natural Gujarati with correct grammar and a friendly, easy-to-understand tone.",response_b,"Response B reads more naturally and smoothly in Gujarati, while Response A is correct but slightly less natural.",1.7066,439,105,544,0.00080175
388,140,4.dev_better,voice,4.dev_better,મારી ગાયને દિવેલાના પાનાં ખવડાયા ને મેનો ચઢ્યો છે તો કરાય?,ગાયને પાંચસો ગ્રામ ખાદ્ય તેલ આપો જેમાં વીસથી ત્રીસ મિલીલીટર ટર્પેન્ટાઈન તેલ ભેળવેલું હોય અને તેને પીવા માટે આપો. જો ગેસ આફરો ગંભીર હોય અથવા ગાયને શ્વાસ લેવામાં તકલીફ થતી હોય તો તરત જ પશુચિકિત્સકનો સંપર્ક કરો.,રંધાના પાન ઝેરી હોય છે તેથી તેને તરત જ બંધ કરો અને માત્ર સામાન્ય ઘાસચારો અને સ્વચ્છ પાણી આપો. જો ગાયમાં પાતળા ઝાડા નબળાઈ ધ્રુજારી અથવા શ્વાસ લેવામાં તકલીફ જેવા લક્ષણો દેખાય તો તાત્કાલિક પશુચિકિત્સકને બોલાવો.,grammar_fluency_compare,,"Both are similar in fluency, but Response B reads a little more naturally and smoothly in Gujarati.",3,"Grammatically understandable and mostly correct Gujarati, but it sounds a bit technical and not especially natural or friendly.",3,"Grammar is mostly correct and readable, though it feels somewhat formal and slightly translated rather than fully natural.",response_b,"Both are similar in fluency, but Response B reads a little more naturally and smoothly in Gujarati.",1.8337,474,111,585,0.000855
389,153,4.dev_better,voice,4.dev_better,માટી ખસી જવી એટલે શું?,જ્યારે ગર્ભાશય અથવા યોનિનો કોઈ ભાગ અથવા આખું ગર્ભાશય યોનિમાર્ગ દ્વારા શરીરની બહાર નીકળી જાય છે ત્યારે તે સ્થિતિને દેહ બતાવવી કહેવામાં આવે છે. આ એક ગંભીર સ્થિતિ છે જેમાં તાત્કાલિક પશુચિકિત્સકની સારવારની જરૂર છે.,"આ હેલ્પલાઇન પશુઓના સ્વાસ્થ્ય, ડેરી અને ખેતી સંબંધિત પ્રશ્નોના જવાબ આપે છે. શું આપના પશુઓ વિશે આપને કોઈ પ્રશ્ન છે?",grammar_fluency_compare,,"Response B is much more natural and fluent in Gujarati, while Response A sounds translated and awkward.",2,The Gujarati is understandable but reads like a direct translation and uses unnatural phrasing such as 'દેહ બતાવવી' for the condition.,4,"The Gujarati is grammatically correct, natural, and friendly, with clear sentence structure.",response_b,"Response B is much more natural and fluent in Gujarati, while Response A sounds translated and awkward.",1.7673,404,113,517,0.0008115
390,155,4.dev_better,voice,4.dev_better,મારે બીજદાન કરવા આવે છે તે બીજદાન સારું કરે છે કે નહીં કેવી રીતે ખબર પડે?,તમે એ જાણી શકો છો કે ટેક્નિશિયન સારું કામ કરી રહ્યો છે કે નહીં એ તપાસીને કે શું તે સંપૂર્ણ સ્વચ્છતા જાળવે છે દરેક પશુ માટે નવું અને જંતુરહિત આવરણ વાપરે છે અને યોગ્ય સમયે કૃત્રિમ બીજદાન કરે છે. સફળતાનું અંતિમ લક્ષણ એ છે કે ગર્ભાધાન દર વધે અને તમે પ્રક્રિયાના અંઠ્ઠાથી માંડીને નવ્વા દિવસ પછી ગર્ભાવસ્થાની તપાસ કરીને તેની ખાતરી કરી શકો છો. શું આપને કોઈ અન્ય માહિતીની જરૂર છે?,તમે મુખ્યત્વે તેની સ્વચ્છતા અને સમયનું પાલન જોઈને તેનું મૂલ્યાંકન કરો છો અંદરના કામને જોઈને નહીં. ખાતરી કરો કે તે પશુ જ્યારે યોગ્ય રીતે ગરમીમાં આવે ત્યારે જ આવે અને સ્વચ્છ ગ્લોવ્સ અને સાધનોનો ઉપયોગ કરે.,grammar_fluency_compare,,"Response B is more concise and reads more naturally overall, with fewer awkward constructions than Response A.",2,"The Gujarati is understandable, but several phrases are awkward or translated too literally, and some wording is not natural.",3,"The grammar is mostly correct and clearer than A, though it still sounds somewhat translated and not fully natural.",response_b,"Response B is more concise and reads more naturally overall, with fewer awkward constructions than Response A.",2.1074,491,111,602,0.00086775
391,159,4.dev_better,voice,4.dev_better,શું ખોરાક કરું તો પાડી ના ગર્ભાશયનો વિકાસ જલ્દી થાય?,ઝડપી વૃદ્ધિ અને પ્રજનન અંગોના વધુ સારા વિકાસ માટે આપ વોડકી માટે અમૂલ હેઇફર ફીડ આપી શકો છો. આ ખાસ રીતે બનાવેલો ચારો બકરીના બચ્ચાંને વહેલી તકે તરુણાવસ્થામાં પહોંચવામાં મદદ કરે છે અને તેમની એકંદર પ્રજનન ક્ષમતામાં સુધારો કરે છે.,ગર્ભાશય અને પ્રજનન વિકાસ માટે કોઈ એક ખાસ ચારા પર ધ્યાન કેન્દ્રિત કરવાને બદલે સંતુલિત પોષણ સાથે એકંદર વિકાસ પર ધ્યાન આપો.,grammar_fluency_compare,,"Response B is more natural and grammatically cleaner, while Response A has multiple awkward translation-like errors.",2,"The Gujarati is understandable, but it contains several unnatural and incorrect word choices, including mismatched terms like 'વોડકી' and 'બકરીના બચ્ચાં', which make it feel machine-translated.",3,"The sentence is grammatically correct and clear, though it sounds somewhat formal and technical rather than warm and natural.",response_b,"Response B is more natural and grammatically cleaner, while Response A has multiple awkward translation-like errors.",2.9271,424,133,557,0.0009165
392,165,4.dev_better,voice,4.dev_better,બચ્ચું પાણી ઓછું પીવે તો શું શું સમસ્યા થઈ શકે?,જો વાછરડું ઓછું પાણી પીવે છે તો તેનાથી ડિહાઈડ્રેશન થઈ શકે છે જેના કારણે નબળાઈ આંખો અંદર ધસી જવી અને ગંભીર કિસ્સાઓમાં મૃત્યુ પણ થઈ શકે છે. જો વાછરડું નિસ્તેજ લાગે અથવા ઊભા રહી શકતું નથી તો કૃપા કરીને તાત્કાલિક પશુચિકિત્સકનો સંપર્ક કરો.,જો વાછરડું ઓછું પાણી પીવે છે તો તેને ઝડપથી ડિહાઈડ્રેશન નબળાઈ આંખો અંદર ધસી જવી અને ચૂસવાની ક્રિયા બંધ થઈ શકે છે અને ગંભીર કિસ્સાઓમાં તે મૃત્યુ પામી શકે છે.,grammar_fluency_compare,,"Response A reads more naturally and is better structured, while Response B feels slightly less fluent.",4,"Grammatically correct, natural Gujarati, and friendly in tone.",3,"Mostly correct, but the sentence is less natural and feels a bit compressed/awkward.",response_a,"Response A reads more naturally and is better structured, while Response B feels slightly less fluent.",1.965,453,98,551,0.00078075
393,166,4.dev_better,voice,4.dev_better,શંકર વાછરડીઓ માટે આદર્શ માપદંડ શું છે?,સંવર્ધિત જાતિની માદા વાછરડીઓ માટે આદર્શ માપદંડોમાં ત્રીસથી પાંત્રીસ કિલોગ્રામનું જન્મ સમયે વજન અને દરરોજ ત્રણસોથી ચારસો ગ્રામ વજનમાં વધારો થવો જોઈએ. તેઓ પ્રજનન માટે તૈયાર છે તેની ખાતરી કરવા માટે પંદર મહિનાની ઉંમર સુધીમાં તેમનું વજન બેસોથી લઈને બેસો ો કિલોગ્રામ સુધી રાખવાનો પ્રયાસ કરો.,શંકર અથવા ક્રોસબ્રેડ પાડા માટે આદર્શ અને યોગ્ય પરિસ્થિતિ એ છે કે સ્વચ્છ અને સૂકી જગ્યા હોવી જોઈએ જેમાં પૂરતી જગ્યા હોય સારી ગુણવત્તાવાળું દૂધ અને બચ્ચા દાણ આપવામાં આવે અને દરરોજ આશરે ચારસો ગ્રામ શરીરનું વજન વધે તે રીતે પાડાનો વિકાસ થવો જોઈએ. તમારા પશુચિકિત્સક દ્વારા સૂચવવામાં આવેલ મુજબ નિયમિત કૃમિનાશક દવા અને રસીકરણ આપો જેથી બચ્ચાં સ્વસ્થ અને સક્રિય રહે અને તેમને પાતળા ઝાડા ન થાય અને તેમનું શરીર સ્વસ્થ રહે.,grammar_fluency_compare,,"Response A is slightly more grammatical and concise, while Response B has more run-on structure and feels less natural overall.",2,"The Gujarati is understandable, but there are awkward phrases and a clear typo/garbled segment near the end, making it feel translated and not fully natural.",2,"The sentence is mostly understandable, but it is very long, repetitive, and reads like a direct translation with unnatural structure in several places.",response_a,"Response A is slightly more grammatical and concise, while Response B has more run-on structure and feels less natural overall.",1.7484,553,130,683,0.00099975
394,167,4.dev_better,voice,4.dev_better,તબેલાથી ઉકરડો કેટલા અંતરે હોવો જોઈએ,તમારે છાણનો સંગ્રહ કરવાની જગ્યા અથવા ખાતર ખાડો ગૌશાળાથી ઓછામાં ઓછો સાઠ ફૂટ દૂર રાખવો જોઈએ. શું આપને કોઈ અન્ય માહિતીની જરૂર છે?,ડુક્કર માટે બનાવેલી જગ્યા અથવા બળદ માટે બનાવેલી જગ્યા પશુઓના વાડાથી ઓછામાં ઓછી વીસથી ત્રીસ મીટર દૂર રાખો. આ રીતે અલગ રાખવાથી દુર્ગંધ અને રોગોનું ફેલાવું ડુક્કર અને પશુ વચ્ચે ઓછું થાય છે.,grammar_fluency_compare,,"Response A is much more natural and grammatically fluent in Gujarati, while Response B reads like a rough translation.",4,"Grammatically correct Gujarati, natural phrasing, and friendly tone.",2,"The Gujarati is understandable but awkward and partly mistranslated, with unnatural wording and structure.",response_a,"Response A is much more natural and grammatically fluent in Gujarati, while Response B reads like a rough translation.",1.7698,416,103,519,0.0007755
395,170,4.dev_better,voice,4.dev_better,તલેબાની દિશા કઈ હોવી જોઈએ,વાડાની લંબાઈ પૂર્વપશ્ચિમ દિશામાં હોવી જોઈએ. મોટા ધણ માટે ખુલ્લી બાજુવાળા આશ્રયમાં ઉત્તરદક્ષિણ દિશા પણ આદર્શ છે કારણ કે તેનાથી છાણ અને પેશાબ સૂર્યપ્રકાશમાં ઝડપથી સુકાઈ જાય છે. શું આપને કોઈ અન્ય માહિતીની જરૂર છે?,"આ હેલ્પલાઇન પશુઓના સ્વાસ્થ્ય, ડેરી અને ખેતી સંબંધિત પ્રશ્નોના જવાબ આપે છે. શું આપના પશુઓ વિશે આપને કોઈ પ્રશ્ન છે?",grammar_fluency_compare,,"Response B reads more naturally and fluently in Gujarati, while Response A is correct but slightly technical and less natural.",3,"Grammar is mostly correct and understandable, but the wording is somewhat technical and not fully natural for a farmer-friendly reply.",4,"The Gujarati is grammatically smooth and natural, with a friendly tone and clear structure.",response_b,"Response B reads more naturally and fluently in Gujarati, while Response A is correct but slightly technical and less natural.",2.1767,416,112,528,0.000816
396,177,4.dev_better,voice,4.dev_better,બાહ્ય પરોપજીવીઓ શું નુકસાન કરે?,ઇતરડી અને માખી જેવા બાહ્ય પરોપજીવી લોહી ચૂસે છે જેના કારણે નબળાઈ એનિમિયા અને દૂધ ઉત્પાદનમાં ઘટાડો થાય છે. તેઓ ગંભીર રોગો પણ ફેલાવે છે જેમ કે થાઈલેરીયોસીસ અને લોહીના પરોપજીવી બબેસીયા. શું આપને કોઈ અન્ય માહિતીની જરૂર છે?,ઇતરડી જીવાત અને કીડી જેવા બાહ્ય પરોપજીવી લોહી ચૂસે છે ત્વચાને નુકસાન પહોંચાડે છે અને દૂધ અને વજન ઘટાડે છે. શું આપને કોઈ અન્ય માહિતીની જરૂર છે?,grammar_fluency_compare,,"Response A is much more natural and grammatically fluent, while Response B has awkward phrasing and less natural structure.",4,"Grammatically correct, natural Gujarati, and friendly in tone.",2,"The sentence is understandable but feels translated and awkward, especially with 'કીડી જેવા બાહ્ય પરોપજીવી' and the structure.",response_a,"Response A is much more natural and grammatically fluent, while Response B has awkward phrasing and less natural structure.",1.8948,436,113,549,0.0008355
397,179,4.dev_better,voice,4.dev_better,મુલાકાતીઓ પર ક્યારે પ્રતિબંધ રાખવો?,"આસપાસના વિસ્તારમાં પશુઓના રોગો ફાટી નીકળે ત્યારે જેમ કે ખરવામોવાસા કાળિયો તાવ એન્થ્રેક્સ,  અથવા હેમરેજિક સેપ્ટીસીમિયા મુલાકાતીઓને આવવા દેવા જોઈએ નહીં. આનાથી મુલાકાતીઓ તેમનાં કપડાં અને પગરખાં પરથી રોગ ફેલાવતા બેક્ટેરિયા અથવા વાયરસને તમારાં પશુઓના આશ્રયસ્થાનમાં લઈ જતાં અટકાવી શકાય છે. શું આપને કોઈ અન્ય માહિતીની જરૂર છે?","આ હેલ્પલાઇન પશુઓના સ્વાસ્થ્ય, ડેરી અને ખેતી સંબંધિત પ્રશ્નોના જવાબ આપે છે. શું આપના પશુઓ વિશે આપને કોઈ પ્રશ્ન છે?",grammar_fluency_compare,,"Response B reads more naturally and cleanly in Gujarati, while Response A has some awkward phrasing and less natural structure.",3,"Mostly grammatical and understandable, but some wording is unnatural and the disease list is awkwardly phrased.",4,"Grammatically correct, natural, and friendly, with clear simple wording.",response_b,"Response B reads more naturally and cleanly in Gujarati, while Response A has some awkward phrasing and less natural structure.",1.6032,454,108,562,0.0008265
398,180,4.dev_better,voice,4.dev_better,હડકાયું કૂતરું કરડે તો પ્રાથમિક સારવાર શું?,તરત જ ઘાને પાંચથી દસ મિનિટ સુધી વહેતા પાણીમાં ધોઈ લો અને હળવા હાથે સાબુથી સાફ કરો. પશુને તાત્કાલિક પશુચિકિત્સક પાસે લઈ જાઓ અને રસીકરણ કરાવો અને ઘા પર કોઈ પણ પાટો બાંધશો નહીં.,"આ હેલ્પલાઇન પશુઓના સ્વાસ્થ્ય, ડેરી અને ખેતી સંબંધિત પ્રશ્નોના જવાબ આપે છે. શું આપના પશુઓ વિશે કોઈ પ્રશ્ન છે?",grammar_fluency_compare,,"Response A directly answers the question in natural Gujarati, while Response B is also grammatical but irrelevant to the asked medical advice.",4,Grammatically correct Gujarati with natural flow and clear instructions.,4,"Grammatically correct Gujarati, though it is more of a generic help message than an answer to the question.",response_a,"Response A directly answers the question in natural Gujarati, while Response B is also grammatical but irrelevant to the asked medical advice.",1.6654,415,107,522,0.00079275
399,193,4.dev_better,voice,4.dev_better,ભેંસની પાડી કેટલા મહિનાની થયા પછી AI કરી શકાય?,એક ભેંસની વોડકીને અઢારથી બાવીસ મહિનાની ઉંમરે કૃત્રિમ બીજદાન દ્વારા ગર્ભિત કરી શકાય છે. કેટલાક માર્ગદર્શિકામાં ભેંસની બચ્ચીઓ માટે વીસ આઠથી તેત્રીસ મહિનાનો સમયગાળો સૂચવવામાં આવ્યો છે. શું આપને કોઈ અન્ય માહિતીની જરૂર છે?,એક ભેંસની વોડકી માટે કૃત્રિમ બીજદાન સામાન્ય રીતે લગભગ અઠ્ઠાવીસથી તેત્રીસ મહિનાની ઉંમરે શરૂ કરવામાં આવે છે જ્યારે તે સારી રીતે વિકસિત થઈ હોય અને તેનું માસિક ચક્ર નિયમિત હોય. શું આપને કોઈ અન્ય માહિતીની જરૂર છે?,grammar_fluency_compare,,"Response B reads a little more smoothly and naturally, with fewer awkward phrases than Response A.",3,"Grammatically understandable and mostly correct, but some wording is unnatural and slightly technical.",3,"Overall grammatical and fluent, though terms like 'માસિક ચક્ર' make it sound a bit technical and less natural for a farmer.",response_b,"Response B reads a little more smoothly and naturally, with fewer awkward phrases than Response A.",2.9169,445,112,557,0.00083775
