session_id,question_id,question_english,question_hindi,question_marathi,question_gujarati,question_malayalam,question_kannada,question_tamil,question_telugu,question_bengali,question_odia,question_assamese,category
1,1-1,What are today's rates of potato in Mumbai mandi?,मुंबई मंडी में आलू के आज के दाम क्या हैं?,मुंबई मंडीत आज आलूचे दर काय आहेत?,મુંબઇ મંડીમાં આજના બટાકાના ભાવ શું છે?,ഇന്നത്തെ മുംബൈ മണ്ടിയിലെ ഉരുളക്കിഴങ്ങിന്റെ നിരക്കുകൾ എന്താണ്?,ಮುಂಬೈ ಮಂಡಿಯಲ್ಲಿ ಇಂದು ಆಲೂಗಡ್ಡೆ ದರಗಳು ಏನು?,மும்பை மண்டியில் இன்று உருளைக்கிழங்கு விலைகள் என்ன?,ముంబై మాండి లో ఈ రోజు ఆల్ మిర్చి ధరలు ఏమిటి?,মুম্বাই মণ্ডিতে আজ আলুর দাম কত?,ମୁମ୍ବାଇ ମଣ୍ଡୀରେ ଆଜି ଆଳୁର ଦାମ କେତେ?,মুম্বাই মাণ্ডীত আজি আলুৰ দাম কিমান?,Mandi_prices
2,2-1,What documents are required for crop insurance scheme in Parbhani area?,परभणी क्षेत्र में फसल बीमा योजना के लिए कौन से दस्तावेज़ आवश्यक हैं?,परभणी क्षेत्रातील पीक विमा योजनेसाठी कोणती कागदपत्रे आवश्यक आहेत?,પારભણી વિસ્તારમાં પાક વીમા યોજનાના માટે કયા દસ્તાવેજોની જરૂર છે?,പാർഭാണി പ്രദേശത്ത് വിളാ ഇൻഷുറൻസ് പദ്ധതിക്ക് ആവശ്യമായ രേഖകൾ എന്തൊക്കെയാണ്?,ಪಾರ್ಭಣಿಯ ಪ್ರದೇಶದಲ್ಲಿ ಬೆಳೆ ವಿಮಾ ಯೋಜನೆಯಿಗಾಗಿ ಯಾವ ದಾಖಲೆಗಳು ಅಗತ್ಯವಿದೆ?,பர்பானி பகுதியில் பயிர் காப்பீட்டு திட்டத்திற்கு தேவையான ஆவணங்கள் என்ன?,పార్భణి ప్రాంతంలో పంట బీమా పథకానికి అవసరమైన పత్రాలు ఏమిటి?,পারভাণী অঞ্চলে ফসল বিমা স্কিমের জন্য কোন কোন নথি প্রয়োজন?,ପର୍ଭାଣୀ ଅଞ୍ଚଳରେ କୃଷି ବୀମା ଯୋଜନା ପାଇଁ କେଉଁ କେଉଁ ଡକ୍ୟୁମେଣ୍ଟ ଆବଶ୍ୟକ?,পৰভণী অঞ্চলত শস্য বীমা আঁচনিৰ বাবে কি কি নথিপত্ৰৰ প্ৰয়োজন?,Scheme_actions
3,3-1,Is the weather suitable for maize harvesting in Sangli district?,क्या सांगली जिले में मक्का की कटाई के लिए मौसम अनुकूल है?,सांगली जिल्ह्यात मका कापणीसाठी हवामान अनुकूल आहे का?,સાંગલી જિલ્લામાં મકાઈની કાપણી માટે હવામાન અનુકૂળ છે કે નહીં?,സംഗ്ലി ജില്ലയിൽ മക്കച്ചീൻ കൃഷിക്ക് കാലാവസ്ഥ അനുയോജ്യമായിട്ടുണ്ടോ?,ಸಂಗ್ಲಿ ಜಿಲ್ಲೆಯಲ್ಲಿ ಜೋಳದ ಕತ್ತರಿಸಲು ಹವಾಮಾನ ಸೂಕ್ತವೇ?,சங்க்லி மாவட்டத்தில் மக்காச்சோளம் அறுவடை செய்ய வானிலை ஏற்றதா?,సంగ్లీ జిల్లాలో మక్కా పంట కోతకు వాతావరణం అనుకూలంగా ఉందా?,সাংগলি জেলার জন্য ভুট্টা কাটার জন্য আবহাওয়া কি উপযুক্ত?,ସଙ୍ଗଲୀ ଜିଲ୍ଲାରେ ମାଇଜ୍ କଟାଇବା ପାଇଁ ଆବହା ଉପଯୁକ୍ତ କି?,সাংলী জিলাত ভূট্টা কাটনিৰ বাবে বতৰ উপযুক্ত নেকি?,Weather_Forecast
4,4-1,How to apply for drip irrigation scheme in Wardha district?,वार्डha जिले में ड्रिप सिंचाई योजना के लिए आवेदन कैसे करें?,वर्धा जिल्ह्यात ड्रिप सिंचन योजनेसाठी कसे अर्ज करावे?,વર્ધા જિલ્લામાં ડ્રિપ સિંચાઈ યોજનામાં કેવી રીતે અરજી કરવી?,വാർധാ ജില്ലയിൽ ഡ്രിപ്പ് ജലവിതരണ പദ്ധതിക്ക് എങ്ങനെ അപേക്ഷിക്കാം?,ವಾರ್ಧಾ ಜಿಲ್ಲೆಯಲ್ಲಿ ಡ್ರಿಪ್ ನೀರಾವರಿ ಯೋಜನೆಗೆ ಹೇಗೆ ಅರ್ಜಿ ಸಲ್ಲಿಸಬೇಕು?,வர்தா மாவட்டத்தில் தண்ணீர் ஊற்றும் திட்டத்திற்கு எப்படி விண்ணப்பிக்க வேண்டும்?,వర్ధా జిల్లాలో డ్రిప్ ఇరిగేషన్ పథకానికి ఎలా దరఖాస్తు చేయాలి?,ওয়ার্ধা জেলায় ড্রিপ সেচ প্রকল্পের জন্য কিভাবে আবেদন করবেন?,ୱାର୍ଧା ଜିଲ୍ଲାରେ ଡ୍ରିପ୍ ଇରିଗେସନ୍ ଯୋଜନା ପାଇଁ କିପରି ଆବେଦନ କରିବେ?,ৱৰ্ধা জিলাত ড্ৰিপ সেচ আঁচনিৰ বাবে কেনেকৈ আবেদন কৰিব?,Scheme_actions
5,5-1,What intercrops to take with cauliflower in Buldhana area?,बुलढाणा क्षेत्र में फूलगोभी के साथ कौन-से इंटरक्रॉप्स लेना चाहिए?,बुलढाणा परिसरात फुलकोबीसोबत कोणती आंतरपिके घ्यावीत?,બુલઢાણા વિસ્તારમાં ફૂલકોબી સાથે કયા અંતરપાક લેવા?,ബുൽധാന പ്രദേശത്ത് കോളിഫ്ലവറിനൊപ്പം ഏതു ഇടവിളകൾ എടുക്കണം?,ಬುಲ್ಧಾನಾ ಪ್ರದೇಶದಲ್ಲಿ ಹೂಕೋಸಿನೊಂದಿಗೆ ಯಾವ ಮಧ್ಯ ಬೆಳೆಗಳನ್ನು ತೆಗೆದುಕೊಳ್ಳಬೇಕು?,புல்தானா பகுதியில் காலிஃபிளவர் பயிருடன் எந்த இடைநடவு பயிர்களை எடுக்கலாம்?,బుల్ధానా ప్రాంతంలో కాలీఫ్లవర్‌తో ఏ మధ్యపంటలు వేయాలి?,বুল্ধানা এলাকায় ফুলকপির সঙ্গে কোন কোন আন্তঃফসল নেওয়া যায়?,ବୁଲ୍ଧାଣା ଅଞ୍ଚଳରେ ଫୁଲକୋବି ସହିତ କେଉଁ ଅନ୍ତର୍ଫସଲ ନେବା ଉଚିତ?,বুলঢানা অঞ্চলত ফুলকবিৰ সৈতে কোনবোৰ আন্তঃশস্য ল’ব পাৰি?,Advisory
6,6-1,What are the current market prices for apples in the Bangalore market?,बंगलौर मंडी में सेब की वर्तमान बाजार कीमतें क्या हैं?,बंगळुरू बाजारात सफरचंदांचे वर्तमान बाजारभाव काय आहेत?,બેંગલોર માર્કેટમાં સફરજનના વર્તમાન બજાર ભાવ શું છે?,ബംഗളൂരു മാർക്കറ്റിൽ ആപ്പിളുകളുടെ നിലവിലെ വിപണിയിലേക്കുള്ള വിലകൾ എന്തൊക്കെയാണ്?,ಬೆಂಗಳೂರು ಮಾರುಕಟ್ಟೆಯಲ್ಲಿ ಸೇಬುಗಳ ಪ್ರಸ್ತುತ ಮಾರುಕಟ್ಟೆ ಬೆಲೆಗಳು ಏನು?,பெங்களூரு சந்தையில் ஆப்பிள்களின் தற்போதைய சந்தை விலைகள் என்ன?,బెంగళూరు మార్కెట్‌లో ఆపplesల ప్రస్తుత మార్కెట్ ధరలు ఏమిటి?,বেঙ্গালুরু বাজারে আপেলের বর্তমান বাজার মূল্য কী?,ବଙ୍ଗାଲୋର ମାର୍କେଟରେ ସେବୁର ବର୍ତ୍ତମାନ ବଜାର ଦାମ କଣ?,বেংগালুৰু বজাৰত আপেলৰ বৰ্তমান বজাৰ মূল্য কিমান?,Mandi_prices
7,7-1,What is the seed rate for ginger crop in Sangli?,सांगली में अदरक की फसल के लिए बीज दर क्या है?,सांगलीमध्ये आल्याच्या पिकासाठी बियाण्याचे प्रमाण किती आहे?,સાંગલીમાં આદુ પાક માટે બીજ દર કેટલો છે?,സാങ്ലിയിൽ ഇഞ്ചി കൃഷിക്ക് വിത്ത് നിരക്ക് എത്രയാണ്?,ಸಾಂಗ್ಲಿಯಲ್ಲಿ ಶುಂಠಿ ಬೆಳೆಗಾಗಿ ಬೀಜ ಪ್ರಮಾಣ ಎಷ್ಟು?,சாங்லியில் இஞ்சி பயிருக்கான விதை அளவு என்ன?,సాంగ్లీలో అల్లం పంటకు విత్తన పరిమాణం ఎంత?,সাংলিতে আদা ফসলের বীজের হার কত?,ସାଙ୍ଗଲିରେ ଅଦା ଫସଲ ପାଇଁ ବିଜ ହାର କେତେ?,সাংলীতো আদা খেতিৰ বাবে বীজৰ হাৰ কিমান?,Advisory
8,8-1,What is the current market price of apples in the Kochi market?,कोच्चि मंडी में सेब की वर्तमान बाजार कीमत क्या है?,कोची बाजारात सफरचंदांची सध्याची बाजारभाव किती आहे?,કોચી બજારમાં સફરજનનો વર્તમાન બજાર ભાવ શું છે?,കൊച്ചി മാർക്കറ്റിൽ ആപ്പിളുകളുടെ ഇപ്പോഴത്തെ വിപണി വില എത്രയാണ്?,ಕೊಚ್ಚಿ ಮಾರುಕಟ್ಟೆಯಲ್ಲಿ ಸೇಬುಗಳ ಪ್ರಸ್ತುತ ಮಾರುಕಟ್ಟೆ ಬೆಲೆ ಎಷ್ಟು?,கொச்சி சந்தையில் ஆப்பிள்களின் தற்போதைய சந்தை விலை என்ன?,కొచ్చి మార్కెట్‌లో ఆపిల్స్ ప్రస్తుత మార్కెట్ ధర ఎంత?,কোচি বাজারে আপেলের বর্তমান বাজারদর কত?,କୋଚି ବଜାରରେ ସେବର ବର୍ତ୍ତମାନ ବଜାର ଦର କେତେ?,কোচি বজাৰত আপেলৰ বৰ্তমান বজাৰ মূল্য কিমান?,Mandi_prices
9,9-1,Suggest chemical pesticide for stem borer on wheat in Beed.,गेंहू में स्टेम बोरर के लिए बीड में रासायनिक कीटनाशक सुझाएं।,बीडमध्ये गव्हावरील खोड पोखरणाऱ्या अळींसाठी कोणते रासायनिक कीटकनाशक सुचवाल?,બીડમાં ઘઉંમાં સ્ટેમ બોરર માટે રસાયણિક જંતુનાશક સૂચવો.,ബീഡിൽ ഗോതമ്പിലെ തണ്ട് തുളയ്ക്കുന്ന പുഴുവിനായി അനുയോജ്യമായ രാസ കീടനാശിനി നിർദേശിക്കുക.,ಬೀಡ್‌ನಲ್ಲಿ ಗೋಧಿಯ ಕಾಂಡ ಕೀಟಕ್ಕೆ ಯಾವ ರಾಸಾಯನಿಕ ಕೀಟನಾಶಕವನ್ನು ಸಲಹೆ ಮಾಡುತ್ತೀರಿ?,பீட் மாவட்டத்தில் கோதுமையில் தண்டு துளைப்பானுக்கு பரிந்துரைக்கப்படும் இரசாயன பூச்சிக்கொல்லியைச் சொல்லுங்கள்.,బీడ్‌లో గోధుమ పంటలో కాండం తొలుచు పురుగు నియంత్రణకు ఏ రసాయన పురుగుమందు సూచించాలి?,বীডে গমের কাণ্ড ছিদ্রকারী পোকার জন্য উপযুক্ত রাসায়নিক কীটনাশক পরামর্শ দিন।,ବିଡ୍‌ରେ ଗହମରେ ଷ୍ଟେମ୍ ବୋରର୍ ପାଇଁ ରାସାୟନିକ କୀଟନାଶକ ସୁପାରିଶ କରନ୍ତୁ।,বীদত ঘেঁহুৰ কাণ্ডবিদ্ধকাৰীৰ বাবে ৰাসায়নিক কীটনাশক পৰামৰ্শ দিয়ক।,Advisory
10,10-1,What is the treatment if cow's udder is swollen in Gondia?,अगर गाय के थन में सूजन है तो उसका इलाज क्या है गोंडिया में?,गोंदिया येथे गायीचे कास सुजले असल्यास उपचार काय आहे?,ગોંડિયામાં ગાયનું થણ સૂજી ગયું હોય તો તેનો ઉપચાર શું છે?,ഗോണ്ടിയയിൽ പശുവിന്റെ അകിട് വീർന്നാൽ ചികിത്സ എന്താണ്?,ಗೋಂಡಿಯಾದಲ್ಲಿ ಹಸುವಿನ ಉಡುಕು ಊದಿಕೊಂಡಿದ್ದರೆ ಚಿಕಿತ್ಸೆ ಏನು?,கோண்டியாவில் பசுவின் மடிவீக்கம் இருந்தால் சிகிச்சை என்ன?,గోండియాలో ఆవు పొదుగు వాపితే చికిత్స ఏమిటి?,গন্ডিয়ায় গরুর থন ফুলে গেলে কী চিকিৎসা করা হয়?,ଗୋନ୍ଦିଆରେ ଗାଈର ଥନ ଫୁଲିଗଲେ ତାହାର ଚିକିତ୍ସା କ’ଣ?,গোণ্ডিয়াত গাইৰ উকুঁডাৰ ফুলিলে কি চিকিৎসা কৰিব লাগে?,Advisory
11,11-1,What are the current market prices for selling apples in the Kozhikode market?,कोझीकोड मार्केट में सेब बेचने के लिए वर्तमान बाजार मूल्य क्या हैं?,कोझिकोडे बाजारात सफरचंद विक्रीसाठी सध्याचे बाजारभाव काय आहेत?,કોઝિકોડ બજારમાં સફરજન વેચવાના હાલના બજાર ભાવ શું છે?,കോഴിക്കോട് മാർക്കറ്റിൽ ആപ്പിൾ വിൽക്കുന്നതിനുള്ള ഇപ്പോഴത്തെ വിപണി വിലകൾ എന്തൊക്കെയാണ്?,ಕೋಜಿಕ್ಕೋಡ್ ಮಾರುಕಟ್ಟೆಯಲ್ಲಿ ಸೇಬುಗಳನ್ನು ಮಾರಾಟ ಮಾಡುವ ಪ್ರಸ್ತುತ ಮಾರುಕಟ್ಟೆ ಬೆಲೆಗಳು ಯಾವುವು?,கோழிக்கோடு சந்தையில் ஆப்பிள்களை விற்பனை செய்வதற்கான தற்போதைய சந்தை விலைகள் என்ன?,కోజికోడ్ మార్కెట్‌లో ఆపిల్స్ అమ్మడానికి ప్రస్తుతం మార్కెట్ ధరలు ఎంత ఉన్నాయి?,কোজিকোডে বাজারে আপেল বিক্রির বর্তমান বাজারদর কত?,କୋଜିକୋଡ଼ ବଜାରରେ ସେବ ବିକ୍ରି ପାଇଁ ବର୍ତ୍ତମାନର ବଜାର ଦର କେତେ?,কোজিকোড় বজাৰত আপেল বিক্ৰী কৰাৰ বৰ্তমানৰ বজাৰ মূল্য কিমান?,Mandi_prices
12,12-1,What is the right time to water the ginger crop in Amravati?,अमरावती में अदरक की फसल को पानी देने का सही समय क्या है?,अमरावतीमध्ये आले पिकाला पाणी देण्याची योग्य वेळ कोणती आहे?,અમરાવતીમાં આદુના પાકને પાણી આપવાનો યોગ્ય સમય કયો છે?,അമരാവതിയിൽ ഇഞ്ചി വിളയ്ക്ക് വെള്ളം നൽകാൻ ശരിയായ സമയം ഏതാണ്?,ಅಮರಾವತಿಯಲ್ಲಿ ಶುಂಠಿ ಬೆಳೆಗೆ ನೀರು ಹಾಕಲು ಸರಿಯಾದ ಸಮಯ ಯಾವುದು?,அமராவதியில் இஞ்சி பயிருக்கு நீர் பாய்ச்ச சரியான நேரம் எது?,అమరావతిలో అల్లం పంటకు నీరు పెట్టడానికి సరైన సమయం ఏది?,আমরাবতীতে আদা ফসলে সেচ দেওয়ার সঠিক সময় কখন?,ଅମରାବତୀରେ ଅଦା ଚାଷକୁ ପାଣି ଦେବା ପାଇଁ ସଠିକ୍ ସମୟ କେବେ?,আম্ৰাৱতীত আদাৰ খেতিত পানী দিয়াৰ সঠিক সময় কেতিয়া?,Weather_Forecast
13,13-1,Suggest fertilizer schedule for tomato in Chandrapur area.,चंद्रपुर क्षेत्र में टमाटर के लिए उर्वरक कार्यक्रम सुझाएं।,चंद्रपूर भागातील टोमॅटोकरिता खत व्यवस्थापनाचे वेळापत्रक सुचवा.,ચંદ્રપુર વિસ્તારમાં ટામેટાં માટે ખાતરનો સમયપત્રક સૂચવો.,ചന്ദ്രാപൂർ പ്രദേശത്തിലെ ടോമാറ്റോയ്ക്ക് വളപ്രയോഗ ഷെഡ്യൂൾ നിർദ്ദേശിക്കുക.,ಚಂದ್ರಾಪುರ ಪ್ರದೇಶದಲ್ಲಿ ಟೊಮೆಟೊಗೆ ರಸಗೊಬ್ಬರ ವೇಳಾಪಟ್ಟಿ ಸಲಹೆ ನೀಡಿ.,சந்திராபூர் பகுதியில் தக்காளிக்கான உரமிடும் அட்டவணையை பரிந்துரைக்கவும்.,చంద్రాపూర్ ప్రాంతంలో టమోటాకు ఎరువుల షెడ్యూల్ సూచించండి.,চন্দ্রপুর এলাকায় টমেটোর জন্য সার প্রয়োগের সময়সূচি সুপারিশ করুন।,ଚନ୍ଦ୍ରପୁର ଅଞ୍ଚଳରେ ଟମାଟୋ ପାଇଁ ସାର ପ୍ରୟୋଗ ସୂଚୀ ପରାମର୍ଶ କରନ୍ତୁ।,চান্দ্ৰপুৰ অঞ্চলত টমেটোৰ বাবে সাৰ প্ৰয়োগ সূচী পৰামৰ্শ দিয়ক।,Advisory
14,14-1,How to do seed treatment for cabbage in Jalna area?,जलना क्षेत्र में गोभी के लिए बीज उपचार कैसे करें?,जालना परिसरात कोबीसाठी बियाण्याची प्रक्रिया कशी करावी?,જલના વિસ્તારમાં કોબીજ માટે બીજ ઉપચાર કેવી રીતે કરવો?,ജാൽനാ പ്രദേശത്ത് കാബേജിനായി വിത്ത് ശുശ്രൂഷ എങ്ങനെ ചെയ്യാം?,ಜಾಲ್ನಾ ಪ್ರದೇಶದಲ್ಲಿ ಎಲೆಕೋಸಿಗೆ ಬೀಜ ಸಂಸ್ಕರಣೆ ಹೇಗೆ ಮಾಡುವುದು?,ஜால்னா பகுதியில் முட்டைக்கோசுக்கு விதைச் சிகிச்சை எப்படி செய்வது?,జాల్నా ప్రాంతంలో క్యాబేజీకి విత్తన శుద్ధి ఎలా చేయాలి?,জালনা এলাকায় বাঁধাকপির বীজ শোধন কীভাবে করতে হয়?,ଜାଲନା ଅଞ୍ଚଳରେ ବନ୍ଧାକୋବି ପାଇଁ ବୀଜ ଚିକିତ୍ସା କିପରି କରିବେ?,জালনা অঞ্চলত বাঁধাকপিৰ বীজ শোধন কেনেকৈ কৰিব?,Advisory
15,15-1,Suggest chemical pesticide for whitefly on papaya in Thane.,थाने में पपीते पर सफेद मक्खी के लिए रासायनिक कीटनाशक का सुझाव दें।,ठाण्यात पपईवरील पांढऱ्या माशीसाठी रासायनिक कीटकनाशक सुचवा.,થાણેમાં પપૈયા પર સફેદ માખી માટે રસાયણિક કીટનાશક સૂચવો.,താനെയിൽ പപ്പായയിലെ വെള്ളീച്ചയ്‌ക്ക് ഉപയോഗിക്കാവുന്ന രാസ കീടനാശിനി നിർദ്ദേശിക്കുക.,ಥಾಣೆಯಲ್ಲಿ ಪಪಾಯಿಯಲ್ಲಿ ಬಿಳಿ ನೊಣಕ್ಕೆ ರಾಸಾಯನಿಕ ಕೀಟನಾಶಕವನ್ನು ಸೂಚಿಸಿ.,தானேயில் பப்பாளியில் வெள்ளை ஈக்கு பரிந்துரைக்கப்படும் இரசாயன பூச்சிக்கொல்லி என்ன?,థానేలో బొప్పాయి పంటపై తెల్లదోమకు ఏ రసాయన పురుగుమందు ఉపయోగించాలి?,থানে পেঁপেতে সাদা মাছি দমনের জন্য রাসায়নিক কীটনাশক পরামর্শ দিন।,ଥାଣେରେ ପପେୟାରେ ଧଳାମାଛି ପାଇଁ ଉପଯୁକ୍ତ ରାସାୟନିକ କୀଟନାଶକ ସୁପାରିଶ କରନ୍ତୁ।,থানে পেঁপেত সাদা মাছি নিয়ন্ত্ৰণৰ বাবে ৰাসায়নিক কীটনাশক পৰামৰ্শ দিয়ক।,Advisory
16,16-1,Which organic fertilizer to use for maize in Parbhani area?,परभणी क्षेत्र में मक्का के लिए कौन सा जैविक खाद उपयोग करें?,परभणी परिसरात मक्यासाठी कोणते सेंद्रिय खत वापरावे?,પરભણી વિસ્તારમાં મકાઈ માટે કયું જૈવિક ખાતર વાપરવું?,പർഭണിയിൽ മക്കയ്ക്ക് ഏത് ജൈവ വളം ഉപയോഗിക്കണം?,ಪರ್ಭಣಿ ಪ್ರದೇಶದಲ್ಲಿ ಜೋಳಕ್ಕೆ ಯಾವ ಜೈವಿಕ ಗೊಬ್ಬರವನ್ನು ಬಳಸಬೇಕು?,பர்பணி பகுதியில் மக்காச்சோளத்திற்கு எந்த இயற்கை உரத்தை பயன்படுத்த வேண்டும்?,పర్భణి ప్రాంతంలో మొక్కజొన్నకు ఏ సేంద్రియ ఎరువును వాడాలి?,পরভানি এলাকায় ভুট্টার জন্য কোন জৈব সার ব্যবহার করা উচিত?,ପରଭାଣୀ ଅଞ୍ଚଳରେ ମକା ପାଇଁ କେଉଁ ଜୈବିକ ସାର ବ୍ୟବହାର କରିବା ଉଚିତ?,পাৰভণী অঞ্চলত ভুট্টাৰ বাবে কোনটো জৈৱ সাৰ ব্যৱহাৰ কৰিব?,Advisory
17,17-1,What is the last date for PMFBY application in Beed?,बीड में पीएमएफबीवाई आवेदन की अंतिम तिथि क्या है?,बीडमध्ये PMFBY अर्ज करण्याची शेवटची तारीख कोणती आहे?,બીડમાં PMFBY અરજી કરવાની છેલ્લી તારીખ કઈ છે?,ബീഡിൽ PMFBY അപേക്ഷ സമർപ്പിക്കാനുള്ള അവസാന തീയതി ഏതാണ്?,ಬೀಡ್‌ನಲ್ಲಿ PMFBY ಅರ್ಜಿಗೆ ಕೊನೆಯ ದಿನಾಂಕ ಯಾವುದು?,பீடில் PMFBY விண்ணப்பிக்க கடைசி தேதி என்ன?,బీడ్‌లో PMFBY దరఖాస్తుకు చివరి తేదీ ఏమిటి?,বীডে PMFBY আবেদনের শেষ তারিখ কী?,ବିଡ୍‌ରେ PMFBY ଆବେଦନ ପାଇଁ ଶେଷ ତାରିଖ କେବେ?,বীডত PMFBY আবেদনৰ শেষ তাৰিখ কেতিয়া?,Scheme_actions
18,18-1,What is the probability of rain in the next 3 days in Bhandara?,भंडारा में अगले 3 दिनों में बारिश की संभावना क्या है?,भंडारा येथे पुढील ३ दिवसांत पावसाची शक्यता किती आहे?,ભંડારામાં આવતા 3 દિવસમાં વરસાદની સંભાવના કેટલી છે?,ഭണ്ഡാരയിൽ അടുത്ത 3 ദിവസങ്ങളിൽ മഴ പെയ്യാനുള്ള സാധ്യത എത്രയാണ്?,ಭಂಡಾರಾದಲ್ಲಿ ಮುಂದಿನ 3 ದಿನಗಳಲ್ಲಿ ಮಳೆಯಾಗುವ ಸಂಭವನೀಯತೆ ಎಷ್ಟು?,பண்டாராவில் அடுத்த 3 நாட்களில் மழை பெய்யும் வாய்ப்பு என்ன?,భండారాలో వచ్చే 3 రోజుల్లో వర్షం పడే అవకాశం ఎంత?,ভান্ডারায় আগামী ৩ দিনে বৃষ্টির সম্ভাবনা কত?,ଭଣ୍ଡାରାରେ ଆଗାମୀ ୩ ଦିନରେ ବର୍ଷା ହେବାର ସମ୍ଭାବନା କେତେ?,ভাণ্ডাৰাত আগন্তুক ৩ দিনত বৰষুণৰ সম্ভাৱনা কিমান?,Weather_Forecast
19,19-1,What are the symptoms of whitefly on sunflower in Sangli?,सांगली में सूरजमुखी पर सफेद मक्खी के लक्षण क्या हैं?,सांगलीतील सूर्यफुलावर पांढऱ्या माशीची लक्षणे कोणती आहेत?,સાંગલીમાં સૂર્યમુખી પર સફેદમાખીના લક્ષણો શું છે?,സാംഗ്ലിയിൽ സൂര്യകാന്തിയിൽ വെള്ളീച്ചയുടെ ലക്ഷണങ്ങൾ എന്തൊക്കെയാണ്?,ಸಾಂಗ್ಲಿಯಲ್ಲಿ ಸೂರ್ಯಕಾಂತಿಯಲ್ಲಿ ಬಿಳಿ ನೊಣದ ಲಕ್ಷಣಗಳು ಯಾವುವು?,சாங்லியில் சூரியகாந்தி பயிரில் வெள்ளை ஈ தாக்கத்தின் அறிகுறிகள் என்ன?,సాంగ్లీలో సన్‌ఫ్లవర్‌పై వైట్‌ఫ్లై లక్షణాలు ఏమిటి?,সাংলিতে সূর্যমুখীতে সাদা মাছির লক্ষণ কী কী?,ସାଙ୍ଗଲିରେ ସୁର୍ଯ୍ୟମୁଖୀରେ ଶ୍ୱେତମାକିର ଲକ୍ଷଣଗୁଡ଼ିକ କ’ଣ?,সাংগলীত সূৰ্যমুখীত হোৱাইটফ্লাইৰ লক্ষণবোৰ কি কি?,Advisory
20,20-1,What is the weather forecast for the next 5 days in Jalna area?,जलना क्षेत्र में अगले 5 दिनों का मौसम पूर्वानुमान क्या है?,जालना परिसरातील पुढील ५ दिवसांचा हवामान अंदाज काय आहे?,જાલના વિસ્તારમાં આગામી 5 દિવસ માટે હવામાનની આગાહી શું છે?,ജൽന പ്രദേശത്തിലെ അടുത്ത 5 ദിവസത്തെ കാലാവസ്ഥാ പ്രവചനം എന്താണ്?,ಜಾಲ್ನಾ ಪ್ರದೇಶದಲ್ಲಿ ಮುಂದಿನ 5 ದಿನಗಳ ಹವಾಮಾನ ಮುನ್ಸೂಚನೆ ಏನು?,ஜால்னா பகுதியில் அடுத்த 5 நாட்களுக்கு வானிலை முன்னறிவு என்ன?,జల్నా ప్రాంతంలో వచ్చే 5 రోజుల వాతావరణ సూచన ఏమిటి?,জালনা এলাকায় আগামী ৫ দিনের আবহাওয়ার পূর্বাভাস কী?,ଜଲନା ଅଞ୍ଚଳରେ ଆଗାମୀ ୫ ଦିନ ପାଇଁ ପାଗ ଅନୁମାନ କଣ?,জালনা অঞ্চলত আগন্তুক ৫ দিনৰ বতৰ পূৰ্বাভাস কি?,Weather_Forecast
21,21-1,Why does buffalo milk production decrease in Sangli area?,सांगली क्षेत्र में भैंस के दूध का उत्पादन क्यों घटता है?,सांगली भागात म्हशीच्या दुधाचे उत्पादन का कमी होते?,સાંગલી વિસ્તારમાં ભેંસનું દૂધ ઉત્પાદન શા માટે ઘટે છે?,സാംഗ്ലി പ്രദേശത്ത് എരുമപ്പാൽ ഉൽപ്പാദനം കുറയുന്നത് എന്തുകൊണ്ടാണ്?,ಸಾಂಗ್ಲಿ ಪ್ರದೇಶದಲ್ಲಿ ಮಹಿಷಿ ಹಾಲಿನ ಉತ್ಪಾದನೆ ಏಕೆ ಕಡಿಮೆಯಾಗುತ್ತದೆ?,சாங்க்லி பகுதியில் எருமை பால் உற்பத்தி ஏன் குறைகிறது?,సాంగ్లీ ప్రాంతంలో గేదె పాలు ఉత్పత్తి ఎందుకు తగ్గుతుంది?,সাংলি এলাকায় মহিষের দুধ উৎপাদন কেন কমে যায়?,ସାଙ୍ଗଲି ଅଞ୍ଚଳରେ ମହିଷୀ ଦୁଧ ଉତ୍ପାଦନ କାହିଁକି କମିଯାଏ?,সাংলী অঞ্চলত মহিষৰ গাখীৰ উৎপাদন কিয় কমে?,Advisory
22,22-1,What are the current market prices for potatoes in the Mumbai market?,मुंबई मंडी में आलू के लिए वर्तमान बाजार मूल्य क्या हैं?,मुंबई बाजारात बटाट्यांचे सध्याचे बाजारभाव काय आहेत?,મુંબઈ બજારમાં બટાટાના હાલના બજાર ભાવ શું છે?,മുംബൈ വിപണിയിൽ ഉരുളക്കിഴങ്ങിന്റെ നിലവിലെ വിപണി വില എത്രയാണ്?,ಮುಂಬೈ ಮಾರುಕಟ್ಟೆಯಲ್ಲಿ ಆಲೂಗಡ್ಡೆಗಳ ಪ್ರಸ್ತುತ ಮಾರುಕಟ್ಟೆ ದರಗಳು ಯಾವುವು?,மும்பை சந்தையில் உருளைக்கிழங்கின் தற்போதைய சந்தை விலைகள் என்ன?,ముంబై మార్కెట్‌లో బంగాళాదుంపల ప్రస్తుత మార్కెట్ ధరలు ఎంత ఉన్నాయి?,মুম্বাই বাজারে আলুর বর্তমান বাজারদর কত?,ମୁମ୍ବାଇ ବଜାରରେ ଆଳୁର ବର୍ତ୍ତମାନ ବଜାର ଦର କେତେ?,মুম্বাই বজাৰত আলুৰ বৰ্তমানৰ বজাৰ মূল্য কিমান?,Mandi_prices
23,23-1,What will be the temperature for the next few days in Kolhapur area?,कोल्हापुर क्षेत्र में अगले कुछ दिनों का तापमान क्या होगा?,कोल्हापूर परिसरात पुढील काही दिवसांसाठी तापमान किती असेल?,કોલ્હાપુર વિસ્તારમાં આગામી થોડા દિવસો માટે તાપમાન કેવું રહેશે?,കൊൽഹാപൂർ പ്രദേശത്ത് അടുത്ത കുറച്ച് ദിവസങ്ങളിലെ താപനില എത്രയായിരിക്കും?,ಕೊಲ್ಹಾಪುರ ಪ್ರದೇಶದಲ್ಲಿ ಮುಂದಿನ ಕೆಲವು ದಿನಗಳ ತಾಪಮಾನ ಹೇಗಿರಲಿದೆ?,கோலாப்பூர் பகுதியில் அடுத்த சில நாட்களுக்கு வெப்பநிலை எப்படி இருக்கும்?,కొల్హాపూర్ ప్రాంతంలో రాబోయే కొన్ని రోజుల్లో ఉష్ణోగ్రత ఎలా ఉంటుంది?,কোলহাপুর এলাকায় আগামী কয়েক দিনের তাপমাত্রা কেমন থাকবে?,କୋଲ୍ହାପୁର ଅଞ୍ଚଳରେ ଆସନ୍ତା କିଛି ଦିନ ପାଇଁ ତାପମାତ୍ରା କେତେ ରହିବ?,কোলহাপুৰ অঞ্চলত আগন্তুক কেইদিনৰ তাপমাত্ৰা কিমান হ’ব?,Weather_Forecast
24,24-1,Is there a possibility of heavy rainfall this week in Gadchiroli district?,क्या इस सप्ताह गडचिरोली जिले में भारी बारिश की संभावना है?,या आठवड्यात गडचिरोली जिल्ह्यात जोरदार पावसाची शक्यता आहे का?,આ અઠવાડિયે ગડચિરોલી જિલ્લામાં ભારે વરસાદની શક્યતા છે?,ഈ ആഴ്ച ഗഡ്ചിരോളി ജില്ലയിൽ കനത്ത മഴയ്ക്കുള്ള സാധ്യത ഉണ്ടോ?,ಈ ವಾರ ಗಡ್ಚಿರೋಲಿ ಜಿಲ್ಲೆಯಲ್ಲಿ ಭಾರೀ ಮಳೆಯ ಸಾಧ್ಯತೆ ಇದೆಯೇ?,இந்த வாரம் கட்சிரோலி மாவட்டத்தில் அதிகமான மழை பெய்ய வாய்ப்புள்ளதா?,గడ్చిరోలి జిల్లాలో ఈ వారం భారీ వర్షాలు పడే అవకాశం ఉందా?,এই সপ্তাহে গড়চিরোলি জেলায় ভারী বৃষ্টিপাতের সম্ভাবনা আছে কি?,ଗଡଚିରୋଲି ଜିଲ୍ଲାରେ ଏହି ସପ୍ତାହରେ ଭାରୀ ବର୍ଷାର ସମ୍ଭାବନା ଅଛି କି?,এই সপ্তাহত গাডচিৰোলি জিলাত ধাৰাসাৰ বৰষুণ হোৱাৰ সম্ভাৱনা আছে নেকি?,Weather_Forecast
25,25-1,Suggest chemical pesticide for powdery mildew on turmeric in Chandrapur.,चंद्रपुर में हल्दी पर पाउडरी मिल्ड्यू के लिए रासायनिक कीटनाशक सुझाएं।,चंद्रपूरमध्ये हळदीवरील भुरी रोगासाठी रासायनिक कीटकनाशक सुचवा.,ચંદ્રપુરમાં હળદર પર પાવડરી મિલ્ડ્યૂ માટે કયું રાસાયણિક કીટનાશક સૂચવો?,ചന്ദ്രാപൂരിലെ മഞ്ഞളിൽ വരുന്ന പൗഡറി മിൽഡ്യുവിനായി ഏത് രാസ കീടനാശിനി ശുപാർശ ചെയ്യാം?,ಚಂದ್ರಾಪುರದಲ್ಲಿ ಅರಿಶಿಣದ ಮೇಲೆ ಬರುವ ಬೂದಿ ರೋಗಕ್ಕೆ ಯಾವ ರಾಸಾಯನಿಕ ಕೀಟನಾಶಕವನ್ನು ಸಲಹೆ ಮಾಡಬಹುದು?,சந்திராபூரில் மஞ்சளில் ஏற்படும் பொடி பூஞ்சை நோய்க்கு பொருத்தமான இரசாயன பூச்சிக்கொல்லியை பரிந்துரைக்கவும்.,చంద్రపూర్‌లో పసుపుపై వచ్చే పౌడరీ మిల్డ్యూ కోసం రసాయన పురుగుమందు సూచించండి.,চন্দ্রপুরে হলুদের পাউডারি মিলডিউ দমনের জন্য উপযুক্ত রাসায়নিক কীটনাশক সুপারিশ করুন।,ଚନ୍ଦ୍ରପୁରରେ ହଳଦୀରେ ପାଉଡରୀ ମିଲଡ୍ୟୁ ପାଇଁ ରାସାୟନିକ କୀଟନାଶକ ସୁପାରିଶ କରନ୍ତୁ।,চান্দ্ৰপুৰত হালধিত গুঁড়ি ধৰণৰ ছাই ৰোগৰ বাবে উপযুক্ত ৰাসায়নিক কীটনাশক পৰামৰ্শ দিয়ক।,Advisory
26,26-1,How to manage weeds in cotton crop in Thane area?,ठाणे क्षेत्र में कपास की फसल में杂草 को कैसे प्रबंधित करें?,ठाणे परिसरात कापूस पिकामधील तणांचे व्यवस्थापन कसे करावे?,થાણે વિસ્તારમાં કપાસના પાકમાં નીંદણનું નિયંત્રણ કેવી રીતે કરવું?,താനെ പ്രദേശത്തെ കോട്ടൺ വിളയിൽ കളകൾ നിയന്ത്രിക്കാൻ എങ്ങനെ?,ಥಾಣೆ ಪ್ರದೇಶದಲ್ಲಿ ಹತ್ತಿ ಬೆಳೆಯಲ್ಲಿ ಕಳೆಗಳನ್ನು ಹೇಗೆ ನಿಯಂತ್ರಿಸಬೇಕು?,தானே பகுதியில் பருத்தி பயிரில் களைகளை எவ்வாறு கட்டுப்படுத்துவது?,థానే ప్రాంతంలో పత్తి పంటలో కలుపును ఎలా నియంత్రించాలి?,থানে এলাকায় তুলা ফসলে আগাছা কীভাবে নিয়ন্ত্রণ করা যায়?,ଥାନେ ଅଞ୍ଚଳରେ କପାସ ଫସଲରେ ଗୋଡ଼ିକୁ କିପରି ପରିଚାଳନା କରିବେ?,থানে অঞ্চলত কপাহ খেতিত অপতৃণ কেনেকৈ নিয়ন্ত্ৰণ কৰিব?,Advisory
27,27-1,Why do yellow spots appear on leaves of guava in Nanded district?,नांदेड़ जिले में अमरूद की पत्तियों पर पीले धब्बे क्यों दिखाई देते हैं?,नांदेड जिल्ह्यात पेरूच्या पानांवर पिवळे डाग का दिसतात?,નાન્દેડ જિલ્લામાં જામફળના પાંદડાઓ પર પીળા ધબ્બા કેમ દેખાય છે?,നാന്ദേഡ് ജില്ലയിൽ പേരയിലകളിൽ മഞ്ഞപ്പാടുകൾ പ്രത്യക്ഷപ്പെടുന്നതെന്തുകൊണ്ടാണ്?,ನಾಂದೇಡ್ ಜಿಲ್ಲೆಯಲ್ಲಿ ಸೀತಾಫಲದ ಎಲೆಗಳ ಮೇಲೆ ಹಳದಿ ಕಲೆಗಳು ಏಕೆ ಕಾಣಿಸುತ್ತವೆ?,நாந்தேட் மாவட்டத்தில் கொய்யா இலைகளில் மஞ்சள் புள்ளிகள் ஏன் தோன்றுகின்றன?,నాందేడ్ జిల్లాలో జామ చెట్టు ఆకులపై పసుపు మచ్చలు ఎందుకు కనిపిస్తాయి?,নান্দেদ জেলায় পেয়ারা গাছের পাতায় হলুদ দাগ কেন দেখা যায়?,ନାନ୍ଦେଡ୍ ଜିଲ୍ଲାରେ ପିୟାରାର ପତ୍ରରେ ହଳଦିଆ ଦାଗ କାହିଁକି ଦେଖାଯାଏ?,নান্দেদ জিলাত জাবুতলীৰ পাতত হালধীয়া দাগ কিয় দেখা যায়?,Advisory
28,28-1,What documents are required for crop insurance scheme in Nagpur area?,नागपुर क्षेत्र में फसल बीमा योजना के लिए कौन से दस्तावेज़ आवश्यक हैं?,नागपूर परिसरातील पीक विमा योजनेसाठी कोणती कागदपत्रे आवश्यक आहेत?,નાગપુર વિસ્તારમાં પાક વીમા યોજનામાં કયા દસ્તાવેજો જરૂરી છે?,നാഗ്പൂർ പ്രദേശത്ത് വിള ഇൻഷുറൻസ് പദ്ധതിക്ക് ആവശ്യമായ രേഖകൾ എന്തെല്ലാമാണ്?,ನಾಗ್ಪುರ ಪ್ರದೇಶದಲ್ಲಿ ಬೆಳೆ ವಿಮಾ ಯೋಜನೆಗೆ ಯಾವ ದಾಖಲೆಗಳು ಅಗತ್ಯವಿವೆ?,நாக்பூர் பகுதியில் பயிர் காப்பீட்டு திட்டத்திற்கு எந்த ஆவணங்கள் தேவை?,నాగపూర్ ప్రాంతంలో పంట బీమా పథకానికి అవసరమైన పత్రాలు ఏమిటి?,নাগপুর এলাকায় ফসল বীমা প্রকল্পের জন্য কী কী নথি প্রয়োজন?,ନାଗପୁର ଅଞ୍ଚଳରେ ଫସଲ ବୀମା ଯୋଜନା ପାଇଁ କେଉଁ କେଉଁ ଦଲିଲ ଆବଶ୍ୟକ?,নাগপুৰ অঞ্চলত শস্য বীমা আঁচনিৰ বাবে কি কি নথিপত্ৰৰ প্ৰয়োজন?,Scheme_actions
29,29-1,What is the current minimum price of tapioca in Kochi mandi?,कोच्चि मंडी में टापिओका का वर्तमान न्यूनतम मूल्य क्या है?,कोची मंडीत सध्या कसाव्याची किमान किंमत किती आहे?,કોચી મંડીમાં કસાવાનો વર્તમાન લઘુત્તમ ભાવ શું છે?,കൊച്ചി മണ്ടിയിൽ നിലവിലെ കപ്പയുടെ കുറഞ്ഞ വില എത്രയാണ്?,ಕೊಚ್ಚಿ ಮಂಡಿಯಲ್ಲಿ ಟಪಿಯೋಕಾದ ಪ್ರಸ್ತುತ ಕನಿಷ್ಠ ಬೆಲೆ ಎಷ್ಟು?,கொச்சி மண்டியில் தற்போதைய மரவள்ளிக்கிழங்கின் குறைந்தபட்ச விலை என்ன?,కొచ్చి మార్కెట్‌లో టాపియోకా ప్రస్తుత కనిష్ఠ ధర ఎంత?,কোচি মান্ডিতে টাপিওকার বর্তমান ন্যূনতম মূল্য কত?,କୋଚି ମଣ୍ଡିରେ ଟାପିଓକାର ବର୍ତ୍ତମାନ ସର୍ବନିମ୍ନ ଦର କେତେ?,কোচি মণ্ডীত টাপিয়োকাৰ বৰ্তমান ন্যূনতম মূল্য কিমান?,Mandi_prices
30,30-1,What are the current market prices for tapioca in the Kochi mandi?,कोच्चि मंडी में कसावा के लिए वर्तमान बाजार मूल्य क्या हैं?,कोची मंडईमध्ये सध्या साबुदाण्याचे बाजारभाव काय आहेत?,કોચી મંડિમાં ટેપિયોકાના હાલના બજાર ભાવ શું છે?,കൊച്ചി മണ്ഡിയിൽ കപ്പയുടെ നിലവിലെ വിപണി വില എത്രയാണ്?,ಕೊಚ್ಚಿ ಮಂಡಿಯಲ್ಲಿ ಈಗಿನ ಟ್ಯಾಪಿಯೋಕಾ ಬೆಲೆಗಳು ಯಾವುವು?,கொச்சி மண்டியில் தற்போதைய மரவள்ளிக்கிழங்கு சந்தை விலைகள் என்ன?,కొచ్చి మండి‌లో టాపియోకాకు ప్రస్తుతం మార్కెట్ ధరలు ఎంత ఉన్నాయి?,কোচি মান্ডিতে ট্যাপিওকার বর্তমান বাজারদর কত?,କୋଚି ମଣ୍ଡିରେ ଟାପିଓକାର ବର୍ତ୍ତମାନ ବଜାର ଦର କେତେ?,কোচি মণ্ডীত টেপিয়োকাৰ বৰ্তমান বজাৰ দাম কিমান?,Mandi_prices
31,31-1,What care to take during flowering of guava in Buldhana district?,बुलढाणा जिले में अमरूद के फूलने के दौरान कौन-कौन सी देखभाल करनी चाहिए?,बुलढाणा जिल्ह्यात पेरूच्या फुलोऱ्याच्या काळात कोणती काळजी घ्यावी?,બુલઢાણા જિલ્લામાં જામફળના ફૂલ આવવાના સમયે કઈ કાળજી લેવી?,ബുൽധാന ജില്ലയിൽ പേരയുടെ പൂക്കാലത്ത് എന്തൊക്കെ ശ്രദ്ധകൾ സ്വീകരിക്കണം?,ಬುಲ್ಧಾನಾ ಜಿಲ್ಲೆಯಲ್ಲಿ ಅಮರೂದಿನ ಹೂಬಿಡುವ ಸಮಯದಲ್ಲಿ ಯಾವ ಕಾಳಜಿಗಳನ್ನು ತೆಗೆದುಕೊಳ್ಳಬೇಕು?,புல்தானா மாவட்டத்தில் கொய்யா பூக்கும் காலத்தில் எவ்வகை பராமரிப்பு மேற்கொள்ள வேண்டும்?,బుల్ధానా జిల్లాలో జామ పుష్పించే సమయంలో ఎలాంటి జాగ్రత్తలు తీసుకోవాలి?,বুলধানা জেলায় পেয়ারার ফুল আসার সময় কী কী যত্ন নিতে হবে?,ବୁଲଢାଣା ଜିଲ୍ଲାରେ ପିଆରୁ ଫୁଲ ଆସିବା ସମୟରେ କେଉଁ ସାବଧାନତା ନେବା ଉଚିତ?,বুলঢানা জিলাত আমৰুতৰ ফুল ধৰা সময়ত কি কি যত্ন ল’ব লাগে?,Advisory
32,32-1,How to prevent Newcastle disease in poultry in Yavatmal district?,यवतमाल जिले में पोल्ट्री में न्यूकैसल रोग को कैसे रोका जाए?,यवतमाळ जिल्ह्यात कुक्कुटपालनात न्यूकॅसल रोग कसा रोखावा?,યવતમાળ જિલ્લામાં કુકડાંમાં ન્યૂકાસલ રોગ કેવી રીતે અટકાવવો?,യവത്മാൽ ജില്ലയിൽ കോഴികളിൽ ന്യൂകാസിൽ രോഗം എങ്ങനെ തടയാം?,ಯವತ್ಮಾಳ ಜಿಲ್ಲೆಯಲ್ಲಿ ಕೋಳಿ ಸಾಕಾಣಿಕೆಯಲ್ಲಿ ನ್ಯೂಕ್ಯಾಸಲ್ ರೋಗವನ್ನು ಹೇಗೆ ತಡೆಗಟ್ಟಬಹುದು?,யவத்மால் மாவட்டத்தில் கோழிகளில் நியூகாசில் நோயை எவ்வாறு தடுப்பது?,యవత్మాల్ జిల్లాలో కోళ్లలో న్యూకాసిల్ వ్యాధిని ఎలా నివారించాలి?,যবতমাল জেলায় পোলট্রিতে নিউক্যাসল রোগ কীভাবে প্রতিরোধ করা যায়?,ୟବତମାଳ ଜିଲ୍ଲାରେ କୁକୁଡ଼ ପକ୍ଷୀମାନଙ୍କୁ ନ୍ୟୁକାସଲ ରୋଗରୁ କିପରି ରକ୍ଷା କରିବେ?,যৱতমাল জিলাত হাঁহ-মুৰ্গীত নিউক্যাসল ৰোগ কেনেকৈ প্ৰতিৰোধ কৰিব পাৰি?,Advisory
33,33-1,Which organic fertilizer to use for tomato in Yavatmal area?,यवतमाल क्षेत्र में टमाटर के लिए कौन सा जैविक खाद उपयोग करें?,यवतमाळ भागात टोमॅटोकरिता कोणते सेंद्रिय खत वापरावे?,યવતમાળ વિસ્તારમાં ટામેટાં માટે કયું જૈવિક ખાતર વાપરવું?,യവത്മാൽ പ്രദേശത്ത് തക്കാളിക്കായി ഏത് ജൈവവളം ഉപയോഗിക്കണം?,ಯವತ್ಮಾಳ್ ಪ್ರದೇಶದಲ್ಲಿ ಟೊಮೆಟೋಗೆ ಯಾವ ಜೈವಿಕ ಗೊಬ್ಬರ ಬಳಸಬೇಕು?,யவத்மால் பகுதியில் தக்காளிக்காக எந்த இயற்கை உரத்தை பயன்படுத்த வேண்டும்?,యవత్మాల్ ప్రాంతంలో టమాటాకు ఏ సేంద్రీయ ఎరువును ఉపయోగించాలి?,ইয়াভতমাল এলাকায় টমেটোর জন্য কোন জৈব সার ব্যবহার করা উচিত?,ୟାଭତମାଳ ଅଞ୍ଚଳରେ ଟମାଟୋ ପାଇଁ କେଉଁ ଜୈବିକ ସର ବ୍ୟବହାର କରିବେ?,যাভতমাল এলেকাত টমেটোৰ বাবে কোনটো জৈৱ সাৰ ব্যৱহাৰ কৰিব?,Advisory
34,34-1,What is the eligibility for poultry farming scheme in Wardha area?,वार्धा क्षेत्र में मुर्गी पालन योजना के लिए पात्रता क्या है?,वर्धा भागातील कुक्कुटपालन योजनेसाठी पात्रता काय आहे?,વર્ધા વિસ્તારમાં કુકુટ પાલન યોજનાની પાત્રતા શું છે?,വർധ മേഖലയിൽ കോഴിവളർത്തൽ പദ്ധതിക്കുള്ള യോഗ്യത എന്താണ്?,ವರ್ಧಾ ಪ್ರದೇಶದಲ್ಲಿ ಕೋಳಿ ಸಾಕಾಣಿಕೆ ಯೋಜನೆಗೆ ಅರ್ಹತೆ ಏನು?,வார்தா பகுதியில் கோழிப் பண்ணைத் திட்டத்திற்கான தகுதி என்ன?,వర్ధా ప్రాంతంలో పౌల్ట్రీ ఫార్మింగ్ పథకానికి అర్హత ఏమిటి?,ওয়ার্ধা এলাকায় পোলট্রি খামার প্রকল্পের জন্য যোগ্যতা কী?,ୱର୍ଧା ଅଞ୍ଚଳରେ କୁକୁଡ଼ ପାଳନ ଯୋଜନା ପାଇଁ ଯୋଗ୍ୟତା କ'ଣ?,ৱৰ্ধা এলেকাত পোল্ট্ৰি পালন আঁচনিৰ বাবে যোগ্যতা কি?,Scheme_advisory
35,35-1,What are natural enemies of whitefly on sunflower in Washim district?,वाशिम जिले में सूरजमुखी पर सफेद मक्खी के प्राकृतिक दुश्मन कौन से हैं?,वाशीम जिल्ह्यात सूर्यफुलावरील पांढरी माशीचे नैसर्गिक शत्रू कोणते आहेत?,વાશિમ જિલ્લામાં સૂર્યમુખી પર સફેદમાખીના કુદરતી શત્રુઓ કયા છે?,വാഷിം ജില്ലയിൽ സൂര്യകാന്തിയിൽ വൈറ്റ്ഫ്ലൈയുടെ സ്വാഭാവിക ശത്രുക്കൾ എന്തൊക്കെയാണ്?,ವಾಶಿಂ ಜಿಲ್ಲೆಯಲ್ಲಿ ಸೂರ್ಯಕಾಂತಿಯ ಮೇಲೆ ಬಿಳಿ ನೊಣದ ನೈಸರ್ಗಿಕ ಶತ್ರುಗಳು ಯಾವುವು?,வாஷிம் மாவட்டத்தில் சூரியகாந்திப் பயிரில் வெள்ளை ஈயின் இயற்கை எதிரிகள் என்ன?,వాషిమ్ జిల్లాలో సూర్యకాంతిపై తెల్ల ఈగ సహజ శత్రువులు ఏవి?,ওয়াশিম জেলায় সূর্যমুখীতে সাদা মাছির প্রাকৃতিক শত্রু কী কী?,ୱାଶିମ ଜିଲ୍ଲାରେ ସୂର୍ଯ୍ୟମୁଖୀରେ ଶ୍ୱେତମକ୍ଷୀର ପ୍ରାକୃତିକ ଶତ୍ରୁ କେଉଁଗୁଡ଼ିକ ଅଛି?,ওয়াশিম জিলাত সূৰ্যমুখীত হোৱাইটফ্লাইৰ প্ৰাকৃতিক শত্ৰুসমূহ কি কি?,Advisory
36,36-1,What are the current market prices for potatoes in Kochi today?,कोच्चि में आज आलू के लिए वर्तमान बाजार मूल्य क्या हैं?,कोच्चीमध्ये आज बटाट्यांचे सध्याचे बाजारभाव काय आहेत?,આજે કોચીમાં બટાકાના વર્તમાન બજાર ભાવ શું છે?,ഇന്ന് കൊച്ചിയിലെ ഉരുളക്കിഴങ്ങിന്റെ നിലവിലെ വിപണി വില എത്രയാണ്?,ಇಂದು ಕೊಚ್ಚಿಯಲ್ಲಿ ಆಲೂಗಡ್ಡೆಯ ಪ್ರಸ್ತುತ ಮಾರುಕಟ್ಟೆ ಬೆಲೆಗಳು ಯಾವುವು?,இன்று கொச்சியில் உருளைக்கிழங்கின் தற்போதைய சந்தை விலைகள் என்ன?,ఈరోజు కొచ్చిలో బంగాళాదుంపల ప్రస్తుత మార్కెట్ ధరలు ఏమిటి?,আজ কোচিতে আলুর বর্তমান বাজারদর কত?,ଆଜି କୋଚିରେ ଆଳୁର ବର୍ତ୍ତମାନ ବଜାର ଦର କେତେ?,আজ কোচিত আলুৰ বৰ্তমান বজাৰ মূল্য কিমান?,Mandi_prices
37,37-1,Will it rain tomorrow in Akola district?,क्या कल अकोला जिले में बारिश होगी?,उद्या अकोला जिल्ह्यात पाऊस पडेल का?,આવતીકાલે અકોલા જિલ્લામાં વરસાદ પડશે?,നാളെ അകോള ജില്ലയിൽ മഴ പെയ്യുമോ?,ಆಕೋಲಾ ಜಿಲ್ಲೆಯಲ್ಲಿ ನಾಳೆ ಮಳೆ ಬರುತ್ತದೆಯೇ?,அகோலா மாவட்டத்தில் நாளை மழை பெய்யுமா?,ఆకోలా జిల్లాలో రేపు వర్షం పడుతుందా?,আগামীকাল আকোলা জেলায় কি বৃষ্টি হবে?,ଆସନ୍ତାକାଲି ଅକୋଲା ଜିଲ୍ଲାରେ ବର୍ଷା ହେବ କି?,অকোলা জিলাত কাইলৈ বৰষুণ হ’ব নেকি?,Weather_Forecast
38,38-1,Suggest fertilizer schedule for orange in Amravati area.,अमरावती क्षेत्र में संतरे के लिए उर्वरक कार्यक्रम सुझाएं।,अमरावती भागातील संत्र्यासाठी खत वेळापत्रक सुचवा.,અમરાવતી વિસ્તારમાં નારંગી માટે ખાતર કાર્યક્રમ સૂચવો.,അമരാവതി പ്രദേശത്തെ ഓറഞ്ചിന് വളപ്രയോഗ ഷെഡ്യൂൾ നിർദേശിക്കുക.,ಅಮರಾವತಿ ಪ್ರದೇಶದಲ್ಲಿ ಕಿತ್ತಳೆಗಾಗಿ ಗೊಬ್ಬರ ವೇಳಾಪಟ್ಟಿ ಸೂಚಿಸಿ.,அமராவதி பகுதியில் ஆரஞ்சு பயிருக்கான உர திட்டத்தை பரிந்துரைக்கவும்.,అమరావతి ప్రాంతంలో నారింజకు ఎరువుల షెడ్యూల్ సూచించండి.,অমরাবতী অঞ্চলে কমলার জন্য সার প্রয়োগের সময়সূচি সুপারিশ করুন।,ଅମରାବତୀ ଅଞ୍ଚଳ ପାଇଁ କମଳା ପାଇଁ ଖାଦ୍ୟସାର ତାଲିକା ସୁପାରିଶ କରନ୍ତୁ।,আমৰাৱতী অঞ্চলৰ বাবে কমলাৰ সাৰ প্ৰয়োগ সূচী পৰামৰ্শ কৰক।,Advisory
39,39-1,What is the right time for pearl millet planting in Beed district?,बीड जिले में बाजरा लगाने का सही समय क्या है?,बीड जिल्ह्यात बाजरीची लागवड करण्यासाठी योग्य वेळ कोणती आहे?,બીડ જિલ્લામાં બાજરી વાવણી માટે યોગ્ય સમય કયો છે?,ബീഡ് ജില്ലയിൽ പിയർൾ മില്ലറ്റ് നട്ടുപിടിപ്പിക്കാൻ ശരിയായ സമയം ഏതാണ്?,ಬೀಡ್ ಜಿಲ್ಲೆಯಲ್ಲಿ ಸಜ್ಜೆ ಬಿತ್ತನೆಗೆ ಸರಿಯಾದ ಸಮಯ ಯಾವುದು?,பீட் மாவட்டத்தில் முத்துச் சோளம் நடவு செய்ய சரியான நேரம் எது?,బీడ్ జిల్లాలో పెర్ల్ మిల్లెట్ విత్తడానికి సరైన సమయం ఏమిటి?,বীড জেলায় বাজরা চাষের সঠিক সময় কখন?,ବିଡ୍ ଜିଲ୍ଲାରେ ବାଜରା ଚାଷ ପାଇଁ ସଠିକ୍ ସମୟ କେବେ?,বীড জিলাত পাৰ্ল মিলেট ৰোপণৰ উপযুক্ত সময় কোনটো?,Advisory
40,40-1,What is the current market price for selling cotton in Mumbai mandi?,मुंबई मंडी में कपास बेचने के लिए वर्तमान बाजार मूल्य क्या है?,मुंबई मंडीत कापूस विकण्यासाठी सध्याचा बाजारभाव काय आहे?,મુંબઈ મંડીમાં કપાસ વેચવાનો વર્તમાન બજાર ભાવ શું છે?,മുംബൈ മണ്ടിയിൽ പരുത്തി വിൽക്കുന്നതിനുള്ള നിലവിലെ വിപണി വില എത്രയാണ്?,ಮುಂಬೈ ಮಾರುಕಟ್ಟೆಯಲ್ಲಿ ಹತ್ತಿ ಮಾರಾಟಕ್ಕೆ ಪ್ರಸ್ತುತ ಮಾರುಕಟ್ಟೆ ಬೆಲೆ ಎಷ್ಟು?,மும்பை மண்டியில் பருத்தியை விற்பனை செய்ய தற்போதைய சந்தை விலை என்ன?,ముంబై మండీలో పత్తి అమ్మడానికి ప్రస్తుత మార్కెట్ ధర ఎంత?,মুম্বাই মান্ডিতে তুলা বিক্রির বর্তমান বাজারমূল্য কত?,ମୁମ୍ବାଇ ମଣ୍ଡିରେ କପାସ ବିକ୍ରି ପାଇଁ ବର୍ତ୍ତମାନ ବଜାର ଦର କେତେ?,মুম্বাই মণ্ডীত কপাহ বিক্ৰী কৰাৰ বৰ্তমান বজাৰ মূল্য কিমান?,Mandi_prices
41,41-1,What is the current price of tapioca in Chandigarh mandi today?,चंडीगढ़ मंडी में आज कसावा की वर्तमान कीमत क्या है?,चंडीगड मंडीत आज सध्याचा टॅपिओकाचा भाव काय आहे?,આજે ચંડીગઢ મંડીએ ટેપિયોકાનો હાલનો ભાવ શું છે?,ഇന്ന് ചണ്ഡീഗഢ് മണ്ടിയിൽ മരച്ചീനി നിലവിലെ വില എത്രയാണ്?,ಇಂದು ಚಂಡೀಗಢ ಮಂಡಿಯಲ್ಲಿ ಟಪಿಯೋಕಾದ ಪ್ರಸ್ತುತ ಬೆಲೆ ಎಷ್ಟು?,சண்டிகர் மண்டியில் இன்று மரவள்ளிக் கிழங்கின் தற்போதைய விலை என்ன?,చండీగఢ్ మండీలో నేడు టాపియోకా ప్రస్తుత ధర ఎంత?,চণ্ডীগড় মণ্ডিতে আজ কাসাভার বর্তমান দাম কত?,ଚଣ୍ଡୀଗଡ଼ ମଣ୍ଡିରେ ଆଜି କସାଭାର ବର୍ତ୍ତମାନ ଦର କେତେ?,চণ্ডীগড় মান্ডীত আজি টাপিঅ'কাৰ বৰ্তমান মূল্য কিমান?,Mandi_prices
42,42-1,What schemes are available for farmers in Hingoli district?,हिंगोली जिले में किसानों के लिए कौन-कौन सी योजनाएँ उपलब्ध हैं?,हिंगोली जिल्ह्यातील शेतकऱ्यांसाठी कोणत्या योजना उपलब्ध आहेत?,હિંગોળી જિલ્લામાં ખેડૂતો માટે કઈ યોજનાઓ ઉપલબ્ધ છે?,ഹിംഗോളി ജില്ലയിലെ കർഷകർക്ക് ലഭ്യമായ പദ്ധതികൾ ഏതെല്ലാമാണ്?,ಹಿಂಗೋಲಿ ಜಿಲ್ಲೆಯಲ್ಲಿ ರೈತರಿಗೆ ಯಾವ ಯಾವ ಯೋಜನೆಗಳು ಲಭ್ಯವಿವೆ?,ஹிங்கோலி மாவட்டத்தில் விவசாயிகளுக்குக் கிடைக்கும் திட்டங்கள் எவை?,హింగోలి జిల్లాలో రైతుల కోసం ఏ పథకాలు అందుబాటులో ఉన్నాయి?,হিঙ্গোলি জেলায় কৃষকদের জন্য কী কী প্রকল্প উপলব্ধ?,ହିଙ୍ଗୋଳୀ ଜିଲ୍ଲାର କୃଷକମାନଙ୍କ ପାଇଁ କେଉଁ କେଉଁ ଯୋଜନା ଉପଲବ୍ଧ ଅଛି?,হিঙ্গোলী জেলাত কৃষকৰ বাবে কোনবোৰ আঁচনি উপলব্ধ?,Advisory
43,43-1,What are today's rates of potato in Kozhikode mandi?,कोझीकोड मंडी में आलू के आज के दाम क्या हैं?,कोझिकोड मंडीमध्ये आज बटाट्याचे दर काय आहेत?,કોઝિકોડ મંડીમાં આજે બટાટાના દર શું છે?,കോഴിക്കോട് മണ്ടിയിൽ ഇന്ന് ഉരുളക്കിഴങ്ങിന്റെ വില എത്രയാണ്?,ಕೋಜಿಕೋಡ್ ಮಂಡಿಯಲ್ಲಿ ಇಂದಿನ ಆಲೂಗಡ್ಡೆಯ ದರಗಳು ಎಷ್ಟು?,கோழிக்கோடு மண்டியில் இன்று உருளைக்கிழங்கு விலை என்ன?,కోజికోడ్ మండీలో నేటి బంగాళాదుంప ధరలు ఏమిటి?,কোজিকোডে মান্ডিতে আজকের আলুর দর কত?,କୋଜିକୋଡ଼ ମଣ୍ଡିରେ ଆଜି ଆଳୁର ଦର କେତେ?,কোজিকোড়ে মণ্ডিত আজি আলুৰ দাম কিমান?,Mandi_prices
44,44-1,Is there a possibility of heavy rain next week in Jalgaon?,क्या अगले सप्ताह जलगांव में भारी बारिश की संभावना है?,जळगावमध्ये पुढील आठवड्यात मुसळधार पाऊस पडण्याची शक्यता आहे का?,આવતા અઠવાડિયે જલગાંવમાં ભારે વરસાદની શક્યતા છે?,ജൽഗാവിൽ അടുത്ത ആഴ്ച കനത്ത മഴയ്ക്ക് സാധ്യതയുണ്ടോ?,ಜಲ್ಗಾಂನಲ್ಲಿ ಮುಂದಿನ ವಾರ ಭಾರಿ ಮಳೆಯ ಸಾಧ್ಯತೆ ಇದೆಯೆ?,ஜல்கானில் அடுத்த வாரம் கனமழை பெய்ய வாய்ப்பு உள்ளதா?,జల్గావ్‌లో వచ్చే వారం భారీ వర్షం పడే అవకాశం ఉందా?,জলগাঁওতে কি আগামী সপ্তাহে ভারী বৃষ্টির সম্ভাবনা আছে?,ଜଳଗାଁଓରେ ଆସନ୍ତା ସପ୍ତାହରେ ଭାରି ବର୍ଷା ହେବାର ସମ୍ଭାବନା ଅଛି କି?,জলগাঁওত অহা সপ্তাহত প্ৰচণ্ড বৰষুণৰ সম্ভাৱনা আছে নেকি?,Weather_Forecast
45,45-1,What is the current price of apples today in Kozhikode mandi?,आज कोझिकोड मंडी में सेब की वर्तमान कीमत क्या है?,कोझिकोड मंडीत आज सफरचंदांचा सध्याचा दर काय आहे?,કોઝિકોડે મંડીમાં આજે સફરજનનો વર્તમાન ભાવ શું છે?,ഇന്ന് കോഴിക്കോട് മണ്ഡിയിൽ ആപ്പിളിന്റെ നിലവിലെ വില എത്രയാണ്?,ಇಂದು ಕೋಝಿಕೋಡ್ ಮಂಡಿಯಲ್ಲಿ ಸೇಬುಗಳ ಪ್ರಸ್ತುತ ಬೆಲೆ ಎಷ್ಟು?,கோழிக்கோடு மண்டியில் இன்று ஆப்பிள்களின் தற்போதைய விலை என்ன?,ఈరోజు కోజికోడ్ మండీలో ఆపిళ్ల ప్రస్తుత ధర ఎంత?,কোজিকোডে মন্ডিতে আজ আপেলের বর্তমান দাম কত?,ଆଜି କୋଜିକୋଡେ ମଣ୍ଡିରେ ସେବର ଚାଲୁଥିବା ଦର କେତେ?,কোজিকোড মাণ্ডিত আজকে আপেলৰ বৰ্তমান মূল্য কিমান?,Mandi_prices
46,46-1,What are today's rates of cotton in Kochi mandi?,कोच्चि मंडी में आज कपास के भाव क्या हैं?,कोची मंडीमध्ये आज कापसाचे दर काय आहेत?,કોચી મંડીમાં આજે કપાસના ભાવ કેટલા છે?,കൊച്ചി മണ്ടിയിൽ ഇന്ന് പരുത്തിയുടെ നിരക്കുകൾ എത്രയാണ്?,ಕೋಚಿ ಮಂಡಿಯಲ್ಲಿ ಇಂದಿನ ಹತ್ತಿಯ ದರಗಳು ಎಷ್ಟು?,கொச்சி மண்டியில் இன்று பருத்தி விலை எவ்வளவு?,కొచ్చి మండీలో నేడు పత్తి ధరలు ఎంత?,কোচি মণ্ডিতে আজ তুলার দাম কত?,କୋଚି ମଣ୍ଡିରେ ଆଜି ରୁଇର ଦର କେତେ?,কোচি মাণ্ডীত আজিৰ কপাহৰ দাম কিমান?,Mandi_prices
47,47-1,What are the symptoms of thrips on soybean in Ratnagiri?,रत्नागिरी में सोयाबीन पर थ्रिप्स के लक्षण क्या हैं?,रत्नागिरीतील सोयाबीनवर थ्रिप्सची लक्षणे कोणती आहेत?,રત્નાગિરીમાં સોયાબીન પર થ્રિપ્સના લક્ષણો શું છે?,റത്നഗിരിയിൽ സോയാബീനിൽ ത്രിപ്‌സിന്റെ ലക്ഷണങ്ങൾ എന്തൊക്കെയാണ്?,ರತ್ನಾಗಿರಿಯಲ್ಲಿ ಸೋಯಾಬೀನ್ ಮೇಲೆ ಥ್ರಿಪ್ಸ್‌ನ ಲಕ್ಷಣಗಳು ಯಾವುವು?,ரத்தநகிரியில் சோயாபீனில் த்ரிப்ஸ் தாக்குதலின் அறிகுறிகள் என்ன?,రత్నగిరిలో సోయాబీన్‌పై త్రిప్స్ లక్షణాలు ఏమిటి?,রত্নাগিরিতে সয়াবিনে থ্রিপসের লক্ষণ কী কী?,ରତ୍ନାଗିରିରେ ସୋୟାବିନରେ ଥ୍ରିପ୍ସର ଲକ୍ଷଣଗୁଡ଼ିକ କ'ଣ?,ৰত্নাগিৰীত ছয়াবিনত থ্ৰিপ্‌ছৰ লক্ষণসমূহ কি কি?,Advisory
48,48-1,When to irrigate sorghum crop in Yavatmal district?,यवतमाल जिले में ज्वार की फसल को कब सिंचाई करनी चाहिए?,यवतमाळ जिल्ह्यात ज्वारी पिकाला कधी सिंचन करावे?,યવતમાળ જિલ્લામાં જુવારના પાકને ક્યારે સિંચાઈ કરવી?,യവത്മാൽ ജില്ലയിൽ സോർഗം വിളയ്ക്ക് എപ്പോൾ ജലസേചനം നടത്തണം?,ಯವತ್ಮಾಳ್ ಜಿಲ್ಲೆಯಲ್ಲಿ ಜೋಳದ ಬೆಳೆಗೆ ನೀರಾವರಿ ಯಾವಾಗ ನೀಡಬೇಕು?,यवतमाळ जिल्ह्यात ज्वारी पिकाला केव्हा पाणी द्यावे?,యవత్మాల్ జిల్లాలో జొన్న పంటకు ఎప్పుడు నీటిపారుదల చేయాలి?,ইয়াভতমাল জেলায় সরগম ফসলে কখন সেচ দিতে হবে?,ୟାଭତମାଳ ଜିଲ୍ଲାରେ ଜୋଆର ଚାଷକୁ କେବେ ସିଚାଇ କରିବା ଉଚିତ?,যৱতমাল জিলাত জোৱাৰ শস্যক কেতিয়া সেচ দিব?,Advisory
49,49-1,Is there a possibility of hailstorm this week in Akola district?,क्या इस सप्ताह अकोला जिले में ओलावृष्टि की संभावना है?,या आठवड्यात अकोला जिल्ह्यात गारपीट होण्याची शक्यता आहे का?,આ સપ્તાહે અકોટા જિલ્લામાં કરા પડવાની શક્યતા છે?,ഈ ആഴ്ച അകോല ജില്ലയിൽ ആലിപ്പഴ മഴയ്ക്കുള്ള സാധ്യത ഉണ്ടോ?,ಈ ವಾರ ಅಕೋಲಾ ಜಿಲ್ಲೆಯಲ್ಲಿ ಮಳೆಗಲ್ಲಿನ ಸಾಧ್ಯತೆ ಇದೆಯೇ?,இந்த வாரம் அகோலா மாவட்டத்தில் ஆலங்கட்டி மழை ஏற்படும் வாய்ப்பு உள்ளதா?,ఈ వారం అకోలా జిల్లాలో వడగళ్ల వర్షం పడే అవకాశం ఉందా?,এই সপ্তাহে আকোলা জেলায় শিলাবৃষ্টি হওয়ার কোনো সম্ভাবনা আছে কি?,ଏହି ସପ୍ତାହରେ ଆକୋଲା ଜିଲ୍ଲାରେ ଶିଳାବୃଷ୍ଟି ହେବାର ସମ୍ଭାବନା ଅଛି କି?,এই সপ্তাহত আখোলা জিলাত শিলাবৃষ্টিৰ সম্ভাৱনা আছেনে?,Weather_Forecast
50,50-1,How to test germination of brinjal seeds in Akola district?,अकोला जिले में बैंगन के बीजों की अंकुरण की जांच कैसे करें?,अकोला जिल्ह्यात वांगीच्या बियांची उगवण क्षमता कशी तपासावी?,અકોલા જિલ્લામાં રીંગણાના બિયારણની અંકુરણ ક્ષમતા કેવી રીતે તપાસવી?,അക്കോള ജില്ലയിൽ വങ്കയിവിത്തുകളുടെ മുളപ്പിക്കൽ എങ്ങനെ പരിശോധിക്കാം?,ಅಕೋಲಾ ಜಿಲ್ಲೆಯಲ್ಲಿ ಬದನೆ ಬೀಜಗಳ ಮೊಳಕೆಯೊಡೆಯುವಿಕೆಯನ್ನು ಹೇಗೆ ಪರೀಕ್ಷಿಸುವುದು?,அகோலா மாவட்டத்தில் கத்தரிக்காய் விதைகளின் முளைப்புத் திறனை எவ்வாறு சோதிப்பது?,అకోలా జిల్లాలో వంకాయ విత్తనాల మొలకెత్తు శక్తిని ఎలా పరీక్షించాలి?,অকোলা জেলায় বেগুনের বীজের অঙ্কুরোদ্গম কীভাবে পরীক্ষা করবেন?,ଅକୋଲା ଜିଲ୍ଲାରେ ବାଇଗଣ ବୀଜର ଅଙ୍କୁରଣ କିପରି ପରୀକ୍ଷା କରିବେ?,অকোলা জিলাত বেঙেনা বীজৰ অংকুৰণ কেনেকৈ পৰীক্ষা কৰিব?,Advisory
51,51-1,What are today's rates of tapioca in Kozhikode mandi?,कोझीकोड मंडी में आज कसावे के क्या दाम हैं?,कोझिकोड मंडीमध्ये आज कसाव्याचे दर काय आहेत?,કોઝિકોડ મંડીમાં આજે ટેપિયોકાના દર કેટલા છે?,കോഴിക്കോട് മണ്ഡിയിൽ ഇന്നത്തെ മരച്ചീനിയുടെ നിരക്കുകൾ എന്താണ്?,ಇಂದಿನ ಕೋഴിക്കೋಡ್ ಮಂಡಿಯಲ್ಲಿ ಕಸಾವಾ ದರಗಳು ಎಷ್ಟು?,கோழிக்கோடு மண்டியில் இன்றைய மரவள்ளிக்கிழங்கு விலை என்ன?,ఈరోజు కోഴിക്കోడ్ మార్కెట్‌లో టపియోకా ధరలు ఎంత?,কোজিকোড় মাণ্ডিতে আজকের ট্যাপিওকার দর কত?,കോഴിക്കോട് മണ്ടിയിൽ ഇന്നത്തെ മരച്ചീനി നിരക്കുകൾ എത്രയാണ്?,কোজিকোডে মাণ্ডিত আজিৰ টাপিঅ’কাৰ দাম কিমান?,Mandi_prices
52,52-1,What are the current market prices for potatoes in Chandigarh mandi today?,चंडीगढ़ मंडी में आज आलू के लिए वर्तमान बाजार कीमतें क्या हैं?,चंदीगड मंडीमध्ये आज बटाट्याचे सध्याचे बाजारभाव काय आहेत?,આજે ચંદીગઢ મંડીમાં બટાકાના હાલના બજાર ભાવ શું છે?,ചണ്ഡീഗഢ് മണ്ഡിയിൽ ഇന്നത്തെ ഉരുളക്കിഴങ്ങിന്റെ നിലവിലെ വിപണി വില എത്രയാണ്?,ಚಂಡೀಗಢ ಮಂಡಿಯಲ್ಲಿ ಇಂದು ಆಲೂಗಡ್ಡೆಯ ಪ್ರಸ್ತುತ ಮಾರುಕಟ್ಟೆ ಬೆಲೆಗಳು ಯಾವುವು?,இன்று சண்டிகர் மண்டியில் உருளைக்கிழங்கின் தற்போதைய சந்தை விலைகள் என்ன?,చండీగఢ్ మండీలో ఈరోజు బంగాళాదుంపల ప్రస్తుత మార్కెట్ ధరలు ఏమిటి?,আজ চণ্ডীগড় মণ্ডিতে আলুর বর্তমান বাজারদর কত?,ଆଜି ଚଣ୍ଡୀଗଡ଼ ମଣ୍ଡିରେ ଆଳୁର ବର୍ତ୍ତମାନ ବଜାର ଦର କେତେ?,চণ্ডীগড় মান্ডীত আজি আলুৰ বৰ্তমান বজাৰ মূল্য কিমান?,Mandi_prices
53,53-1,How to apply for farm pond scheme in Gadchiroli?,गडचिरोली में फार्म पॉन्ड योजना के लिए आवेदन कैसे करें?,गडचिरोली येथे शेततळे योजनेसाठी अर्ज कसा करावा?,ગડચિરોલીમાં ફાર્મ પોન્ડ યોજના માટે કેવી રીતે અરજી કરવી?,ഗഡ്ചിറോളിയിൽ ഫാം പണ്ട് പദ്ധതിക്ക് എങ്ങനെ അപേക്ഷിക്കാം?,ಗಡಚಿರೋಲಿಯಲ್ಲಿ ಫಾರ್ಮ್ ಪಾಂಡ್ ಯೋಜನೆಗೆ ಹೇಗೆ ಅರ್ಜಿ ಸಲ್ಲಿಸಬೇಕು?,காட்சிரோலி மாவட்டத்தில் பண்ணை குளத் திட்டத்திற்கு எப்படி விண்ணப்பிப்பது?,గడ్చిరోలీలో ఫార్మ్ పాండ్ పథకానికి ఎలా దరఖాస్తు చేయాలి?,গড়চিরোলিতে ফার্ম পন্ড প্রকল্পের জন্য কীভাবে আবেদন করবেন?,ଗଡଚିରୋଲିରେ ଖେତପୋଖରୀ ଯୋଜନା ପାଇଁ କିପରି ଆବେଦନ କରିବେ?,গাডচিৰোলীত খেতিপুখুৰী আঁচনিৰ বাবে কেনেকৈ আবেদন কৰিব?,Scheme_actions
54,54-1,What care to take during flowering of banana in Chandrapur district?,चंद्रपुर जिले में केले के फूल आने के दौरान कौन-कौन सी देखभाल करनी चाहिए?,चंद्रपूर जिल्ह्यात केळीच्या फुलोऱ्याच्या काळात कोणती काळजी घ्यावी?,ચંદ્રપુર જિલ્લામાં કેળાના ફૂલ આવવાના સમય દરમિયાન કઈ કાળજી લેવી?,ചന്ദ്രപൂർ ജില്ലയിൽ വാഴയുടെ പൂക്കാലത്ത് എന്തെല്ലാം പരിചരണം എടുക്കണം?,ಚಂದ್ರಾಪುರ ಜಿಲ್ಲೆಯಲ್ಲಿ ಬಾಳೆ ಹೂ ಬೀಳುವ ಸಂದರ್ಭದಲ್ಲಿ ಯಾವ ಕಾಳಜಿ ತೆಗೆದುಕೊಳ್ಳಬೇಕು?,சந்திராபூர் மாவட்டத்தில் வாழை பூக்கும் காலத்தில் என்ன கவனம் எடுத்துக்கொள்ள வேண்டும்?,చంద్రాపూర్ జిల్లాలో అరటి పుష్పించే దశలో ఎలాంటి జాగ్రత్తలు తీసుకోవాలి?,চন্দ্রপুর জেলায় কলার ফুল আসার সময় কী কী যত্ন নিতে হবে?,ଚନ୍ଦ୍ରପୁର ଜିଲ୍ଲାରେ କଦଳୀର ଫୁଲ ଆସିବା ସମୟରେ କେଉଁ ସାବଧାନତା ନେବା ଉଚିତ?,চান্দ্ৰপুৰ জিলাত কলৰ ফুল আহোঁতে কেনেধৰণৰ যত্ন ল’ব লাগে?,Advisory
55,55-1,Should fertilizer application be postponed due to rain forecast in Chandrapur district?,क्या चंद्रपुर जिले में बारिश की भविष्यवाणी के कारण उर्वरक का उपयोग टाला जाना चाहिए?,चंद्रपूर जिल्ह्यात पावसाचा अंदाज असल्यामुळे खतांचा वापर पुढे ढकलावा का?,ચંદ્રપુર જિલ્લામાં વરસાદની આગાહીને કારણે ખાતરનો ઉપયોગ મુલતવી રાખવો જોઈએ?,ചന്ദ്രാപൂർ ജില്ലയിൽ മഴ പ്രവചനം ഉള്ളതിനാൽ വളപ്രയോഗം മാറ്റിവെക്കണോ?,ಚಂದ್ರಾಪುರ ಜಿಲ್ಲೆಯಲ್ಲಿ ಮಳೆಯ ಮುನ್ಸೂಚನೆಯಿಂದಾಗಿ ರಸಗೊಬ್ಬರ ಬಳಕೆಯನ್ನು ಮುಂದೂಡಬೇಕೇ?,சந்திரபூர் மாவட்டத்தில் மழை முன்னறிவிப்பு காரணமாக உரம் இடுவதை ஒத்திவைக்க வேண்டுமா?,చంద్రాపూర్ జిల్లాలో వర్ష సూచన కారణంగా ఎరువుల వినియోగాన్ని వాయిదా వేయాలా?,চন্দ্রপুর জেলায় বৃষ্টির পূর্বাভাসের কারণে কি সার প্রয়োগ স্থগিত করা উচিত?,ଚନ୍ଦ୍ରପୁର ଜିଲ୍ଲାରେ ବର୍ଷା ପୂର୍ବାନୁମାନ ଥିବାରୁ ସାର ପ୍ରୟୋଗ ପଛେଇ ଦିଆଯିବ କି?,চন্দ্ৰপুৰ জিলাত বৰষুণৰ পূৰ্বাভাসৰ বাবে সাৰ প্ৰয়োগ পিছুৱাই দিব লাগিব নেকি?,Weather_Forecast
56,56-1,How will the weather be for farming activities this week in Chandrapur?,इस सप्ताह चंद्रपुर में कृषि गतिविधियों के लिए मौसम कैसा रहेगा?,या आठवड्यात चंद्रपूरमध्ये शेतीच्या कामांसाठी हवामान कसे असेल?,ચંદ્રપુરમાં આ અઠવાડિયે ખેતીની પ્રવૃત્તિઓ માટે હવામાન કેવું રહેશે?,ഈ ആഴ്ച ചന്ദ്രാപുരിൽ കൃഷി പ്രവർത്തനങ്ങൾക്ക് കാലാവസ്ഥ എങ്ങനെയായിരിക്കും?,ಈ ವಾರ ಚಂದ್ರಪುರದಲ್ಲಿ ಕೃಷಿ ಚಟುವಟಿಕೆಗಳಿಗೆ ಹವಾಮಾನ ಹೇಗಿರಲಿದೆ?,இந்த வாரம் சந்திரபூரில் விவசாய நடவடிக்கைகளுக்கு வானிலை எப்படி இருக்கும்?,ఈ వారం చంద్రాపూర్‌లో వ్యవసాయ పనుల కోసం వాతావరణం ఎలా ఉంటుంది?,এই সপ্তাহে চন্দ্রপুরে কৃষিকাজের জন্য আবহাওয়া কেমন থাকবে?,ଚନ୍ଦ୍ରପୁରରେ ଏହି ସପ୍ତାହରେ କୃଷି କାର୍ଯ୍ୟକଳାପ ପାଇଁ ପାଗ କେମିତି ରହିବ?,এই সপ্তাহত চন্দ্ৰপুৰত কৃষিকাজৰ বাবে বতৰ কেনেকুৱা হ’ব?,Weather_Forecast
57,57-1,What is the seed rate for orange crop in Chandrapur?,चंद्रपुर में संतरे की फसल के लिए बीज दर क्या है?,चंद्रपूरमध्ये संत्रा पिकासाठी बियाण्याचे प्रमाण किती आहे?,ચંદ્રપુરમાં નારંગી પાક માટે બીજ દર શું છે?,ചന്ദ്രപൂരിൽ ഓറഞ്ച് വിളയ്ക്കുള്ള വിത്ത് നിരക്ക് എത്രയാണ്?,ಚಂದ್ರಾಪುರದಲ್ಲಿ ಕಿತ್ತಳೆ ಬೆಳೆಗಾಗಿ ಬಿತ್ತನೆ ದರ ಎಷ್ಟು?,சந்திரபூரில் ஆரஞ்சு பயிருக்கான விதை வீதம் என்ன?,చంద్రాపూర్‌లో నారింజ పంటకు విత్తన పరిమాణం ఎంత?,চন্দ্রপুরে কমলা ফসলের বীজের হার কত?,ଚନ୍ଦ୍ରପୁରରେ କମଳା ଚାଷ ପାଇଁ ବିଆ ହାର କେତେ?,চন্দ্ৰপুৰত কমলা খেতিৰ বাবে বীজৰ হাৰ কিমান?,Advisory
58,58-1,What are the current market prices for tapioca in Kozhikode mandi today?,कोझिकोड मंडी में आज टैपिओका के लिए वर्तमान बाजार मूल्य क्या हैं?,कोझिकोड मंडईमध्ये आज कसाव्याचे सध्याचे बाजारभाव काय आहेत?,આજે કોઝિકોડ મંડીમાં ટાપિયોકાના વર્તમાન બજાર ભાવ શું છે?,ഇന്ന് കോഴിക്കോട് മണ്ടിയിൽ മരച്ചീനി വില എത്രയാണ്?,ಇಂದು കോഴിക്കോട് ಮಂಡಿಯಲ್ಲಿ ಟಪಿಯೋಕಾದ ಪ್ರಸ್ತುತ ಮಾರುಕಟ್ಟೆ ಬೆಲೆಗಳು ಯಾವುವು?,கோழிக்கோடு மண்டியில் இன்று மரவள்ளிக்கிழங்கு விலை நிலவரம் என்ன?,ఈరోజు కోഴിക്കోడ్ మండీలో టాపియోకా ప్రస్తుత మార్కెట్ ధరలు ఎంత ఉన్నాయి?,কোজিকোড় মাণ্ডিতে আজ ট্যাপিওকার বর্তমান বাজারদর কত?,ଆଜି କୋଜିକୋଡ଼ ମଣ୍ଡିରେ ଟାପିଓକାର ବର୍ତ୍ତମାନ ବଜାର ଦର କେତେ?,কোഴിക്കോട് মাণ্ডিত আজি টপিঅ’কাৰ বৰ্তমান বজাৰ মূল্য কিমান?,Mandi_prices
59,59-1,Is the weather favorable for soybean planting in Jalgaon?,क्या जलगाँव में सोयाबीन की बुवाई के लिए मौसम अनुकूल है?,जळगावमध्ये सोयाबीन लागवडीसाठी हवामान अनुकूल आहे का?,જલગાવમાં સોયાબીન વાવેતર માટે હવામાન અનુકૂળ છે?,ജൽഗാവിൽ സോയാബീൻ നടുന്നതിനായി കാലാവസ്ഥ അനുകൂലമാണോ?,ಜಲ್ಗಾವ್‌ನಲ್ಲಿ ಸೋಯಾಬೀನ್ ಬಿತ್ತನೆಗೆ ಹವಾಮಾನ ಅನುಕೂಲಕರವಾಗಿದೆಯೆ?,ஜல்காவோனில் சோயாபீன் விதைப்பிற்கு வானிலை சாதகமாக உள்ளதா?,జల్గావ్‌లో సోయాబీన్ నాటడానికి వాతావరణం అనుకూలంగా ఉందా?,জলগাঁওয়ে সয়াবিন বপনের জন্য আবহাওয়া কি অনুকূল?,ଜଳଗାଁଓରେ ସୋୟାବିନ୍ ଚାଷ ପାଇଁ ପାଗ ଅନୁକୂଳ ଅଛି କି?,জালগাঁওত সয়াবীন ৰোপণৰ বাবে বতৰ অনুকূল নেকি?,Weather_Forecast
60,60-1,What are the current market prices for potatoes in Kozhikode mandi today?,आज कोझिकोड मंडी में आलू के लिए वर्तमान बाजार मूल्य क्या हैं?,कोझिकोड मंडीमध्ये आज बटाट्यांचे सध्याचे बाजारभाव किती आहेत?,આજે કોઝિકોડ મંડીમાં બટાકાના હાલના બજાર ભાવ શું છે?,ഇന്ന് കോഴിക്കോട് മണ്ടിയിൽ ഉരുളക്കിഴങ്ങിന്റെ നിലവിലെ വിപണി വില എത്രയാണ്?,ಇಂದು ಕೋಝಿಕ್ಕೋಡ್ ಮಂಡಿಯಲ್ಲಿ ಆಲೂಗಡ್ಡೆಯ ಪ್ರಸ್ತುತ ಮಾರುಕಟ್ಟೆ ಬೆಲೆಗಳು ಯಾವುವು?,இன்று கோழிக்கோடு மண்டியில் உருளைக்கிழங்கின் தற்போதைய சந்தை விலைகள் என்ன?,ఈరోజు కోజికోడ్ మండీలో బంగాళాదుంపల ప్రస్తుత మార్కెట్ ధరలు ఏమిటి?,আজ কোঝিকোড় মণ্ডিতে আলুর বর্তমান বাজারদর কত?,ଆଜି କୋଝିକୋଡ଼ ମଣ୍ଡିରେ ଆଳୁର ବର୍ତ୍ତମାନ ବଜାର ଦର କେତେ?,কোজিকোড মাণ্ডীত আজি আলুৰ বৰ্তমান বজাৰ দৰ কিমান?,Mandi_prices
61,61-1,How to control armyworm on chili crop in Dhule area?,धुले क्षेत्र में मिर्च की फसल पर आर्मीवॉर्म को कैसे नियंत्रित करें?,धुळे परिसरात मिरची पिकावर आर्मीवर्मचा नियंत्रण कसा करावा?,ધુલે વિસ્તારમાં મરચાંના પાકમાં આર્મીવોર્મને કેવી રીતે નિયંત્રિત કરવું?,ധൂളെ പ്രദേശത്ത് മുളക് വിളയിൽ ആർമിവോം നിയന്ത്രിക്കാൻ എങ്ങനെ?,ಧುಲೆ ಪ್ರದೇಶದಲ್ಲಿ ಮೆಣಸಿನ ಬೆಳೆ ಮೇಲೆ ಆರ್ಮಿವರ್ಮ್ ಅನ್ನು ಹೇಗೆ ನಿಯಂತ್ರಿಸಬಹುದು?,துளே பகுதியில் மிளகாய் பயிரில் படைபுழுவை எப்படிக் கட்டுப்படுத்துவது?,ధూలే ప్రాంతంలో మిరప పంటపై ఆర్మీవార్మ్‌ను ఎలా నియంత్రించాలి?,ধুলে এলাকায় মরিচ ফসলে আর্মিওয়ার্ম কীভাবে নিয়ন্ত্রণ করা যায়?,ଧୁଲେ ଅଞ୍ଚଳରେ ଲଙ୍କା ଫସଲରେ ସେନାପୋକକୁ କିପରି ନିୟନ୍ତ୍ରଣ କରିବେ?,ধুলে অঞ্চলত মৰিচৰ খেতিত আৰ্মিৱৰ্ম কেনেকৈ নিয়ন্ত্ৰণ কৰিব?,Advisory
62,62-1,What is the spraying time for stem borer on sorghum in Nandurbar area?,नंदुरबार क्षेत्र में ज्वार पर तने के कीड़े के लिए छिड़काव का समय क्या है?,नंदुरबार परिसरात ज्वारीवरील खोडकिड्यासाठी फवारणीची वेळ कोणती आहे?,નંદુરબાર વિસ્તારમાં જુવારમાં થડ કીડા માટે છંટકાવ કરવાનો સમય શું છે?,നന്ദൂർബാർ പ്രദേശത്ത് ചോളംയിൽ തണ്ട് തുരപ്പന്റെ സ്പ്രേയ് ചെയ്യാനുള്ള സമയം ഏത്?,ನಂದೂರ್ಬಾರ್ ಪ್ರದೇಶದಲ್ಲಿ ಜೋಳದಲ್ಲಿ ಕಾಂಡ ಕೊರಕೆಗೆ ಸಿಂಪಡಿಸುವ ಸಮಯ ಯಾವುದು?,நந்தூர்பார் பகுதியில் சோளம் பயிரில் தண்டு துளைப்பான் பூச்சிக்காக தெளிக்கும் நேரம் என்ன?,నందుర్బార్ ప్రాంతంలో జొన్నలో కాండపు పురుగు నియంత్రణకు స్ప్రే చేసే సమయం ఏమిటి?,নন্দুরবার এলাকায় জোয়ারে কাণ্ডছিদ্রকারীর জন্য স্প্রে করার সময় কখন?,ନନ୍ଦୁରବାର ଅଞ୍ଚଳରେ ଜ୍ୱାରରେ ତଣ୍ଡା ଭିଦ୍ରକୀଟ ପାଇଁ ସ୍ପ୍ରେ କରିବାର ସମୟ କେବେ?,নন্দুৰবাৰ অঞ্চলত জোৱাৰৰ কাণ্ড-খোৰোচা পোকৰ বাবে স্প্ৰে কৰাৰ সময় কি?,Advisory
63,63-1,How to manage weeds in chickpea crop in Nanded area?,नांदेड़ क्षेत्र में चने की फसल में杂草 को कैसे प्रबंधित करें?,नांदेड भागात हरभरा पिकामध्ये तणांचे व्यवस्थापन कसे करावे?,નાંદેડ વિસ્તારમાં ચણાની પાકમાં નિંદામણને કેવી રીતે નિયંત્રિત કરવું?,നാൻഡഡ് പ്രദേശത്ത് ചെറുപയർ വിളയിൽ കളകൾ എങ്ങനെ നിയന്ത്രിക്കാം?,ನಾಂದೇಡ್ ಪ್ರದೇಶದಲ್ಲಿ ಕಡಲೆ ಬೆಳೆಯಲ್ಲಿ ಕಳೆಗಳನ್ನು ಹೇಗೆ ನಿಯಂತ್ರಿಸಬೇಕು?,நாண்டேட் பகுதியில் கொண்டைக்கடலை பயிரில் களைகளை எவ்வாறு கட்டுப்படுத்துவது?,నాందేడ్ ప్రాంతంలో चిక్‌పీ పంటలో కలుపును ఎలా నియంత్రించాలి?,নান্দেড এলাকায় ছোলা ফসলে আগাছা কীভাবে নিয়ন্ত্রণ করবেন?,ନାନ୍ଦେଡ଼ ଅଞ୍ଚଳରେ ଚଣା ଫସଳରେ ନିରାକାରଣ କିପରି କରିବେ?,নান্দেড অঞ্চলত ছানা দালি খেতত অপতৃণ কেনেকৈ নিয়ন্ত্ৰণ কৰিব?,Advisory
64,64-1,How to apply for farm pond scheme in Nanded?,नांदेड़ में फार्म पोंड योजना के लिए आवेदन कैसे करें?,नांदेडमध्ये शेततळे योजनेसाठी अर्ज कसा करावा?,નાંદેડમાં ફાર્મ પોન્ડ યોજના માટે કેવી રીતે અરજી કરવી?,നാന്ദേഡ് ജില്ലയിൽ ഫാം പോണ്ട് പദ്ധതിക്ക് എങ്ങനെ അപേക്ഷിക്കാം?,ನಾಂದೇಡ್‌ನಲ್ಲಿ ಫಾರ್ಮ್ ಪೊಂಡ್ ಯೋಜನೆಗೆ ಹೇಗೆ ಅರ್ಜಿ ಸಲ್ಲಿಸುವುದು?,நாந்தெட்டில் பண்ணை குளம் திட்டத்துக்கு எப்படி விண்ணப்பிப்பது?,నాందేడ్‌లో ఫార్మ్ పాండ్ పథకానికి ఎలా దరఖాస్తు చేయాలి?,নান্দেডে ফার্ম পুকুর প্রকল্পের জন্য কীভাবে আবেদন করব?,ନାନ୍ଦେଡ୍‌ରେ ଖେତି ଡୋବା ଯୋଜନା ପାଇଁ କିପରି ଆବେଦନ କରିବେ?,নান্দেদত ফাৰ্ম পণ্ড আঁচনিখনৰ বাবে কেনেকৈ আবেদন কৰিব?,Scheme_actions
65,65-1,What type of soil is suitable for chili crop in Nagpur district?,नागपुर जिले में मिर्च की फसल के लिए किस प्रकार की मिट्टी उपयुक्त है?,नागपूर जिल्ह्यात मिरची पिकासाठी कोणत्या प्रकारची माती योग्य आहे?,નાગપુર જિલ્લામાં મરચાંના પાક માટે કઈ પ્રકારની માટી યોગ્ય છે?,നാഗ്പൂർ ജില്ലയിൽ മുളക് കൃഷിക്ക് അനുയോജ്യമായ മണ്ണ് ഏത് തരത്തിലുള്ളതാണ്?,ನಾಗ್ಪುರ ಜಿಲ್ಲೆಯಲ್ಲಿ ಮೆಣಸಿನಕಾಯಿ ಬೆಳೆಗೆ ಯಾವ ರೀತಿಯ ಮಣ್ಣು ಸೂಕ್ತವಾಗಿದೆ?,நாக்பூர் மாவட்டத்தில் மிளகாய் பயிருக்கு எந்த வகையான மண் பொருத்தமானது?,నాగపూర్ జిల్లాలో మిరప పంటకు ఏ రకమైన నేల అనుకూలంగా ఉంటుంది?,নাগপুর জেলায় মরিচ ফসলের জন্য কোন ধরনের মাটি উপযুক্ত?,ନାଗପୁର ଜିଲ୍ଲାରେ ଲଙ୍କା ଚାଷ ପାଇଁ କେଉଁ ପ୍ରକାରର ମାଟି ଉପଯୁକ୍ତ?,নাগপুৰ জিলাত মৰিচা খেতিৰ বাবে কোন ধৰণৰ মাটি উপযোগী?,Advisory
66,66-1,What is the eligibility for PM-KISAN in Nagpur?,नागपुर में पीएम-किसान के लिए पात्रता क्या है?,नागपूरमध्ये पीएम-किसानसाठी पात्रता काय आहे?,નાગપુરમાં પીએમ-કિસાન માટે પાત્રતા શું છે?,നാഗ്പൂരിൽ PM-KISAN-നുള്ള അർഹത എന്താണ്?,ನಾಗಪುರದಲ್ಲಿ ಪಿಎಂ-ಕಿಸಾನ್‌ಗೆ ಅರ್ಹತೆ ಏನು?,நாக்பூரில் PM-KISANக்கான தகுதி என்ன?,నాగ్‌పూర్‌లో పీఎం-కిసాన్‌కు అర్హత ఏమిటి?,নাগপুরে পিএম-কিষাণের জন্য যোগ্যতা কী?,ନାଗପୁରରେ PM-KISAN ପାଇଁ ଯୋଗ୍ୟତା କ’ଣ?,নাগপুৰত পিএম-কিষাণৰ যোগ্যতা কি?,Scheme_advisory
67,67-1,Will it rain tomorrow in Nashik district?,क्या कल नासिक जिले में बारिश होगी?,उद्याला नाशिक जिल्ह्यात पाऊस पडेल का?,નાસિક જિલ્લામાં કાલે વરસાદ પડશે?,നാളെ നാസിക് ജില്ലയിലെ മഴ പെയ്യുമോ?,ನಾಳೆ ನಾಶಿಕ್ ಜಿಲ್ಲೆಯಲ್ಲಿ ಮಳೆ ಬೀಳುತ್ತದೆಯೇ?,நாசிக் மாவட்டத்தில் நாளை மழை பெய்யுமா?,నాశిక్ జిల్లాలో రేపు వర్షం పడుతుందా?,নাসিক জেলায় কি আগামীকাল বৃষ্টি হবে?,ଆସନ୍ତାକାଲି ନାଶିକ ଜିଲ୍ଲାରେ ବର୍ଷା ହେବ କି?,নাশিক জিলাত কালি বৰষুণ হ’ব নেকি?,Weather_Forecast
68,68-1,What are the current market prices for cotton in the Bangalore market?,बंगालूरु मंडी में कपास के लिए वर्तमान बाजार मूल्य क्या हैं?,बंगळुरू बाजारात कापसाचे सध्याचे बाजारभाव काय आहेत?,બેંગલુરુ બજારમાં કપાસના વર્તમાન બજાર ભાવ શું છે?,ബാംഗളൂർ വിപണിയിലെ പരുത്തിയുടെ നിലവിലെ വിപണി വിലകൾ എന്തൊക്കെയാണ്?,ಬೆಂಗಳೂರು ಮಾರುಕಟ್ಟೆಯಲ್ಲಿ ಹತ್ತಿಯ ಇತ್ತೀಚಿನ ಮಾರುಕಟ್ಟೆ ಬೆಲೆಗಳು ಯಾವುವು?,பெங்களூரு சந்தையில் பருத்தியின் தற்போதைய சந்தை விலைகள் என்ன?,బెంగళూరు మార్కెట్‌లో పత్తికి ప్రస్తుతం మార్కెట్ ధరలు ఏమిటి?,ব্যাঙ্গালোর বাজারে তুলার বর্তমান বাজারদর কত?,ବେଙ୍ଗାଳୁରୁ ବଜାରରେ କପାସର ବର୍ତ୍ତମାନ ବଜାର ଦର କେତେ?,বেংগালুৰু বজাৰত কপাহৰ বৰ্তমান বজাৰ মূল্য কিমান?,Mandi_prices
69,69-1,What is the spraying time for root rot on chickpea in Nashik area?,नाशिक क्षेत्र में चने में जड़ सड़न के लिए छिड़काव का समय क्या है?,नाशिक परिसरात हरभऱ्यावर मुळकुज रोगासाठी फवारणीची योग्य वेळ कोणती आहे?,નાશિક વિસ્તારમાં ચણામાં મૂળ સડાને માટે છંટકાવ કરવાનો સમય કયો છે?,നാശിക് പ്രദേശത്ത് കടലയിലെ വേര്‍പുഴുവിനുള്ള തളിക്കുന്ന സമയം എന്താണ്?,ನಾಶಿಕ್ ಪ್ರದೇಶದಲ್ಲಿ ಕಡಲೆ ಬೆಳೆಯಲ್ಲಿ ಬೇರು ಕೊಳೆ ರೋಗಕ್ಕೆ ಸಿಂಪಡಿಸುವ ಸಮಯ ಯಾವುದು?,நாஷிக் பகுதியில் கொண்டைக்கடலையில் வேர் அழுகல் நோய்க்கு தெளிக்கும் நேரம் என்ன?,నాశిక్ ప్రాంతంలో శెనగలో వేరు కుళ్లు కోసం పిచికారీ చేసే సమయం ఏమిటి?,নাশিক এলাকায় ছোলার শিকড় পচা রোগের জন্য স্প্রে করার সময় কখন?,ନାଶିକ ଅଞ୍ଚଳରେ ଚଣାର ମୂଳ ପଚନ ପାଇଁ ସ୍ପ୍ରେ କରିବାର ସମୟ କଣ?,নাশিক এলেকাত চণাৰ গুটি-পচা ৰোগৰ বাবে স্প্ৰে কৰাৰ সময় কেতিয়া?,Advisory
70,70-1,How to prevent Newcastle disease in poultry in Parbhani district?,पारभणी जिले में पोल्ट्री में न्यूकैसल रोग को कैसे रोका जाए?,परभणी जिल्ह्यात कुक्कुटपालनात न्यूकॅसल रोग कसा टाळावा?,પરભણી જિલ્લામાં કૂકૂટમાં ન્યૂકાસલ રોગ કેવી રીતે અટકાવવો?,പർഭണി ജില്ലയിലെ കോഴികളിൽ ന്യൂകാസിൽ രോഗം എങ്ങനെ തടയാം?,ಪರ್ಭಣಿ ಜಿಲ್ಲೆಯಲ್ಲಿ ಕೋಳಿಗಳಲ್ಲಿ ನ್ಯೂಕ್ಯಾಸಲ್ ರೋಗವನ್ನು ಹೇಗೆ ತಡೆಯುವುದು?,பர்பனி மாவட்டத்தில் கோழிகளில் நியூகாஸில் நோயை எவ்வாறு தடுப்பது?,పార్భణి జిల్లాలో కోళ్లలో న్యూకాసిల్ వ్యాధిని ఎలా నివారించాలి?,পরভণী জেলায় পোলট্রিতে নিউক্যাসল রোগ কীভাবে প্রতিরোধ করা যায়?,ପର୍ଭାଣୀ ଜିଲ୍ଲାରେ ପୋଲ୍ଟ୍ରିରେ ନ୍ୟୁକାସଲ ରୋଗ କିପରି ରୋକିବେ?,পৰভণী জিলাত পোল্ট্ৰীত নিউকাছল ৰোগ কেনেকৈ প্ৰতিৰোধ কৰিব পাৰি?,Advisory
71,71-1,What is the current market price of tapioca in Bangalore?,बंगलौर में टापिओका की वर्तमान बाजार कीमत क्या है?,बेंगळुरूमध्ये सध्या कासाव्याचा बाजारभाव किती आहे?,બેંગલોરમાં ટેપિયોકાનો હાલનો બજારભાવ શું છે?,ബാംഗളൂരിൽ കപ്പയുടെ നിലവിലെ വിപണി വില എത്രയാണ്?,ಬೆಂಗಳೂರುದಲ್ಲಿ ಪ್ರಸ್ತುತ ಟ್ಯಾಪಿಯೋಕಾದ ಮಾರುಕಟ್ಟೆ ಬೆಲೆ ಎಷ್ಟು?,பெங்களூரில் இன்றைய மரவள்ளிக்கிழங்கு சந்தை விலை எ是多少?,బెంగళూరులో టాపియోకా ప్రస్తుత మార్కెట్ ధర ఎంత?,বেঙ্গালুরুতে ট্যাপিওকার বর্তমান বাজারদর কত?,ବାଙ୍ଗାଲୋରରେ ଟାପିଓକାର ବର୍ତ୍ତମାନ ବଜାର ଦର କେତେ?,বেংগালোৰত টেপিওকাৰ বৰ্তমান বজাৰ দাম কিমান?,Mandi_prices
72,72-1,What are the current market prices for potatoes in Kochi mandi?,कोच्चि मंडी में आलू के लिए वर्तमान बाजार मूल्य क्या हैं?,कोची मंडीमध्ये बटाट्यांचे सध्याचे बाजारभाव काय आहेत?,કોચી મંડીમાં બટાકાના હાલના બજાર ભાવ શું છે?,കൊച്ചി മണ്ടിയിൽ ഉരുളക്കിഴങ്ങിന്റെ നിലവിലെ വിപണി വിലകൾ എന്തൊക്കെയാണ്?,ಕೊಚ್ಚಿ ಮಂಡಿಯಲ್ಲಿ ಆಲೂಗಡ್ಡೆಯ ಇತ್ತೀಚಿನ ಮಾರುಕಟ್ಟೆ ಬೆಲೆಗಳು ಯಾವುವು?,கோச்சி மண்டியில் உருளைக்கிழங்கின் தற்போதைய சந்தை விலைகள் என்ன?,కొచ్చి మండీలో బంగాళాదుంపల ప్రస్తుత మార్కెట్ ధరలు ఏమిటి?,কোচি মণ্ডিতে আলুর বর্তমান বাজারদর কত?,କୋଚି ମଣ୍ଡିରେ ଆଳୁର ବର୍ତ୍ତମାନ ବଜାର ଦର କେତେ?,কোচি মণ্ডীত আলুৰ বৰ্তমান বজাৰ মূল্য কিমান?,Mandi_prices
73,73-1,What are the benefits of orchard plantation scheme in Palghar district?,पालघर जिले में बागवानी योजना के लाभ क्या हैं?,पालघर जिल्ह्यात बागायती लागवड योजनेचे फायदे काय आहेत?,પાલઘર જિલ્લામાં બગીચા વાવેતર યોજનાના ફાયદા શું છે?,പാൽഘർ ജില്ലയിൽ തോട്ടം നടീൽ പദ്ധതിയുടെ ആനുകൂല്യങ്ങൾ എന്തൊക്കെയാണ്?,ಪಾಲ್ಘರ್ ಜಿಲ್ಲೆಯಲ್ಲಿ ತೋಟಗಾರಿಕೆ ತೋಟ ಯೋಜನೆಯ ಪ್ರಯೋಜನಗಳು ಏನು?,பால்கர் மாவட்டத்தில் தோட்டப் பயிர் நடவு திட்டத்தின் நன்மைகள் என்ன?,పాలఘర్ జిల్లాలో ఉద్యాన తోటల పెంపకం పథకం వల్ల కలిగే ప్రయోజనాలు ఏమిటి?,পালঘর জেলায় বাগান বাগিচা রোপণ প্রকল্পের সুবিধাগুলি কী কী?,ପାଲଘର ଜିଲ୍ଲାରେ ବାଗିଚା ପ୍ରତିଷ୍ଠା ଯୋଜନାର ଲାଭଗୁଡ଼ିକ କ’ଣ?,পালঘৰ জিলাত উদ্যানোপণ যোজনাৰ লাভসমূহ কি কি?,Scheme_advisory
74,74-1,What will be the temperature for the next few days in Palghar area?,पालघर क्षेत्र में अगले कुछ दिनों का तापमान क्या होगा?,पालघर परिसरात पुढील काही दिवस तापमान किती असेल?,પાલઘર વિસ્તારમાં આવતા થોડા દિવસોનું તાપમાન કેવું રહેશે?,പാൽഘർ പ്രദേശത്ത് അടുത്ത കുറച്ച് ദിവസങ്ങളിൽ താപനില എങ്ങനെയിരിക്കും?,ಪಾಲ್ಘರ್ ಪ್ರದೇಶದಲ್ಲಿ ಮುಂದಿನ ಕೆಲವು ದಿನಗಳ ತಾಪಮಾನ ಹೇಗಿರುತ್ತದೆ?,பால்கர் பகுதியில் அடுத்த சில நாட்களுக்கு வெப்பநிலை எப்படி இருக்கும்?,పాల్ఘర్ ప్రాంతంలో వచ్చే కొన్ని రోజుల పాటు ఉష్ణోగ్రత ఎలా ఉంటుంది?,পালঘর এলাকায় আগামী কয়েক দিনের তাপমাত্রা কত থাকবে?,ପାଲଘର ଅଞ୍ଚଳରେ ଆଗାମୀ କିଛି ଦିନ ପାଇଁ ତାପମାତ୍ରା କେତେ ରହିବ?,পালঘৰ অঞ্চলত আগন্তুক কেইদিনৰ তাপমান কিমান হ’ব?,Weather_Forecast
75,75-1,What are the current market prices for potatoes in Kozhikode mandi?,कोझिकोड मंडी में आलू के लिए वर्तमान बाजार मूल्य क्या हैं?,कोझिकोड मंडीतील बटाट्यांचे सध्याचे बाजारभाव किती आहेत?,કોઝિકોડ મંડીમાં બટાકાના હાલના બજાર ભાવ શું છે?,കോഴിക്കോട് മണ്ടിയിൽ ഉരുളക്കിഴങ്ങിന്റെ നിലവിലെ വിപണി വിലകൾ എന്തെല്ലാം ആണ്?,ಕೋಜಿಕ್ಕೋಡ್ ಮಂಡಿಯಲ್ಲಿ ಈಗಿನ ಆಲೂಗಡ್ಡೆ ಮಾರುಕಟ್ಟೆ ಬೆಲೆಗಳು ಯಾವುವು?,கோழிக்கோடு மண்டியில் உருளைக்கிழங்கின் தற்போதைய சந்தை விலைகள் என்ன?,కోజికోడ్ మండీలో బంగాళాదుంపల ప్రస్తుత మార్కెట్ ధరలు ఏమిటి?,কোজিকোড় মাণ্ডিতে আলুর বর্তমান বাজারদর কত?,କୋଜିକୋଡେ ମଣ୍ଡିରେ ଆଳୁର ବର୍ତ୍ତମାନ ବଜାର ଦର କେତେ?,কোজিকোডে মাণ্ডীত আলুৰ বৰ্তমান বজাৰ মূল্য কিমান?,Mandi_prices
76,76-1,What should be the spacing between plants for cauliflower in Pune?,पुणे में फूलगोभी के पौधों के बीच कितनी दूरी होनी चाहिए?,पुण्यात फूलकोबीसाठी रोपांमधील अंतर किती असावे?,પુણેમાં ફૂલકોબી માટે છોડ વચ્ચેનું અંતર કેટલું રાખવું જોઈએ?,പുണെയിൽ കോളിഫ്‌ളവർ നടുന്നതിനുള്ള ചെടികൾ തമ്മിലുള്ള ഇടവേള എത്രയായിരിക്കണം?,ಪುಣೆಯಲ್ಲಿ ಹೂಕೋಸಿನ ಸಸ್ಯಗಳ ನಡುವೆ ಎಷ್ಟು ಅಂತರ ಇರಬೇಕು?,புனேயில் காலிஃபிளவருக்கான செடிகளுக்கிடையிலான இடைவெளி எவ்வளவு இருக்க வேண்டும்?,పూణేలో కాలీఫ్లవర్ మొక్కల మధ్య ఎన్ని దూరం ఉండాలి?,পুনেতে ফুলকপির জন্য গাছের মধ্যে কতটা দূরত্ব রাখা উচিত?,ପୁଣେରେ ଫୁଲକୋବି ପାଇଁ ଗଛମାନଙ୍କ ମଧ୍ୟରେ କେତେ ଦୂରତା ରଖିବା ଉଚିତ?,পুনেত ফুলকপিৰ বাবে গছৰ মাজত কিমান দূৰত্ব ৰাখিব লাগে?,Advisory
77,77-1,What are natural enemies of jassids on sunflower in Beed district?,बीड जिले में सूरजमुखी पर जासिड्स के प्राकृतिक दुश्मन कौन हैं?,बीड जिल्ह्यात सूर्यफुलावर जॅसिड्सचे नैसर्गिक शत्रू कोणते आहेत?,બીડ જિલ્લામાં સૂર્યમુખી પર જેસિડ્સના કુદરતી શત્રુઓ કયા છે?,ബീഡ് ജില്ലയിലെ സൂര്യകാന്തിയിൽ ജാസിഡുകളുടെ സ്വാഭാവിക ശത്രുക്കൾ ഏതൊക്കെയാണ്?,ಬೀಡ್ ಜಿಲ್ಲೆಯಲ್ಲಿ ಸೂರ್ಯಕಾಂತಿಯ ಮೇಲಿನ ಜ್ಯಾಸಿಡ್‌ಗಳ ನೈಸರ್ಗಿಕ ಶತ್ರುಗಳು ಯಾವುವು?,பீட் மாவட்டத்தில் சூரியகாந்தியில் ஜாஸிட்களின் இயற்கை எதிரிகள் என்ன?,బీడ్ జిల్లాలో సూర్యకాంతిలో జాసిడ్ల సహజ శత్రువులు ఏమిటి?,বিড জেলায় সূর্যমুখীতে জ্যাসিডের প্রাকৃতিক শত্রু কী কী?,ବିଡ୍ ଜିଲ୍ଲାରେ ସୂର୍ଯ୍ୟମୁଖୀ ଉପରେ ଜାସିଡ୍‌ର ପ୍ରାକୃତିକ ଶତ୍ରୁମାନେ କେଉଁମାନେ?,বিড জিলাত সূৰ্যমুখীত জাছিডৰ স্বাভাৱিক শত্ৰু কি কি?,Advisory
78,78-1,Are there special schemes for small farmers in Beed area?,बीड क्षेत्र में छोटे किसानों के लिए विशेष योजनाएँ हैं क्या?,बीड परिसरातील लहान शेतकऱ्यांसाठी विशेष योजना आहेत का?,બીડ વિસ્તારમાં નાના ખેડૂતો માટે ખાસ યોજનાઓ છે?,ബീഡ് പ്രദേശത്ത് ചെറുകിട കർഷകർക്കായി പ്രത്യേക പദ്ധതികൾ ഉണ്ടോ?,ಬೀಡ್ ಪ್ರದೇಶದಲ್ಲಿ ಸಣ್ಣ ರೈತರಿಗೆ ವಿಶೇಷ ಯೋಜನೆಗಳಿವೆಯೇ?,பீட் பகுதியில் சிறு விவசாயிகளுக்கான சிறப்பு திட்டங்கள் உள்ளனவா?,బీడ్ ప్రాంతంలో చిన్న రైతుల కోసం ప్రత్యేక పథకాలు ఉన్నాయా?,বীড় এলাকায় ক্ষুদ্র কৃষকদের জন্য কি কোনো বিশেষ প্রকল্প আছে?,ବୀଡ ଅଞ୍ଚଳର ଛୋଟ ଚାଷୀମାନଙ୍କ ପାଇଁ କିଛି ବିଶେଷ ଯୋଜନା ଅଛି କି?,বীড অঞ্চলত ক্ষুদ্ৰ কৃষকসকলৰ বাবে বিশেষ আঁচনি আছে নেকি?,Advisory
79,79-1,Is there a possibility of heavy rainfall this week in Buldhana district?,क्या इस सप्ताह बुलढाणा जिले में भारी बारिश की संभावना है?,या आठवड्यात बुलढाणा जिल्ह्यात जोरदार पावसाची शक्यता आहे का?,શું આ અઠવાડિયે બુલઢાણા જિલ્લામાં ભારે વરસાદની શક્યતા છે?,ഈ ആഴ്ച ബുൽധാന ജില്ലയിൽ ശക്തമായ മഴയ്ക്ക് സാധ്യതയുണ്ടോ?,ಈ ವಾರ ಬುಲ್ಧಾನಾ ಜಿಲ್ಲೆಯಲ್ಲಿ ಭಾರಿ ಮಳೆಯ ಸಾಧ್ಯತೆ ಇದೆಯೆ?,இந்த வாரம் புல்தானா மாவட்டத்தில் கனமழை பெய்ய வாய்ப்புள்ளதா?,ఈ వారం బుల్ధానా జిల్లాలో భారీ వర్షాలు పడే అవకాశం ఉందా?,এই সপ্তাহে বুলধানা জেলায় ভারী বৃষ্টিপাতের সম্ভাবনা আছে কি?,ଏହି ସପ୍ତାହରେ ବୁଲ୍ଧାଣା ଜିଲ୍ଲାରେ ଭାରି ବର୍ଷାର ସମ୍ଭାବନା ଅଛି କି?,এই সপ্তাহত বুলঢানা জিলাত প্ৰচণ্ড বৰষুণ হোৱাৰ সম্ভাৱনা আছেনে?,Weather_Forecast
80,80-1,What are the current market prices for apples in the Kochi market?,कोच्चि मंडी में सेब की वर्तमान बाजार कीमतें क्या हैं?,कोची बाजारातील सफरचंदांचे सध्याचे बाजारभाव काय आहेत?,કોચી બજારમાં સફરજનના હાલના બજાર ભાવ કેટલા છે?,കൊച്ചി വിപണിയിലെ ആപ്പിളിന്റെ നിലവിലെ വിപണി വില എത്രയാണ്?,ಕೊಚ್ಚಿ ಮಾರುಕಟ್ಟೆಯಲ್ಲಿ ಆಪಲ್‌ಗಳ ಪ್ರಸ್ತುತ ಮಾರುಕಟ್ಟೆ ಬೆಲೆಗಳು ಯಾವುವು?,கொச்சி சந்தையில் ஆப்பிள்களின் தற்போதைய சந்தை விலைகள் என்ன?,కొచ్చి మార్కెట్‌లో ఆపిల్లల ప్రస్తుత మార్కెట్ ధరలు ఎంత ఉన్నాయి?,কোচি বাজারে আপেলের বর্তমান বাজারদর কত?,କୋଚି ବଜାରରେ ସେବର ବର୍ତ୍ତମାନ ବଜାର ଦର କେତେ?,কোচি বজাৰত আপেলৰ বৰ্তমানৰ বজাৰ মূল্য কিমান?,Mandi_prices
81,81-1,What are the current market prices for apples in Chandigarh today?,चंडीगढ़ में आज सेब के लिए वर्तमान बाजार मूल्य क्या हैं?,चंडीगढमध्ये आज सफरचंदांचे सध्याचे बाजारभाव काय आहेत?,ચંદીગઢમાં આજે સફરજનના વર્તમાન બજાર ભાવ શું છે?,ചണ്ഡീഗഢിൽ ഇന്ന് ആപ്പിളുകളുടെ നിലവിലെ വിപണി വില എത്രയാണ്?,ಚಂಡೀಗಢದಲ್ಲಿ ಇಂದು ಸೇಬುಗಳ ಪ್ರಸ್ತುತ ಮಾರುಕಟ್ಟೆ ಬೆಲೆಗಳು ಯಾವುವು?,இன்று சண்டிகரில் ஆப்பிள்களின் தற்போதைய சந்தை விலை என்ன?,చండీగఢ్‌లో నేడు ఆపిళ్ల ప్రస్తుత మార్కెట్ ధరలు ఎంత ఉన్నాయి?,চণ্ডীগড়ে আজ আপেলের বর্তমান বাজারদর কত?,ଚଣ୍ଡୀଗଡ଼ରେ ଆଜି ସେବର ବର୍ତ୍ତମାନ ବଜାର ଦର କେତେ?,চণ্ডীগড়ত আজি আপেলৰ বৰ্তমান বজাৰ মূল্য কিমান?,Mandi_prices
82,82-1,What will be the wind speed for the next few days in Bhandara area?,भंडारा क्षेत्र में अगले कुछ दिनों के लिए हवा की गति क्या होगी?,भंडारा परिसरात पुढील काही दिवस वाऱ्याचा वेग किती असेल?,ભંડારા વિસ્તારમાં આગામી થોડા દિવસોમાં પવનની ગતિ કેટલી રહેશે?,ഭണ്ഡാര പ്രദേശത്ത് അടുത്ത കുറച്ച് ദിവസങ്ങളിൽ കാറ്റിന്റെ വേഗം എത്രയായിരിക്കും?,ಭಂಡಾರ ಪ್ರದೇಶದಲ್ಲಿ ಮುಂದಿನ ಕೆಲವು ದಿನಗಳಲ್ಲಿ ಗಾಳಿಯ ವೇಗ ಎಷ್ಟು ಇರಲಿದೆ?,பண்டாரா பகுதியில் அடுத்த சில நாட்களுக்கு காற்றின் வேகம் எவ்வளவு இருக்கும்?,భండారా ప్రాంతంలో రాబోయే కొన్ని రోజుల పాటు గాలి వేగం ఎంత ఉంటుంది?,ভান্ডারা এলাকায় আগামী কয়েক দিনের বাতাসের গতি কত থাকবে?,ଭାଣ୍ଡାରା ଅଞ୍ଚଳରେ ଆସନ୍ତା କିଛି ଦିନ ପାଇଁ ପବନର ଗତି କେତେ ରହିବ?,ভাণ্ডাৰা অঞ্চলত আগন্তুক কেইদিনত বতাহৰ গতি কিমান হ’ব?,Weather_Forecast
83,83-1,What are the current market prices for cotton in Bangalore?,बैंगलोर में कपास के लिए वर्तमान बाजार मूल्य क्या हैं?,बंगळूरमध्ये सध्या कापसाचे बाजारभाव काय आहेत?,બેંગલોરમાં કપાસના હાલના બજાર ભાવ શું છે?,ബെംഗളൂരുവിലെ പഞ്ഞിയുടെ നിലവിലെ വിപണി വിലകൾ എന്തൊക്കെയാണ്?,ಬೆಂಗಳೂರುದಲ್ಲಿರುವ ಹತ್ತಿಯ ಪ್ರಸ್ತುತ ಮಾರುಕಟ್ಟೆ ಬೆಲೆಗಳು ಯಾವುವು?,பெங்களூரில் பருத்தியின் தற்போதைய சந்தை விலைகள் என்ன?,బెంగళూరులో పత్తి ప్రస్తుత మార్కెట్ ధరలు ఏమిటి?,বেঙ্গালুরুতে তুলার বর্তমান বাজারমূল্য কত?,ବେଙ୍ଗାଳୁରୁରେ କପାସର ବର୍ତ୍ତମାନ ବଜାର ଦର କେତେ?,বেংগালুৰুত কপাহৰ বৰ্তমান বজাৰ মূল্য কিমান?,Mandi_prices
84,84-1,How to apply for farm pond scheme in Raigad?,रायगढ़ में फार्म पोंड योजना के लिए आवेदन कैसे करें?,रायगडमध्ये शेततळे योजनेसाठी अर्ज कसा करावा?,રાયગડમાં ફાર્મ પોન્ડ યોજના માટે કેવી રીતે અરજી કરવી?,റായ്ഗഡിൽ ഫാം പോണ്ട് പദ്ധതിക്ക് എങ്ങനെ അപേക്ഷിക്കാം?,ರಾಯಗಡದಲ್ಲಿ ಕೃಷಿ ಕೆರೆ ಯೋಜನೆಗೆ ಹೇಗೆ ಅರ್ಜಿ ಸಲ್ಲಿಸಬೇಕು?,ராய்கட் மாவட்டத்தில் பண்ணைக் குளம் திட்டத்துக்கு எப்படி விண்ணப்பிக்கலாம்?,రాయగఢ్‌లో ఫార్మ్ పాండ్ పథకానికి ఎలా దరఖాస్తు చేయాలి?,রায়গড়ে ফার্ম পুকুর প্রকল্পের জন্য কীভাবে আবেদন করবেন?,ରାୟଗଡ଼ରେ ଫାର୍ମ ପୋଣ୍ଡ ଯୋଜନା ପାଇଁ କିପରି ଆବେଦନ କରିବେ?,ৰায়গড়ত ফাৰ্ম পণ্ড আঁচনিৰ বাবে কেনেকৈ আবেদন কৰিব?,Scheme_actions
85,85-1,Is the weather favorable for crop growth this week in Latur area?,क्या इस सप्ताह लातूर क्षेत्र में फसल उगाने के लिए मौसम अनुकूल है?,या आठवड्यात लातूर परिसरात पीक वाढीसाठी हवामान अनुकूल आहे का?,લાતુર વિસ્તારમાં આ અઠવાડિયે પાકની વૃદ્ધિ માટે હવામાન અનુકૂળ છે?,ഈ ആഴ്ച ലാത്തൂർ പ്രദേശത്ത് വിളയുടെ വളർച്ചയ്ക്ക് കാലാവസ്ഥ അനുകൂലമാണോ?,ಈ ವಾರ ಲಾತೂರ್ ಪ್ರದೇಶದಲ್ಲಿ ಬೆಳೆಗಳ ಬೆಳವಣಿಗೆಗೆ ಹವಾಮಾನ ಅನುಕೂಲಕರವಾಗಿದೆಯೇ?,இந்த வாரம் லத்தூர் பகுதியில் பயிர் வளர்ச்சிக்கு வானிலை ஏற்றதாக உள்ளதா?,ఈ వారం లాతూర్ ప్రాంతంలో పంటల పెరుగుదలకు వాతావరణం అనుకూలంగా ఉందా?,লাতুর এলাকায় এই সপ্তাহে ফসলের বৃদ্ধির জন্য আবহাওয়া কি অনুকূল?,ଏହି ସପ୍ତାହରେ ଲାତୁର ଅଞ୍ଚଳରେ ଫସଲ ବୃଦ୍ଧି ପାଇଁ ପାଗ ଅନୁକୂଳ ଅଛି କି?,এই সপ্তাহত লাতুৰ অঞ্চলত শস্যৰ বৃদ্ধিৰ বাবে বতৰ অনুকূল নে?,Weather_Forecast
86,86-1,What are the benefits of orchard plantation scheme in Wardha district?,वर्धा जिले में बागवानी योजना के लाभ क्या हैं?,वर्धा जिल्ह्यातील फळबाग लागवड योजनेचे काय फायदे आहेत?,વર્ધા જિલ્લામાં બાગાયતી વાવેતર યોજનાના લાભો શું છે?,വാർധ ജില്ലയിലെ തോട്ടം കൃഷി പദ്ധതിയുടെ ഗുണങ്ങൾ എന്തൊക്കെയാണ്?,ವರ್ಧಾ ಜಿಲ್ಲೆಯಲ್ಲಿ ತೋಟಗಾರಿಕೆ ತೋಟಾರೋಪಣಾ ಯೋಜನೆಯ ಪ್ರಯೋಜನಗಳು ಯಾವುವು?,வார்தா மாவட்டத்தில் தோட்டப் பயிர் நடவு திட்டத்தின் நன்மைகள் என்ன?,వర్ధా జిల్లాలో ఉద్యానవన తోటల పథకం యొక్క ప్రయోజనాలు ఏమిటి?,ওয়ার্ধা জেলায় বাগানভিত্তিক বৃক্ষরোপণ প্রকল্পের সুবিধাগুলি কী কী?,ୱର୍ଧା ଜିଲ୍ଲାରେ ଉଦ୍ୟାନ ରୋପଣ ଯୋଜନାର ଲାଭଗୁଡ଼ିକ କଣ?,ৱৰ্ধা জিলাত উদ্যান বাগিচা ৰোপণ আঁচনিৰ লাভসমূহ কি কি?,Scheme_advisory
87,87-1,What are the current market prices for cotton in Kozhikode mandi?,कोझीकोड मंडी में कपास के लिए वर्तमान बाजार मूल्य क्या हैं?,कोझिकोडे मंडीमध्ये सध्याचे कापसाचे बाजारभाव काय आहेत?,કોઝિકોડ મંડીમાં કપાસના હાલના બજાર ભાવ શું છે?,കോഴിക്കോട് മണ്ടിയിൽ ഇപ്പോഴത്തെ പഞ്ഞി വിപണിവിലകൾ എന്തൊക്കെയാണ്?,ಕೋഴിക്കോട് ಮಂಡಿಯಲ್ಲಿ ಹತ್ತಿಯ ಪ್ರಸ್ತುತ ಮಾರುಕಟ್ಟೆ ಬೆಲೆಗಳು ಯಾವುವು?,கோழிக்கோடு மண்டியில் பருத்திக்கான தற்போதைய சந்தை விலைகள் என்ன?,కోజికోడ్ మండీలో ప్రస్తుతం పత్తి మార్కెట్ ధరలు ఏమిటి?,কোজিকোড় মাণ্ডিতে তুলার বর্তমান বাজারদর কত?,କୋଜିକୋଡ଼ ମଣ୍ଡିରେ କପାସର ବର୍ତ୍ତମାନ ବଜାର ଦର କେତେ?,কোজিকোড় মাণ্ডীত কপাহৰ বৰ্তমান বজাৰৰ মূল্য কিমান?,Mandi_prices
88,88-1,What will be the temperature for the next few days in Washim area?,वाशिम क्षेत्र में अगले कुछ दिनों का तापमान क्या होगा?,वाशिम परिसरात पुढील काही दिवस तापमान कसे असेल?,વાશિમ વિસ્તારમાં આગામી થોડા દિવસો માટે તાપમાન કેટલું રહેશે?,വാഷിം പ്രദേശത്ത് അടുത്ത കുറച്ച് ദിവസങ്ങളിലെ താപനില എങ്ങനെയിരിക്കും?,ವಾಶಿಂ ಪ್ರದೇಶದಲ್ಲಿ ಮುಂದಿನ ಕೆಲವು ದಿನಗಳಲ್ಲಿ ತಾಪಮಾನ ಹೇಗಿರುತ್ತದೆ?,வாஷிம் பகுதியில் அடுத்த சில நாட்களுக்கு வெப்பநிலை எவ்வாறு இருக்கும்?,వాషిం ప్రాంతంలో వచ్చే కొన్ని రోజుల పాటు ఉష్ణోగ్రత ఎలా ఉంటుంది?,ওয়াশিম এলাকায় আগামী কয়েক দিনের তাপমাত্রা কত থাকবে?,ୱାଶିମ୍ ଅଞ୍ଚଳରେ ଆଗାମୀ କିଛି ଦିନ ପାଇଁ ତାପମାତ୍ରା କେମିତି ରହିବ?,ওয়াশিম অঞ্চলত আগন্তুক কেইদিনত তাপমাত্রা কেনেকুৱা হ’ব?,Weather_Forecast
89,89-1,Why does buffalo milk production decrease in Sangli district?,सांगली जिले में भैंस के दूध उत्पादन में कमी क्यों आती है?,सांगली जिल्ह्यात म्हशीच्या दुधाचे उत्पादन कमी का होते?,સાંગલી જિલ્લામાં ભેંસના દૂધ ઉત્પાદન માં ઘટાડો કેમ થાય છે?,സാങ്‌ലി ജില്ലയിൽ കറവപ്പശുവിന്റെ പാൽ ഉൽപാദനം എന്തുകൊണ്ട് കുറയുന്നു?,ಸಾಂಗ್ಲಿ ಜಿಲ್ಲೆಯಲ್ಲಿ ಎಮ್ಮೆ ಹಾಲಿನ ಉತ್ಪಾದನೆ ಏಕೆ ಕಡಿಮೆಯಾಗುತ್ತದೆ?,சாங்லி மாவட்டத்தில் எருமை பால் உற்பத்தி ஏன் குறைகிறது?,సాంగ్లీ జిల్లాలో గేదె పాలు ఉత్పత్తి ఎందుకు తగ్గుతుంది?,সাংলি জেলায় মহিষের দুধ উৎপাদন কেন কমে যায়?,ସାଙ୍ଗଲି ଜିଲ୍ଲାରେ ମହିଷ ଦୁଧ ଉତ୍ପାଦନ କାହିଁକି କମିଯାଏ?,সাংলী জিলাত ম’হৰ গাখীৰ উৎপাদন কিয় হ্ৰাস পায়?,Advisory
90,90-1,What are the current market prices for potatoes in the Mumbai mandi today?,मुंबई मंडी में आज आलू के लिए वर्तमान बाजार मूल्य क्या हैं?,आज मुंबई मंडीतील बटाट्यांचे सध्याचे बाजारभाव काय आहेत?,આજે મુંબઈ મંડીમાં બટાકાના વર્તમાન બજાર ભાવ શું છે?,ഇന്ന് മുംബൈ മണ്ടിയിൽ ഉരുളക്കിഴങ്ങിന്റെ നിലവിലെ വിപണി വില എത്രയാണ്?,ಇಂದು ಮುಂಬೈ ಮಂಡಿಯಲ್ಲಿ ಆಲೂಗಡ್ಡೆಯ ಇಂದಿನ ಮಾರುಕಟ್ಟೆ ಬೆಲೆಗಳು ಯಾವುವು?,இன்று மும்பை மண்டியில் உருளைக்கிழங்கின் தற்போதைய சந்தை விலைகள் என்ன?,ఈ రోజు ముంబై మండీలో బంగాళాదుంపల ప్రస్తుత మార్కెట్ ధరలు ఏమిటి?,আজ মুম্বাই মাণ্ডিতে আলুর বর্তমান বাজারদর কত?,ଆଜି ମୁମ୍ବାଇ ମଣ୍ଡିରେ ଆଳୁର ବର୍ତ୍ତମାନ ବଜାର ଦର କେତେ?,আজ মুম্বাই মাণ্ডীত আলুৰ বৰ্তমান বজাৰ মূল্য কিমান?,Mandi_prices
91,91-1,How to improve root development of onion crop in Sangli?,सांगली में प्याज की फसल की जड़ विकास को कैसे सुधारें?,सांगलीमध्ये कांदा पिकाची मुळांची वाढ कशी सुधारावी?,સાંગલીમાં ડુંગળીના પાકમાં મૂળ વિકાસ કેવી રીતે સુધારવો?,സാംഗ്ലിയിൽ ഉള്ളി വിളയുടെ വേരിന്റെ വളർച്ച എങ്ങനെ മെച്ചപ്പെടുത്താം?,ಸಾಂಗ್ಲಿಯಲ್ಲಿ ಈರುಳ್ಳಿ ಬೆಳೆದ ಬೇರು ಅಭಿವೃದ್ಧಿಯನ್ನು ಹೇಗೆ ಸುಧಾರಿಸಬಹುದು?,சாங்லியில் வெங்காயப் பயிரின் வேர் வளர்ச்சியை எப்படி மேம்படுத்துவது?,సాంగ్లీలో ఉల్లిపాయ పంటలో వేర్ల అభివృద్ధిని ఎలా మెరుగుపరచాలి?,সাংলীতে পেঁয়াজ ফসলের শিকড়ের বিকাশ কীভাবে উন্নত করা যায়?,ସାଙ୍ଗଲିରେ ପିଆଜ ଫସଳର ମୂଳ ବିକାଶ କିପରି ଉନ୍ନତ କରିବା?,সাংলীত পিঁয়াজৰ শস্যৰ শিকড়ৰ বিকাশ কেনেকৈ উন্নত কৰিব?,Advisory
92,92-1,Is tractor subsidy scheme available in Satara?,क्या सतारा में ट्रैक्टर सब्सिडी योजना उपलब्ध है?,साताऱ्यात ट्रॅक्टर अनुदान योजना उपलब्ध आहे का?,સતારા જિલ્લામાં ટ્રેક્ટર સબસિડી યોજના ઉપલબ્ધ છે?,സത്താരയിൽ ട്രാക്ടർ സബ്സിഡി പദ്ധതി ലഭ്യമാണോ?,ಸಾತಾರಾದಲ್ಲಿ ಟ್ರ್ಯಾಕ್ಟರ್ ಸಬ್ಸಿಡಿ ಯೋಜನೆ ಲಭ್ಯವಿದೆಯೇ?,சதாராவில் டிராக்டர் மானியத் திட்டம் கிடைக்கிறதா?,సతారాలో ట్రాక్టర్ సబ్సిడీ పథకం అందుబాటులో ఉందా?,সাতারায় কি ট্র্যাক্টর ভর্তুকি প্রকল্প উপলব্ধ আছে?,ସାତାରାରେ ଟ୍ରାକ୍ଟର ସବସିଡି ଯୋଜନା ଉପଲବ୍ଧ କି?,সাতাৰাত ট্রেক্টৰ অনুদান আঁচনি উপলব্ধ নে?,Scheme_advisory
93,93-1,What will be the temperature for the next few days in Solapur area?,सोलापुर क्षेत्र में अगले कुछ दिनों का तापमान क्या होगा?,सोलापूर परिसरात पुढील काही दिवस तापमान किती असेल?,સોલાપુર વિસ્તારમાં આવતા થોડા દિવસોમાં તાપમાન કેટલું રહેશે?,സോളാപൂർ പ്രദേശത്ത് അടുത്ത കുറച്ച് ദിവസങ്ങളിൽ താപനില എങ്ങനെയായിരിക്കും?,ಸೋಲಾಪುರ ಪ್ರದೇಶದಲ್ಲಿ ಮುಂದಿನ ಕೆಲವು ದಿನಗಳ ತಾಪಮಾನ ಹೇಗಿರುತ್ತದೆ?,சோலாப்பூர் பகுதியில் அடுத்த சில நாட்களுக்கு வெப்பநிலை எவ்வளவு இருக்கும்?,సోలాపూర్ ప్రాంతంలో వచ్చే కొన్ని రోజుల్లో ఉష్ణోగ్రత ఎలా ఉండబోతుంది?,সোলাপুর এলাকায় আগামী কয়েক দিনের তাপমাত্রা কেমন থাকবে?,ସୋଲାପୁର ଅଞ୍ଚଳରେ ଆସନ୍ତା କିଛି ଦିନ ପାଇଁ ତାପମାତ୍ରା କେତେ ରହିବ?,ছোলাপুৰ অঞ্চলত আগন্তুক কেইদিনৰ তাপমান কিমান হ’ব?,Weather_Forecast
94,94-1,What equipment is included in farm mechanization scheme in Hingoli district?,हिंगोली जिले में कृषि यांत्रिकीकरण योजना में कौन-कौन से उपकरण शामिल हैं?,हिंगोली जिल्ह्यातील शेती यांत्रिकीकरण योजनेत कोणती उपकरणे समाविष्ट आहेत?,હિંગોળી જિલ્લામાં ખેતી યાંત્રિકીકરણ યોજનામાં કયો સાધન-સામગ્રીનો સમાવેશ થાય છે?,ഹിംഗോളി ജില്ലയിലെ കൃഷിയന്ത്രവൽക്കരണ പദ്ധതിയിൽ ഉൾപ്പെടുത്തിയിരിക്കുന്ന ഉപകരണങ്ങൾ എന്തെല്ലാമാണ്?,ಹಿಂಗೋಲಿ ಜಿಲ್ಲೆಯಲ್ಲಿ ಕೃಷಿ ಯಂತ್ರೀಕರಣ ಯೋಜನೆಯಲ್ಲಿ ಯಾವ ಉಪಕರಣಗಳು ಸೇರಿವೆ?,ஹிஙோலி மாவட்டத்தில் பண்ணை இயந்திரமயமாக்கல் திட்டத்தில் எந்த உபகரணங்கள் சேர்க்கப்பட்டுள்ளன?,హింగోలి జిల్లాలో వ్యవసాయ యాంత్రీకరణ పథకంలో ఏ పరికరాలు ఉన్నాయి?,হিঙ্গোলি জেলায় কৃষি যান্ত্রিকীকরণ প্রকল্পে কোন কোন সরঞ্জাম অন্তর্ভুক্ত রয়েছে?,ହିଙ୍ଗୋଲି ଜିଲ୍ଲାରେ କୃଷି ଯନ୍ତ୍ରୀକରଣ ଯୋଜନାରେ କେଉଁ ସାମଗ୍ରୀଗୁଡ଼ିକ ସମ୍ମିଳିତ ଅଛି?,হিঙোলি জিলাত খেতি যান্ত্ৰিকীকৰণ আঁচনিত কোনবোৰ সঁজুলি অন্তৰ্ভুক্ত আছে?,Scheme_advisory
95,95-1,What are natural enemies of blight on chickpea in Hingoli district?,हिंगोली जिले में चने पर फफूंद के प्राकृतिक दुश्मन कौन से हैं?,हिंगोली जिल्ह्यात हरभऱ्यावरील करपा रोगाचे नैसर्गिक शत्रू कोणते आहेत?,હિંગોળી જિલ્લામાં ચણા પરના બ્લાઇટના કુદરતી શત્રુઓ કયા છે?,ഹിംഗോളി ജില്ലയിൽ ചെറുപയറിലെ ബ്ലൈറ്റിന്റെ പ്രകൃതിദത്ത ശത്രുക്കൾ എന്തൊക്കെയാണ്?,ಹಿಂಗೋಲಿ ಜಿಲ್ಲೆಯಲ್ಲಿ ಕಡಲೆ ಬೆಳೆಯಲ್ಲಿ ಬ್ಲೈಟ್‌ಗೆ ನೈಸರ್ಗಿಕ ಶತ್ರುಗಳು ಯಾವುವು?,ஹிங்கோலி மாவட்டத்தில் கொண்டைக்கடலையில் ஏற்படும் அழுகலுக்கு இயற்கை எதிரிகள் எவை?,హింగోలి జిల్లాలో శనగలో బ్లైట్‌కు సహజ శత్రువులు ఏమిటి?,হিঙ্গোলি জেলায় ছোলার ব্লাইটের প্রাকৃতিক শত্রু কী কী?,ହିଙ୍ଗୋଲି ଜିଲ୍ଲାରେ ଚଣାର ବ୍ଲାଇଟ୍‌ର ପ୍ରାକୃତିକ ଶତ୍ରୁମାନେ କଣ କଣ?,হিংগোলী জিলাত চনাৰ ছাই ব্লাইটৰ প্ৰাকৃতিক শত্ৰুসমূহ কি কি?,Advisory
96,96-1,How to do seed treatment for maize in Washim area?,वाशिम क्षेत्र में मक्का के लिए बीज उपचार कैसे करें?,वाशीम भागात मका पिकासाठी बियाणे प्रक्रिया कशी करावी?,વાશિમ વિસ્તારમાં મકાઈ માટે બીજ ઉપચાર કેવી રીતે કરવો?,വാഷിം ജില്ലയിൽ മക്കയ്ക്കായി വിത്ത് ശോധന എങ്ങനെ ചെയ്യാം?,ವಾಶಿಮ್ ಪ್ರದೇಶದಲ್ಲಿ ಮೆಕ್ಕೆಜೋಳಕ್ಕೆ ಬೀಜ ಸಂಸ್ಕರಣೆ ಹೇಗೆ ಮಾಡುವುದು?,வாஷிம் பகுதியில் மக்காச்சோளத்திற்கு விதை சிகிச்சை எவ்வாறு செய்ய வேண்டும்?,వాషీం ప్రాంతంలో మొక్కజొన్నకు విత్తన శుద్ధి ఎలా చేయాలి?,ওয়াশিম এলাকায় ভুট্টার বীজ শোধন কীভাবে করবেন?,Washim ଅଞ୍ଚଳରେ ମକା ନିମନ୍ତେ ବିଜ ଚିକିତ୍ସା କିପରି କରିବେ?,ৱাশিম অঞ্চলত ভুট্টাৰ বীজ শোধন কেনেকৈ কৰিব?,Advisory
97,97-1,When to irrigate pearl millet crop in Amravati district?,अमरावती जिले में बाजरा फसल की सिंचाई कब करनी चाहिए?,अमरावती जिल्ह्यात बाजरी पीक कधी सिंचित करावे?,અમરાવતી જિલ્લામાં બાજરીના પાકને ક્યારે સિંચાઈ આપવી?,അമരാവതി ജില്ലയിൽ ചെറുചോളം വിളയ്ക്ക് എപ്പോൾ ജലസേചനം നടത്തണം?,ಅಮರಾವತಿ ಜಿಲ್ಲೆಯಲ್ಲಿ ಸಜ್ಜೆ ಬೆಳೆಗೆ ಯಾವಾಗ ನೀರಾವರಿ ಮಾಡಬೇಕು?,அமராவதி மாவட்டத்தில் முத்து சோளம் பயிரை எப்போது பாசனம் செய்ய வேண்டும்?,అమరావతి జిల్లాలో సజ్జ పంటకు ఎప్పుడు నీటిపారుదల చేయాలి?,অমরাবতী জেলায় পার্ল মিলেট ফসলে কখন সেচ দিতে হবে?,ଅମରାବତୀ ଜିଲ୍ଲାରେ ବାଜରା ଫସଳକୁ କେବେ ସିଚାଇ କରିବା ଉଚିତ?,আমৰাৱতী জিলাত বাজৰাৰ খেতি কেতিয়া সেচ দিব লাগে?,Advisory
98,98-1,What is the right time for maize planting in Nandurbar district?,नंदुरबार जिले में मक्का की बुवाई का सही समय क्या है?,नंदुरबार जिल्ह्यात मका लागवडीसाठी योग्य वेळ कोणता आहे?,નંદુરબાર જિલ્લામાં મકાઈ વાવણી માટે યોગ્ય સમય કયો છે?,നന്ദുർബാർ ജില്ലയിൽ മക്കച്ചോളം നടാൻ ശരിയായ സമയം ഏതാണ്?,ನಂದುರ್ಬಾರ್ ಜಿಲ್ಲೆಯಲ್ಲಿ ಜೋಳ ಬಿತ್ತನೆಗೆ ಸರಿಯಾದ ಸಮಯ ಯಾವುದು?,நந்தூர்பார் மாவட்டத்தில் மக்காச்சோளம் நடவு செய்ய சரியான காலம் எது?,నందుర్బార్ జిల్లాలో మక్కజొన్న నాటడానికి సరైన సమయం ఏమిటి?,নন্দুরবার জেলায় ভুট্টা রোপণের সঠিক সময় কখন?,ନନ୍ଦୁରବାର ଜିଲ୍ଲାରେ ମକା ଚାଷ ପାଇଁ ସଠିକ୍ ସମୟ କେବେ?,নন্দুৰবাৰ জিলাত মাকৈ ৰোপণৰ সঠিক সময় কি?,Advisory
99,99-1,What are today's rates of apples in Mumbai mandi?,मुंबई मंडी में सेब के आज के दाम क्या हैं?,मुंबई मंडीत आज सफरचंदांचे दर किती आहेत?,આજે મુંબઈ મંડીમાં સફરજનના ભાવ કેટલા છે?,മുംബൈ മണ്ടിയിലെ ഇന്ന് ആപ്പിളുകളുടെ നിരക്കുകൾ എന്താണ്?,ಮುಂಬೈ ಮಂಡಿಯಲ್ಲಿ ಇಂದಿನ ಸೇಬಿನ ದರಗಳು ಯಾವುವು?,மும்பை மண்டியில் இன்று ஆப்பிள்களின் விலை என்ன?,ముంబై మండీలో ఈరోజు యాపిళ్ల ధరలు ఎంత ఉన్నాయి?,মুম্বাই মণ্ডিতে আজ আপেলের দাম কত?,ମୁମ୍ବାଇ ମଣ୍ଡିରେ ଆଜି ସେଓର ଦର କେତେ?,মুম্বাই মণ্ডীত আজিৰ আপেলৰ দাম কিমান?,Mandi_prices
100,100-1,How to prepare soil before garlic planting in Kolhapur?,कोल्हापुर में लहसुन की बुवाई से पहले मिट्टी को कैसे तैयार करें?,कोल्हापूरमध्ये लसूण लागवडीपूर्वी मातीची तयारी कशी करावी?,કોલ્હાપુરમાં લસણ વાવવા પહેલાં માટી કેવી રીતે તૈયાર કરવી?,കൊൽഹാപൂരിൽ വെളുത്തുള്ളി നടുന്നതിന് മുമ്പ് മണ്ണ് എങ്ങനെ തയ്യാറാക്കണം?,ಕೊಲ್ಹಾಪುರದಲ್ಲಿ ಬೆಳ್ಳುಳ್ಳಿ ನೆಡುವುದಕ್ಕೂ ಮುನ್ನ ಮಣ್ಣನ್ನು ಹೇಗೆ ತಯಾರಿಸಬೇಕು?,கொல்ஹாப்பூரில் பூண்டு நடுவதற்கு முன் மண்ணை எப்படி தயார் செய்வது?,కొల్హాపూర్‌లో వెల్లుల్లి నాటే ముందు నేలను ఎలా సిద్ధం చేయాలి?,কোলহাপুরে রসুন রোপণের আগে মাটি কীভাবে প্রস্তুত করবেন?,कोल्हापूरमध्ये लसणाची लागवड करण्यापूर्वी माती कशी तयार करावी?,কলহাপুৰত লহসুন ৰোপণৰ আগতে মাটি কেনেকৈ প্ৰস্তুত কৰিব?,Advisory
101,101-1,Is insurance scheme available for sorghum crop in Washim area?,क्या वाशिम क्षेत्र में ज्वार फसल के लिए बीमा योजना उपलब्ध है?,वाशिम परिसरात ज्वारी पिकासाठी विमा योजना उपलब्ध आहे का?,વાશિમ વિસ્તારમાં જુવારના પાક માટે વીમા યોજના ઉપલબ્ધ છે?,വാഷിം പ്രദേശത്ത് സോർഗം വിളയ്‌ക്ക് ഇൻഷുറൻസ് പദ്ധതി ലഭ്യമാണോ?,ವಾಶಿಂ ಪ್ರದೇಶದಲ್ಲಿ ಜೋಳ ಬೆಳೆಗೆ ವಿಮಾ ಯೋಜನೆ ಲಭ್ಯವಿದೆಯೇ?,வாஷிம் பகுதியில் சோளம் பயிருக்கான காப்பீட்டுத் திட்டம் கிடைக்குமா?,వాషిం ప్రాంతంలో జొన్న పంటకు బీమా పథకం అందుబాటులో ఉందా?,ওয়াশিম এলাকায় কি জোয়ার ফসলের জন্য বীমা প্রকল্প উপলব্ধ আছে?,ୱାଶିମ ଅଞ୍ଚଳରେ ଜୱାର ଫସଲ ପାଇଁ ବୀମା ଯୋଜନା ଉପଲବ୍ଧ ଅଛି କି?,ৱাশিম অঞ্চলত জোৱাৰ ফচলৰ বাবে বীমা আঁচনি উপলব্ধ নেকি?,Scheme_advisory
102,102-1,When to deworm calves in Satara?,सातारा में बछड़ों को कब कीड़े मारने की दवा देनी चाहिए?,साताऱ्यात वासरांना जंतनाशक कधी द्यावे?,સાતારામાં વાછરડાંને ક્યારે કૃમિનાશક દવા આપવી?,സതാറയിൽ കിടാക്കളെ എപ്പോൾ പുഴുവിനാശിനി നൽകണം?,ಸಾತಾರಾದಲ್ಲಿ ಕರುಗಳಿಗೆ ಹುಳು ನಿವಾರಣೆ ಯಾವಾಗ ಮಾಡಬೇಕು?,சாத்தாராவில் கன்றுகளுக்கு புழு நீக்கம் எப்போது செய்ய வேண்டும்?,సతారాలో దూడలకు పురుగుమందు ఎప్పుడు ఇవ్వాలి?,সাতারায় বাছুরদের কবে কৃমিনাশক দিতে হবে?,ସାତାରାରେ ବଛଡ଼ାମାନଙ୍କୁ କେବେ କୀଟନାଶକ ଦେବା ଉଚିତ?,সাতাৰাত বাছুৰা কেতিয়া কৃমিনাশক দিয়া উচিত?,Advisory
103,103-1,What type of soil is suitable for sorghum crop in Hingoli district?,हिंगोली जिले में ज्वार की फसल के लिए किस प्रकार की मिट्टी उपयुक्त है?,हिंगोली जिल्ह्यात ज्वारी पिकासाठी कोणत्या प्रकारची माती योग्य आहे?,હિંગોળી જિલ્લામાં જુવારના પાક માટે કઈ પ્રકારની જમીન યોગ્ય છે?,ഹിംഗോളി ജില്ലയിൽ ചോളം വിളയ്ക്ക് അനുയോജ്യമായ മണ്ണിന്റെ തരം ഏതാണ്?,ಹಿಂಗೋಲಿ ಜಿಲ್ಲೆಯಲ್ಲಿ ಜೋಳ ಬೆಳೆಗಾಗಿ ಯಾವ ರೀತಿಯ ಮಣ್ಣು ಸೂಕ್ತವಾಗಿದೆ?,ஹிங்கோலி மாவட்டத்தில் சோளம் பயிருக்கு எந்த வகையான மண் பொருத்தமானது?,హింగోలి జిల్లాలో జొన్న పంటకు ఏ రకమైన నేల అనుకూలంగా ఉంటుంది?,হিংগোলি জেলায় জোয়ারের ফসলের জন্য কোন ধরনের মাটি উপযুক্ত?,ହିଙ୍ଗୋଳୀ ଜିଲ୍ଲାରେ ଜୁଆର ଫସଲ ପାଇଁ କେମିତି ମାଟି ଉପଯୁକ୍ତ ଅଟେ?,হিংগোলী জিলাত জোৱাৰ খেতিৰ বাবে কেনেধৰণৰ মাটি উপযুক্ত?,Advisory
104,104-1,How to control bollworm on sugarcane crop in Gondia area?,गोंडिया क्षेत्र में गन्ने की फसल पर बॉलवर्म को कैसे नियंत्रित करें?,गोंदिया भागात ऊस पिकावर बोंडअळीचे नियंत्रण कसे करावे?,ગોંદિયા વિસ્તારમાં શેરડીના પાકમાં બોલવોર્મને કેવી રીતે નિયંત્રિત કરવું?,ഗോണ്ടിയ പ്രദേശത്ത് കരിമ്പ് വിളയിൽ ബോൾവോം എങ്ങനെ നിയന്ത്രിക്കാം?,ಗೋಂಡಿಯಾ ಪ್ರದೇಶದಲ್ಲಿ ಕಬ್ಬಿನ ಬೆಳೆಯಲ್ಲಿ ಬೋಲ್‌ವರ್ಮ್ ಅನ್ನು ಹೇಗೆ ನಿಯಂತ್ರಿಸುವುದು?,கோண்டியா பகுதியில் கரும்பு பயிரில் காய்ப்புழுவை எவ்வாறு கட்டுப்படுத்துவது?,గోండియా ప్రాంతంలో చెరకు పంటపై బోల్‌వార్మ్‌ను ఎలా నియంత్రించాలి?,গোন্ডিয়া এলাকায় আখ ফসলে বলওয়ার্ম কীভাবে নিয়ন্ত্রণ করা যায়?,ଗୋଣ୍ଡିଆ ଅଞ୍ଚଳରେ ଆଖୁ ଚାଷରେ ବୋଲୱର୍ମ କିପରି ନିୟନ୍ତ୍ରଣ କରିବେ?,গোণ্ডিয়া অঞ্চলত আখ খেতত বলৱৰ্ম কেনেকৈ নিয়ন্ত্ৰণ কৰিব?,Advisory
105,105-1,Will the cold increase next week in Nandurbar district?,क्या अगले सप्ताह नंदुरबार जिले में ठंड बढ़ेगी?,नंदुरबार जिल्ह्यात पुढील आठवड्यात थंडी वाढेल का?,નંદુરબાર જિલ્લામાં આગામી અઠવાડિયે ઠંડી વધશે?,നന്ദുർബാർ ജില്ലയിൽ അടുത്ത ആഴ്ച തണുപ്പ് വർധിക്കുമോ?,ನಂದೂರ್ಬಾರ್ ಜಿಲ್ಲೆಯಲ್ಲಿ ಮುಂದಿನ ವಾರ ಚಳಿ ಹೆಚ್ಚಾಗುತ್ತದೆಯೇ?,நந்துர்பார் மாவட்டத்தில் அடுத்த வாரம் குளிர் அதிகரிக்குமா?,నందుర్‌బార్ జిల్లాలో వచ్చే వారం చలి పెరుగుతుందా?,নন্দুরবার জেলায় কি আগামী সপ্তাহে শীত বাড়বে?,ନନ୍ଦୁରବାର ଜିଲ୍ଲାରେ ଆସନ୍ତା ସପ୍ତାହରେ ଥଣ୍ଡା ବଢ଼ିବ କି?,নন্দুৰবাৰ জিলাত অহা সপ্তাহত ঠাণ্ডা বৃদ্ধি পাব নে?,Weather_Forecast
106,106-1,Suggest biological control for jassids on cabbage in Nandurbar area.,नंदुरबार क्षेत्र में गोभी पर जैसिड्स के लिए जैविक नियंत्रण के उपाय सुझाएँ।,नंदुरबार भागात कोबीवरील जॅसिड्ससाठी जैविक नियंत्रण सुचवा.,નંદુરબાર વિસ્તારમાં કોબી પર જાસિડ્સ માટે જૈવિક નિયંત્રણ સૂચવો.,നന്ദുർബാർ പ്രദേശത്തെ കാബേജിലെ ജാസിഡുകൾക്ക് ജൈവ നിയന്ത്രണം നിർദ്ദേശിക്കുക.,ನಂದೂರ್ಬಾರ್ ಪ್ರದೇಶದಲ್ಲಿ ಎಲೆಚೂಷಕ ಕೀಟಗಳನ್ನು (ಜ್ಯಾಸಿಡ್‌ಗಳು) ಎಲೆಕೋಸಿನಲ್ಲಿ ನಿಯಂತ್ರಿಸಲು ಜೈವಿಕ ನಿಯಂತ್ರಣವನ್ನು ಸೂಚಿಸಿ.,நந்தூர்பார் பகுதியில் முட்டைக்கோசில் ஜாஸிட்ஸ் பூச்சிகளை கட்டுப்படுத்த உயிரியல் முறைகளை பரிந்துரைக்கவும்.,నందుర్బార్ ప్రాంతంలో క్యాబేజీలో జాసిడ్స్‌ నియంత్రణకు జీవ నియంత్రణ సూచించండి.,নন্দুরবার এলাকায় বাঁধাকপিতে জ্যাসিড দমনের জন্য জৈবিক নিয়ন্ত্রণের পরামর্শ দিন।,ନନ୍ଦୁରବାର ଅଞ୍ଚଳରେ ବନ୍ଧାଗୋଭୀରେ ଜାସିଡ୍‌ ନିୟନ୍ତ୍ରଣ ପାଇଁ ଜୀବବିଜ୍ଞାନୀୟ ନିୟନ୍ତ୍ରଣ ପଦ୍ଧତି ସୁପାରିଶ କରନ୍ତୁ।,নন্দুৰবাৰ অঞ্চলত বাঁধাকপিত জাছিড নিয়ন্ত্ৰণৰ বাবে জৈৱিক নিয়ন্ত্ৰণ পদ্ধতি সাজেস্ট কৰক।,Advisory
107,107-1,Is insurance scheme available for banana crop in Parbhani area?,क्या पारभणी क्षेत्र में केले की फसल के लिए बीमा योजना उपलब्ध है?,परभणी परिसरात केळी पिकासाठी विमा योजना उपलब्ध आहे का?,પરભણી વિસ્તારમાં કેળાં પાક માટે વીમા યોજના ઉપલબ્ધ છે?,പര്ഭണി പ്രദേശത്ത് വാഴ കൃഷിക്ക് ഇൻഷുറൻസ് പദ്ധതി ലഭ്യമാണോ?,ಪರ್ಭಣಿ ಪ್ರದೇಶದಲ್ಲಿ ಬಾಳೆ ಬೆಳೆಗೆ ವಿಮಾ ಯೋಜನೆ ಲಭ್ಯವಿದೆಯೇ?,பர்பானி பகுதியில் வாழை பயிருக்கு காப்பீடு திட்டம் கிடைக்கிறதா?,పర్భణి ప్రాంతంలో అరటి పంటకు బీమా పథకం అందుబాటులో ఉందా?,পারভণী এলাকায় কলা ফসলের জন্য কি বীমা প্রকল্প উপলব্ধ আছে?,ପରଭଣୀ ଅଞ୍ଚଳରେ କଦଳୀ ଫସଲ ପାଇଁ ବୀମା ଯୋଜନା ଉପଲବ୍ଧ କି?,পৰ্ভণী এলেকাত কলা খেতিৰ বাবে বীমা আঁচনি উপলব্ধ নেকি?,Scheme_advisory
108,108-1,Is there a possibility of heavy rainfall this week in Beed district?,क्या इस सप्ताह बीड जिले में भारी बारिश की संभावना है?,या आठवड्यात बीड जिल्ह्यात मुसळधार पावसाची शक्यता आहे का?,આ અઠવાડિયે બીડ જિલ્લામાં ભારે વરસાદની શક્યતા છે?,ഈ ആഴ്ച ബീഡ് ജില്ലയിൽ കനത്ത മഴയ്ക്ക് സാധ്യതയുണ്ടോ?,ಈ ವಾರ ಬೀಡ್ ಜಿಲ್ಲೆಯಲ್ಲಿ ಭಾರಿ ಮಳೆಯಾಗುವ ಸಾಧ್ಯತೆ ಇದೆಯೇ?,இந்த வாரம் பீட் மாவட்டத்தில் கனமழை பெய்ய வாய்ப்புள்ளதா?,ఈ వారం బీడ్ జిల్లాలో భారీ వర్షం పడే అవకాశం ఉందా?,এই সপ্তাহে বীড জেলায় ভারী বৃষ্টিপাতের সম্ভাবনা আছে কি?,ଏହି ସପ୍ତାହରେ ବୀଡ୍ ଜିଲ୍ଲାରେ ଭାରୀ ବର୍ଷାର ସମ୍ଭାବନା ଅଛି କି?,এই সপ্তাহত বীড জিলাত প্ৰচুৰ বৰষুণৰ সম্ভাৱনা আছে নেকি?,Weather_Forecast
109,109-1,What is the current market price for tapioca in Mumbai mandi?,मुंबई मंडी में टापिओका की वर्तमान बाजार मूल्य क्या है?,मुंबई मंडीमध्ये सध्या टॅपिओकाचा बाजारभाव किती आहे?,મુંબઈ મંડીમાં ટેપિયોકાનો હાલનો બજાર ભાવ શું છે?,മുംബൈ മണ്ഡിയിൽ ഇപ്പോൾ മരച്ചീനി (ടാപ്പിയോക)യുടെ വിപണി വില എത്രയാണ്?,ಮುಂಬೈ ಮಂಡಿಯಲ್ಲಿ ಕಸಾವಿನ ಪ್ರಸ್ತುತ ಮಾರುಕಟ್ಟೆ ಬೆಲೆ ಎಷ್ಟು?,மும்பை மண்டியில் தற்போதைய மரவள்ளிக்கிழங்கு சந்தை விலை என்ன?,ముంబై మండీలో టాపియోకా ప్రస్తుత మార్కెట్ ధర ఎంత?,মুম্বাই মান্ডিতে ট্যাপিওকার বর্তমান বাজারদর কত?,ମୁମ୍ବାଇ ମଣ୍ଡିରେ କସାଭାର ବର୍ତ୍ତମାନ ବଜାର ଦର କେତେ?,মুম্বাই মণ্ডীত টাপিঅ’কাৰ বৰ্তমান বজাৰ মূল্য কিমান?,Mandi_prices
110,110-1,What should be the diet of milch animals in Washim district?,वाशिम जिले में दूध देने वाले जानवरों का आहार क्या होना चाहिए?,वाशिम जिल्ह्यातील दुग्धजन्य जनावरांचा आहार कसा असावा?,વાશિમ જિલ્લામાં દૂધ આપતાં પશુઓનો આહાર કેવો હોવો જોઈએ?,വാഷിം ജില്ലയിൽ പാലുത്പാദക മൃഗങ്ങളുടെ ആഹാരം എന്തായിരിക്കണം?,ವಾಶಿಮ್ ಜಿಲ್ಲೆಯಲ್ಲಿ ಹಾಲು ಕೊಡುವ ಪ್ರಾಣಿಗಳ ಆಹಾರ ಏನಾಗಿರಬೇಕು?,வாஷிம் மாவட்டத்தில் பால் தரும் விலங்குகளின் உணவுமுறை எப்படி இருக்க வேண்டும்?,వాషిమ్ జిల్లాలో పాలిచ్చే జంతువుల ఆహారం ఎలా ఉండాలి?,ওয়াশিম জেলায় দুগ্ধদানকারী পশুর খাদ্য কী হওয়া উচিত?,ୱାଶିମ ଜିଲ୍ଲାରେ ଦୁଧ ଦେଇଥିବା ପଶୁମାନଙ୍କର ଖାଦ୍ୟ କେମିତି ହେବା ଉଚିତ?,ৱাশিম জিলাৰ দুগ্ধদানকাৰী পশুৰ আহাৰ কেনে হোৱা উচিত?,Advisory
111,111-1,What are the benefits of Nanaji Deshmukh Krishi Sanjivani Yojana in Satara district?,सातारा जिले में नानाजी देशमुख कृषि संजीवनी योजना के लाभ क्या हैं?,सातारा जिल्ह्यात नानाजी देशमुख कृषी संजीवनी योजनेचे फायदे कोणते आहेत?,સતારા જિલ્લામાં નાનાજી દેશમુખ કૃષિ સંજીવની યોજનાના લાભો શું છે?,സതാര ജില്ലയിലെ നാനാജി ദേശ്മുഖ് കൃഷി സഞ്ജീവനി യോജനയുടെ ഗുണങ്ങൾ എന്തെല്ലാമാണ്?,ಸಾತಾರಾ ಜಿಲ್ಲೆಯಲ್ಲಿ ನಾನಾಜಿ ದೇಶಮುಖ ಕೃಷಿ ಸಂಜೀವನಿ ಯೋಜನೆಯ ಲಾಭಗಳು ಯಾವುವು?,சத்தாரா மாவட்டத்தில் நானாஜி தேஷ்முக் கிரிஷி சஞ்சீவனி யோஜனாவின் நன்மைகள் என்ன?,సతారా జిల్లాలో నానాజీ దేశ్‌ముఖ్ కృషి సంజీవని యోజన ప్రయోజనాలు ఏమిటి?,সাতারা জেলায় নানাজী দেশমুখ কৃষি সঞ্জীবনী যোজনার কী কী সুবিধা রয়েছে?,ସତାରା ଜିଲ୍ଲାରେ ନାନାଜୀ ଦେଶମୁଖ କୃଷି ସଞ୍ଜୀବନୀ ଯୋଜନାର ଲାଭଗୁଡ଼ିକ କ’ଣ?,সাতাৰা জিলাত নানাজী দেশমুখ কৃষি সঞ্জীৱনী যোজনাৰ লাভালাভসমূহ কি কি?,Scheme_advisory
112,112-1,Is there a government scheme for sunflower cultivation in Satara area?,क्या सतारा क्षेत्र में सूरजमुखी की खेती के लिए कोई सरकारी योजना है?,सातारा भागात सूर्यफूल लागवडीसाठी काही सरकारी योजना आहे का?,સતારા વિસ્તારમાં સૂર્યમુખી ખેતી માટે કોઈ સરકારી યોજના છે?,സത്താര പ്രദേശത്ത് സൂര്യകാന്തി കൃഷിക്കായി സർക്കാർ പദ്ധതി ഉണ്ടോ?,ಸಾತಾರಾ ಪ್ರದೇಶದಲ್ಲಿ ಸೂರ್ಯಕಾಂತಿ ಕೃಷಿಗಾಗಿ ಸರ್ಕಾರದ ಯಾವುದೇ ಯೋಜನೆ ಇದೆಯೇ?,சதாரா பகுதியில் சூரியகாந்தி பயிரிடுவதற்கு அரசுத் திட்டம் உள்ளதா?,సతారా ప్రాంతంలో సూర్యకాంతి సాగుకు ప్రభుత్వ పథకం ఉందా?,সাতারা এলাকায় সূর্যমুখী চাষের জন্য কি কোনো সরকারি প্রকল্প আছে?,ସତାରା ଅଞ୍ଚଳରେ ସୂର୍ଯ୍ୟମୁଖୀ ଚାଷ ପାଇଁ କୌଣସି ସରକାରୀ ଯୋଜନା ଅଛି କି?,সাতাৰা অঞ্চলত সূৰ্যমুখী খেতিৰ বাবে কোনো চৰকাৰী আঁচনি আছে নেকি?,Scheme_advisory
113,113-1,What is the eligibility for PM-KISAN in Amravati?,अमरावती में पीएम-किसान के लिए पात्रता क्या है?,अमरावतीमध्ये पीएम-किसानसाठी पात्रता काय आहे?,અમરાવતીમાં પીએમ-કિસાન માટે પાત્રતા શું છે?,അമരാവതിയിൽ പി.എം-കിസാൻ ലഭിക്കാൻ യോഗ്യത എന്താണ്?,ಅಮರಾವತಿಯಲ್ಲಿ ಪಿಎಂ-ಕಿಸಾನ್‌ಗೆ ಅರ್ಹತೆ ಏನು?,அமராவதியில் PM-KISAN-க்கு தகுதி என்ன?,అమరావతిలో పీఎం-కిసాన్‌కు అర్హత ఏమిటి?,আমরাবতীতে পিএম-কিষাণের জন্য যোগ্যতা কী?,ଅମରାବତୀରେ PM-KISAN ପାଇଁ ଯୋଗ୍ୟତା କ’ଣ?,অমৰাৱতীত পিএম-কিষাণৰ বাবে যোগ্যতা কি?,Scheme_advisory
114,114-1,What is the current market price for cotton in Chandigarh?,चंडीगढ़ में कपास का वर्तमान बाजार मूल्य क्या है?,चंदीगडमधील कापसाचा सध्याचा बाजारभाव काय आहे?,ચંદીગઢમાં કપાસનો હાલનો બજાર ભાવ કેટલો છે?,ചണ്ഡീഗഡിൽ പഞ്ഞിയുടെ നിലവിലെ വിപണി വില എത്രയാണ്?,ಚಂಡೀಗಢದಲ್ಲಿ ಹತ್ತಿಯ ಪ್ರಸ್ತುತ ಮಾರುಕಟ್ಟೆ ಬೆಲೆ ಎಷ್ಟು?,சண்டிகரில் பருத்தியின் தற்போதைய சந்தை விலை என்ன?,చండీగఢ్‌లో పత్తికి ప్రస్తుతం మార్కెట్ ధర ఎంత?,চণ্ডীগড়ে তুলার বর্তমান বাজারমূল্য কত?,ଚଣ୍ଡୀଗଡ଼ରେ କପାସର ବର୍ତ୍ତମାନ ବଜାର ଦର କେତେ?,চণ্ডীগড়ত কপাহৰ বৰ্তমানৰ বজাৰ মূল্য কিমান?,Mandi_prices
115,115-1,Is there a possibility of heavy rain next week in Chandrapur?,क्या अगले सप्ताह चंद्रपुर में भारी बारिश की संभावना है?,चंद्रपूरमध्ये पुढील आठवड्यात जोरदार पावसाची शक्यता आहे का?,ચંદ્રપુરમાં આવતા અઠવાડિયે ભારે વરસાદની શક્યતા છે?,ചന്ദ്രാപൂരിൽ അടുത്ത ആഴ്ച കനത്ത മഴയ്ക്കുള്ള സാധ്യതയുണ്ടോ?,ಚಂದ್ರಾಪುರದಲ್ಲಿ ಮುಂದಿನ ವಾರ ಭಾರಿ ಮಳೆಯ ಸಾಧ್ಯತೆ ಇದೆಯೇ?,சந்திரபூரில் அடுத்த வாரம் கனமழை பெய்ய வாய்ப்பு உள்ளதா?,చంద్రపూర్‌లో వచ్చే వారం భారీ వర్షం పడే అవకాశం ఉందా?,চন্দ্রপুরে আগামী সপ্তাহে ভারী বৃষ্টির সম্ভাবনা আছে কি?,ଚନ୍ଦ୍ରପୁରରେ ଆସନ୍ତା ସପ୍ତାହରେ ଭାରୀ ବର୍ଷାର ସମ୍ଭାବନା ଅଛି କି?,আহা সপ্তাহত চন্দ্ৰপুৰত মুষলধাৰা বৰষুণ হোৱাৰ সম্ভাৱনা আছে নে?,Weather_Forecast
116,116-1,What are the current market prices for selling potatoes in the Kochi market?,कोच्चि मंडी में आलू बेचने के लिए वर्तमान बाजार मूल्य क्या हैं?,कोची बाजारात बटाटे विक्रीसाठी सध्याचे बाजारभाव काय आहेत?,કોચી બજારમાં બટાટા વેચવાના હાલના બજાર ભાવ શું છે?,കൊച്ചി മാർക്കറ്റിൽ ഉരുളക്കിഴങ്ങ് വിൽക്കുന്നതിനുള്ള നിലവിലെ വിപണി വിലകൾ എന്തെല്ലാമാണ്?,ಕೊಚ್ಚಿ ಮಾರುಕಟ್ಟೆಯಲ್ಲಿ ಆಲೂಗಡ್ಡೆ ಮಾರಾಟದ ಪ್ರಸ್ತುತ ಮಾರುಕಟ್ಟೆ ಬೆಲೆಗಳು ಯಾವುವು?,கொச்சி சந்தையில் உருளைக்கிழங்கு விற்பனைக்கான தற்போதைய சந்தை விலைகள் என்ன?,కొచ్చి మార్కెట్‌లో బంగాళదుంపలను అమ్మేందుకు ప్రస్తుతం ఉన్న మార్కెట్ ధరలు ఏమిటి?,কোচি বাজারে আলু বিক্রির বর্তমান বাজারদর কত?,କୋଚି ମାର୍କେଟରେ ଆଳୁ ବିକ୍ରି ପାଇଁ ଏବେର ବଜାର ଦର କେତେ ଅଛି?,কোচি বজাৰত আলু বিক্ৰী কৰাৰ বৰ্তমান বজাৰ মূল্য কিমান?,Mandi_prices
117,117-1,Is the weather suitable for spraying on groundnut crop this week in Satara?,क्या इस सप्ताह सतारा में मूंगफली की फसल पर छिड़काव के लिए मौसम अनुकूल है?,या आठवड्यात साताऱ्यात भुईमुग पिकावर फवारणीसाठी हवामान योग्य आहे का?,આ અઠવાડિયે સતારામાં મગફળીના પાક પર છંટકાવ કરવા માટે હવામાન યોગ્ય છે?,ഈ ആഴ്ച സാതാരയിൽ നിലക്കടല വിളയിൽ തളിക്കുന്നതിന് കാലാവസ്ഥ അനുയോജ്യമാണോ?,ಈ ವಾರ ಸಾತಾರಾದಲ್ಲಿ ಶೇಂಗಾ ಬೆಳೆಗೆ ಸಿಂಪಡಣೆ ಮಾಡಲು ಹವಾಮಾನ ಸೂಕ್ತವಾಗಿದೆಯೇ?,இந்த வாரம் சாத்தாராவில் நிலக்கடலை பயிரில் தெளிப்பு செய்ய வானிலை ஏற்றதா?,ఈ వారం సతారాలో వేరుశెనగ పంటపై పిచికారీ చేయడానికి వాతావరణం అనుకూలంగా ఉందా?,এই সপ্তাহে সাতারায় চিনাবাদাম ফসলে স্প্রে করার জন্য আবহাওয়া কি উপযুক্ত?,ସାତାରାରେ ଏହି ସପ୍ତାହରେ ଭୂଇଁଚଣା ଫସଲରେ ସ୍ପ୍ରେ କରିବା ପାଇଁ ପାଗ ଉପଯୁକ୍ତ କି?,এই সপ্তাহত সাতাৰাত বাদাম খেতিত স্প্ৰে কৰাৰ বাবে বতৰ উপযোগী নে?,Weather_Forecast
118,118-1,What are the current market prices for potatoes in the Kozhikode mandi?,कोझीकोड मंडी में आलू की वर्तमान बाजार कीमतें क्या हैं?,कोझिकोड मंडीमध्ये बटाट्याचे सध्याचे बाजारभाव काय आहेत?,કોઝિકોડ મંડીમાં બટાટાના હાલના બજાર ભાવ શું છે?,കോഴിക്കോട്ട് മണ്ടിയിൽ ഉരുളക്കിഴങ്ങിന്റെ നിലവിലെ വിപണി വിലകൾ എന്താണ്?,ಕೋഴിക്കോട് ಮಂಡಿಯಲ್ಲಿ ಆಲೂಗಡ್ಡೆಯ ಪ್ರಸ್ತುತ ಮಾರುಕಟ್ಟೆ ಬೆಲೆಗಳು ಎಷ್ಟಿವೆ?,கோழிக்கோடு மண்டியில் உருளைக்கிழங்கின் தற்போதைய சந்தை விலைகள் என்ன?,కోజికోడ్ మండిలో ప్రస్తుతం బంగాళదుంపల మార్కెట్ ధరలు ఎంత ఉన్నాయి?,কোজিকোডে মন্ডিতে আলুর বর্তমান বাজারদর কত?,କୋଝିକୋଡ୍ ମଣ୍ଡିରେ ଆଳୁର ଏବେର ବଜାର ଦର କେତେ?,কোজিকোড মণ্ডীত আলুৰ বৰ্তমান বজাৰ মূল্য কিমান?,Mandi_prices
119,119-1,When to irrigate orange crop in Wardha district?,वार्धा जिले में संतरे की फसल को कब सिंचाई करनी चाहिए?,वर्धा जिल्ह्यात संत्रा पिकाला केव्हा सिंचन करावे?,વર્ધા જિલ્લામાં સંતરાના પાકને ક્યારે સિંચાઈ કરવી?,വാർധ ജില്ലയിൽ ഓറഞ്ച് വിളയ്ക്ക് എപ്പോൾ നനയ്ക്കണം?,ವರ್ಧಾ ಜಿಲ್ಲೆಯಲ್ಲಿ ಕಿತ್ತಳೆ ಬೆಳೆಗೆ ಯಾವಾಗ ನೀರಾವರಿ ಮಾಡಬೇಕು?,வர்தா மாவட்டத்தில் ஆரஞ்சு பயிருக்கு எப்போது பாசனம் செய்ய வேண்டும்?,వార్ధా జిల్లాలో నారింజ పంటకు ఎప్పుడు నీరు పెట్టాలి?,ওয়ার্ধা জেলায় কমলা ফসলে কখন সেচ দিতে হবে?,ୱର୍ଧା ଜିଲ୍ଲାରେ କମଳା ଫସଳକୁ କେବେ ସିଚାଇ କରିବା ଉଚିତ?,ৱাৰ্ধা জিলাত কমলা বাগিচাত কেতিয়া জলসিঞ্চন কৰিব?,Advisory
120,120-1,What is the treatment if cow's udder is swollen in Amravati?,अगर गाय की थन सूज गई है तो अमरावती में इलाज क्या है?,अमरावतीमध्ये गायीचे कास सुजले असल्यास त्यावर काय उपचार करावेत?,અમરાવતીમાં ગાયના થણમાં સોજો હોય તો તેનો ઉપચાર શું છે?,അമരാവതിയിൽ പശുവിന്റെ ചുണ്ടയിൽ വീക്കം ഉണ്ടെങ്കിൽ ചികിത്സ എന്താണ്?,ಅಮರಾವತಿಯಲ್ಲಿ ಹಸುವಿನ ಕೆಚ್ಚಲು ಉಬ್ಬಿದ್ದರೆ ಚಿಕಿತ್ಸೆ ಏನು?,அமராவதியில் பசுவின் மடல் வீங்கினால் என்ன சிகிச்சை?,అమరావతిలో ఆవు పొదుగు ఉబ్బి ఉంటే చికిత్స ఏమిటి?,আমরাবতীতে গরুর থন ফুলে গেলে কী চিকিৎসা করা হয়?,"ଆମରାବତୀରେ ଯଦି ଗାଈର ଥନ ଫୁଲିଯାଏ, ତେବେ ଚିକିତ୍ସା କଣ?",আমৰাৱতীত গাইৰ থুন ফুলি গ’লে কি চিকিৎসা কৰিব?,Advisory
121,121-1,What are the current market prices for potatoes in the Kozhikode mandi?,कोझीकोड मंडी में आलू के लिए वर्तमान बाजार मूल्य क्या हैं?,कोझिकोड मंडीमध्ये बटाट्यांचे सध्याचे बाजारभाव काय आहेत?,કોઝિકોડે મંડીમાં બટાટાના હાલના બજાર ભાવ શું છે?,കോഴിക്കോട് മണ്ടിയിൽ ഉരുളക്കിഴങ്ങിന്റെ നിലവിലെ വിപണി വില എത്രയാണ്?,ಕೋഴിക്കോട് ಮಂಡಿಯಲ್ಲಿ ಆಲೂಗಡ್ಡೆಯ ಪ್ರಸ್ತುತ ಮಾರುಕಟ್ಟೆ ಬೆಲೆಗಳು ಯಾವುವು?,கோழிக்கோடு மண்டியில் உருளைக்கிழங்கின் தற்போதைய சந்தை விலைகள் என்ன?,కోజికోడ్ మండి‌లో ఆలుగడ్డల ప్రస్తుత మార్కెట్ ధరలు ఏమిటి?,কোঝিকোড় মণ্ডিতে আলুর বর্তমান বাজারদর কত?,କୋଜିକୋଡେ ମଣ୍ଡିରେ ଆଳୁର ବର୍ତ୍ତମାନ ବଜାର ଦର କେତେ?,কোজিকোড় মাণ্ডিত আলুৰ বৰ্তমান বজাৰৰ দাম কিমান?,Mandi_prices
122,122-1,Which organic fertilizer to use for grapes in Gondia area?,गोंदिया क्षेत्र में अंगूर के लिए कौन सा जैविक खाद उपयोग करें?,गोंदिया परिसरात द्राक्षांसाठी कोणते सेंद्रिय खत वापरावे?,ગોંદિયા વિસ્તારમાં દ્રાક્ષ માટે કયું જૈવિક ખાતર વાપરવું?,ഗോണ്ടിയ പ്രദേശത്ത് മുന്തിരിക്ക് ഏത് ജൈവ വളം ഉപയോഗിക്കണം?,ಗೋಂಡಿಯಾ ಪ್ರದೇಶದಲ್ಲಿ ದ್ರಾಕ್ಷಿಗೆ ಯಾವ ಜೈವಿಕ ಗೊಬ್ಬರವನ್ನು ಬಳಸಬೇಕು?,கோந்தியா பகுதியில் திராட்சைக்காக எந்த இயற்கை உரத்தை பயன்படுத்த வேண்டும்?,గోండియా ప్రాంతంలో ద్రాక్షకు ఏ సేంద్రీయ ఎరువును ఉపయోగించాలి?,গোন্দিয়া অঞ্চলে আঙুরের জন্য কোন জৈব সার ব্যবহার করা উচিত?,ଗୋନ୍ଦିଆ ଅଞ୍ଚଳରେ ଅଙ୍ଗୁର ପାଇଁ କେଉଁ ଜୈବ ସାର ବ୍ୟବହାର କରିବା ଉଚିତ?,গোণ্ডিয়া অঞ্চলত আঙুৰৰ বাবে কোনটো জৈৱ সাৰ ব্যৱহাৰ কৰিব?,Advisory
123,123-1,What are the current market prices for apples in Kozhikode?,कोझीकोड में सेब के लिए वर्तमान बाजार मूल्य क्या हैं?,कोझिकोडमधील सफरचंदांचे सध्याचे बाजारभाव काय आहेत?,કોઝિકોડમાં સફરજનના વર્તમાન બજાર ભાવ શું છે?,കോഴിക്കോടിൽ ആപ്പിളിന്റെ നിലവിലെ വിപണി വിലകൾ എന്തൊക്കെയാണ്?,ಕೋഴിക്കೋಡಿನಲ್ಲಿ ಸೇಬುಗಳ ಪ್ರಸ್ತುತ ಮಾರುಕಟ್ಟೆ ಬೆಲೆಗಳು ಯಾವುವು?,கோழிக்கோட்டில் ஆப்பிள்களின் தற்போதைய சந்தை விலைகள் என்ன?,కోజికోడ్‌లో యాపిల్స్‌కు ప్రస్తుత మార్కెట్ ధరలు ఎంత ఉన్నాయి?,কোজিকোড়ে আপেলের বর্তমান বাজারদর কত?,କୋଜିକୋଡ୍‌ରେ ସେଉର ବର୍ତ୍ତମାନ ବଜାର ଦର କେତେ?,কোজিকোড়ত আপেলৰ বৰ্তমান বজাৰ মূল্য কিমান?,Mandi_prices
124,124-1,What are the current market prices for apples in the Kochi market?,कोच्चि मंडी में सेब की वर्तमान बाजार कीमतें क्या हैं?,कोची बाजारात सफरचंदांचे सध्याचे बाजारभाव काय आहेत?,કોચી બજારમાં સફરજનના વર્તમાન બજાર ભાવ શું છે?,കൊച്ചി മാർക്കറ്റിൽ ആപ്പിളിന്റെ നിലവിലെ വിപണി വില എത്രയാണ്?,ಕೊಚ್ಚಿ ಮಾರುಕಟ್ಟೆಯಲ್ಲಿ ಸೇಬುಗಳ ಪ್ರಸ್ತುತ ಮಾರುಕಟ್ಟೆ ಬೆಲೆಗಳು ಯಾವುವು?,கொச்சி சந்தையில் ஆப்பிள்களின் தற்போதைய சந்தை விலை என்ன?,కొచ్చి మార్కెట్‌లో ఆపిల్స్‌కు ప్రస్తుత మార్కెట్ ధరలు ఏమిటి?,কোচি বাজারে আপেলের বর্তমান বাজারদর কত?,କୋଚି ବଜାରରେ ଆପଲ୍‌ର ବର୍ତ୍ତମାନ ବଜାର ଦର କେତେ?,কচি বজাৰত আপেলৰ বৰ্তমান বজাৰ মূল্য কিমান?,Mandi_prices
125,125-1,How to plan water management for guava in Parbhani area?,पारभणी क्षेत्र में अमरूद के लिए जल प्रबंधन की योजना कैसे बनाएं?,परभणी परिसरात पेरूसाठी पाणी व्यवस्थापन कसे नियोजित करावे?,પરભણી વિસ્તારમાં જામફળ માટે પાણી વ્યવસ્થાપન કેવી રીતે આયોજન કરવું?,പർഭണി പ്രദേശത്ത് പേരയ്ക്കായി ജലനിർവഹണം എങ്ങനെ ആസൂത്രണം ചെയ്യാം?,ಪರ್ಭಣಿ ಪ್ರದೇಶದಲ್ಲಿ ಸೀಬೆ ಬೆಳೆಗೆ ನೀರು ನಿರ್ವಹಣೆಯನ್ನು ಹೇಗೆ ಯೋಜಿಸಬೇಕು?,பர்பணி பகுதியில் கொய்யாவிற்கு நீர் மேலாண்மையை எப்படி திட்டமிடுவது?,పర్భణి ప్రాంతంలో జామ పంటకు నీటి నిర్వహణను ఎలా ప్రణాళిక చేయాలి?,পারভানি এলাকায় পেয়ারার জন্য পানির ব্যবস্থাপনা কীভাবে পরিকল্পনা করা যায়?,ପରଭଣୀ ଅଞ୍ଚଳରେ ପିଜୁଳି ପାଇଁ ପାଣି ପରିଚାଳନା କେମିତି ପ୍ରସ୍ତୁତ କରିବେ?,পাৰ্ভণী অঞ্চলত পেয়াৰাৰ বাবে পানী ব্যৱস্থাপনা কেনেদৰে পৰিকল্পনা কৰিব?,Advisory
126,126-1,What are the current market prices for cotton in the Mumbai mandi today?,मुंबई मंडी में आज कपास के लिए वर्तमान बाजार मूल्य क्या हैं?,आज मुंबई मंडीमध्ये कापसाचे सध्याचे बाजारभाव काय आहेत?,આજે મુંબઈ મંડીમાં કપાસના વર્તમાન બજાર ભાવ શું છે?,ഇന്ന് മുംബൈ മണ്ടിയിൽ പരുത്തിയുടെ നിലവിലെ വിപണി വില എത്രയാണ്?,ಇಂದು ಮುಂಬೈ ಮಂಡಿಯಲ್ಲಿ ಹತ್ತಿಯ ಪ್ರಸ್ತುತ ಮಾರುಕಟ್ಟೆ ಬೆಲೆಗಳು ಯಾವುವು?,இன்று மும்பை மண்டியில் பருத்தியின் தற்போதைய சந்தை விலைகள் என்ன?,ఈ రోజు ముంబై మండీలో పత్తి ప్రస్తుత మార్కెట్ ధరలు ఎంత?,আজ মুম্বাই মান্ডিতে তুলার বর্তমান বাজারদর কত?,ଆଜି ମୁମ୍ବାଇ ମଣ୍ଡିରେ କପାସର ବର୍ତ୍ତମାନ ବଜାର ଦର କେତେ?,মুম্বাই মাণ্ডীত আজকে কপাহৰ বৰ্তমান বজাৰ দৰ কিমান?,Mandi_prices
127,127-1,When to do mulching for wheat in Palghar?,पालघर में गेहूं के लिए मल्चिंग कब करनी चाहिए?,पालघरमध्ये गव्हासाठी मल्चिंग कधी करावे?,પાલઘરમાં ઘઉં માટે મલ્ચિંગ ક્યારે કરવું?,പാൽഘറിൽ ഗോതമ്പിന് മൾച്ചിംഗ് എപ്പോൾ ചെയ്യണം?,ಪಾಲ್ಘರ್‌ನಲ್ಲಿ ಗೋಧಿಗೆ ಮಲ್ಚಿಂಗ್ ಯಾವಾಗ ಮಾಡಬೇಕು?,பால்கரில் கோதுமைக்கு மல்சிங் எப்போது செய்ய வேண்டும்?,పాల్ఘర్‌లో గోధుమకు మల్చింగ్ ఎప్పుడు చేయాలి?,পালঘরে গমের জন্য মালচিং কখন করতে হবে?,ପାଲଘରରେ ଗହୁଁ ପାଇଁ ମୁଲ୍ଚିଂ କେବେ କରିବା ଉଚିତ?,পালঘৰত ঘেঁহু চপাইৰ বাবে মুল্চিং কেতিয়া কৰিব?,Advisory
128,128-1,What are the current market prices for potatoes in the Bangalore mandi?,बैंगलोर मंडी में आलू की वर्तमान बाजार कीमतें क्या हैं?,बंगळुरू मंडीमध्ये बटाट्यांचे सध्याचे बाजारभाव काय आहेत?,બેંગલુરુ મંડીમાં બટાકાના હાલના બજાર ભાવ શું છે?,ബെംഗളൂരു മണ്ടിയിൽ ഉരുളക്കിഴങ്ങിന്റെ ഇപ്പോഴത്തെ വിപണി വിലകൾ എന്തെല്ലാമാണ്?,ಬೆಂಗಳೂರು ಮಂಡಿಯಲ್ಲಿ ಆಲೂಗಡ್ಡೆಗಳ ಈಗಿನ ಮಾರುಕಟ್ಟೆ ದರಗಳು ಎಷ್ಟು?,பெங்களூரு மண்டியில் உருளைக்கிழங்கின் தற்போதைய சந்தை விலைகள் என்ன?,బెంగళూరు మండీలో బంగాళాదుంపల ప్రస్తుత మార్కెట్ ధరలు ఏమిటి?,বেঙ্গালুরু মান্ডিতে আলুর বর্তমান বাজারদর কত?,ବାଙ୍ଗାଲୋର ମଣ୍ଡିରେ ଆଳୁର ବର୍ତ୍ତମାନ ବଜାର ଦର କେତେ?,বেংগালুৰু মণ্ডীত আলুৰ বৰ্তমান বজাৰ মূল্য কিমান?,Mandi_prices
129,129-1,What are today's rates of potato in Chandigarh mandi?,चंडीगढ़ मंडी में आलू के आज के दाम क्या हैं?,चंदीगड मंडीत आज बटाट्याचे दर किती आहेत?,ચંદીગઢ મંડીમાં આજે બટાટાના ભાવ કેટલા છે?,ചണ്ഡീഗഢ് മണ്ടിയിൽ ഇന്ന് ഉരുളക്കിഴങ്ങിന്റെ വില എത്രയാണ്?,ಚಂಡೀಗಢ ಮಾರುಕಟ್ಟೆಯಲ್ಲಿ ಇಂದು ಆಲೂಗಡ್ಡೆಯ ದರಗಳು ಯಾವುವು?,சண்டிகர் மண்டியில் இன்று உருளைக்கிழங்கின் விலை என்ன?,చండీగఢ్ మండీలో నేటి బంగాళదుంప ధరలు ఏమిటి?,চণ্ডীগড় মান্ডিতে আজকের আলুর দাম কত?,ଚଣ୍ଡୀଗଡ଼ ମଣ୍ଡିରେ ଆଜିର ଆଳୁ ଦର କେତେ?,চণ্ডীগড় মাণ্ডীত আজিৰ আলুৰ দাম কিমান?,Mandi_prices
130,130-1,Is this the right time for soybean seed sowing in Ratnagiri district?,क्या यह रत्नागिरी जिले में सोयाबीन बीज बोने का सही समय है?,रत्नागिरी जिल्ह्यात सोयाबीन बियाण्याची पेरणी करण्यासाठी ही योग्य वेळ आहे का?,રત્નાગિરી જિલ્લામાં સોયાબીનના બીજ વાવણી માટે આ યોગ્ય સમય છે?,റത്നഗിരി ജില്ലയിൽ സോയാബീൻ വിത്ത് വിതയ്ക്കാൻ ഇതോ ശരിയായ സമയം?,ರತ್ನಗಿರಿ ಜಿಲ್ಲೆಯಲ್ಲಿ ಸೋಯಾಬೀನ್ ಬೀಜ ಬಿತ್ತನೆಗೆ ಇದು ಸರಿಯಾದ ಸಮಯವೇ?,ரத்நகிரி மாவட்டத்தில் சோயாபீன் விதைப்பு செய்ய இது சரியான நேரமா?,రత్నగిరి జిల్లాలో సోయాబీన్ విత్తనం విత్తడానికి ఇదే సరైన సమయమా?,রাতনগিরি জেলায় সয়াবিন বীজ বপনের জন্য কি এখন উপযুক্ত সময়?,ରତ୍ନାଗିରି ଜିଲ୍ଲାରେ ସୋୟାବିନ୍ ବିଆ ବୋନିବା ପାଇଁ ଏହି ସମୟ ଠିକ୍ କି?,ৰত্নাগিৰি জিলাত ছয়াবিন বীজ বোৱাৰ বাবে এইটো সঠিক সময় নেকি?,Weather_Forecast
131,131-1,Will the weather remain cloudy for the next few days in Raigad area?,क्या रायगढ़ क्षेत्र में अगले कुछ दिनों तक मौसम बादलदार रहेगा?,रायगड परिसरात पुढील काही दिवस हवामान ढगाळ राहील का?,રાયગઢ વિસ્તારમાં આગામી થોડા દિવસો સુધી હવામાન વાદળછાયું રહેશે?,റായ്ഗഡ് പ്രദേശത്ത് അടുത്ത കുറച്ച് ദിവസങ്ങളിൽ കാലാവസ്ഥ മേഘാവൃതമായിരിക്കുമോ?,ರಾಯಗಢ ಪ್ರದೇಶದಲ್ಲಿ ಮುಂದಿನ ಕೆಲವು ದಿನಗಳು ಹವಾಮಾನ ಮೋಡಮಯವಾಗಿಯೇ ಇರುತ್ತದೆಯೇ?,ராய்கட் பகுதியில் அடுத்த சில நாட்களுக்கு வானிலை மேகமூட்டமாகவே இருக்கும்嗎?,రాయగఢ్ ప్రాంతంలో వచ్చే కొన్ని రోజుల పాటు వాతావరణం మేఘావృతంగా ఉంటుందా?,রাইগড় এলাকায় কি আগামী কয়েক দিন আবহাওয়া মেঘলা থাকবে?,ରାୟଗଡ଼ ଅଞ୍ଚଳରେ ଆଗାମୀ କିଛି ଦିନ ପର୍ଯ୍ୟନ୍ତ ପାଗ ମେଘାଚ୍ଛନ୍ନ ରହିବ କି?,ৰাইগড় অঞ্চলত আগন্তুক কেইদিনলৈ বতৰ ডাৱৰীয়া থাকিবনে?,Weather_Forecast
132,132-1,What is the seed rate for pomegranate crop in Latur?,लातूर में अनार की फसल के लिए बीज दर क्या है?,लातूरमध्ये डाळिंब पिकासाठी बियाण्याचे प्रमाण किती आहे?,લાતુરમાં દાડમ પાક માટે બીજ દર કેટલો છે?,ലാത്തൂരിൽ മാതളനാരങ്ങ വിളയ്‌ക്കുള്ള വിത്ത് നിരക്ക് എത്രയാണ്?,ಲಾತೂರಿನಲ್ಲಿ ದಾಳಿಂಬೆ ಬೆಳೆಗಾಗಿ ಬೀಜದ ಪ್ರಮಾಣ ಎಷ್ಟು?,லாத்தூரில் மாதுளை பயிருக்கு விதை வீதம் என்ன?,లాతూర్‌లో దానిమ్మ పంటకు విత్తన రేటు ఎంత?,লাতুরে ডালিম ফসলের বীজের হার কত?,ଲାତୁରରେ ଅନାର ଫସଳ ପାଇଁ ବୀଜ ହାର କେତେ?,লাটুৰত ডালিম খেতিৰ বীজৰ হাৰ কিমান?,Advisory
133,133-1,Is there a possibility of heavy rainfall this week in Washim district?,क्या इस सप्ताह वाशिम जिले में भारी बारिश की संभावना है?,या आठवड्यात वाशिम जिल्ह्यात मुसळधार पावसाची शक्यता आहे का?,આ અઠવાડિયે વાશિમ જિલ્લામાં ભારે વરસાદની શક્યતા છે શું?,ഈ ആഴ്ച വാഷിം ജില്ലയിൽ കനത്ത മഴയ്ക്ക് സാധ്യത ഉണ്ടോ?,ಈ ವಾರ ವಾಶಿಂ ಜಿಲ್ಲೆಯಲ್ಲಿ ಭಾರೀ ಮಳೆಯ ಸಾಧ್ಯತೆಯಿದೆಯೇ?,இந்த வாரம் வாஷிம் மாவட்டத்தில் கனமழை பெய்ய வாய்ப்பு உள்ளதா?,ఈ వారం వాషిమ్ జిల్లాలో భారీ వర్షపాతం వచ్చే అవకాశం ఉందా?,এই সপ্তাহে ওয়াশিম জেলায় ভারী বৃষ্টিপাতের সম্ভাবনা আছে কি?,ଏହି ସପ୍ତାହରେ ୱାଶିମ ଜିଲ୍ଲାରେ ଭାରୀ ବର୍ଷା ହେବାର ସମ୍ଭାବନା ଅଛି କି?,এই সপ্তাহত ৱাশিম জিলাত প্ৰচণ্ড বৰষুণ হোৱাৰ সম্ভাৱনা আছে নে?,Weather_Forecast
134,134-1,What care to take during flowering of guava in Sangli district?,सांगली जिले में अमरूद के फूलने के दौरान कौन-कौन सी देखभाल करनी चाहिए?,सांगली जिल्ह्यात पेरूच्या फुलोऱ्याच्या काळात कोणती काळजी घ्यावी?,સાંગલી જિલ્લામાં જામફળમાં ફૂલ આવવાની અવસ્થામાં કઈ કાળજી લેવી?,സാംഗ്ലി ജില്ലയിൽ പേരയ്ക്കയുടെ പൂക്കാലത്ത് ഏത് പരിചരണങ്ങൾ എടുക്കണം?,ಸಾಂಗ್ಲಿ ಜಿಲ್ಲೆಯಲ್ಲಿ ಸೀಬೆ ಹಣ್ಣಿನ ಹೂಬಿಡುವ ಸಮಯದಲ್ಲಿ ಯಾವ ಕಾಳಜಿಗಳನ್ನು ತೆಗೆದುಕೊಳ್ಳಬೇಕು?,சாங்க்லி மாவட்டத்தில் கொய்யா பூக்கும் காலத்தில் எத்தகைய பராமரிப்பு மேற்கொள்ள வேண்டும்?,సాంగ్లీ జిల్లాలో జామ పుష్పించే సమయంలో ఎలాంటి జాగ్రత్తలు తీసుకోవాలి?,সাংলি জেলায় পেয়ারার ফুল আসার সময় কী কী যত্ন নিতে হবে?,ସାଙ୍ଗଲି ଜିଲ୍ଲାରେ ଅମୃତଭଣ୍ଡାର ଫୁଲ ଫୁଟିବା ସମୟରେ କେଉଁ ପ୍ରକାରର ସାବଧାନୀ ନେବା ଉଚିତ?,সাংলী জিলাত পেয়াৰাৰ ফুল ধৰা সময়ত কি যত্ন ল’ব লাগে?,Advisory
135,135-1,What are the current market prices for cotton in Kozhikode mandi today?,आज कोझिकोड मंडी में कपास के लिए वर्तमान बाजार मूल्य क्या हैं?,कोझिकोड मंडीमध्ये आज कापसाचे सध्याचे बाजारभाव काय आहेत?,આજે કોઝિકોડ મંડીમાં કપાસના હાલના બજાર ભાવ શું છે?,ഇന്ന് കോഴിക്കോട് മണ്ഡിയിലെ പരുത്തിയുടെ നിലവിലെ വിപണി വിലകൾ എത്രയാണ്?,ಇಂದು ಕೋഴിക്കೋಡ್ ಮಂಡಿಯಲ್ಲಿ ಹತ್ತಿಯ ಇಂದಿನ ಮಾರುಕಟ್ಟೆ ಬೆಲೆಗಳು ಎಷ್ಟು?,கோழிக்கோடு மண்டியில் இன்று பருத்தியின் தற்போதைய சந்தை விலை என்ன?,కోజికోడ్ మండీలో ఈరోజు పత్తి ప్రస్తుత మార్కెట్ ధరలు ఎంత ఉన్నాయి?,আজ কোঝিকোড় মন্ডিতে তুলার বর্তমান বাজারদর কত?,ଆଜି କୋଝିକୋଡ୍ ମଣ୍ଡିରେ କପାସର ବର୍ତ୍ତମାନ ବଜାର ଦର କେତେ?,কোজিকোড মণ্ডীত আজি কপাহৰ বৰ্তমান বজাৰ মূল্য কিমান?,Mandi_prices
136,136-1,What is the current market price of apples in Chandigarh mandi?,चंडीगढ़ मंडी में सेब का वर्तमान बाजार मूल्य क्या है?,चंडीगड मंडीमध्ये सफरचंदांचा सध्याचा बाजारभाव काय आहे?,ચંદીગઢ મંડીમાં સફરજનની હાલની બજાર કિંમત કેટલી છે?,ചണ്ഡീഗഢ് മണ്ടിയിൽ ആപ്പിളുകളുടെ നിലവിലെ വിപണി വില എത്രയാണ്?,ಚಂಡೀಗಢ ಮಂಡಿಯಲ್ಲಿ ಸೇಬುಗಳ ಪ್ರಸ್ತುತ ಮಾರುಕಟ್ಟೆ ಬೆಲೆ ಎಷ್ಟು?,சண்டிகர் மண்டியில் ஆப்பிள்களின் தற்போதைய சந்தை விலை என்ன?,చండీగఢ్ మండీలో ఆపిల్లుల ప్రస్తుత మార్కెట్ ధర ఎంత?,চণ্ডীগড় মাণ্ডিতে আপেলের বর্তমান বাজারদর কত?,ଚଣ୍ଡୀଗଡ଼ ମଣ୍ଡିରେ ସେବର ବର୍ତ୍ତମାନ ବଜାର ଦର କେତେ?,চণ্ডীগড় মণ্ডীত আপেলৰ বৰ্তমান বজাৰ দাম কিমান?,Mandi_prices
137,137-1,How to improve root development of banana crop in Sangli?,सांगली में केले की फसल की जड़ विकास को कैसे सुधारें?,सांगलीमध्ये केळी पिकाच्या मुळांचा विकास कसा सुधारावा?,સાંગલીમાં કેળાના પાકમાં મૂળનો વિકાસ કેવી રીતે સુધારવો?,സാങ്‌ലിയിൽ വാഴവിളയുടെ വേരുകളുടെ വികസനം എങ്ങനെ മെച്ചപ്പെടുത്താം?,ಸಾಂಗ್ಲಿಯಲ್ಲಿ ಬಾಳೆ ಬೆಳೆಗ root development ಅನ್ನು ಹೇಗೆ ಸುಧಾರಿಸಬಹುದು?,சாங்லியில் வாழை பயிரின் வேர் வளர்ச்சியை எவ்வாறு மேம்படுத்துவது?,సాంగ్లీ లో అరటి పంటలో వేర్ల అభివృద్ధిని ఎలా మెరుగుపరచాలి?,সাংলীতে কলা ফসলের শিকড়ের বিকাশ কীভাবে উন্নত করা যায়?,ସାଙ୍ଗ୍ଲୀରେ କଦଳୀ ଚାଷର ମୂଳ ବିକାଶକୁ କିପରି ସୁଧାରିବେ?,সাংলীত কলা খেতৰ শিপাৰ বিকাশ কেনেকৈ উন্নত কৰিব?,Advisory
138,138-1,How to prevent Newcastle disease in poultry in Satara district?,सातारा जिले में पोल्ट्री में न्यूकैसल रोग को कैसे रोका जाए?,सातारा जिल्ह्यात कुक्कुटपालनात न्यूकॅसल रोग कसा टाळावा?,સાતારા જિલ્લામાં કુકડોમાં ન્યૂકાસલ રોગ કેવી રીતે અટકાવવો?,സാതാര ജില്ലയിലെ കോഴികളിൽ ന്യൂകാസിൽ രോഗം എങ്ങനെ തടയാം?,ಸತಾರಾ ಜಿಲ್ಲೆಯಲ್ಲಿ ಕೋಳಿಗಳಲ್ಲಿ ನ್ಯೂಕ್ಯಾಸಲ್ ರೋಗವನ್ನು ಹೇಗೆ ತಡೆಯುವುದು?,சத்தாரா மாவட்டத்தில் கோழிகளில் நியூகாசில் நோயை எப்படித் தடுக்கலாம்?,సతారా జిల్లాలో కోళ్లలో న్యూకాసిల్ వ్యాధిని ఎలా నివారించాలి?,সাতারা জেলায় হাঁস-মুরগির মধ্যে নিউক্যাসল রোগ কীভাবে প্রতিরোধ করা যায়?,ସତାରା ଜିଲ୍ଲାରେ ପୋଲ୍ଟ୍ରିରେ ନ୍ୟୁକାସଲ୍ ରୋଗକୁ କିପରି ପ୍ରତିରୋଧ କରିବେ?,সাতাৰা জিলাত হাঁহ-কুকুৰাত নিউক্যাসল ৰোগ কেনেকৈ প্ৰতিৰোধ কৰিব?,Advisory
139,139-1,How to identify the right time for mango harvesting in Sindhudurg district?,सिंधुदुर्ग जिले में आम की कटाई के लिए सही समय कैसे पहचानें?,सिंधुदुर्ग जिल्ह्यात आंब्याची काढणी करण्यासाठी योग्य वेळ कसा ओळखावा?,સિંધુદુર્ગ જિલ્લામાં કેરીની કાપણી માટે યોગ્ય સમય કેવી રીતે ઓળખવો?,സിന്ധുദുർഗ് ജില്ലയിൽ മാങ്ങ വിളവെടുപ്പിന് ശരിയായ സമയം എങ്ങനെ തിരിച്ചറിയാം?,ಸಿಂಧುದುರ್ಗ ಜಿಲ್ಲೆಯಲ್ಲಿ ಮಾವು ಕಟಾವಿಗೆ ಸರಿಯಾದ ಸಮಯವನ್ನು ಹೇಗೆ ಗುರುತಿಸುವುದು?,சிந்துதுர்க் மாவட்டத்தில் மாம்பழம் அறுவடை செய்ய சரியான நேரத்தை எப்படிக் கண்டறிவது?,సింధుదుర్గ్ జిల్లాలో మామిడి కోతకు సరైన సమయాన్ని ఎలా గుర్తించాలి?,সিন্ধুদুর্গ জেলায় আম সংগ্রহের সঠিক সময় কীভাবে শনাক্ত করবেন?,ସିନ୍ଧୁଦୁର୍ଗ ଜିଲ୍ଲାରେ ଆମ୍ବ ତୋଳିବା ପାଇଁ ଠିକ୍ ସମୟ କିପରି ଚିହ୍ନଟ କରିବେ?,সিন্ধুদুৰ্গ জিলাত আম সংগ্রহৰ সঠিক সময় কেনেকৈ চিনাক্ত কৰিব পাৰি?,Advisory
140,140-1,Suggest biological control for armyworm on groundnut in Hingoli area.,हिंगोली क्षेत्र में मूंगफली पर आर्मीवॉर्म के लिए जैविक नियंत्रण के उपाय सुझाएं।,हिंगोली परिसरात शेंगदाण्यावर आर्मीवर्मसाठी जैविक नियंत्रण सुचवा.,હિંગોલી વિસ્તારમાં મગફળીમાં આર્મીવર્મ માટે જૈવિક નિયંત્રણ સૂચવો.,ഹിംഗോളി പ്രദേശത്ത് കടലയിൽ ആർമിവോം നിയന്ത്രിക്കാൻ ജൈവ നിയന്ത്രണ മാർഗങ്ങൾ നിർദേശിക്കുക.,ಹಿಂಗೋಲಿ ಪ್ರದೇಶದಲ್ಲಿ ಶೇಂಗಾದಲ್ಲಿ ಆರ್ಮೀವರ್ಮ್ ನಿಯಂತ್ರಣಕ್ಕೆ ಜೈವಿಕ ನಿಯಂತ್ರಣ ವಿಧಾನಗಳನ್ನು ಸಲಹೆ ಮಾಡಿ.,ஹிங்கோலி பகுதியில் நிலக்கடலையில் ஆர்மிவோர்ம் (இலைவண்டு) கட்டுப்படுத்த உயிரியல் கட்டுப்பாட்டு முறைகளை பரிந்துரைக்கவும்.,హింగోలి ప్రాంతంలో వేరుశనగపై ఆర్మీవార్మ్‌ నియంత్రణకు జీవ నియంత్రణ సూచించండి.,হিঙ্গোলি এলাকায় চিনাবাদামে আর্মিওয়ার্ম দমনের জন্য জৈবিক নিয়ন্ত্রণের পরামর্শ দিন।,ହିଙ୍ଗୋଳୀ ଅଞ୍ଚଳରେ ଚଣାବାଲି (groundnut) ରେ ଆର୍ମିୱର୍ମ ପାଇଁ ଜୀବନିୟନ୍ତ୍ରଣ ପଦ୍ଧତି ସୁପାରିଶ କରନ୍ତୁ।,হিংগোলী অঞ্চলত বাদামত আৰ্মিৱৰ্ম নিয়ন্ত্ৰণৰ বাবে জৈৱিক নিয়ন্ত্ৰণৰ পৰামৰ্শ দিয়ক।,Advisory
141,141-1,What should be the spacing between plants for sugarcane in Hingoli?,हिंगोली में गन्ने के पौधों के बीच कितनी दूरी होनी चाहिए?,हिंगोलीमध्ये ऊसासाठी झाडांमधील अंतर किती असावे?,હિંગોળીમાં શેરડી માટે છોડ વચ્ચેનું અંતર કેટલું રાખવું જોઈએ?,ഹിംഗോളിയിൽ കരിമ്പിന് ചെടികൾക്കിടയിൽ എത്ര അകലം വേണം?,ಹಿಂಗೋಲಿಯಲ್ಲಿ ಕಬ್ಬಿಗೆ ಗಿಡಗಳ ನಡುವಿನ ಅಂತರ ಎಷ್ಟು ಇರಬೇಕು?,ஹிங்கோலியில் கரும்பு பயிருக்கு செடிகளுக்கிடையே எந்த இடைவெளி இருக்க வேண்டும்?,హింగోలీలో చెరకు మొక్కల మధ్య ఉండాల్సిన దూరం ఎంత?,হিঙ্গোলিতে আখের জন্য গাছের মধ্যে কতটা দূরত্ব রাখা উচিত?,ହିଙ୍ଗୋଲିରେ ଆଖୁ ପାଇଁ ଗଛମାନଙ୍କ ମଧ୍ୟରେ ଦୂରତା କେତେ ହେବା ଉଚିତ?,হিংগোলীত আখৰ গছৰ মাজত কিমান দূৰত্ব ৰাখিব লাগে?,Advisory
142,142-1,What is the treatment if cow's udder is swollen in Hingoli?,अगर गाय के थन में सूजन है तो उसका इलाज क्या है हिंगोली में?,हिंगोलीमध्ये गायीचे कास सुजले असल्यास उपचार काय आहे?,હિંગોળીમાં ગાયનું થણ સૂજી જાય તો તેનું ઉપચાર શું છે?,ഹിംഗോളിയിൽ പശുവിന്റെ മുല ഞെരിഞ്ഞ് വീർന്നാൽ എന്ത് ചികിത്സയാണ്?,ಹಿಂಗೋಳಿಯಲ್ಲಿ ಹಸುವಿನ ಕೆಚ್ಚಲು ಊದಿಕೊಂಡಿದ್ದರೆ ಚಿಕಿತ್ಸೆ ಏನು?,ஹிங்கோலியில் பசுவின் மடி வீங்கியிருந்தால் என்ன சிகிச்சை?,హింగోలీలో గోవు పొదుగు వాచినప్పుడు చికిత్స ఏమిటి?,হিঙ্গোলিতে গরুর থন ফোলা হলে কী চিকিৎসা?,ହିଙ୍ଗୋଲିରେ ଗାଈର ଥନ ସୁଜିଯାଇଥିଲେ ଚିକିତ୍ସା କ'ଣ?,হিংগোলীত গাইৰ থন ফুলিলে কি চিকিৎসা কৰিব লাগে?,Advisory
143,143-1,What is the right time for onion planting in Akola district?,अकोला जिले में प्याज की बुवाई का सही समय क्या है?,अकोला जिल्ह्यात कांद्याची लागवड करण्यासाठी योग्य वेळ कोणती आहे?,અકોલા જિલ્લામાં ડુંગળી વાવણી માટે યોગ્ય સમય કયો છે?,അകോല ജില്ലയിൽ ഉള്ളിക്ക് നടാൻ ശരിയായ സമയം ഏതാണ്?,ಅಕೋಲಾ ಜಿಲ್ಲೆಯಲ್ಲಿ ಈರುಳ್ಳಿ ನೆಡಲು ಸರಿಯಾದ ಸಮಯ ಯಾವುದು?,அகோலா மாவட்டத்தில் வெங்காயம் நடவு செய்ய சரியான காலம் எது?,అకోలా జిల్లాలో ఉల్లిపాయ నాటడానికి సరైన సమయం ఏది?,অকোলা জেলায় পেঁয়াজ রোপণের সঠিক সময় কখন?,ଆକୋଲା ଜିଲ୍ଲାରେ ପିଆଜ ରୋପଣ ପାଇଁ ଉଚିତ ସମୟ କଣ?,অকোলা জিলাত পিঁয়াজ ৰোপণৰ সঠিক সময় কি?,Advisory
144,144-1,Are apples selling for more than the MSP in Kozhikode mandi today?,क्या आज कोझिकोड मंडी में सेब न्यूनतम समर्थन मूल्य से अधिक बिक रहे हैं?,आज कोझिकोड मंडीत सफरचंदे किमान आधारभूत किमतीपेक्षा जास्त दराने विकली जात आहेत का?,શું કોઝિકોડ મંડીમાં આજે સફરજન MSP કરતાં વધારે ભાવે વેચાઈ રહ્યું છે?,ഇന്ന് കോഴിക്കോട് മണ്ഡിയിൽ ആപ്പിളുകൾ MSP-നെക്കാൾ കൂടുതലായ വിലയിൽ വിൽക്കുകയാണോ?,ಇಂದು ಕೋഴിക്കೋಡ್ ಮಂಡಿಯಲ್ಲಿ ಸೇಬುಗಳು ಕನಿಷ್ಠ ಬೆಂಬಲ ಬೆಲೆಗಿಂತ ಹೆಚ್ಚು ದರದಲ್ಲಿ ಮಾರಾಟವಾಗುತ್ತಿವೆಯೇ?,கோழிக்கோடு மண்டியில் இன்று ஆப்பிள்கள் குறைந்தபட்ச ஆதரவு விலையை விட அதிக விலைக்கு விற்கப்படுகிறதா?,కోజికోడ్ మండీలో ఈరోజు ఆపిల్స్ ఎంఎస్‌పి కంటే ఎక్కువ ధరకు అమ్ముడవుతున్నాయా?,আজ কোঝিকোড় মাণ্ডিতে আপেল কি আজ এমএসপি’র চেয়ে বেশি দামে বিক্রি হচ্ছে?,ଆଜି କୋଝିକୋଡେ ମଣ୍ଡିରେ ସେବ ଏମଏସପିଠାରୁ ଅଧିକ ଦରରେ ବିକ୍ରି ହେଉଛି କି?,কোজিকোড় মাণ্ডিত আজি আপেলৰ মূল্য MSP-তকৈ বেছি নেকি?,Mandi_prices
145,145-1,Is polyhouse subsidy scheme available in Jalna area?,क्या जलना क्षेत्र में पॉलीहाउस सब्सिडी योजना उपलब्ध है?,जालना परिसरात पॉलीहाऊस अनुदान योजना उपलब्ध आहे का?,જાલના વિસ્તારમાં પોલીહાઉસ સબસિડી યોજના ઉપલબ્ધ છે?,ജാൽനാ പ്രദേശത്ത് പോളിഹൗസ് സബ്സിഡി പദ്ധതി ലഭ്യമാണോ?,ಜಾಲ್ನಾ ಪ್ರದೇಶದಲ್ಲಿ ಪಾಲಿಹೌಸ್ ಸಬ್ಸಿಡಿ ಯೋಜನೆ ಲಭ್ಯವಿದೆಯೇ?,ஜால்னா பகுதியில் பாலிஹவுஸ் மானியத் திட்டம் கிடைக்குமா?,జాల్నా ప్రాంతంలో పాలీహౌస్ సబ్సిడీ పథకం అందుబాటులో ఉందా?,জালনা এলাকায় কি পলিহাউস ভর্তুকি প্রকল্প পাওয়া যায়?,ଜାଲନା ଅଞ୍ଚଳରେ ପଲିହାଉସ ସବସିଡି ଯୋଜନା ଉପଲବ୍ଧ କି?,জলনা অঞ্চলত পলিহাউচৰ ৰাজসাহায্য আঁচনি উপলব্ধ নেকি?,Scheme_advisory
146,146-1,What is the seed rate for brinjal crop in Bhandara?,भंडारा में बैंगन की फसल के लिए बीज दर क्या है?,भंडारा येथे वांगी पिकासाठी बियाण्याचे प्रमाण किती आहे?,ભંડારામાં રીંગણ પાક માટે બીજ દર કેટલો છે?,ഭണ്ഡാരയിൽ വങ്കായ വിളയുടെ വിത്ത് നിരക്ക് എത്രയാണ്?,ಭಂಡಾರಾದಲ್ಲಿ ಬದನೆ ಬೆಳೆಗಾಗಿ ಬೀಜದ ಪ್ರಮಾಣ ಎಷ್ಟು?,பந்தாராவில் கத்தரிக்காய் பயிருக்கு விதை அளவு எ是多少?,భండారాలో వంకాయ పంటకు విత్తన మోతాదు ఎంత?,ভান্ডারায় বেগুন ফসলের জন্য বীজের হার কত?,ଭଣ୍ଡାରାରେ ବାଇଗଣ ଚାଷ ପାଇଁ ବିଆ ବପନ ହାର କେତେ?,ভাণ্ডাৰাত বেঙেনাৰ খেতিৰ বাবে বীজৰ পৰিমাণ কিমান?,Advisory
147,147-1,Will it rain tomorrow in Hingoli district?,क्या कल हिंगोली जिले में बारिश होगी?,उद्या हिंगोली जिल्ह्यात पाऊस पडेल का?,શું આવતીકાલે હિંગોળી જિલ્લામાં વરસાદ પડશે?,നാളെയായി ഹിംഗോളി ജില്ലയിൽ മഴ പെയ്യുമോ?,ಹಿಂಗೋಲಿ ಜಿಲ್ಲೆಯಲ್ಲಿ ನಾಳೆ ಮಳೆ ಬೀಳುತ್ತದೆಯೇ?,நாளை ஹிஙோலி மாவட்டத்தில் மழை பெய்யுமா?,హింగోలి జిల్లాలో రేపు వర్షం పడుతుందా?,আগামীকাল হিঙ্গোলি জেলায় কি বৃষ্টি হবে?,ହିଙ୍ଗୋଳୀ ଜିଲ୍ଲାରେ ଆସନ୍ତାକାଲି ବର୍ଷା ହେବ କି?,হিঙ্গোলী জিলাত কাইলৈ বৰষুণ হ’ব নে?,Weather_Forecast
148,148-1,Why does buffalo milk production decrease in Thane area?,ठाणे क्षेत्र में भैंस के दूध उत्पादन में कमी क्यों आती है?,ठाणे परिसरात म्हशींचे दूध उत्पादन का कमी होते?,ઠાણે વિસ્તારમાં ભેંસના દૂધનું ઉત્પાદન કેમ ઘટે છે?,താനെ പ്രദേശത്ത് എരുമപ്പാൽ ഉത്പാദനം കുറയുന്നതെന്തുകൊണ്ട്?,ಥಾಣೆ ಪ್ರದೇಶದಲ್ಲಿ ಎಮ್ಮೆ ಹಾಲಿನ ಉತ್ಪಾದನೆ ಏಕೆ ಕಡಿಮೆಯಾಗುತ್ತದೆ?,தானே பகுதியில் எருமை பால் உற்பத்தி ஏன் குறைகிறது?,థానే ప్రాంతంలో గేదె పాలు ఉత్పత్తి ఎందుకు తగ్గుతుంది?,ঠাণে এলাকায় মহিষের দুধ উৎপাদন কেন কমে যায়?,ଠାଣେ ଅଞ୍ଚଳରେ ମଇଁଷିର ଦୁଧ ଉତ୍ପାଦନ କାହିଁକି କମିଯାଏ?,ঠাণে অঞ্চলত ম’হৰ গাখীৰ উৎপাদন কিয় কমে?,Advisory
149,149-1,When to deworm calves in Kolhapur?,कोल्हापुर में बछड़ों को कब कीड़े मारने की दवा देनी चाहिए?,कोल्हापूरमध्ये वासरांना जंतनाशक कधी द्यावे?,કોલ્હાપુરમાં વાછરડાઓને ક્યારે કૃમિનાશક દવા આપવી?,കൊൽഹാപൂരിൽ കിടാക്കളെ എപ്പോൾ പുഴുനശീകരണം നടത്തണം?,ಕೊಲ್ಹಾಪುರದಲ್ಲಿ ಕರುಗಳಿಗೆ ಹುಳುನಾಶಕ ಔಷಧಿಯನ್ನು ಯಾವಾಗ ನೀಡಬೇಕು?,கொல்ஹாப்பூரில் கன்றுகளுக்கு எப்போது புழு நீக்கம் செய்ய வேண்டும்?,కొల్హాపూర్‌లో దూడలకు ఎప్పుడు పేగు పురుగుల నివారణ చేయాలి?,কোলহাপুরে বাছুরদের কবে কৃমিনাশক দিতে হবে?,କୋଲ୍ହାପୁରରେ ବଛୁରମାନଙ୍କୁ କେବେ କୀଟନାଶକ ଦେବା ଉଚିତ?,কলহাপুৰত গাভৰু বাছুৰ কেতিয়া কৃমিনাশক দিব?,Advisory
150,150-1,When to apply phosphorus to paddy crop in Chandrapur district?,चंद्रपुर जिले में धान की फसल में फास्फोरस कब लगाना चाहिए?,चंद्रपूर जिल्ह्यात भात पिकाला फॉस्फरस कधी द्यावे?,ચંદ્રપુર જિલ્લામાં ધાનના પાકમાં ફોસ્ફરસ ક્યારે આપવું?,ചന്ദ്രാപൂർ ജില്ലയിൽ പാടത്തിന് ഫോസ്ഫറസ് എപ്പോൾ പ്രയോഗിക്കണം?,ಚಂದ್ರಪುರ ಜಿಲ್ಲೆಯಲ್ಲಿ ಭತ್ತದ ಬೆಳೆಗೆ ಫಾಸ್ಫರಸ್ ಅನ್ನು ಯಾವಾಗ ಹಾಕಬೇಕು?,சந்திரபூர் மாவட்டத்தில் நெல் பயிருக்கு பாஸ்பரஸ் எப்போது இட வேண்டும்?,చంద్రపూర్ జిల్లాలో వరి పంటకు ఫాస్ఫరస్‌ను ఎప్పుడు వేయాలి?,চন্দ্রপুর জেলায় ধান ফসলে ফসফরাস কখন প্রয়োগ করা উচিত?,ଚନ୍ଦ୍ରପୁର ଜିଲ୍ଲାରେ ଧାନ ଫସଳକୁ ଫସଫୋରସ କେବେ ପ୍ରୟୋଗ କରିବା ଉଚିତ?,চন্দ্ৰপুৰ জিলাত ধানৰ খেতিত ফছফৰাছ কেতিয়া প্ৰয়োগ কৰিব?,Advisory
151,151-1,How to identify the right time for orange harvesting in Jalgaon district?,जलगांव जिले में संतरे की कटाई का सही समय कैसे पहचानें?,जळगाव जिल्ह्यात संत्र्याची काढणी करण्यासाठी योग्य वेळ कसा ओळखावा?,જલગાવ જિલ્લામાં નારંગીની કાપણી માટે યોગ્ય સમય કેવી રીતે ઓળખવો?,ജൽഗാവ് ജില്ലയിൽ ഓറഞ്ച് വിളവെടുപ്പിന് ശരിയായ സമയം എങ്ങനെ തിരിച്ചറിയാം?,ಜಲಗಾಂವ್ ಜಿಲ್ಲೆಯಲ್ಲಿ ಕಿತ್ತಳೆ ಕಟಾವಿಗೆ ಸರಿಯಾದ ಸಮಯವನ್ನು ಹೇಗೆ ಗುರುತಿಸುವುದು?,ஜல்கான் மாவட்டத்தில் ஆரஞ்சு அறுவடை செய்ய சரியான நேரத்தை எப்படி அடையாளம் காணலாம்?,జలగావ్ జిల్లాలో నారింజ కోతకు సరైన సమయాన్ని ఎలా గుర్తించాలి?,জালগাঁও জেলায় কমলা সংগ্রহের সঠিক সময় কীভাবে শনাক্ত করবেন?,ଜଳଗାଁଓ ଜିଲ୍ଲାରେ କମଳା ତୋଳା ପାଇଁ ଠିକ୍ ସମୟ କିପରି ଚିହ୍ନଟ କରିବେ?,জলগাঁও জেলাত কমলা চপোৱাৰ সঠিক সময় কেনেকৈ চিনাক্ত কৰিব পাৰি?,Advisory
152,152-1,Why does buffalo milk production decrease in Thane district?,ठाणे जिले में भैंस के दूध उत्पादन में कमी क्यों आती है?,ठाणे जिल्ह्यात म्हशीच्या दुधाचे उत्पादन का कमी होते?,થાણે જિલ્લામાં ભેંસના દૂધનું ઉત્પાદન કેમ ઘટે છે?,താനെ ജില്ലയിൽ എരുമപ്പാൽ ഉത്പാദനം കുറയുന്നതെന്തുകൊണ്ടാണ്?,ಥಾಣೆ ಜಿಲ್ಲೆಯಲ್ಲಿ ಎಮ್ಮೆ ಹಾಲಿನ ಉತ್ಪಾದನೆ ಏಕೆ ಕಡಿಮೆಯಾಗುತ್ತದೆ?,தானே மாவட்டத்தில் எருமை பால் உற்பத்தி ஏன் குறைகிறது?,థానే జిల్లాలో గేదె పాల ఉత్పత్తి ఎందుకు తగ్గుతుంది?,থানে জেলায় কেন মহিষের দুধ উৎপাদন কমে যায়?,ଥାଣେ ଜିଲ୍ଲାରେ ମହିଷ ଦୁଧ ଉତ୍ପାଦନ କାହିଁକି କମିଯାଏ?,থানে জিলাত ম'হৰ গাখীৰ উৎপাদন কিয় হ্ৰাস পায়?,Advisory
153,153-1,Suggest fertilizer schedule for cauliflower in Nagpur area.,नागपुर क्षेत्र में फूलगोभी के लिए उर्वरक कार्यक्रम सुझाएं।,नागपूर परिसरातील फुलकोबीसाठी खते देण्याचे वेळापत्रक सुचवा.,નાગપુર વિસ્તારમાં ફૂલકોબી માટે ખાતરનું સમયપત્રક સૂચવો.,നാഗ്പൂർ പ്രദേശത്ത് കോളിഫ്ലാവറിനുള്ള വളപ്രയോഗ പരിപാടി നിർദ്ദേശിക്കുക.,ನಾಗಪುರ ಪ್ರದೇಶದಲ್ಲಿ ಹೂಕೋಸುಗೆ ಗೊಬ್ಬರ ವೇಳಾಪಟ್ಟಿ ಸಲಹೆ ನೀಡಿ.,நாக்பூர் பகுதியில் காலிஃபிளவர் பயிருக்கு உரமிடும் திட்டத்தை பரிந்துரையுங்கள்.,నాగపూర్ ప్రాంతంలో కాలీఫ్లవర్‌కు ఎరువుల షెడ్యూల్ సూచించండి.,নাগপুর এলাকায় ফুলকপির জন্য সার প্রয়োগের সময়সূচি পরামর্শ দিন।,నాగपुर ప్రాంతासाठी फुलकोबीसाठी खत व्यवस्थापनाचे वेळापत्रक सुचवा.,নাগপুৰ অঞ্চলত ফুলকবিৰ বাবে সাৰ প্ৰয়োগৰ সময়সূচী কি হ’ব?,Advisory
154,154-1,What is the current market price for selling potatoes in the Chandigarh mandi?,चंडीगढ़ मंडी में आलू बेचने के लिए वर्तमान बाजार मूल्य क्या है?,चंदीगड मंडीमध्ये बटाटे विक्रीसाठी सध्या बाजारभाव किती आहे?,ચંડીગઢ મંડીમાં બટાકા વેચવાનો હાલનો બજાર ભાવ શું છે?,ചണ്ഡീഗഢ് മണ്ഡിയിൽ ഉരുളക്കിഴങ്ങ് വിൽക്കുന്നതിനുള്ള ഇപ്പോഴത്തെ വിപണി വില എത്രയാണ്?,ಚಂಡೀಗಢ ಮಾರುಕಟ್ಟೆಯಲ್ಲಿ ಆಲೂಗಡ್ಡೆ ಮಾರಾಟಕ್ಕೆ ಪ್ರಸ್ತುತ ಮಾರುಕಟ್ಟೆ ಬೆಲೆ ಎಷ್ಟು?,சண்டிகர் மண்டியில் உருளைக்கிழங்கு விற்பனைக்கான தற்போதைய சந்தை விலை என்ன?,చండీగఢ్ మండీలో బంగాళదుంపల అమ్మకానికి ప్రస్తుత మార్కెట్ ధర ఎంత?,চণ্ডীগড় মণ্ডিতে আলু বিক্রির বর্তমান বাজারদর কত?,ଚଣ୍ଡୀଗଡ଼ ମଣ୍ଡିରେ ଆଳୁ ବିକ୍ରି ପାଇଁ ବର୍ତ୍ତମାନ ବଜାର ଦର କେତେ?,চণ্ডীগড় মণ্ডীত আলুৰ বিক্ৰীৰ বৰ্তমান বজাৰ মূল্য কিমান?,Mandi_prices
155,155-1,What is the current market price of tapioca in Mumbai?,मुंबई में टापिओका की वर्तमान बाजार कीमत क्या है?,मुंबईमध्ये टॅपिओकाचा सध्याचा बाजारभाव काय आहे?,મુંબઈમાં ટેપીઓકાનો હાલનો બજાર ભાવ શું છે?,മുംബൈയിലെ നിലവിലെ മരച്ചീനി വില എത്രയാണ്?,ಮುಂಬೈಯಲ್ಲಿ ಟಪಿಯೋಕಾದ ಇತ್ತೀಚಿನ ಮಾರುಕಟ್ಟೆ ಬೆಲೆ ಎಷ್ಟು?,மும்பையில் தற்போது மரவள்ளிக்கிழங்கு விலை என்ன?,ముంబయిలో ప్రస్తుతం టపియోకా యొక్క మార్కెట్ ధర ఎంత?,মুম্বাইয়ে ট্যাপিওকার বর্তমান বাজারমূল্য কত?,ମୁମ୍ବାଇରେ ଟାପିଓକାର ବର୍ତ୍ତମାନ ବଜାର ଦର କେତେ?,মুম্বাইত টাপিওকাৰ বৰ্তমান বজাৰ মূল্য কিমান?,Mandi_prices
156,156-1,How to prevent Newcastle disease in poultry in Palghar district?,पालघर जिले में पोल्ट्री में न्यूकैसल रोग को कैसे रोका जाए?,पालघर जिल्ह्यात कुक्कुटपक्ष्यांमध्ये न्यूकॅसल रोग कसा टाळावा?,પાલઘર જિલ્લામાં મરઘાંમાં ન્યૂકાસલ રોગ કેવી રીતે અટકાવવો?,പാൽഘർ ജില്ലയിൽ കോഴികളിൽ ന്യൂകാസിൽ രോഗം എങ്ങനെ തടയാം?,ಪಾಲ್ಘರ್ ಜಿಲ್ಲೆಯಲ್ಲಿ ಕೋಳಿಗಳಲ್ಲಿ ನ್ಯೂಕ್ಯಾಸಲ್ ರೋಗವನ್ನು ಹೇಗೆ ತಡೆಯುವುದು?,பால்கர் மாவட்டத்தில் கோழிகளில் நியூகாஸில் நோயை எப்படி தடுப்பது?,పాల్ఘర్ జిల్లాలో పౌల్ట్రీలో న్యూక్యాసిల్ వ్యాధిని ఎలా నివారించాలి?,পালঘর জেলায় হাঁস-মুরগির নিউক্যাসল রোগ কীভাবে প্রতিরোধ করা যায়?,ପାଲଘର ଜିଲ୍ଲାରେ କୁକୁଡ଼ାମାନଙ୍କରେ ନ୍ୟୁକାସଲ୍ ରୋଗକୁ କିପରି ରୋକିବେ?,পালঘৰ জিলাত হাঁহ-মুৰ্গীত নিউক্যাসল ৰোগ কেনেকৈ প্ৰতিৰোধ কৰিব পাৰি?,Advisory
157,157-1,Will the weather remain dry for the next few days in Wardha district?,क्या वार्डा जिले में अगले कुछ दिनों तक मौसम सूखा रहेगा?,वर्धा जिल्ह्यात पुढील काही दिवस हवामान कोरडे राहील का?,વર્ધા જિલ્લામાં આગામી થોડા દિવસો સુધી હવામાન શુષ્ક રહેશે?,വാർധ ജില്ലയിൽ അടുത്ത കുറച്ച് ദിവസങ്ങളിൽ കാലാവസ്ഥ വരണ്ടതായിരിക്കുമോ?,ವಾರ್ಧಾ ಜಿಲ್ಲೆಯಲ್ಲಿ ಮುಂದಿನ ಕೆಲವು ದಿನಗಳ ಕಾಲ ಹವಾಮಾನ ಒಣವಾಗಿಯೇ ಇರುತ್ತದೆಯೇ?,வார்தா மாவட்டத்தில் அடுத்த சில நாட்களுக்கு வானிலை வறண்டதாகவே இருக்கும் தானா?,వర్ధా జిల్లాలో రాబోయే కొన్ని రోజుల పాటు వాతావరణం పొడిగా కొనసాగుతుందా?,পরবর্তী কয়েক দিন কি বর্ধা জেলায় আবহাওয়া শুষ্কই থাকবে?,ୱାର୍ଧା ଜିଲ୍ଲାରେ ଆଗାମୀ କିଛି ଦିନ ପର୍ଯ୍ୟନ୍ତ ପାଗ ଶୁଷ୍କ ରହିବ କି?,ৱৰ্ধা জিলাত আগন্তুক কেইদিনৰ বাবে বতাহে শুকানেই থাকিব নেকি?,Weather_Forecast
158,158-1,Should irrigation be increased this week in Sangli?,क्या इस सप्ताह सांगली में सिंचाई बढ़ाई जानी चाहिए?,या आठवड्यात सांगलीमध्ये सिंचन वाढवावे का?,શું આ અઠવાડિયે સાંગલીમાં સિંચાઈ વધારવી જોઈએ?,ഈ ആഴ്ച സാങ്ലിയിൽ ജലസേചനം വർദ്ധിപ്പിക്കണോ?,ಈ ವಾರ ಸಾಂಗ್ಲಿಯಲ್ಲಿ ನೀರಾವರಿಯನ್ನು ಹೆಚ್ಚಿಸಬೇಕೇ?,இந்த வாரம் சாங்லியில் பாசனத்தை அதிகரிக்க வேண்டுமா?,ఈ వారం సాంగ్లీలో నీటిపారుదల పెంచాలా?,এই সপ্তাহে কি সাংলিতে সেচ বাড়ানো উচিত?,ଏହି ସପ୍ତାହରେ ସାଙ୍ଗ୍ଲିରେ ସିଚାଇ ବଢ଼ାଇବା ଉଚିତ କି?,এই সপ্তাহত সাংলীত সেচ বৃদ্ধি কৰিব লাগিব নেকি?,Weather_Forecast
159,159-1,What are the current mandi prices for tapioca in Kozhikode?,कोझीकोड में टैपिओका के लिए वर्तमान मंडी के मूल्य क्या हैं?,कोझिकोडमधील कसाव्याचे सध्याचे मंडी दर काय आहेत?,કોઝિકોડમાં કસાવાના હાલના મંડિ ભાવ શું છે?,കോഴിക്കോടിൽ ഇപ്പോൾ മരച്ചീനിയുടെ മണ്ടി വില എത്രയാണ്?,ಕೋഴിക്കೋಡಿನಲ್ಲಿ ಟಪಿಯೋಕಾದ ಪ್ರಸ್ತುತ ಮಂಡಿ ಬೆಲೆಗಳು ಯಾವುವು?,கோழிக்கோட்டில் மரவள்ளிக்கிழங்கின் தற்போதைய மண்டி விலைகள் என்ன?,కోజికోడ్‌లో టేపియోకా ప్రస్తుత మండీ ధరలు ఏమిటి?,കോഴിക്കോടിലെ മരച്ചീനി സംബന്ധമായ നിലവിലെ മണ്ടി വിലകൾ എന്തൊക്കെയാണ്?,କୋଜିକୋଡେରେ ଟାପିଓକାର ବର୍ତ୍ତମାନ ମଣ୍ଡି ଦର କେତେ?,কোজিকোডত কচুৰ বৰ্তমান মাণ্ডী দৰ কিমান?,Mandi_prices
160,160-1,Can you help me check my PM-KISAN beneficiary status?,क्या आप मेरी पीएम-किसान लाभार्थी स्थिति जांचने में मदद कर सकते हैं?,तुम्ही माझी पीएम-किसान लाभार्थी स्थिती तपासण्यास मदत करू शकता का?,શું તમે મારી PM-KISAN લાભાર્થી સ્થિતિ તપાસવામાં મારી મદદ કરી શકો છો?,എന്റെ പി.എം-കിസാൻ ഗുണഭോക്തൃ സ്ഥിതി പരിശോധിക്കാൻ നിങ്ങൾക്ക് സഹായിക്കാമോ?,ನನ್ನ PM-KISAN ಫಲಾನುಭವಿ ಸ್ಥಿತಿಯನ್ನು ಪರಿಶೀಲಿಸಲು ನೀವು ನನಗೆ ಸಹಾಯ ಮಾಡಬಹುದೇ?,எனது PM-KISAN பயனாளி நிலையைச் சரிபார்க்க நீங்கள் உதவ முடியுமா?,నా పీఎం-కిసాన్ లబ్ధిదారుల స్థితిని తనిఖీ చేయడంలో మీరు నాకు సహాయం చేయగలరా?,আমি কি আমার পিএম-কিষান উপভোক্তা অবস্থা পরীক্ষা করতে সাহায্য করতে পারেন?,ଆପଣ ମୋର PM-KISAN ଲାଭାର୍ଥୀ ସ୍ଥିତି ଯାଞ୍ଚ କରିବାରେ ସହାୟତା କରିପାରିବେ କି?,আপুনি মোৰ PM-KISAN সুবিধাভোগীৰ স্থিতি পৰীক্ষা কৰাত সহায় কৰিব পাৰিবনে?,Advisory
160,160-2,My PM-KISAN registration number is KL2210000980.,मेरा पीएम-किसान पंजीकरण नंबर KL2210000980 है।,माझा पीएम-किसान नोंदणी क्रमांक KL2210000980 आहे.,મારું પીએમ-કિસાન નોંધણી નંબર KL2210000980 છે.,എന്റെ പിഎം-കിസാൻ രജിസ്ട്രേഷൻ നമ്പർ KL2210000980 ആണ്.,ನನ್ನ ಪಿಎಂ-ಕಿಸಾನ್ ನೋಂದಣಿ ಸಂಖ್ಯೆ KL2210000980 ಆಗಿದೆ.,எனது PM-KISAN பதிவு எண் KL2210000980 ஆகும்.,నా పీఎం-కిసాన్ నమోదు సంఖ్య KL2210000980.,আমার পিএম-কিষাণ নিবন্ধন নম্বর হলো KL2210000980।,ମୋର PM-KISAN ପଞ୍ଜୀକରଣ ନମ୍ବର ହେଉଛି KL2210000980।,মোৰ PM-KISAN পঞ্জীয়ন নম্বৰ হৈছে KL2210000980।,Scheme_actions
160,160-3,I received the OTP on my mobile. It is 1111.,मुझे मोबाइल पर OTP मिला। यह 1111 है।,मला माझ्या मोबाईलवर ओटीपी मिळाला आहे. तो 1111 आहे.,મને મારા મોબાઇલ પર ઓટીપી મળ્યો. તે 1111 છે.,എന്റെ മൊബൈലിൽ OTP ലഭിച്ചു. അത് 1111 ആണ്.,ನನ್ನ ಮೊಬೈಲ್‌ಗೆ ಒಟಿಪಿ ಬಂದಿದೆ. ಅದು 1111.,எனது மொபைலில் OTP கிடைத்தது. அது 1111.,నేను నా మొబైల్‌కు OTP అందుకున్నాను. అది 1111.,আমি আমার মোবাইলে ওটিপি পেয়েছি। এটি ১১১১।,ମୋ ମୋବାଇଲ୍‌ରେ OTP ମିଳିଛି । ଏହା ୧୧୧୧ ।,মই মোৰ মোবাইলত OTP পাইছোঁ। ই হৈছে ১১১১।,Advisory
161,161-1,I want to know how many PM-KISAN installments I have received.,मुझे जानना है कि मुझे पीएम-किसान की कितनी किस्तें मिली हैं।,मला मला किती पीएम-किसान हप्ते मिळाले आहेत हे जाणून घ्यायचे आहे.,મારે જાણવું છે કે મને PM-KISAN ના કેટલા હપ્તા મળ્યા છે.,ഞാൻ എനിക്ക് ലഭിച്ച PM-KISAN ഗഡുക്കൾ എത്രയാണെന്ന് അറിയണം.,ನಾನು ಎಷ್ಟು ಪಿಎಂ-ಕಿಸಾನ್ ಕಂತುಗಳನ್ನು ಪಡೆದಿದ್ದೇನೆ ಎಂಬುದನ್ನು ತಿಳಿಯಲು ಬಯಸುತ್ತೇನೆ.,நான் பெற்றுள்ள PM-KISAN தவணைகள் எத்தனை என்று தெரிந்து கொள்ள விரும்புகிறேன்.,నేను ఇప్పటివరకు ఎన్ని పీఎం-కిసాన్ విడతలు పొందానో తెలుసుకోవాలనుకుంటున్నాను.,আমি জানতে চাই আমি কতটি পিএম-কিষাণ কিস্তি পেয়েছি।,ମୁଁ ଜାଣିବାକୁ ଚାହୁଁଛି ଯେ ମୁଁ କେତେଟି PM-KISAN କିଷ୍ତି ପାଇଛି।,মই কিমান PM-KISAN কিস্তি পাইছোঁ জানিব বিচাৰোঁ।,Advisory
161,161-2,Registration number is KL2210000980.,पंजीकरण संख्या KL2210000980 है।,नोंदणी क्रमांक KL2210000980 आहे.,નોંધણી નંબર KL2210000980 છે.,രജിസ്ട്രേഷൻ നമ്പർ കെഎൽ2210000980 ആണ്.,ನೋಂದಣಿ ಸಂಖ್ಯೆ KL2210000980 ಆಗಿದೆ.,பதிவு எண் KL2210000980.,నమోదు సంఖ్య KL2210000980.,নিবন্ধন নম্বর হলো KL2210000980।,ନୋନ୍ଦନ ସଂଖ୍ୟା ହେଉଛି KL2210000980।,পঞ্জীয়ন নম্বৰ হৈছে KL2210000980.,Scheme_actions
161,161-3,OTP is 1111.,OTP 1111 है।,ओटीपी ११११ आहे.,ઓટીપી 1111 છે.,ഒടിപി 1111 ആണ്.,ಒಟಿಪಿ ೧೧೧೧ ಆಗಿದೆ.,OTP என்பது 1111.,ఓటీపీ 1111.,ওটিপি হলো ১১১১।,ଓଟିପି ୧୧୧୧ ଅଟେ।,OTP হৈছে ১১১১।,Advisory
162,162-1,What is my PM-KISAN registration and eKYC status?,मेरी पीएम-किसान पंजीकरण और eKYC स्थिति क्या है?,माझी पीएम-किसान नोंदणी आणि ई-केवायसी स्थिती काय आहे?,મારું PM-KISAN રજિસ્ટ્રેશન અને eKYC સ્થિતિ શું છે?,എന്റെ PM-KISAN രജിസ്ട്രേഷൻയും eKYC നിലയും എന്താണ്?,ನನ್ನ PM-KISAN ನೋಂದಣಿ ಮತ್ತು eKYC ಸ್ಥಿತಿ ಏನು?,எனது PM-KISAN பதிவு மற்றும் eKYC நிலை என்ன?,నా PM-KISAN నమోదు మరియు eKYC స్థితి ఏమిటి?,আমার PM-KISAN নিবন্ধন এবং eKYC স্ট্যাটাস কী?,ମୋର PM-KISAN ପଞ୍ଜୀକରଣ ଏବଂ eKYC ସ୍ଥିତି କଣ?,মোৰ PM-KISAN পঞ্জীয়ন আৰু eKYC অৱস্থা কি?,Scheme_actions
162,162-2,My registration number is KL2210000980.,मेरा पंजीकरण नंबर KL2210000980 है।,माझा नोंदणी क्रमांक KL2210000980 आहे.,મારો નોંધણી નંબર KL2210000980 છે.,എന്റെ രജിസ്ട്രേഷൻ നമ്പർ KL2210000980 ആണ്.,ನನ್ನ ನೋಂದಣಿ ಸಂಖ್ಯೆ KL2210000980 ಆಗಿದೆ.,என் பதிவு எண் KL2210000980.,నా నమోదు సంఖ్య KL2210000980.,আমার নিবন্ধন নম্বর হলো KL2210000980।,ମୋର ପଞ୍ଜିକରଣ ସଂଖ୍ୟା KL2210000980 ଅଟେ।,মোৰ পঞ্জীয়ন নম্বৰ হৈছে KL2210000980।,Scheme_actions
162,162-3,The OTP I received is 1111.,मुझे जो OTP मिला वह 1111 है।,मला मिळालेला ओटीपी ११११ आहे.,મને મળેલ OTP 1111 છે.,എനിക്ക് ലഭിച്ച ഒടിപി 1111 ആണ്.,ನನಗೆ ಬಂದ ಒಟಿಪಿ 1111 ಆಗಿದೆ.,எனக்கு கிடைத்த OTP 1111.,నేను అందుకున్న ఓటీపీ 1111.,আমি যে ওটিপি পেয়েছি তা ১১১১।,ମୁଁ ପାଇଥିବା OTP ହେଉଛି 1111।,মই লাভ কৰা OTPটো 1111।,Advisory
162,162-4,Is my eKYC complete and when was the last installment paid?,क्या मेरा eKYC पूरा हो गया है और आखिरी किस्त कब मिली?,माझे ईकेवायसी पूर्ण झाले आहे का आणि शेवटचा हप्ता कधी भरला गेला?,શું મારું eKYC પૂર્ણ થયું છે અને છેલ્લી હપ્તાની ચુકવણી ક્યારે કરવામાં આવી હતી?,"എന്റെ eKYC പൂർത്തിയായിട്ടുണ്ടോ, അവസാന ഗഡു എപ്പോൾ അടച്ചതാണ്?",ನನ್ನ eKYC ಪೂರ್ಣಗೊಂಡಿದೆಯೇ ಮತ್ತು ಕೊನೆಯ ಕಂತು ಯಾವಾಗ ಪಾವತಿಸಲಾಯಿತು?,"எனது eKYC முடிந்ததா, மேலும் கடைசி தவணை எப்போது செலுத்தப்பட்டது?",నా eKYC పూర్తయిందా మరియు చివరి విడత ఎప్పుడు చెల్లించబడింది?,আমার eKYC কি সম্পূর্ণ হয়েছে এবং শেষ কিস্তি কবে পরিশোধ করা হয়েছে?,"ମୋର eKYC ସମ୍ପୂର୍ଣ୍ଣ ହୋଇଛି କି, ଏବଂ ଶେଷ ନିଷ୍ପାଦିତ କିସ୍ତି କେବେ ପ୍ରଦାନ କରାଯାଇଥିଲା?",মোৰ eKYC সম্পূৰ্ণ হৈছে নেকি আৰু শেষ কিস্তিটো কেতিয়া পৰিশোধ কৰা হৈছিল?,Advisory
163,163-1,Mera PM Kisan ka status check karna hai.,मेरा PM Kisan का status check करना है।,मला माझ्या पीएम किसानचा स्टेटस तपासायचा आहे.,મારે પીએમ કિસાનનો સ્ટેટસ ચેક કરવો છે.,എന്റെ പി.എം. കിസാൻ സ്റ്റാറ്റസ് പരിശോധിക്കണം.,ನನ್ನ ಪಿಎಂ ಕಿಸಾನ್ ಸ್ಥಿತಿಯನ್ನು ಪರಿಶೀಲಿಸಬೇಕಾಗಿದೆ.,எனது பி.எம். கிசான் நிலையைச் சரிபார்க்க வேண்டும்.,నా PM కిసాన్ స్థితిని తనిఖీ చేయాలి.,আমার পিএম কিষাণের স্ট্যাটাস চেক করতে হবে।,ମୋର PM କିଷାନର ଷ୍ଟାଟସ୍ ଚେକ୍ କରିବାକୁ ଅଛି।,মোৰ পি এম কিষাণৰ স্থিতি পৰীক্ষা কৰিব লাগিছে।,Advisory
163,163-2,Registration number KL2210000980 hai.,Registration number KL2210000980 है।,नोंदणी क्रमांक KL2210000980 आहे.,રજિસ્ટ્રેશન નંબર KL2210000980 છે.,രജിസ്ട്രേഷൻ നമ്പർ KL2210000980 ആണ്.,ನೋಂದಣಿ ಸಂಖ್ಯೆ KL2210000980 ಇದೆ.,பதிவு எண் KL2210000980 உள்ளது.,రిజిస్ట్రేషన్ నంబర్ KL2210000980 ఉంది.,রেজিস্ট্রেশন নম্বর KL2210000980 আছে।,ନୋନଦାନ ନମ୍ବର KL2210000980 ଅଛି।,ৰেজিষ্ট্ৰেচন নম্বৰ KL2210000980 হৈছে।,Scheme_actions
163,163-3,"OTP aaya hai, 1111 hai.","OTP आया है, 1111 है।","ओटीपी आला आहे, 1111 आहे.","ઓટિપિ આવ્યો છે, 1111 છે.","ഒ.ടി.പി വന്നിട്ടുണ്ട്, 1111 ആണ്.","ಒಟಿಪಿ ಬಂದಿದೆ, 1111 ಇದೆ.","ஒடிபி வந்துள்ளது, 1111 ஆகும்.","OTP వచ్చింది, 1111 ఉంది.","ওটিপি এসেছে, ১১১১ হলো।","OTP ଆସିଛି, ୧୧୧୧ ଅଛି।","OTP আহিছে, ১১১১ হৈছে।",Advisory
164,164-1,How many PM-KISAN installments have I received and when was the last one?,मुझे अब तक कितनी पीएम-किसान किस्तें मिली हैं और आखिरी कब थी?,मला PM-KISAN च्या किती हप्ते मिळाले आहेत आणि शेवटचा हप्ता कधी मिळाला?,મને અત્યાર સુધી PM-KISAN ના કેટલા હપ્તા મળ્યા છે અને છેલ્લો હપ્તો ક્યારે મળ્યો હતો?,"ഞാൻ ഇതുവരെ എത്ര പി.എം-കിസാൻ ഗഡുക്കൾ ലഭിച്ചിട്ടുണ്ട്, അവസാനത്തേത് എപ്പോഴായിരുന്നു?",ನಾನು ಎಷ್ಟು PM-KISAN ಕಂತುಗಳನ್ನು ಪಡೆದಿದ್ದೇನೆ ಮತ್ತು ಕೊನೆಯದು ಯಾವಾಗ ಬಂದಿತು?,"நான் எத்தனை பிஎம்-கிசான் தவணைகளை பெற்றுள்ளேன், மேலும் கடைசித் தவணை எப்போது வந்தது?","నేను ఎన్ని పీఎం-కిసాన్ వాయిదాలు పొందాను, చివరిది ఎప్పుడు వచ్చింది?",আমি কতটি পিএম-কিষান কিস্তি পেয়েছি এবং শেষ কিস্তিটি কবে পেয়েছি?,ମୁଁ କେତେଟି PM-KISAN କିସ୍ତି ପାଇଛି ଏବଂ ଶେଷଟି କେବେ ମିଳିଥିଲା?,মই কিমানটা পিএম-কিষাণৰ কিস্তি লাভ কৰিছোঁ আৰু শেষ কিস্তিখন কেতিয়া পাইছিলোঁ?,Advisory
164,164-2,KL2210000980 is my registration number.,KL2210000980 मेरा पंजीकरण नंबर है।,KL2210000980 हा माझा नोंदणी क्रमांक आहे.,KL2210000980 મારું નોંધણી નંબર છે.,കെഎൽ2210000980 ആണ് എന്റെ രജിസ്ട്രേഷൻ നമ്പർ.,ನನ್ನ ನೋಂದಣಿ ಸಂಖ್ಯೆ KL2210000980 ಆಗಿದೆ.,KL2210000980 எனது பதிவு எண்.,KL2210000980 నా నమోదు సంఖ్య.,KL2210000980 হলো আমার নিবন্ধন নম্বর।,KL2210000980 ହେଉଛି ମୋର ପଞ୍ଜୀକରଣ ସଂଖ୍ୟା।,KL2210000980 মোৰ পঞ্জীয়ন নম্বৰ।,Scheme_actions
164,164-3,1111,1111,११११,૧૧૧૧,1111,೧೧೧೧,1111,1111,১১১১,୧୧୧୧,১১১১,Advisory
164,164-4,What is my location registered under PM-KISAN?,पीएम-किसान में मेरी कौन सी लोकेशन दर्ज है?,माझे PM-KISAN अंतर्गत नोंदवलेले ठिकाण कोणते आहे?,મારું સ્થાન પીએમ-કિસાન હેઠળ નોંધાયેલું શું છે?,പി.എം-കിസാൻ പ്രകാരം എന്റെ സ്ഥലം ഏത് പേരിൽ രജിസ്റ്റർ ചെയ്തിരിക്കുന്നു?,PM-KISAN ಅಡಿಯಲ್ಲಿ ನನ್ನ ಸ್ಥಳವನ್ನು ಯಾವ ಹೆಸರಿನಲ್ಲಿ ನೋಂದಾಯಿಸಲಾಗಿದೆ?,PM-KISAN-இல் எனது இருப்பிடம் எந்த வகையில் பதிவு செய்யப்பட்டுள்ளது?,PM-KISAN కింద నా స్థానం ఏది నమోదు అయి ఉంది?,পিএম-কিষান-এর অধীনে আমার অবস্থান কোন নামে নিবন্ধিত আছে?,PM-KISAN ଅନୁସାରେ ମୋର ଅବସ୍ଥାନ କେଉଁଠି ପଞ୍ଜୀକୃତ ହୋଇଛି?,পি এম-কিষাণৰ অধীনত মোৰ স্থান ক'ত পঞ্জীয়ন কৰা হৈছে?,Agri_services
165,165-1,I want to file a grievance for PM-KISAN. I have not received my latest installment.,मैं पीएम-किसान के लिए शिकायत दर्ज करना चाहता हूं। मुझे नवीनतम किस्त नहीं मिली।,मला पीएम-किसानसाठी तक्रार नोंदवायची आहे. मला माझा ताज्या हप्त्याचा लाभ मिळालेला नाही.,મને પીએમ-કિસાન માટે ફરિયાદ નોંધાવવી છે. મને મારી તાજેતરની કિસ્ત મળી નથી.,പി.എം-കിസാൻ സംബന്ധിച്ച് ഞാൻ പരാതി നൽകാൻ ആഗ്രഹിക്കുന്നു. എന്റെ ഏറ്റവും പുതിയ ഗഡു എനിക്ക് ലഭിച്ചിട്ടില്ല.,ನಾನು ಪಿಎಂ-ಕಿಸಾನ್‌ಗೆ ದೂರು ಸಲ್ಲಿಸಲು ಬಯಸುತ್ತೇನೆ. ನನಗೆ ನನ್ನ ಇತ್ತೀಚಿನ ಕಂತು ಇನ್ನೂ ಬಂದಿಲ್ಲ.,பி.எம்-கிசான் திட்டத்திற்கான புகாரை பதிவு செய்ய விரும்புகிறேன். எனக்கு எனது சமீபத்திய தவணை கிடைக்கவில்லை.,నేను పీఎం-కిసాన్ కోసం ఫిర్యాదు నమోదు చేయాలనుకుంటున్నాను. నాకు నా తాజా విడత అందలేదు.,আমি পিএম-কিষান-এর জন্য একটি অভিযোগ দাখিল করতে চাই। আমি আমার সর্বশেষ কিস্তি পাইনি।,ମୁଁ ପିଏମ-କିଷାନ ପାଇଁ ଏକ ଅଭିଯୋଗ ଦାଖଲ କରିବାକୁ ଚାହୁଁଛି। ମୋର ସବୁଠାରୁ ନବୀନ କିସ୍ତି ମୁଁ ପାଇନି।,মই পিএম-কিষাণৰ বাবে এটা অভিযোগ দাখিল কৰিব বিচাৰোঁ। মোৰ শেহতীয়া কিস্তিটো মই পোৱা নাই।,Scheme_actions
165,165-2,My PM-KISAN registration number is KL2210000980.,मेरा पीएम-किसान पंजीकरण नंबर KL2210000980 है।,माझा पीएम-किसान नोंदणी क्रमांक KL2210000980 आहे.,મારો પીએમ-કિસાન નોંધણી નંબર KL2210000980 છે.,എന്റെ പി.എം-കിസാൻ രജിസ്ട്രേഷൻ നമ്പർ കെഎൽ2210000980 ആണ്.,ನನ್ನ ಪಿಎಂ-ಕಿಸಾನ್ ನೋಂದಣಿ ಸಂಖ್ಯೆ KL2210000980 ಆಗಿದೆ.,எனது PM-KISAN பதிவுப் எண் KL2210000980 ஆகும்.,నా పీఎం-కిసాన్ నమోదు సంఖ్య KL2210000980.,আমার পিএম-কিষাণ নিবন্ধন নম্বর KL2210000980।,ମୋର PM-KISAN ପଞ୍ଜୀକରଣ ସଂଖ୍ୟା KL2210000980 ଅଟେ।,মোৰ পি এম-কিষাণ পঞ্জীয়ন নম্বৰ হৈছে KL2210000980.,Scheme_actions
165,165-3,Please register the grievance: I have not received the latest installment despite being eligible.,कृपया शिकायत दर्ज करें: पात्र होने के बावजूद मुझे नवीनतम किस्त नहीं मिली।,कृपया तक्रार नोंदवा: मी पात्र असूनही मला शेवटचा हप्ता मिळालेला नाही.,કૃપા કરીને ફરિયાદ નોંધાવો: હું પાત્ર હોવા છતાં મને તાજેતરનો હપ્તો મળ્યો નથી.,ദയവായി പരാതി രജിസ്റ്റർ ചെയ്യുക: അർഹത ഉണ്ടായിട്ടും എനിക്ക് ഏറ്റവും പുതിയ ഗഡു ലഭിച്ചിട്ടില്ല.,ದಯವಿಟ್ಟು ದೂರು ನೋಂದಾಯಿಸಿ: ನಾನು ಅರ್ಹನಾಗಿದ್ದರೂ ಇತ್ತೀಚಿನ ಕಂತನ್ನು ಪಡೆದಿಲ್ಲ.,தயவுசெய்து குறை பதிவு செய்யவும்: நான் தகுதியானவராக இருந்தும் சமீபத்திய தவணையை பெறவில்லை.,దయచేసి ఫిర్యాదును నమోదు చేయండి: నేను అర్హుడిని అయినప్పటికీ తాజా విడతను అందుకోలేదు.,দয়া করে অভিযোগটি নিবন্ধন করুন: আমি যোগ্য হওয়া সত্ত্বেও সর্বশেষ কিস্তি পাইনি।,ଦୟାକରି ଅଭିଯୋଗ ପଞ୍ଜୀକରଣ କରନ୍ତୁ: ମୁଁ ଯୋଗ୍ୟ ଥିଲେ ମଧ୍ୟ ନବୀନତମ କିସ୍ତି ପାଇନି।,অনুগ্ৰহ কৰি অভিযোগটো পঞ্জীয়ন কৰক: মই যোগ্য হোৱাৰ পিছতো শেহতীয়া কিস্তিটো লাভ কৰা নাই।,Scheme_actions
166,166-1,I want to register a grievance in PM-KISAN.,पीएम-किसान में शिकायत दर्ज करनी है।,मला पीएम-किसानमध्ये तक्रार नोंदवायची आहे.,હું પીએમ-કિસાનમાં ફરિયાદ નોંધાવવા માંગું છું.,പി.എം-കിസാനിൽ ഒരു പരാതി രജിസ്റ്റർ ചെയ്യാൻ ഞാൻ ആഗ്രഹിക്കുന്നു.,ನಾನು ಪಿಎಂ-ಕಿಸಾನ್‌ನಲ್ಲಿ ದೂರು ನೋಂದಾಯಿಸಲು ಬಯಸುತ್ತೇನೆ.,நான் PM-KISAN இல் ஒரு புகாரை பதிவு செய்ய விரும்புகிறேன்.,నేను పీఎం-కిసాన్‌లో ఫిర్యాదు నమోదు చేయాలనుకుంటున్నాను.,আমি পিএম-কিষাণে একটি অভিযোগ নিবন্ধন করতে চাই।,ମୁଁ PM-KISAN ରେ ଏକ ଅଭିଯୋଗ ପଞ୍ଜୀକରଣ କରିବାକୁ ଚାହୁଁଛି।,মই PM-KISAN ত এটা অভিযোগ পঞ্জীয়ন কৰিব বিচাৰোঁ।,Scheme_actions
166,166-2,KL2210000980 is my registration number.,KL2210000980 है मेरा पंजीकरण नंबर।,KL2210000980 हा माझा नोंदणी क्रमांक आहे.,KL2210000980 મારું નોંધણી નંબર છે.,കെഎൽ2210000980 ആണ് എന്റെ രജിസ്ട്രേഷൻ നമ്പർ.,KL2210000980 ನನ್ನ ನೋಂದಣಿ ಸಂಖ್ಯೆ.,KL2210000980 என்பது என் பதிவு எண்.,KL2210000980 నా నమోదు సంఖ్య.,KL2210000980 আমার নিবন্ধন নম্বর।,KL2210000980 ହେଉଛି ମୋର ପଞ୍ଜୀକରଣ ସଂଖ୍ୟା।,KL2210000980 মোৰ পঞ্জীয়ন নম্বৰ।,Scheme_actions
166,166-3,Installment has not arrived even though I am eligible. Register this grievance.,"किस्त नहीं आई, हालांकि मैं पात्र हूं। यह शिकायत दर्ज करें।",मी पात्र असूनही हप्ता आलेला नाही. ही तक्रार नोंदवा.,હું લાયક હોવા છતાં હપ્તો આવ્યો નથી. કૃપા કરીને આ ફરિયાદ નોંધો.,ഞാൻ അർഹനായിരിക്കെ തവണ ലഭിച്ചിട്ടില്ല. ഈ പരാതി രജിസ്റ്റർ ചെയ്യുക.,ನಾನು ಅರ್ಹನಾಗಿದ್ದರೂ ಕಂತು ಬಂದಿಲ್ಲ. ದಯವಿಟ್ಟು ಈ ಅಹವಾಲನ್ನು ನೋಂದಾಯಿಸಿ.,நான் தகுதியுள்ளவனாக இருந்தும் தவணை தொகை இன்னும் வரவில்லை. இந்த புகாரை பதிவு செய்யவும்.,నేను అర్హుడినై కూడా వాయిదా రాలేదు. దయచేసి ఈ ఫిర్యాదును నమోదు చేయండి.,আমি যোগ্য হওয়া সত্ত্বেও কিস্তি আসেনি। এই অভিযোগটি নথিভুক্ত করুন।,ମୁଁ ଯୋଗ୍ୟ ଥିଲେ ମଧ୍ୟ କିଷ୍ତି ଆସିନାହିଁ। ଦୟାକରି ଏହି ଅଭିଯୋଗଟି ପଞ୍ଜିକୃତ କରନ୍ତୁ।,মই যোগ্য হোৱা সত্ত্বেও কিস্তি আহি পোৱা নাই। এই অভিযোগ পঞ্জীয়ন কৰক।,Scheme_actions
167,167-1,I want to report that my PM-KISAN money was not credited to my bank account.,मैं रिपोर्ट करना चाहता हूं कि पीएम-किसान का पैसा मेरे बैंक खाते में नहीं आया।,"माझे पीएम-किसानचे पैसे माझ्या बँक खात्यात जमा झाले नाहीत, अशी तक्रार मला नोंदवायची आहे.",હું જણાવવા માંગું છું કે મારી પીએમ-કિસાનની રકમ મારી બેંક ખાતામાં જમા થઈ નથી.,എന്റെ പി.എം-കിസാൻ പണം എന്റെ ബാങ്ക് അക്കൗണ്ടിൽ ക്രെഡിറ്റ് ചെയ്തിട്ടില്ലെന്ന് ഞാൻ റിപ്പോർട്ട് ചെയ്യാൻ ആഗ്രഹിക്കുന്നു.,ನನ್ನ PM-KISAN ಹಣ ನನ್ನ ಬ್ಯಾಂಕ್ ಖಾತೆಗೆ ಜಮೆಯಾಗಿಲ್ಲ ಎಂದು ನಾನು ವರದಿ ಮಾಡಲು ಬಯಸುತ್ತೇನೆ.,என் பி.எம்.-கிசான் பணம் என் வங்கிக் கணக்கில் வரவு வைக்கப்படவில்லை என்று நான் புகார் அளிக்க விரும்புகிறேன்.,నా PM-KISAN డబ్బు నా బ్యాంక్ ఖాతాలో జమ కాలేదని నేను తెలియజేయాలనుకుంటున్నాను.,আমি জানাতে চাই যে আমার পিএম-কিসান-এর টাকা আমার ব্যাংক অ্যাকাউন্টে জমা হয়নি।,ମୁଁ ଜଣାଇବାକୁ ଚାହୁଁଛି ଯେ ମୋର ପିଏମ-କିଷାନ ଟଙ୍କା ମୋର ବ୍ୟାଙ୍କ ଖାତାରେ ଜମା ହୋଇନାହିଁ।,মই জানাব বিচাৰো যে মোৰ PM-KISANৰ ধন মোৰ বেংক একাউণ্টত জমা হোৱা নাই।,Advisory
167,167-2,My PM-KISAN registration number is KL2210000980.,मेरा पीएम-किसान पंजीकरण नंबर KL2210000980 है।,माझा पीएम-किसान नोंदणी क्रमांक KL2210000980 आहे.,મારો PM-KISAN નોંધણી નંબર KL2210000980 છે.,എന്റെ പി.എം-കിസാൻ രജിസ്ട്രേഷൻ നമ്പർ KL2210000980 ആണ്.,ನನ್ನ PM-KISAN ನೋಂದಣಿ ಸಂಖ್ಯೆ KL2210000980 ಆಗಿದೆ.,எனது PM-KISAN பதிவு எண் KL2210000980 ஆகும்.,నా పీఎం-కిసాన్ నమోదు సంఖ్య KL2210000980.,আমার PM-KISAN নিবন্ধন নম্বর হলো KL2210000980।,ମୋର PM-KISAN ପଞ୍ଜୀକରଣ ସଂଖ୍ୟା KL2210000980 ଅଟେ।,মোৰ পি এম-কিষাণ পঞ্জীয়ন নম্বৰ হৈছে KL2210000980.,Scheme_actions
167,167-3,The installment has not been credited for the past season even though my name is in the beneficiary list.,मेरा नाम लाभार्थी सूची में होने के बावजूद पिछले सीजन की किस्त जमा नहीं हुई।,माझे नाव लाभार्थी यादीत असूनही मागील हंगामाचा हप्ता जमा झालेला नाही.,મારા નામ લાભાર્થી યાદીમાં હોવા છતાં પણ ગયા ઋતુનો હપ્તો જમા થયો નથી.,എന്റെ പേര് ഗുണഭോക്തൃ പട്ടികയിൽ ഉണ്ടായിട്ടും കഴിഞ്ഞ സീസണിലെ ഗഡു ക്രെഡിറ്റ് ചെയ്തിട്ടില്ല.,ಹಿಂದಿನ ಹಂಗಾಮಿನ ಕಂತು ನನ್ನ ಹೆಸರೂ ಫಲಾನುಭವಿಗಳ ಪಟ್ಟಿಯಲ್ಲಿ ಇದ್ದರೂ ಇನ್ನೂ ಜಮೆಯಾಗಿಲ್ಲ.,கடந்த பருவத்திற்கான தவணை எனது பெயர் பயனாளிகள் பட்டியலில் இருந்தும் இன்னும் வரவு வைக்கப்படவில்லை.,"గత సీజన్‌కు నా పేరు లబ్ధిదారుల జాబితాలో ఉన్నప్పటికీ, వాయిదా నా ఖాతాలో జమ కాలేదు.","গত মৌসুমের কিস্তির টাকা এখনও জমা হয়নি, যদিও উপভোক্তা তালিকায় আমার নাম রয়েছে।",ପଛଳ ଋତୁର ଟଙ୍କା ମୋ ନାମ ଲାଭାନ୍ବିତ ତାଲିକାରେ ଥିଲା ସତ୍ତ୍ୱେ ମଧ୍ୟ ମୋ ଖାତାରେ ଜମା ହୋଇନାହିଁ।,মোৰ নাম সুবিধাভোগীৰ তালিকাত থকাৰ পিছতো আগৰ মৌচুমৰ বাবে কিস্তিৰ ধন জমা হোৱা নাই।,Advisory
168,168-1,What is the current status of my PM-KISAN grievance?,मेरी पीएम-किसान शिकायत की वर्तमान स्थिति क्या है?,माझ्या PM-KISAN तक्रारीची सध्याची स्थिती काय आहे?,મારા પીએમ-કિસાન ફરિયાદની હાલની સ્થિતિ શું છે?,എന്റെ പി.എം-കിസാൻ പരാതിയുടെ നിലവിലെ നില എന്താണ്?,ನನ್ನ PM-KISAN ದೂರುದ ಪ್ರಸ್ತುತ ಸ್ಥಿತಿ ಏನು?,என் PM-KISAN குறைதீர்க்கும் மனுவின் தற்போதைய நிலை என்ன?,నా పీఎం-కిసాన్ ఫిర్యాదు యొక్క ప్రస్తుత స్థితి ఏమిటి?,আমার পিএম-কিষাণ অভিযোগের বর্তমান অবস্থা কী?,ମୋ PM-KISAN ଅଭିଯୋଗର ବର୍ତ୍ତମାନ ସ୍ଥିତି କ’ଣ?,মোৰ PM-KISAN অভিযোগৰ বৰ্তমান অৱস্থা কি?,Scheme_actions
168,168-2,My registration number is KL2210000980.,मेरा पंजीकरण नंबर KL2210000980 है।,माझा नोंदणी क्रमांक KL2210000980 आहे.,મારો નોંધણી નંબર KL2210000980 છે.,എന്റെ രജിസ്ട്രേഷൻ നമ്പർ KL2210000980 ആണ്.,ನನ್ನ ನೋಂದಣಿ ಸಂಖ್ಯೆ KL2210000980 ಆಗಿದೆ.,என் பதிவு எண் KL2210000980 ஆகும்.,నా నమోదు సంఖ్య KL2210000980.,আমার নিবন্ধন নম্বর হলো KL2210000980।,ମୋର ପଞ୍ଜୀକରଣ ସଂଖ୍ୟା KL2210000980 ଅଟେ।,মোৰ পঞ্জীয়ন নম্বৰ হৈছে KL2210000980।,Scheme_actions
169,169-1,Has my PM-KISAN grievance been resolved yet?,क्या मेरी पीएम-किसान शिकायत अभी तक सुलझी है?,माझी पीएम-किसान तक्रार अद्याप निकाली निघाली आहे का?,શું મારી PM-KISAN ફરિયાદ હજી સુધી ઉકેલાઈ છે?,എന്റെ പി.എം-കിസാൻ പരാതിക്ക് പരിഹാരം ലഭിച്ചോ?,ನನ್ನ ಪಿಎಂ-ಕಿಸಾನ್ ದೂರು ಇನ್ನೂ ಪರಿಹರಿಸಲ್ಪಟ್ಟಿದೆಯೇ?,எனது PM-KISAN குறை தீர்ப்பு இதுவரை தீர்க்கப்பட்டதா?,నా PM-KISAN ఫిర్యాదు ఇప్పటివరకు పరిష్కారమైందా?,আমার PM-KISAN অভিযোগ কি ইতিমধ্যে সমাধান হয়েছে?,ମୋ PM-KISAN ଅଭିଯୋଗଟି ଏପର୍ଯ୍ୟନ୍ତ ସମାଧାନ ହୋଇଛି କି?,মোৰ PM-KISAN অভিযোগটো এতিয়া সমাধান হৈছে নেকি?,Scheme_actions
169,169-2,Registration number is KL2210000980.,पंजीकरण नंबर KL2210000980 है।,नोंदणी क्रमांक KL2210000980 आहे.,નોંધણી નંબર KL2210000980 છે.,രജിസ്ട്രേഷൻ നമ്പർ KL2210000980 ആണ്.,ನೋಂದಣಿ ಸಂಖ್ಯೆ KL2210000980 ಆಗಿದೆ.,பதிவு எண் KL2210000980 ஆகும்.,రిజిస్ట్రేషన్ నంబర్ KL2210000980.,নিবন্ধন নম্বরটি হলো KL2210000980।,ପଞ୍ଜୀକରଣ ସଂଖ୍ୟା ହେଉଛି KL2210000980।,পঞ্জীয়ন নম্বৰ হৈছে KL2210000980।,Scheme_actions
170,170-1,I want to check my PM-KISAN status.,मैं अपनी पीएम-किसान स्थिति जांचना चाहता हूं।,मला माझी पीएम-किसान स्थिती तपासायची आहे.,હું મારા પીએમ-કિસાનની સ્થિતિ તપાસવા માંગું છું.,എന്റെ പി.എം-കിസാൻ നില പരിശോധിക്കാൻ ഞാൻ ആഗ്രഹിക്കുന്നു.,ನಾನು ನನ್ನ ಪಿಎಂ-ಕಿಸಾನ್ ಸ್ಥಿತಿಯನ್ನು ಪರಿಶೀಲಿಸಲು ಬಯಸುತ್ತೇನೆ.,நான் என் பி.எம்-கிசான் நிலையைச் சரிபார்க்க விரும்புகிறேன்.,నేను నా పీఎం-కిసాన్ స్థితిని తనిఖీ చేయాలనుకుంటున్నాను.,আমি আমার পিএম-কিসান স্ট্যাটাস চেক করতে চাই।,ମୁଁ ମୋର PM-KISAN ସ୍ଥିତି ଯାଞ୍ଚ କରିବାକୁ ଚାହେଁ।,মই মোৰ PM-KISAN স্থিতি পৰীক্ষা কৰিব বিচাৰো।,Advisory
170,170-2,Registration number is KL2210000980.,पंजीकरण नंबर KL2210000980 है।,नोंदणी क्रमांक KL2210000980 आहे.,નોંધણી નંબર KL2210000980 છે.,രജിസ്ട്രേഷൻ നമ്പർ കെഎൽ2210000980 ആണ്.,ನೋಂದಣಿ ಸಂಖ್ಯೆ KL2210000980.,பதிவு எண் KL2210000980.,రిజిస్ట్రేషన్ నంబర్ KL2210000980.,রেজিস্ট্রেশন নম্বরটি হলো KL2210000980।,ପଞ୍ଜୀକରଣ ସଂଖ୍ୟା ହେଉଛି KL2210000980।,পঞ্জীয়ন নম্বৰ হৈছে KL2210000980।,Scheme_actions
170,170-3,OTP is 1111.,OTP 1111 है।,ओटीपी 1111 आहे.,ઓટિપિ 1111 છે.,ഒടിപി 1111 ആണ്.,ಒಟಿಪಿ 1111 ಆಗಿದೆ.,OTP என்பது 1111.,OTP 1111.,ওটিপি হলো ১১১১।,OTP ହେଉଛି 1111.,OTP হৈছে ১১১১।,Advisory
170,170-4,I can see installment 17 is the latest but it has not been credited. Can I file a grievance?,मैं देख रहा हूं कि किस्त 17 सबसे नई है लेकिन जमा नहीं हुई। क्या मैं शिकायत दर्ज कर सकता हूं?,"मला दिसत आहे की हप्ता १७ हा सर्वात अलीकडचा आहे, पण तो जमा झालेला नाही. मी तक्रार नोंदवू शकतो का?","હું જોઈ શકું છું કે હપ્તો 17 સૌથી તાજેતરનો છે, પરંતુ તે જમા થયો નથી. શું હું ફરિયાદ નોંધાવી શકું?","ഇൻസ്റ്റാൾമെന്റ് 17 ആണ് ഏറ്റവും പുതിയതെന്ന് ഞാൻ കാണുന്നു, പക്ഷേ അത് ക്രെഡിറ്റ് ചെയ്തിട്ടില്ല. ഞാൻ പരാതി നൽകാമോ?","ಕಂತು 17 ಇತ್ತೀಚಿನದಾಗಿದ್ದು, ಅದನ್ನು ಇನ್ನೂ ಜಮಾ ಮಾಡಲಾಗಿಲ್ಲ ಎಂದು ನನಗೆ ಕಾಣುತ್ತದೆ. ನಾನು ದೂರು ಸಲ್ಲಿಸಬಹುದೇ?","நான் 17வது தவணை சமீபத்தியதாக இருப்பதை காண்கிறேன், ஆனால் அது வரவு வைக்கப்படவில்லை. நான் புகார் அளிக்கலாமா?","17వ విడతనే తాజాదిగా కనిపిస్తోంది, కానీ అది ఇంకా జమ కాలేదు. నేను ఫిర్యాదు చేయవచ్చా?","আমি দেখতে পাচ্ছি ১৭তম কিস্তিটি সর্বশেষ, কিন্তু এটি জমা হয়নি। আমি কি অভিযোগ দায়ের করতে পারি?","ମୁଁ ଦେଖୁଛି ୧୭ତମ କିସ୍ତି ସବୁଠାରୁ ନୂତନ, କିନ୍ତୁ ଏହା ଜମା ହୋଇନାହିଁ। ମୁଁ କି ଅଭିଯୋଗ ଦାଖଲ କରିପାରିବି?","মই দেখিবলৈ পাইছোঁ যে কিস্তি ১৭ আটাইতকৈ শেহতীয়া, কিন্তু ই এতিয়াও জমা হোৱা নাই। মই কি অভিযোগ দাখিল কৰিব পাৰোঁ?",Scheme_actions
170,170-5,"Yes, file the grievance for non-receipt of the latest PM-KISAN installment for KL2210000980.","हां, KL2210000980 के लिए नवीनतम पीएम-किसान किस्त न मिलने की शिकायत दर्ज करें।","होय, KL2210000980 साठी मिळालेल्या शेवटच्या PM-KISAN हप्त्याच्या न मिळण्याबाबत तक्रार नोंदवा.","હા, KL2210000980 માટે તાજેતરની PM-KISAN હપ્તાની અપ્રાપ્તિ અંગે ફરિયાદ નોંધાવો.","അതെ, KL2210000980-യ്ക്കായി ഏറ്റവും പുതിയ PM-KISAN ഗഡു ലഭിക്കാത്തതിനുള്ള പരാതിയെ ഫയൽ ചെയ്യുക.","ಹೌದು, KL2210000980 ಗೆ ಇತ್ತೀಚಿನ ಪಿಎಂ-ಕಿಸಾನ್ ಕಂತು ಲಭಿಸದಿರುವ ಕುರಿತು ದೂರು ದಾಖಲಿಸಿ.","ஆம், KL2210000980-க்கு சமீபத்திய PM-KISAN தவணை கிடைக்காததற்காக புகாரை பதிவு செய்யவும்.","అవును, KL2210000980 కోసం తాజా PM-KISAN వాయిదా అందకపోవడంపై ఫిర్యాదు నమోదు చేయండి.","হ্যাঁ, KL2210000980-এর জন্য সর্বশেষ PM-KISAN কিস্তি না পাওয়ার বিষয়ে অভিযোগ দায়ের করুন।","ହଁ, KL2210000980 ପାଇଁ ସବୁଠାରୁ ନୂତନ PM-KISAN କିସ୍ତି ନମିଳିବାରେ ଅଭିଯୋଗ ଦାଖଲ କରନ୍ତୁ।","হয়, KL2210000980-ৰ বাবে শেহতীয়া PM-KISAN কিস্তি নোপোৱাৰ বিষয়ে অভিযোগ দাখিল কৰক।",Scheme_actions
171,171-1,Can I see my soil health card report?,क्या मैं अपनी मृदा स्वास्थ्य कार्ड रिपोर्ट देख सकता हूं?,मी माझा माती आरोग्य कार्ड अहवाल पाहू शकतो का?,શું હું મારી માટી આરોગ્ય કાર્ડ રિપોર્ટ જોઈ શકું?,എന്റെ മണ്ണ് ആരോഗ്യ കാർഡ് റിപ്പോർട്ട് കാണാനാകുമോ?,ನಾನು ನನ್ನ ಮಣ್ಣಿನ ಆರೋಗ್ಯ ಕಾರ್ಡ್ ವರದಿಯನ್ನು ನೋಡಬಹುದೇ?,எனது மண் ஆரோக்கிய அட்டை அறிக்கையை நான் பார்க்கலாமா?,నేను నా మట్టి ఆరోగ్య కార్డు నివేదికను చూడగలనా?,আমি কি আমার মাটির স্বাস্থ্য কার্ডের প্রতিবেদন দেখতে পারি?,ମୁଁ ମୋ ମାଟି ସ୍ୱାସ୍ଥ୍ୟ କାର୍ଡ୍ ରିପୋର୍ଟ ଦେଖିପାରିବି କି?,মই মোৰ মাটিৰ স্বাস্থ্য কাৰ্ডৰ প্ৰতিবেদন চাব পাৰিম নেকি?,Advisory
171,171-2,My phone number is 9876543210.,मेरा फोन नंबर 9876543210 है।,माझा फोन नंबर ९८७६५४३२१० आहे.,મારો ફોન નંબર 9876543210 છે.,എന്റെ ഫോൺ നമ്പർ 9876543210 ആണ്.,ನನ್ನ ಫೋನ್ ಸಂಖ್ಯೆ 9876543210.,என் தொலைபேசி எண் 9876543210.,నా ఫోన్ నంబర్ 9876543210.,আমার ফোন নম্বর ৯৮৭৬৫৪৩২১০।,ମୋ ଫୋନ୍ ନମ୍ବର 9876543210 ଅଟେ।,মোৰ ফোন নম্বৰ হৈছে ৯৮৭৬৫৪৩২১০।,Advisory
171,171-3,I want the 2024-25 cycle report.,मुझे 2024-25 चक्र की रिपोर्ट चाहिए।,मला 2024-25 चा चक्र अहवाल हवा आहे.,મને 2024-25 ચક્રનો અહેવાલ જોઈએ છે.,എനിക്ക് 2024-25 ചക്ര റിപ്പോർട്ട് വേണം.,ನನಗೆ 2024-25 ಚಕ್ರದ ವರದಿ ಬೇಕು.,2024-25 சுழற்சி அறிக்கை வேண்டும்.,నేను 2024-25 చక్ర నివేదికను కోరుకుంటున్నాను.,আমি ২০২৪-২৫ চক্রের প্রতিবেদন চাই।,ମୁଁ 2024-25 ଚକ୍ରର ରିପୋର୍ଟ ଚାହୁଁଛି।,মই ২০২৪-২৫ চক্ৰৰ প্ৰতিবেদনটো বিচাৰিছোঁ।,Advisory
172,172-1,I want to check my PMFBY crop insurance policy status.,मैं अपनी पीएमएफबीवाई फसल बीमा पॉलिसी स्थिति जांचना चाहता हूं।,मला माझ्या पीएमएफबीवाय पीक विमा पॉलिसीची स्थिती तपासायची आहे.,હું મારી પીએમએફબાયી પાક વીમા પોલીસી સ્થિતિ તપાસવા માંગુ છું.,എന്റെ PMFBY വിള ഇൻഷുറൻസ് പോളിസി സ്ഥിതിവിവരം പരിശോധിക്കണം.,ನಾನು ನನ್ನ PMFBY ಬೆಳೆ ವಿಮಾ ಪಾಲಿಸಿ ಸ್ಥಿತಿಯನ್ನು ಪರಿಶೀಲಿಸಲು ಬಯಸುತ್ತೇನೆ.,நான் எனது PMFBY பயிர் காப்பீட்டு பாலிசி நிலையைச் சரிபார்க்க விரும்புகிறேன்.,నా PMFBY పంట బీమా పాలసీ స్థితిని తనిఖీ చేయాలనుకుంటున్నాను.,আমি আমার PMFBY ফসল বিমা পলিসির অবস্থা পরীক্ষা করতে চাই।,ମୁଁ ମୋର PMFBY ଫସଲ ବୀମା ପଲିସିର ସ୍ଥିତି ଯାଞ୍ଚ କରିବାକୁ ଚାହୁଁଛି।,মই মোৰ PMFBY শস্য বীমা পলিচীৰ স্থিতি পৰীক্ষা কৰিব বিচাৰোঁ।,Advisory
172,172-2,My registered phone number is 9876543210.,मेरा पंजीकृत फोन नंबर 9876543210 है।,माझा नोंदणीकृत फोन क्रमांक ९८७६५४३२१० आहे.,મારો નોંધાયેલ ફોન નંબર 9876543210 છે.,എന്റെ രജിസ്റ്റർ ചെയ്ത ഫോൺ നമ്പർ 9876543210 ആണ്.,ನನ್ನ ನೋಂದಾಯಿತ ಫೋನ್ ಸಂಖ್ಯೆ 9876543210 ಆಗಿದೆ.,எனது பதிவு செய்யப்பட்ட தொலைபேசி எண் 9876543210.,నా నమోదు చేసిన ఫోన్ నంబర్ 9876543210.,আমার নিবন্ধিত ফোন নম্বর হলো ৯৮৭৬৫৪৩২১০।,ମୋର ପଞ୍ଜୀକୃତ ଫୋନ୍‌ ନମ୍ବର ୯୮୭୬୫୪୩୨୧୦ ଅଟେ।,মোৰ পঞ্জীয়নভুক্ত ফোন নম্বৰ হৈছে 9876543210.,Advisory
172,172-3,"I received the OTP, it is 111111.","मुझे OTP मिला है, यह 111111 है।","मला ओटीपी मिळाला आहे, तो ११११११ आहे.","મને OTP મળ્યો છે, તે 111111 છે.","എനിക്ക് OTP ലഭിച്ചു, അത് 111111 ആണ്.","ನನಗೆ OTP ಬಂದಿದೆ, ಅದು 111111.","எனக்கு OTP கிடைத்தது, அது 111111.","నాకు OTP వచ్చింది, అది 111111.","আমি OTP পেয়েছি, এটি ১১১১১১।","ମୁଁ OTP ପାଇଛି, ଏହା 111111 ଅଟେ।","মই OTPটো পাইছোঁ, ই 111111।",Advisory
172,172-4,Please check policy status for Kharif season 2024.,कृपया खरीफ सीजन 2024 के लिए पॉलिसी स्थिति जांचें।,कृपया खरीप हंगाम 2024 साठी पॉलिसीची स्थिती तपासा.,ખરીફ સિઝન 2024 માટે કૃપા કરીને નીતિની સ્થિતિ તપાસો.,ഖരീഫ് സീസൺ 2024-നുള്ള പോളിസി സ്റ്റാറ്റസ് പരിശോധിക്കുക.,ಖರೀಫ್ ಹಂಗಾಮಿ 2024ರಿಗಾಗಿ ನೀತಿ ಸ್ಥಿತಿಯನ್ನು ದಯವಿಟ್ಟು ಪರಿಶೀಲಿಸಿ.,2024 ஆம் ஆண்டு கார்‍ப் பருவத்திற்கான கொள்கை நிலையைச் சரிபார்க்கவும்.,ఖరీఫ్ సీజన్ 2024 కోసం విధాన స్థితిని తనిఖీ చేయండి.,খরিফ মৌসুম ২০২৪-এর জন্য অনুগ্রহ করে নীতির অবস্থা পরীক্ষা করুন।,ଦୟାକରି ଖରିଫ ଋତୁ 2024 ପାଇଁ ପଲିସି ସ୍ଥିତି ଯାଞ୍ଚ କରନ୍ତୁ।,২০২৪ খাৰিফ ঋতুৰ বাবে নীতিৰ স্থিতি পৰীক্ষা কৰক।,Advisory
173,173-1,I want to know the claim status of my PMFBY crop insurance.,मेरी पीएमएफबीवाई फसल बीमा दावे की स्थिति जाननी है।,मला माझ्या PMFBY पिक विमा दाव्याची स्थिती जाणून घ्यायची आहे.,હું મારા PMFBY પાક વીમાનો દાવો સ્થિતિ જાણવા માંગું છું.,എന്റെ പിഎംഎഫ്‌ബിവൈ വിള ഇൻഷുറൻസിന്റെ ക്ലെയിം നില അറിയണം.,ನನ್ನ PMFBY ಬೆಳೆ ವಿಮೆಯ ದಾವೆ ಸ್ಥಿತಿಯನ್ನು ತಿಳಿದುಕೊಳ್ಳಲು ಇಚ್ಛಿಸುತ್ತೇನೆ.,எனது PMFBY பயிர் காப்பீட்டின் கோரிக்கை நிலையை தெரிந்துகொள்ள விரும்புகிறேன்.,నేను నా PMFBY పంట బీమా యొక్క క్లెయిమ్ స్థితిని తెలుసుకోవాలనుకుంటున్నాను.,আমি আমার PMFBY ফসল বীমার দাবির অবস্থা জানতে চাই।,ମୁଁ ମୋର PMFBY ଫସଲ ବୀମାର ଦାବି ଅବସ୍ଥା ଜାଣିବାକୁ ଚାହୁଁଛି।,মই মোৰ PMFBY শস্য বীমাৰ দাবীৰ স্থিতি জানিব বিচাৰো।,Advisory
173,173-2,My phone number is 9876543210.,मेरा फोन नंबर 9876543210 है।,माझा फोन नंबर ९८७६५४३२१० आहे.,મારો ફોન નંબર 9876543210 છે.,എന്റെ ഫോൺ നമ്പർ 9876543210 ആണ്.,ನನ್ನ ಫೋನ್ ಸಂಖ್ಯೆ 9876543210.,என் தொலைபேசி எண் 9876543210.,నా ఫోన్ నంబర్ 9876543210.,আমার ফোন নম্বর ৯৮৭৬৫৪৩২১০।,ମୋର ଫୋନ୍ ନମ୍ବର ହେଉଛି ୯୮୭୬୫୪୩୨୧୦।,মোৰ ফোন নম্বৰ হৈছে ৯৮৭৬৫৪৩২১০।,Advisory
173,173-3,OTP is 111111.,OTP 111111 है।,ओटीपी 111111 आहे.,ઓટીપી 111111 છે.,ഒടിപി 111111 ആണ്.,ಒಟಿಪಿ ೧೧೧೧೧೧.,OTP 111111 ஆகும்.,OTP 111111 ఉంది.,ওটিপি হলো ১১১১১১।,ଓଟିପି ହେଉଛି 111111।,OTP হৈছে 111111।,Advisory
173,173-4,Tell me the claim status for Kharif 2024.,खरीफ 2024 के लिए दावे की स्थिति बताएं।,खरीप 2024 साठी दाव्याची स्थिती मला सांगा.,ખરીફ 2024 માટે દાવાની સ્થિતિ જણાવો.,ഖരീഫ് 2024-ന്റെ അവകാശവാദ നില അറിയിക്കുക.,ಖರೀಫ್ 2024 ರ ದಾವೆ ಸ್ಥಿತಿಯನ್ನು ತಿಳಿಸಿ.,காரிஃப் 2024க்கான கோரிக்கை நிலையைத் தெரியப்படுத்துங்கள்.,ఖరీఫ్ 2024 కోసం క్లెయిమ్ స్థితి చెప్పండి.,খরিফ ২০২৪-এর দাবি স্থিতি আমাকে বলুন।,ଖରିଫ 2024 ପାଇଁ ଦାବି ସ୍ଥିତି କୁହନ୍ତୁ।,খৰিফ ২০২৪ৰ দাবীৰ স্থিতি ক'ব।,Advisory
174,174-1,PMFBY crop insurance ka policy status check karna hai.,PMFBY फसल बीमा का पॉलिसी स्थिति जांचना है।,पीएमएफबीवाय पीक विमा पॉलिसीची स्थिती तपासायची आहे.,PMFBY પાક વીમાની પોલિસીનું સ્ટેટસ ચેક કરવું છે.,പിഎംഎഫ്‌ബിവൈ വിള ഇൻഷുറൻസ് പോളിസിയുടെ സ്റ്റാറ്റസ് പരിശോധിക്കണം.,PMFBY ಬೆಳೆ ವಿಮೆಯ ಪಾಲಿಸಿ ಸ್ಥಿತಿಯನ್ನು ಪರಿಶೀಲಿಸಬೇಕು.,PMFBY பயிர் காப்பீட்டு கொள்கை நிலையை சரிபார்க்க வேண்டும்.,పీఎంఎఫ్‌బీవై పంట బీమా పాలసీ స్థితిని తనిఖీ చేయాలి.,PMFBY ফসল বিমার পলিসির স্ট্যাটাস চেক করতে হবে।,ପିଏମଏଫବିୱାଇ ଫସଲ ବୀମାର ପଲିସି ସ୍ଥିତି ଯାଞ୍ଚ କରିବାକୁ ହେବ।,পিএমএফবিৱাই শস্য বীমাৰ নীতি অৱস্থা কেনেকৈ পৰীক্ষা কৰিব পাৰি?,Advisory
174,174-2,Phone number 9876543210.,फोन नंबर 9876543210 है।,फोन नंबर ९८७६५४३२१० आहे.,ફોન નંબર 9876543210 છે.,ഫോൺ നമ്പർ 9876543210 ആണ്.,ಫೋನ್ ಸಂಖ್ಯೆ 9876543210 ಇದೆ.,அலைபேசி எண் 9876543210।,ఫోన్ నంబర్ 9876543210।,ফোন নম্বর ৯৮७६५४३२१०।,ଫୋନ୍ ନମ୍ବର 9876543210।,ফোন নম্বর 9876543210।,Advisory
174,174-3,OTP is 111111.,OTP 111111 है।,ओटीपी ११११११ आहे.,OTP 111111 છે.,OTP 111111 ആണ്.,OTP 111111 ಇದೆ.,ஓடிபி 111111 ஆகும்.,OTP 111111 ఉంది.,ওটিপি ১১১১১১।,OTP 111111 ଅଛି।,OTP 111111 আছে।,Advisory
174,174-4,Kharif 2024 ke liye policy status chahiye.,खरीफ 2024 के लिए पॉलिसी स्थिति चाहिए।,खरीप 2024 साठी पॉलिसी स्थिती हवी आहे.,ખરીફ 2024 માટે નીતિ સ્થિતિ જોઈએ.,ഖരീഫ് 2024-നുള്ള നയസ്ഥിതി വേണം.,ಖರೀಫ್ 2024ಗಾಗಿ ನೀತಿ ಸ್ಥಿತಿ ಬೇಕಿದೆ.,கரீப் 2024க்கு கொள்கை நிலை வேண்டும்.,ఖరీఫ్ 2024 కోసం పాలసీ స్థితి కావాలి.,খরিফ ২০২৪-এর জন্য নীতি-স্থিতি চাই।,ଖରିଫ୍ ୨୦୨୪ ପାଇଁ ନୀତି ସ୍ଥିତି ଚାହିଁଯାଏ।,খৰিফ ২০২৪ৰ বাবে নীতিৰ স্থিতি বিচাৰিছোঁ।,Advisory
175,175-1,Can you check if I have a PMFBY policy for Rabi season?,क्या आप जांच सकते हैं कि मेरे पास रबी सीजन के लिए पीएमएफबीवाई पॉलिसी है?,कृपया तपासा की माझ्याकडे रब्बी हंगामासाठी PMFBY पॉलिसी आहे का?,શું તમે તપાસી શકો છો કે મારી પાસે રબી સીઝન માટે PMFBY પોલિસી છે કે નહીં?,എനിക്ക് റാബി സീസണിനായി ഒരു പി.എം.എഫ്.ബി.വൈ. പോളിസി ഉണ്ടോ എന്ന് പരിശോധിക്കാമോ?,ನನ್ನ ಬಳಿ ರಬಿ ಹಂಗಾಮಿಗೆ ಪಿಎಮ್‌ಎಫ್‌ಬಿವೈ ಪಾಲಿಸಿ ಇದೆಯೇ ಎಂದು ಪರಿಶೀಲಿಸಬಹುದೇ?,ரபி பருவத்திற்கான எனது PMFBY கொள்கை உள்ளதா என்று நீங்கள் சரிபார்க்க முடியுமா?,రబీ సీజన్‌కు నా వద్ద పీఎంఎఫ్‌బీవై పాలసీ ఉందో లేదో మీరు తనిఖీ చేయగలరా?,আমি কি দেখতে পারি আমার রবি মৌসুমের জন্য একটি পিএমএফবিওয়াই পলিসি আছে কি না?,"ଆପଣଙ୍କର ରବି ଋତୁ ପାଇଁ PMFBY ନୀତି ଅଛି କି ନାହିଁ, ଦୟାକରି ଯାଞ୍ଚ କରିପାରିବେ କି?",আপুনি ৰবি ঋতুৰ বাবে মোৰ এটা PMFBY নীতি আছে নে নাই পৰীক্ষা কৰিব পাৰিবনে?,Advisory
175,175-2,My phone number is 9876543210.,मेरा फोन नंबर 9876543210 है।,माझा फोन नंबर ९८७६५४३२१० आहे.,મારો ફોન નંબર 9876543210 છે.,എന്റെ ഫോൺ നമ്പർ 9876543210 ആണ്.,ನನ್ನ ಫೋನ್ ಸಂಖ್ಯೆ 9876543210.,என் தொலைபேசி எண் 9876543210.,నా ఫోన్ నంబర్ 9876543210.,আমার ফোন নম্বর ৯৮৭৬৫৪৩২১০।,ମୋ ଫୋନ୍ ନମ୍ବର 9876543210 ଅଟେ।,মোৰ ফোন নম্বৰ ৯৮৭৬৫৪৩২১০।,Advisory
175,175-3,The OTP I received is 111111.,मुझे जो OTP मिला वह 111111 है।,मला मिळालेला ओटीपी ११११११ आहे.,મને મળેલ ઓટીપી 111111 છે.,എനിക്ക് ലഭിച്ച ഒടിപി 111111 ആണ്.,ನನಗೆ ಬಂದ ಒಟಿಪಿ 111111 ಇದೆ.,நான் பெற்ற OTP 111111.,నేను అందుకున్న OTP 111111.,আমি যে ওটিপি পেয়েছি তা হলো ১১১১১১।,ମୋତେ ମିଳିଥିବା OTP ହେଉଛି 111111।,মই লাভ কৰা OTPটো হৈছে ১১১১১১।,Advisory
175,175-4,Check policy status for Rabi 2024.,रबी 2024 के लिए पॉलिसी स्थिति जांचें।,रब्बी २०२४ साठी धोरणाची स्थिती तपासा.,રabi 2024 માટે પોલિસી સ્થિતિ તપાસો.,റാബി 2024-ലെ പോളിസി നില പരിശോധിക്കുക.,ರಬಿ 2024 ಗಾಗಿ ನೀತಿ ಸ್ಥಿತಿಯನ್ನು ಪರಿಶೀಲಿಸಿ.,ராபி 2024க்கான கொள்கை நிலையைச் சரிபார்க்கவும்.,రబీ 2024 కోసం పాలసీ స్థితిని తనిఖీ చేయండి.,রবি ২০২৪-এর জন্য নীতির অবস্থা পরীক্ষা করুন।,ରବି 2024 ପାଇଁ ନୀତି ସ୍ଥିତି ଯାଞ୍ଚ କରନ୍ତୁ।,ৰবি ২০২৪ৰ বাবে নীতিৰ স্থিতি পৰীক্ষা কৰক।,Advisory
176,176-1,I want to file a PMFBY grievance. My crop insurance claim was not settled.,मैं पीएमएफबीवाई शिकायत दर्ज करना चाहता हूं। मेरा फसल बीमा दावा नहीं निपटाया गया।,मला PMFBY संदर्भात तक्रार नोंदवायची आहे. माझा पीक विमा दावा निकाली काढण्यात आलेला नाही.,હું પીએમએફબિવાય ફરિયાદ નોંધાવવા માંગું છું. મારી પાક વીમા દાવાની રકમનો નિકાલ કરવામાં આવ્યો નથી.,പിഎംഎഫ്‌ബിവൈ പരാതി നൽകാൻ ഞാൻ ആഗ്രഹിക്കുന്നു. എന്റെ വിള ഇൻഷുറൻസ് ക്ലെയിം പരിഹരിച്ചിട്ടില്ല.,ನಾನು PMFBY ದೂರು ಸಲ್ಲಿಸಲು ಬಯಸುತ್ತೇನೆ. ನನ್ನ ಬೆಳೆ ವಿಮಾ ದಾವೆ ಇತ್ಯರ್ಥವಾಗಿಲ್ಲ.,நான் PMFBY புகாரை பதிவு செய்ய விரும்புகிறேன். எனது பயிர் காப்பீட்டு கோரிக்கை தீர்க்கப்படவில்லை.,నేను PMFBY ఫిర్యాదు దాఖలు చేయాలనుకుంటున్నాను. నా పంట బీమా క్లెయిమ్ పరిష్కరించబడలేదు.,আমি PMFBY-এর অধীনে একটি অভিযোগ দায়ের করতে চাই। আমার ফসল বিমার দাবি নিষ্পত্তি করা হয়নি।,ମୁଁ PMFBY ଅଭିଯୋଗ ଦାଖଲ କରିବାକୁ ଚାହୁଁଛି। ମୋର ଫସଲ ବୀମା ଦାବି ନିଷ୍ପତ୍ତି ହୋଇନାହିଁ।,মই PMFBY-ৰ অভিযোগ দাখিল কৰিব বিচাৰোঁ। মোৰ শস্য বীমাৰ দাবী নিষ্পত্তি হোৱা নাই।,Scheme_actions
176,176-2,My registered mobile number is 9876543210.,मेरा पंजीकृत मोबाइल नंबर 9876543210 है।,माझा नोंदणीकृत मोबाइल क्रमांक ९८७६५४३२१० आहे.,મારો નોંધાયેલો મોબાઇલ નંબર 9876543210 છે.,എന്റെ രജിസ്റ്റർ ചെയ്ത മൊബൈൽ നമ്പർ 9876543210 ആണ്.,ನನ್ನ ನೋಂದಾಯಿತ ಮೊಬೈಲ್ ಸಂಖ್ಯೆ 9876543210 ಆಗಿದೆ.,எனது பதிவுசெய்யப்பட்ட மொபைல் எண் 9876543210 ஆகும்.,నా నమోదిత మొబైల్ నంబర్ 9876543210.,আমার নিবন্ধিত মোবাইল নম্বর ৯৮৭৬৫৪৩২১০।,ମୋର ପଞ୍ଜିକୃତ ମୋବାଇଲ୍ ନମ୍ବର ୯୮୭୬୫୪୩୨୧୦ ଅଟେ।,মোৰ পঞ্জীয়িত মোবাইল নম্বৰ হৈছে ৯৮৭৬৫৪৩২১০।,Advisory
176,176-3,I received the OTP: 111111.,मुझे OTP मिला: 111111।,मला ओटीपी मिळाला: ११११११.,મને OTP મળ્યો: 111111.,എനിക്ക് OTP ലഭിച്ചു: 111111.,ನನಗೆ ಒಟಿಪಿ ಬಂದಿದೆ: 111111.,நான் OTP-ஐ பெற்றேன்: 111111.,నేను OTP పొందాను: 111111.,আমি OTP পেয়েছি: 111111।,ମୋତେ OTP ମିଳିଛି: 111111।,মই OTP পাইছোঁ: 111111।,Advisory
176,176-4,My PMFBY application number is PMFBY2024KL001. The season is Kharif 2024.,मेरा पीएमएफबीवाई आवेदन संख्या PMFBY2024KL001 है। सीजन खरीफ 2024 है।,माझा PMFBY अर्ज क्रमांक PMFBY2024KL001 आहे. हंगाम खरीप 2024 आहे.,મારી PMFBY અરજી નંબર PMFBY2024KL001 છે. ઋતુ ખરીફ 2024 છે.,എന്റെ PMFBY അപേക്ഷാ നമ്പർ PMFBY2024KL001 ആണ്. സീസൺ ഖരീഫ് 2024 ആണ്.,ನನ್ನ PMFBY ಅರ್ಜಿ ಸಂಖ್ಯೆ PMFBY2024KL001. ಹಂಗಾಮು ಖರೀಫ್ 2024.,என் PMFBY விண்ணப்ப எண் PMFBY2024KL001. பருவம் காரிஃப் 2024.,నా PMFBY దరఖాస్తు నంబరు PMFBY2024KL001. సీజన్ ఖరీఫ్ 2024.,আমার PMFBY আবেদন নম্বর হলো PMFBY2024KL001। মৌসুমটি খরিফ ২০২৪।,ମୋର PMFBY ଆବେଦନ ସଂଖ୍ୟା PMFBY2024KL001 ଅଟେ। ଋତୁ ହେଉଛି ଖରିଫ 2024।,মোৰ PMFBY আবেদন নম্বৰ হৈছে PMFBY2024KL001। ঋতু হৈছে খৰিফ ২০২৪।,Scheme_actions
176,176-5,Grievance: I did not receive the claim amount despite submitting all documents.,शिकायत: सभी दस्तावेज़ जमा करने के बावजूद मुझे दावा राशि नहीं मिली।,तक्रार: सर्व कागदपत्रे सादर करूनही मला दावा रक्कम मिळाली नाही.,ફરિયાદ: મેં તમામ દસ્તાવેજો સબમિટ કર્યા હોવા છતાં મને દાવાની રકમ મળી નથી.,പരാതി: ആവശ്യമായ എല്ലാ രേഖകളും സമർപ്പിച്ചിട്ടും എനിക്ക് ക്ലെയിം തുക ലഭിച്ചില്ല.,"ಅಹವಾಲು: ನಾನು ಎಲ್ಲಾ ದಾಖಲೆಗಳನ್ನು ಸಲ್ಲಿಸಿದ್ದರೂ, ನನಗೆ ಹಕ್ಕು ಮೊತ್ತವನ್ನು ಪಡೆದಿಲ್ಲ.","புகார்: அனைத்து ஆவணங்களையும் சமர்ப்பித்திருந்தும், நான் கோரிய தொகையை பெறவில்லை.",ఫిర్యాదు: నేను అన్ని పత్రాలు సమర్పించినప్పటికీ క్లెయిమ్ మొత్తాన్ని పొందలేదు.,অভিযোগ: আমি সব নথি জমা দেওয়া সত্ত্বেও দাবি-রাশি পাইনি।,ଅଭିଯୋଗ: ମୁଁ ସମସ୍ତ ଦଳିଲପତ୍ର ଦାଖଲ କରିଥିବା ସତ୍ତ୍ୱେ ମଧ୍ୟ ଦାବି ରାଶି ପାଇନି।,অভিযোগ: মই সকলো নথি-পত্ৰ জমা দিয়া সত্ত্বেও দাবীৰ ধন লাভ কৰা নাই।,Scheme_actions
177,177-1,I want to register a complaint for PMFBY crop insurance.,पीएमएफबीवाई फसल बीमा के लिए शिकायत दर्ज करनी है।,पीएमएफबीवाय पीक विम्यासाठी मला तक्रार नोंदवायची आहे.,હું PMFBY પાક વીમા માટે ફરિયાદ નોંધાવવા માંગું છું.,PMFBY വിള ഇൻഷുറൻസിനായി ഒരു പരാതി രജിസ്റ്റർ ചെയ്യാൻ ഞാൻ ആഗ്രഹിക്കുന്നു.,ಪಿಎಂಎಫ್‌ಬಿವೈ ಬೆಳೆ ವಿಮೆಗಾಗಿ ನಾನು ದೂರು ದಾಖಲಿಸಲು ಬಯಸುತ್ತೇನೆ.,பிரதான் மந்திரி பயிர் காப்பீட்டு திட்டத்திற்காக நான் புகார் பதிவு செய்ய விரும்புகிறேன்.,పీఎం ఎఫ్‌బీవై పంట బీమా కోసం నేను ఫిర్యాదు నమోదు చేయాలనుకుంటున్నాను.,আমি PMFBY ফসল বিমার জন্য একটি অভিযোগ নথিভুক্ত করতে চাই।,ମୁଁ PMFBY ଫସଲ ବୀମା ପାଇଁ ଅଭିଯୋଗ ନୋନ୍ଦଣି କରିବାକୁ ଚାହୁଁଛି।,মই PMFBY শস্য বীমাৰ বাবে অভিযোগ পঞ্জীয়ন কৰিব বিচাৰো।,Scheme_actions
177,177-2,"Phone number 9876543210, OTP 111111.","फोन नंबर 9876543210, OTP 111111।","फोन क्रमांक 9876543210, ओटीपी 111111.","ફોન નંબર 9876543210, OTP 111111.","ഫോൺ നമ്പർ 9876543210, ഒടിപി 111111.","ದೂರವಾಣಿ ಸಂಖ್ಯೆ 9876543210, ಒಟಿಪಿ 111111.","தொலைபேசி எண் 9876543210, ஒருமுறை கடவுச்சொல் 111111.","ఫోన్ నంబర్ 9876543210, ఓటీపీ 111111.","ফোন নম্বর ৯৮৭৬৫৪৩২১০, ওটিপি ১১১১১১।","ଫୋନ୍ ନମ୍ବର ୯୮୭୬୫୪୩୨୧୦, ଓଟିପି ୧୧୧୧୧୧।","ফোন নম্বৰ ৯৮৭৬৫৪৩২১০, ওটিপি ১১১১১১।",Advisory
177,177-3,"Application number PMFBY2024KL001, Kharif 2024.","आवेदन संख्या PMFBY2024KL001, खरीफ 2024।","अर्ज क्रमांक PMFBY2024KL001, खरीप 2024.","અરજી નંબર PMFBY2024KL001, ખરીફ 2024.","അപേക്ഷ നമ്പർ PMFBY2024KL001, ഖരീഫ് 2024.","ಅರ್ಜಿ ಸಂಖ್ಯೆ PMFBY2024KL001, ಖರೀಫ್ 2024.","விண்ணப்ப எண் PMFBY2024KL001, கரீஃப் 2024.","దరఖాస్తు సంఖ్య PMFBY2024KL001, ఖరీఫ్ 2024.","আবেদন নম্বর PMFBY2024KL001, খরিফ ২০২৪।","ଆବେଦନ ସଂଖ୍ୟା PMFBY2024KL001, ଖରିଫ 2024।","আবেদন নম্বৰ PMFBY2024KL001, খৰিফ ২০২৪।",Scheme_actions
177,177-4,Grievance: My crop was damaged but I did not receive compensation.,शिकायत: मेरी फसल खराब हुई लेकिन मुझे मुआवजा नहीं मिला।,"तक्रार: माझे पीक नुकसान झाले, पण मला नुकसानभरपाई मिळाली नाही.",ફરિયાદ: મારી પાકને નુકસાન થયું હતું પરંતુ મને વળતર મળ્યું નથી.,"പരാതി: എന്റെ വിളയ്ക്ക് നാശം സംഭവിച്ചു, പക്ഷേ എനിക്ക് നഷ്ടപരിഹാരം ലഭിച്ചില്ല.",ನನ್ನ ಬೆಳೆ ಹಾನಿಗೊಳಗಾಯಿತು ಆದರೆ ನನಗೆ ಪರಿಹಾರ ದೊರಕಲಿಲ್ಲ.,"புகார்: எனது பயிர் சேதமடைந்தது, ஆனால் எனக்கு இழப்பீடு கிடைக்கவில்லை.",ఫిర్యాదు: నా పంట నష్టపోయింది కానీ నాకు పరిహారం అందలేదు.,অভিযোগ: আমার ফসল ক্ষতিগ্রস্ত হয়েছে কিন্তু আমি ক্ষতিপূরণ পাইনি।,ଅଭିଯୋଗ: ମୋର ଫସଲ ନଷ୍ଟ ହୋଇଥିଲା କିନ୍ତୁ ମୁଁ କ୍ଷତିପୂରଣ ପାଇଲି ନାହିଁ।,অভিযোগ: মোৰ শস্য নষ্ট হৈছিল কিন্তু মই ক্ষতিপূৰণ পোৱা নাছিলোঁ।,Scheme_actions
178,178-1,Which crops are registered under GFR near my farm in Kochi?,कोच्चि में मेरी खेत के पास जीएफआर में कौन सी फसलें पंजीकृत हैं?,माझ्या कोचीतील शेताजवळ GFR अंतर्गत कोणती पिके नोंदणीकृत आहेत?,મારી કોચીમાં આવેલી ખેતી પાસે GFR હેઠળ કયા પાકો નોંધાયેલા છે?,കൊച്ചിയിലെ എന്റെ കൃഷിയിടത്തിന് സമീപം GFR പ്രകാരം രജിസ്റ്റർ ചെയ്തിരിക്കുന്ന വിളകൾ ഏതൊക്കെയാണ്?,ಕೊಚ್ಚಿಯಲ್ಲಿ ನನ್ನ ಫಾರ್ಮ್‌ನ ಬಳಿ GFR ಅಡಿಯಲ್ಲಿ ಯಾವ ಬೆಳೆಗಳು ನೋಂದಾಯಿಸಲ್ಪಟ್ಟಿವೆ?,கொச்சியில் என் பண்ணைக்கருகில் GFR கீழ் எந்த பயிர்கள் பதிவுசெய்யப்பட்டுள்ளன?,కోచిలోని నా పొలం సమీపంలో GFR కింద ఏ పంటలు నమోదు చేయబడ్డాయి?,আমার কোচির খামারের কাছে GFR-এর অধীনে কোন কোন ফসল নিবন্ধিত আছে?,ମୋର କୋଚି ଥିବା ଖେତର ନିକଟରେ GFR ଅନୁସାରେ କେଉଁ ଫସଲଗୁଡ଼ିକ ପଞ୍ଜୀକୃତ ଅଛି?,কোচিৰ মোৰ ফাৰ্মৰ ওচৰত GFR-ৰ অধীনত কোনবোৰ শস্য পঞ্জীয়ন কৰা হৈছে?,Advisory
178,178-2,My farm is at latitude 9.93 and longitude 76.27.,मेरे खेत की स्थिति अक्षांश 9.93 और देशांतर 76.27 है।,माझे शेत ९.९३ अक्षांश आणि ७६.२७ रेखांशावर आहे.,મારો ખેતર અક્ષાંશ 9.93 અને રેખાંશ 76.27 પર છે.,എന്റെ കൃഷിയിടം അക്ഷാംശം 9.93യും രേഖാംശം 76.27യും ആണ്.,ನನ್ನ ಹೊಲವು 9.93 ಅಕ್ಷಾಂಶ ಮತ್ತು 76.27 ರೇಖಾಂಶದಲ್ಲಿದೆ.,என் பண்ணை அகலம் 9.93 மற்றும் நீளம் 76.27 இல் உள்ளது.,నా వ్యవసాయ భూమి అక్షాంశం 9.93 మరియు రేఖాంశం 76.27 వద్ద ఉంది.,আমার খামারটি ৯.৯৩ অক্ষাংশ এবং ৭৬.২৭ দ্রাঘিমাংশে অবস্থিত।,ମୋର ଖେତ 9.93 ଅକ୍ଷାଂଶ ଏବଂ 76.27 ଦ୍ରାଘିମାରେ ଅଛି।,মোৰ খেতিপথাৰ ৯.৯৩ অক্ষাংশ আৰু ৭৬.২৭ দ্ৰাঘিমাংশত আছে।,Advisory
178,178-3,I am specifically interested in tapioca and cotton crops.,मुझे विशेष रूप से टपिओका और कपास की फसलों में रुचि है।,मला विशेषतः कणीकंद आणि कापूस पिकांमध्ये रस आहे.,હું ખાસ કરીને ટેપિયોકા અને કપાસના પાકોમાં રસ ધરાવું છું.,എനിക്ക് പ്രത്യേകിച്ച് കപ്പയും പരുത്തിയും വിളകളിൽ താൽപ്പര്യമുണ്ട്.,ನಾನು ವಿಶೇಷವಾಗಿ ಮರಗೆಣಸು ಮತ್ತು ಹತ್ತಿ ಬೆಳೆಗಳಲ್ಲಿ ಆಸಕ್ತಿ ಹೊಂದಿದ್ದೇನೆ.,நான் குறிப்பாக மரவள்ளிக்கிழங்கு மற்றும் பருத்தி பயிர்களில் ஆர்வமாக உள்ளேன்.,నేను ముఖ్యంగా టాపియోకా మరియు పత్తి పంటలపై ఆసక్తి కలిగి ఉన్నాను.,আমি বিশেষভাবে কাসাভা ও তুলা ফসলের প্রতি আগ্রহী।,ମୁଁ ବିଶେଷଭାବେ କୋଳକାନ୍ଦ ଏବଂ ପଟ ଫସଲରେ ଆଗ୍ରହୀ ଅଛି।,মই বিশেষকৈ টেপিওকা আৰু কপাহৰ খেতিৰ বিষয়ে আগ্ৰহী।,Advisory
179,179-1,I need fertilizer recommendations for my tapioca and cotton crops.,मुझे अपनी टपिओका और कपास की फसलों के लिए उर्वरक सिफारिशें चाहिए।,माझ्या कसावा आणि कापूस पिकांसाठी मला खतांच्या शिफारसी हव्या आहेत.,મને મારી કસાવા અને કપાસની પાકો માટે ખાતરની ભલામણો જોઈએ છે.,"എന്റെ മരച്ചീനി, പരുത്തി വിളകൾക്കായി വളം നിർദേശങ്ങൾ വേണം.",ನನ್ನ ಟಪಿಯೋಕಾ ಮತ್ತು ಹತ್ತಿ ಬೆಳೆಗಳಿಗೆ ಗೊಬ್ಬರದ ಶಿಫಾರಸುಗಳು ಬೇಕು.,என் மரவள்ளிக்கிழங்கு மற்றும் பருத்தி பயிர்களுக்கு உர பரிந்துரைகள் தேவை.,నా టాపియోకా మరియు పత్తి పంటల కోసం ఎరువుల సిఫార్సులు కావాలి.,আমার ট্যাপিওকা এবং তুলা ফসলের জন্য সার সুপারিশ দরকার।,ମୋର ଟାପିଓକା ଏବଂ ସୁତି ଫସଲ ପାଇଁ ସାର ସୁପାରିଶ ଦରକାର।,মোৰ টাপিঅ'কা আৰু কপাহৰ শস্যৰ বাবে সাৰ পৰামৰ্শৰ প্ৰয়োজন।,Advisory
179,179-2,I am in Kerala. My phone number is 9876543210.,मैं केरल में हूं। मेरा फोन नंबर 9876543210 है।,मी केरळमध्ये आहे. माझा फोन नंबर ९८७६५४३२१० आहे.,હું કેરળમાં છું. મારો ફોન નંબર 9876543210 છે.,ഞാൻ കേരളത്തിലാണ്. എന്റെ ഫോൺ നമ്പർ 9876543210 ആണ്.,ನಾನು ಕೇರಳದಲ್ಲಿದ್ದೇನೆ. ನನ್ನ ಫೋನ್ ಸಂಖ್ಯೆ 9876543210.,நான் கேரளாவில் இருக்கிறேன். எனது தொலைபேசி எண் 9876543210.,నేను కేరళలో ఉన్నాను. నా ఫోన్ నంబర్ 9876543210.,আমি কেরালায় আছি। আমার ফোন নম্বর ৯৮৭৬৫৪৩২১০।,ମୁଁ କେରଳରେ ଅଛି। ମୋର ଫୋନ ନମ୍ବର 9876543210।,মই কেৰালাত আছোঁ। মোৰ ফোন নম্বৰ হৈছে 9876543210।,Advisory
179,179-3,Please give recommendations for the 2024-25 cycle for Tapioca and Cotton.,कृपया टपिओका और कपास के लिए 2024-25 चक्र की सिफारिशें दें।,कृपया कसावा आणि कापूस यांच्यासाठी 2024-25 चक्रासाठी शिफारसी द्या.,કૃપા કરીને ટેપિઓકા અને કપાસ માટે 2024-25 ચક્ર માટે ભલામણો આપો.,2024-25 ചക്രത്തിനായി കപ്പയ്ക്കും പരുത്തിക്കും ശുപാർശകൾ നൽകുക.,2024-25 ಚಕ್ರಕ್ಕಾಗಿ ಟ್ಯಾಪಿಯೋಕಾ ಮತ್ತು ಹತ್ತಿಗೆ ಶಿಫಾರಸುಗಳನ್ನು ನೀಡಿ.,2024-25 சுழற்சிக்கான மரவள்ளிக்கிழங்கு மற்றும் பருத்திக்கான பரிந்துரைகளை தயவுசெய்து வழங்கவும்.,2024-25 చక్రం కోసం టాపియోకా మరియు పత్తి పంటలపై సిఫార్సులు ఇవ్వండి.,২০২৪-২৫ চক্রের জন্য কাসাভা ও তুলার সুপারিশ দিন।,ଦୟାକରି ଟାପିଓକା ଏବଂ କପାସ ପାଇଁ 2024-25 ଚକ୍ରର ସୁପାରିଶଗୁଡ଼ିକ ଦିଅନ୍ତୁ।,২০২৪-২৫ চক্ৰৰ বাবে টাপিঅকা আৰু কপাহৰ বাবে অনুগ্ৰহ কৰি পৰামৰ্শ দিয়ক।,Advisory
180,180-1,Which GFR registered crops are near my farm?,मेरे खेत के पास जीएफआर पंजीकृत फसलें कौन सी हैं?,माझ्या शेताजवळ कोणती GFR नोंदणीकृत पिके आहेत?,મારા ખેતર પાસે કયા GFR નોંધાયેલ પાકો છે?,എന്റെ കൃഷിയിടത്തിന് സമീപം ഏത് GFR രജിസ്റ്റർ ചെയ്ത വിളകളുണ്ട്?,ನನ್ನ ಜಮೀನಿನ ಹತ್ತಿರ ಯಾವ ಜಿಎಫ್‌ಆರ್ ನೋಂದಾಯಿತ ಬೆಳೆಗಳು ಇವೆ?,என் பண்ணைக்கு அருகில் எந்த GFR பதிவு செய்யப்பட்ட பயிர்கள் உள்ளன?,నా వ్యవసాయ భూమి సమీపంలో ఏ GFR నమోదు చేసిన పంటలు ఉన్నాయి?,আমার খামারের কাছাকাছি কোন GFR নিবন্ধিত ফসলগুলো আছে?,ମୋ ଖେତ ନିକଟରେ କେଉଁ GFR ପଞ୍ଜିକୃତ ଫସଲ ଅଛି?,মোৰ খেতিৰ ওচৰত কোনবোৰ GFR পঞ্জীয়িত শস্য আছে?,Advisory
180,180-2,"My farm location: latitude 9.93, longitude 76.27, Kochi Kerala.","मेरी खेत की लोकेशन: अक्षांश 9.93, देशांतर 76.27, कोच्चि केरल।","माझ्या शेताचे स्थान: अक्षांश ९.९३, रेखांश ७६.२७, कोची, केरळ.","મારું ખેતર સ્થાન: અક્ષાંશ 9.93, રેખાંશ 76.27, કોચી, કેરળ.","എന്റെ കൃഷിയിടത്തിന്റെ സ്ഥാനം: അക്ഷാംശം 9.93, രേഖാംശം 76.27, കൊച്ചി, കേരളം.","ನನ್ನ ಜಮೀನಿನ ಸ್ಥಳ: ಅಕ್ಷಾಂಶ 9.93, ರೇಖಾಂಶ 76.27, ಕೊಚ್ಚಿ, ಕೇರಳ.","என் பண்ணை இருப்பிடம்: அகலம் 9.93, நீளம் 76.27, கொச்சி, கேரளா.","నా వ్యవసాయ స్థలం: అక్షాంశం 9.93, రేఖాంశం 76.27, కొచ్చి కేరళ.","আমার খামারের অবস্থান: অক্ষাংশ ৯.৯৩, দ্রাঘিমাংশ ৭৬.২৭, কোচি, কেরালা।","ମୋ ଖେତର ଅବସ୍ଥାନ: ଅକ୍ଷାଂଶ 9.93, ଦେଶାଂଶ 76.27, କୋଚି, କେରଳ।","মোৰ ফাৰ্মৰ স্থান: অক্ষাংশ 9.93, দ্ৰাঘিমাংশ 76.27, কোচি, কেৰেলা।",Agri_services
180,180-3,Also give fertilizer recommendations for tapioca and cotton.,टपिओका और कपास के लिए उर्वरक की सिफारिश भी बताएं।,कसावा आणि कापूस यासाठी खतांच्या शिफारसीही द्या.,તેમજ ટેપિયોકા અને કપાસ માટે ખાતરની ભલામણો આપો.,കപ്പയ്ക്കും പരുത്തിക്കും വേണ്ട വള ശുപാർശകളും നൽകുക.,ಮರಗೆಣಸು ಮತ್ತು ಹತ್ತಿಗೆ ರಸಗೊಬ್ಬರ ಶಿಫಾರಸುಗಳನ್ನು ಸಹ ನೀಡಿ.,மேலும் மரவள்ளிக்கிழங்கு மற்றும் பருத்திக்கான உர பரிந்துரைகளையும் வழங்கவும்.,అలాగే టాపియోకా మరియు పత్తి కోసం ఎరువుల సిఫార్సులు కూడా ఇవ్వండి.,কাসাভা এবং তুলার জন্যও সার সুপারিশ দিন।,ମଣ୍ଡିଆ ଏବଂ ସୁତା ପାଇଁ ସାର ସୁପାରିଶ ମଧ୍ୟ ଦିଅନ୍ତୁ।,কাসাভা আৰু কপাহৰ বাবে সাৰ পৰামৰ্শো দিয়ক।,Advisory
181,181-1,I want to find certified seed dealers near my farm for tapioca.,मैं अपने खेत के पास टपिओका के लिए प्रमाणित बीज डीलर खोजना चाहता हूं।,मला माझ्या शेताजवळ कंदमुळासाठी प्रमाणित बियाणे विक्रेते शोधायचे आहेत.,મને મારા ખેતર પાસે ટેપિયોકા માટે પ્રમાણિત બીજના ડીલરો શોધવા છે.,എൻ്റെ കൃഷിയിടത്തിന് സമീപം കപ്പയ്ക്കായി സർട്ടിഫൈഡ് വിത്ത് ഡീലർമാരെ കണ്ടെത്തണം.,ನನ್ನ ಜಮೀನಿನ ಹತ್ತಿರ ಟಪಿಯೋಕಾಗಾಗಿ ಪ್ರಮಾಣಿತ ಬೀಜ ಮಾರಾಟಗಾರರನ್ನು ಹುಡುಕಲು ಬಯಸುತ್ತೇನೆ.,எனது பண்ணைக்கு அருகிலுள்ள மரவள்ளிக் கிழங்குக்கான சான்றளிக்கப்பட்ட விதை விற்பனையாளர்களை நான் கண்டுபிடிக்க விரும்புகிறேன்.,నా పొలానికి సమీపంలో టాపియోకా కోసం ధృవీకరించబడిన విత్తన డీలర్లను కనుగొనాలనుకుంటున్నాను.,আমার খামারের কাছাকাছি কাসাভার জন্য প্রত্যয়িত বীজ বিক্রেতা খুঁজে পেতে চাই।,ମୋ ଖେତ ପାଖରେ ଟାପିଓକା ପାଇଁ ପ୍ରମାଣିତ ବିଜ ବ୍ୟବସାୟୀମାନେକୁ ମୁଁ ଖୋଜିବାକୁ ଚାହୁଁଛି।,মোৰ খেতিৰ ওচৰত টাপিঅ'কাৰ বাবে প্ৰমাণিত বীজ বিক্ৰেতা বিচাৰিব বিচাৰোঁ।,Advisory
181,181-2,"My farm is near Pune, Maharashtra.","मेरा खेत पुणे, महाराष्ट्र के पास है।","माझे शेत पुणे, महाराष्ट्र येथे आहे.","મારો ખેતર પુણે, મહારાષ્ટ્ર નજીક છે.","എന്റെ കൃഷിയിടം പൂണെ, മഹാരാഷ്ട്രത്തിനടുത്താണ്.","ನನ್ನ ಕೃಷಿಭೂಮಿ ಪುಣೆ, ಮಹಾರಾಷ್ಟ್ರದ ಸಮೀಪದಲ್ಲಿದೆ.","எனது பண்ணை பூனை, மஹாராஷ್ட்राவிற்கு அருகில் உள்ளது.","నా పొలం పూణే, మహారాష్ట్ర సమీపంలో ఉంది.",আমার খামারটি মহারাষ্ট्रের പूણে শহরের কাছে।,"ମୋର ଖେତ ପୂଣେ, ମହାରାଷ୍ଟ୍ର ନିକଟରେ ଅଛି।","মোৰ খেতি পুণে, মহাৰাষ্ট্ৰৰ ওচৰত।",Advisory
181,181-3,The latitude is 9.93 and longitude is 76.27.,अक्षांश 9.93 और देशांतर 76.27 है।,अक्षांश 9.93 आणि रेखांश 76.27 आहे.,અક્ષાંશ 9.93 છે અને રેખાંશ 76.27 છે.,അക്ഷാംശം 9.93 ഉം രേഖാംശം 76.27 ഉം ആണ്.,ಅಕ್ಷಾಂಶ 9.93 ಮತ್ತು ರೇಖಾಂಶ 76.27 ಆಗಿದೆ.,அகலாங்கம் 9.93 மற்றும் தீர்க்காங்கம் 76.27 ஆகும்.,అక్షాంశం 9.93 మరియు రేఖాంశం 76.27.,অক্ষাংশ ৯.৯৩ এবং দ্রাঘিমাংশ ৭৬.২৭।,ଅକ୍ଷାଂଶ 9.93 ଏବଂ ଦ୍ରାଘିମା 76.27 ଅଟେ।,অক্ষাংশ ৯.৯৩ আৰু দ্ৰাঘিমাংশ ৭৬.২৭।,Advisory
182,182-1,Where can I get certified cotton seeds near me?,मेरे पास कपास के प्रमाणित बीज कहां मिलेंगे?,माझ्या जवळ प्रमाणित कापूस बियाणे कुठे मिळू शकते?,મને નજીક પ્રમાણિત કપાસના બીજ ક્યાંથી મળી શકે?,എന്റെ അടുത്ത് സർട്ടിഫൈഡ് പഞ്ഞിവിത്തുകൾ എവിടെ ലഭിക്കും?,ನನ್ನ ಸಮೀಪದಲ್ಲಿ ಪ್ರಮಾಣಿತ ಹತ್ತಿಯ ಬೀಜಗಳನ್ನು ನಾನು ಎಲ್ಲಿ ಪಡೆಯಬಹುದು?,என் அருகில் சான்றளிக்கப்பட்ட பருத்தி விதைகளை எங்கு பெற முடியும்?,నా దగ్గర ధృవీకరించిన పత్తి విత్తనాలు ఎక్కడ పొందగలను?,আমার কাছাকাছি কোথায় আমি প্রত্যয়িত তুলার বীজ পেতে পারি?,ମୋ ନିକଟରେ ପ୍ରମାଣିତ କପାସ ବିହନ କେଉଁଠି ମିଳିବ?,মোৰ ওচৰত প্ৰমাণিত কপাহৰ বীজ ক'ত পাম?,Advisory
182,182-2,"My location is Pune, Maharashtra.","मेरी लोकेशन पुणे, महाराष्ट्र है।","माझे ठिकाण पुणे, महाराष्ट्र आहे.","મારું સ્થાન પુણે, મહારાષ્ટ્ર છે.","എന്റെ സ്ഥലം പൂണെ, മഹാരാഷ്ട്രം ആണ്.","ನನ್ನ ಸ್ಥಳ ಪುಣೆ, ಮಹಾರಾಷ್ಟ್ರ.","என் இருப்பிடம் புனே, மஹாராஷ್ட्र।","నా స్థానం పూణే, మహారాష్ట్ర.","আমার অবস্থান पূणে, مهاraष्ट्र।","ମୋର ଅବସ୍ଥାନ ପୂଣେ, ମହାରାଷ୍ଟ୍ର।","মোৰ অৱস্থান পুনে, মহাৰাষ্ট্ৰ।",Agri_services
183,183-1,What crop groups are available in the SATHI seed portal?,SATHI बीज पोर्टल में कौन से फसल समूह उपलब्ध हैं?,SATHI बियाणे पोर्टलमध्ये कोणते पीक गट उपलब्ध आहेत?,SATHI બીજ પોર્ટલમાં કયા પાક જૂથો ઉપલબ્ધ છે?,SATHI വിത്ത് പോർട്ടലിൽ ലഭ്യമായ വിളാ ഗ്രൂപ്പുകൾ ഏതെല്ലാമാണ്?,ಸಾಥಿ ಬೀಜ ಪೋರ್ಟಲ್‌ನಲ್ಲಿ ಯಾವ ಬೆಳೆ ಗುಂಪುಗಳು ಲಭ್ಯವಿವೆ?,SATHI விதை போர்டலில் எந்த எந்த பயிர் குழுக்கள் கிடைக்கின்றன?,సాథీ విత్తన పోర్టల్‌లో ఏ పంట సమూహాలు అందుబాటులో ఉన్నాయి?,সাথী বীজ পোর্টালে কী কী ফসলের গোষ্ঠী উপলব্ধ?,ସାଥୀ ବୀଜ ପୋର୍ଟାଲରେ କେଉଁ କେଉଁ ଫସଲ ଗୋଷ୍ଠୀ ଉପଲବ୍ଧ ଅଛି?,SATHI বীজ প’ৰ্টেলত কোন কোন শস্য গোট উপলব্ধ আছে?,Advisory
184,184-1,Can you list crops available under the oilseeds group in SATHI?,क्या आप SATHI में तिलहन समूह के अंतर्गत उपलब्ध फसलें बता सकते हैं?,SATHI मधील तेलबिया गटाखाली उपलब्ध पिकांची यादी देऊ शकता का?,શું તમે SATHIમાં તેલબિયાં સમૂહ હેઠળ ઉપલબ્ધ પાકોની યાદી આપી શકો છો?,സാഥിയിൽ എണ്ണവിത്ത് വിഭാഗത്തിനടിയിൽ ലഭ്യമായ വിളകൾ പട്ടികപ്പെടുത്താമോ?,SATHIಯಲ್ಲಿ ತೈಲಬೀಜಗಳ ಗುಂಪಿನ ಅಡಿಯಲ್ಲಿ ಲಭ್ಯವಿರುವ ಬೆಳೆಗಳನ್ನು ಪಟ್ಟಿ ಮಾಡಬಹುದೇ?,சாத்தியில் எண்ணெய்வித்து குழுவின் கீழ் கிடைக்கும் பயிர்களை பட்டியலிட முடியுமா?,SATHIలో ఆయిల్‌సీడ్స్ గ్రూప్‌లో అందుబాటులో ఉన్న పంటల జాబితా ఇవ్వగలరా?,এসএটিএইচআই-এ তেলবীজ গোষ্ঠীর অধীনে উপলব্ধ ফসলগুলির তালিকা দিতে পারেন কি?,"SATHIରେ ତୈଳବୀଜ ଗୋଷ୍ଠୀରେ କେଉଁ କେଉଁ ଫସଳ ଉପଲବ୍ଧ ଅଛି, ଦୟାକରି ତାଲିକା କରିପାରିବେ କି?",SATHI-ত তেলবীজ গোটৰ অধীনত উপলব্ধ শস্যসমূহ তালিকাভুক্ত কৰিব পাৰিবনে?,Advisory
184,184-2,Now search for certified cotton seed dealers near Pune.,अब पुणे के पास प्रमाणित कपास बीज डीलर खोजें।,आता पुणेजवळ प्रमाणित कापूस बियाणे विक्रेत्यांचा शोध घ्या.,પુણે નજીક પ્રમાણિત કપાસના બીજના વેપારીઓ શોધો.,പൂണെ സമീപമുള്ള സർട്ടിഫൈഡ് കോട്ടൺ വിത്ത് ഡീലർമാരെ ഇപ്പോൾ തിരയുക.,ಪುಣೆಯ ಸಮೀಪದ ಪ್ರಮಾಣೀಕೃತ ಹತ್ತಿ ಬೀಜ ವಿತರಕರನ್ನು ಹುಡುಕಿ.,புனே அருகு பிரமாணित棉 விதை விற்பனையாளர்களை இப்போது தேடுங்கள்.,పూణే సమీపంలో ధృవీకరించిన పత్తి విత్తన డీలర్లను ఇప్పుడు వెతకండి.,এখন पूणे অঞ্চলে প্রমাণিত তুলার বীজ বিক্রেতা খুঁজুন।,ଏବେ ପୂଣେ ନିକଟରେ ପ୍ରମାଣିତ କପାସ ବିହନ ବିକ୍ରେତାମାନଙ୍କୁ ଖୋଜନ୍ତୁ।,পুনেৰ ওচৰত প্ৰমাণিত কপাহৰ বীজ বিক্ৰেতা বিচাৰক।,Advisory
185,185-1,I want to check my PMFBY crop insurance and file a grievance if my claim is pending.,मैं अपनी पीएमएफबीवाई फसल बीमा जांचना चाहता हूं और अगर दावा लंबित है तो शिकायत दर्ज करना चाहता हूं।,मला माझ्या PMFBY पीक विम्याची तपासणी करायची आहे आणि माझा दावा प्रलंबित असल्यास तक्रार दाखल करायची आहे.,હું મારી PMFBY પાક વીમાની તપાસ કરવા અને જો મારી દાવો પ્રક્રિયા બાકી હોય તો ફરિયાદ નોંધાવવા માંગું છું.,എന്റെ PMFBY വിള ഇൻഷുറൻസ് പരിശോധിക്കാനും എന്റെ ക്ലെയിം പണ്ടിങ്ങിലാണെങ്കിൽ പരാതി നൽകാനും ഞാൻ ആഗ്രഹിക്കുന്നു.,"ನನ್ನ PMFBY ಬೆಳೆ ವಿಮೆಯನ್ನು ಪರಿಶೀಲಿಸಿ, ನನ್ನ ಹಕ್ಕುಪತ್ರ ಬಾಕಿಯಿದ್ದರೆ ದೂರು ಸಲ್ಲಿಸಲು ಬಯಸುತ್ತೇನೆ.","நான் என் PMFBY பயிர் காப்பீட்டை சரிபார்த்து, என் கோரிக்கை நிலுவையில் இருந்தால் புகார் தாக்கல் செய்ய விரும்புகிறேன்.","నేను నా PMFBY పంట బీమాను తనిఖీ చేసి, నా క్లెయిమ్ పెండింగ్‌లో ఉంటే ఫిర్యాదు దాఖలు చేయాలనుకుంటున్నాను.",আমি আমার পিএমএফবিওয়াই ফসল বিমা যাচাই করতে চাই এবং আমার দাবি মুলতুবি থাকলে একটি অভিযোগ দায়ের করতে চাই।,"ମୁଁ ମୋର PMFBY ଫସଲ ବୀମା ଯାଞ୍ଚ କରିବାକୁ ଏବଂ ଯଦି ମୋର ଦାବି ଅପେକ୍ଷାରେ ରହିଛି, ତେବେ ଅଭିଯୋଗ ଦାଖଲ କରିବାକୁ ଚାହୁଁଛି।",মই মোৰ PMFBY শস্য বীমা পৰীক্ষা কৰিব বিচাৰো আৰু যদি মোৰ দাবী স্থগিত আছে তেন্তে অভিযোগ দাখিল কৰিব বিচাৰো।,Scheme_actions
185,185-2,My phone number is 9876543210.,मेरा फोन नंबर 9876543210 है।,माझा फोन नंबर ९८७६५४३२१० आहे.,મારો ફોન નંબર 9876543210 છે.,എന്റെ ഫോൺ നമ്പർ 9876543210 ആണ്.,ನನ್ನ ಫೋನ್ ಸಂಖ್ಯೆ 9876543210.,என்னுடைய தொலைபேசி எண் 9876543210.,నా ఫోన్ నంబర్ 9876543210.,আমার ফোন নম্বর ৯৮৭৬৫৪৩২১০।,ମୋ ଫୋନ୍‌ ନମ୍ବର ୯୮୭୬୫୪୩୨୧୦ ଅଟେ।,মোৰ ফোন নম্বৰ ৯৮৭৬৫৪৩২১০।,Advisory
185,185-3,OTP received: 111111.,OTP मिला: 111111।,ओटीपी प्राप्त झाला: ११११११.,ઓટીપી પ્રાપ્ત થયો: 111111.,ഒടിപി ലഭിച്ചു: 111111.,ಒಟಿಪಿ ಸ್ವೀಕರಿಸಲಾಗಿದೆ: 111111.,OTP பெறப்பட்டது: 111111.,OTP అందింది: 111111.,ওটিপি পেয়েছেন: ১১১১১১।,OTP ପ୍ରାପ୍ତ ହୋଇଛି: 111111.,OTP প্ৰাপ্ত হৈছে: 111111.,Advisory
185,185-4,Check claim status for Kharif 2024.,खरीफ 2024 के लिए दावे की स्थिति जांचें।,खरीप २०२४ साठी दावा स्थिती तपासा.,ખરીફ 2024 માટે દાવાની સ્થિતિ તપાસો.,ഖരീഫ് 2024-ലെ അവകാശവാദ നില പരിശോധിക്കുക.,ಖರೀಫ್ 2024ರ ದಾವೆ ಸ್ಥಿತಿಯನ್ನು ಪರಿಶೀಲಿಸಿ.,காரிஃப் 2024-க்கான கோரிக்கை நிலையைச் சரிபார்க்கவும்.,ఖరీఫ్ 2024 కోసం క్లెయిమ్ స్థితిని తనిఖీ చేయండి.,খরিফ ২০২৪-এর দাবি অবস্থা পরীক্ষা করুন।,ଖରିଫ 2024 ପାଇଁ ଦାବି ସ୍ଥିତି ଯାଞ୍ଚ କରନ୍ତୁ।,ক’হৰিফ ২০২৪-ৰ দাবীৰ স্থিতি পৰীক্ষা কৰক।,Advisory
185,185-5,The claim has not been settled. Application number PMFBY2024KL001. Please file a grievance.,दावा नहीं निपटाया गया। आवेदन संख्या PMFBY2024KL001। कृपया शिकायत दर्ज करें।,दावा निकाली काढलेला नाही. अर्ज क्रमांक PMFBY2024KL001. कृपया तक्रार नोंदवा.,દાવો નિર્ધારિત થયો નથી. અરજી નંબર PMFBY2024KL001. કૃપા કરીને ફરિયાદ દાખલ કરો.,ക്ലെയിം ഇതുവരെ തീർപ്പാക്കിയിട്ടില്ല. അപേക്ഷ നമ്പർ PMFBY2024KL001. ദയവായി പരാതി സമർപ്പിക്കുക.,ದಾವೆಯನ್ನು ಇನ್ನೂ ನಿವಾರಿಸಲಾಗಿಲ್ಲ. ಅರ್ಜಿ ಸಂಖ್ಯೆ PMFBY2024KL001. ದಯವಿಟ್ಟು ದೂರು ಸಲ್ಲಿಸಿ.,கோரிக்கை இன்னும் தீர்க்கப்படவில்லை. விண்ணப்ப எண் PMFBY2024KL001. தயவுசெய்து புகார் பதிவு செய்யவும்.,దావా పరిష్కరించబడలేదు. దరఖాస్తు సంఖ్య PMFBY2024KL001. దయచేసి ఫిర్యాదు నమోదు చేయండి.,দাবিটি নিষ্পত্তি করা হয়নি। আবেদন নম্বর PMFBY2024KL001। অনুগ্রহ করে একটি অভিযোগ দায়ের করুন।,ଦାବିଟି ସମାଧାନ ହୋଇନାହିଁ। ଆବେଦନ ସଂଖ୍ୟା PMFBY2024KL001। ଦୟାକରି ଅଭିଯୋଗ ଦାଖଲ କରନ୍ତୁ।,দাবী নিষ্পত্তি কৰা হোৱা নাই। আবেদন নম্বৰ PMFBY2024KL001। অনুগ্ৰহ কৰি একেটি অভিযোগ দাখিল কৰক।,Scheme_actions
